id,source,satellite,acq_at,lat,lon,frp,confidence
viirs_snpp_2026-07-24_0030_36.31276_6.44435,viirs_snpp,N,2026-07-24 00:30:00,36.31276,6.44435,2.65,nominal
viirs_snpp_2026-07-24_0030_38.79733_15.20757,viirs_snpp,N,2026-07-24 00:30:00,38.79733,15.20757,2.99,nominal
viirs_snpp_2026-07-24_0030_37.90621_12.80881,viirs_snpp,N,2026-07-24 00:30:00,37.90621,12.80881,1.08,nominal
viirs_snpp_2026-07-24_0030_37.90377_12.80870,viirs_snpp,N,2026-07-24 00:30:00,37.90377,12.8087,1.08,nominal
viirs_snpp_2026-07-24_0030_37.60241_13.55194,viirs_snpp,N,2026-07-24 00:30:00,37.60241,13.55194,1.83,nominal
viirs_snpp_2026-07-24_0030_37.60003_13.58278,viirs_snpp,N,2026-07-24 00:30:00,37.60003,13.58278,2.13,nominal
viirs_snpp_2026-07-24_0030_37.59565_13.57598,viirs_snpp,N,2026-07-24 00:30:00,37.59565,13.57598,2.2,nominal
viirs_snpp_2026-07-24_0030_37.59521_13.58155,viirs_snpp,N,2026-07-24 00:30:00,37.59521,13.58155,2.2,nominal
viirs_snpp_2026-07-24_0030_37.59089_13.57409,viirs_snpp,N,2026-07-24 00:30:00,37.59089,13.57409,2.2,nominal
viirs_snpp_2026-07-24_0030_37.43843_15.02941,viirs_snpp,N,2026-07-24 00:30:00,37.43843,15.02941,3.08,nominal
viirs_snpp_2026-07-24_0030_37.20629_14.78678,viirs_snpp,N,2026-07-24 00:30:00,37.20629,14.78678,4.34,nominal
viirs_snpp_2026-07-24_0030_37.20673_14.78150,viirs_snpp,N,2026-07-24 00:30:00,37.20673,14.7815,3.4,nominal
viirs_snpp_2026-07-24_0030_37.20584_14.79208,viirs_snpp,N,2026-07-24 00:30:00,37.20584,14.79208,4.34,nominal
viirs_snpp_2026-07-24_0030_37.20980_14.78516,viirs_snpp,N,2026-07-24 00:30:00,37.2098,14.78516,1.79,nominal
viirs_snpp_2026-07-24_0030_37.20529_14.78454,viirs_snpp,N,2026-07-24 00:30:00,37.20529,14.78454,5.74,nominal
viirs_snpp_2026-07-24_0030_37.20481_14.78983,viirs_snpp,N,2026-07-24 00:30:00,37.20481,14.78983,4.23,nominal
viirs_snpp_2026-07-24_0030_36.76707_10.20541,viirs_snpp,N,2026-07-24 00:30:00,36.76707,10.20541,2.22,nominal
viirs_snpp_2026-07-24_0030_36.87791_6.93858,viirs_snpp,N,2026-07-24 00:30:00,36.87791,6.93858,3.15,nominal
viirs_snpp_2026-07-24_0030_36.31675_8.51960,viirs_snpp,N,2026-07-24 00:30:00,36.31675,8.5196,3.3,nominal
viirs_snpp_2026-07-24_0030_36.31699_8.51354,viirs_snpp,N,2026-07-24 00:30:00,36.31699,8.51354,3.3,nominal
viirs_snpp_2026-07-24_0030_36.31087_8.50770,viirs_snpp,N,2026-07-24 00:30:00,36.31087,8.5077,3.56,nominal
viirs_snpp_2026-07-24_0030_36.30506_8.49365,viirs_snpp,N,2026-07-24 00:30:00,36.30506,8.49365,3.08,nominal
viirs_snpp_2026-07-24_0030_36.34484_6.46206,viirs_snpp,N,2026-07-24 00:30:00,36.34484,6.46206,6.99,nominal
viirs_snpp_2026-07-24_0030_36.34467_6.47007,viirs_snpp,N,2026-07-24 00:30:00,36.34467,6.47007,6.99,nominal
viirs_snpp_2026-07-24_0030_36.33778_6.46379,viirs_snpp,N,2026-07-24 00:30:00,36.33778,6.46379,8.4,nominal
viirs_snpp_2026-07-24_0030_36.33830_6.43707,viirs_snpp,N,2026-07-24 00:30:00,36.3383,6.43707,5.2,nominal
viirs_snpp_2026-07-24_0030_36.33795_6.45512,viirs_snpp,N,2026-07-24 00:30:00,36.33795,6.45512,5.2,nominal
viirs_snpp_2026-07-24_0030_36.33765_6.47017,viirs_snpp,N,2026-07-24 00:30:00,36.33765,6.47017,8.4,nominal
viirs_snpp_2026-07-24_0030_36.27931_8.50205,viirs_snpp,N,2026-07-24 00:30:00,36.27931,8.50205,2.04,nominal
viirs_snpp_2026-07-24_0030_36.26954_8.59317,viirs_snpp,N,2026-07-24 00:30:00,36.26954,8.59317,1.4,nominal
viirs_snpp_2026-07-24_0030_36.26260_8.60930,viirs_snpp,N,2026-07-24 00:30:00,36.2626,8.6093,2.59,nominal
viirs_snpp_2026-07-24_0030_36.32392_6.45419,viirs_snpp,N,2026-07-24 00:30:00,36.32392,6.45419,5.21,nominal
viirs_snpp_2026-07-24_0030_36.32380_6.46016,viirs_snpp,N,2026-07-24 00:30:00,36.3238,6.46016,16.18,nominal
viirs_snpp_2026-07-24_0030_36.32367_6.46645,viirs_snpp,N,2026-07-24 00:30:00,36.32367,6.46645,16.18,nominal
viirs_snpp_2026-07-24_0030_36.31681_6.45765,viirs_snpp,N,2026-07-24 00:30:00,36.31681,6.45765,16.18,nominal
viirs_snpp_2026-07-24_0030_36.31669_6.46434,viirs_snpp,N,2026-07-24 00:30:00,36.31669,6.46434,16.18,high
viirs_snpp_2026-07-24_0030_36.31655_6.47138,viirs_snpp,N,2026-07-24 00:30:00,36.31655,6.47138,30.94,high
viirs_snpp_2026-07-24_0030_36.31704_6.44576,viirs_snpp,N,2026-07-24 00:30:00,36.31704,6.44576,5.21,nominal
viirs_snpp_2026-07-24_0030_36.31693_6.45165,viirs_snpp,N,2026-07-24 00:30:00,36.31693,6.45165,5.21,nominal
viirs_snpp_2026-07-24_0030_36.25631_8.60879,viirs_snpp,N,2026-07-24 00:30:00,36.25631,8.60879,2.59,nominal
viirs_snpp_2026-07-24_0030_36.30983_6.45530,viirs_snpp,N,2026-07-24 00:30:00,36.30983,6.4553,9.59,nominal
viirs_snpp_2026-07-24_0030_36.30970_6.46237,viirs_snpp,N,2026-07-24 00:30:00,36.3097,6.46237,9.59,nominal
viirs_snpp_2026-07-24_0030_36.30956_6.46960,viirs_snpp,N,2026-07-24 00:30:00,36.30956,6.4696,9.81,nominal
viirs_snpp_2026-07-24_0030_36.25585_8.44745,viirs_snpp,N,2026-07-24 00:30:00,36.25585,8.44745,4.05,nominal
viirs_snpp_2026-07-24_0030_36.25565_8.45319,viirs_snpp,N,2026-07-24 00:30:00,36.25565,8.45319,4.05,nominal
viirs_snpp_2026-07-24_0030_36.25314_8.52290,viirs_snpp,N,2026-07-24 00:30:00,36.25314,8.5229,6.68,nominal
viirs_snpp_2026-07-24_0030_36.31006_6.44305,viirs_snpp,N,2026-07-24 00:30:00,36.31006,6.44305,3.98,nominal
viirs_snpp_2026-07-24_0030_36.30995_6.44908,viirs_snpp,N,2026-07-24 00:30:00,36.30995,6.44908,3.98,nominal
viirs_snpp_2026-07-24_0030_36.25291_8.52918,viirs_snpp,N,2026-07-24 00:30:00,36.25291,8.52918,3.18,nominal
viirs_snpp_2026-07-24_0030_36.30270_6.46089,viirs_snpp,N,2026-07-24 00:30:00,36.3027,6.46089,9.59,nominal
viirs_snpp_2026-07-24_0030_36.30257_6.46800,viirs_snpp,N,2026-07-24 00:30:00,36.30257,6.468,9.81,nominal
viirs_snpp_2026-07-24_0030_36.24659_8.52824,viirs_snpp,N,2026-07-24 00:30:00,36.24659,8.52824,3.18,nominal
viirs_snpp_2026-07-24_0030_36.23349_8.53972,viirs_snpp,N,2026-07-24 00:30:00,36.23349,8.53972,4.28,nominal
viirs_snpp_2026-07-24_0030_36.22722_8.53789,viirs_snpp,N,2026-07-24 00:30:00,36.22722,8.53789,2.23,nominal
viirs_snpp_2026-07-24_0030_36.26014_8.60762,viirs_snpp,N,2026-07-24 00:30:00,36.26014,8.60762,5.17,nominal
viirs_snpp_2026-07-24_0030_36.33338_6.46296,viirs_snpp,N,2026-07-24 00:30:00,36.33338,6.46296,5.59,nominal
viirs_snpp_2026-07-24_0030_36.31944_6.45864,viirs_snpp,N,2026-07-24 00:30:00,36.31944,6.45864,10.39,nominal
viirs_snpp_2026-07-24_0030_36.31928_6.46516,viirs_snpp,N,2026-07-24 00:30:00,36.31928,6.46516,21.18,high
viirs_snpp_2026-07-24_0030_36.31911_6.47207,viirs_snpp,N,2026-07-24 00:30:00,36.31911,6.47207,21.18,nominal
viirs_snpp_2026-07-24_0030_36.25402_8.45179,viirs_snpp,N,2026-07-24 00:30:00,36.25402,8.45179,5.92,nominal
viirs_snpp_2026-07-24_0030_36.25089_8.52732,viirs_snpp,N,2026-07-24 00:30:00,36.25089,8.52732,8.18,nominal
viirs_snpp_2026-07-24_0030_36.31972_6.44698,viirs_snpp,N,2026-07-24 00:30:00,36.31972,6.44698,2.65,nominal
viirs_snpp_2026-07-24_0030_36.31958_6.45277,viirs_snpp,N,2026-07-24 00:30:00,36.31958,6.45277,10.39,nominal
viirs_snpp_2026-07-24_0030_36.25425_8.44603,viirs_snpp,N,2026-07-24 00:30:00,36.25425,8.44603,5.34,nominal
viirs_snpp_2026-07-24_0030_36.31248_6.45614,viirs_snpp,N,2026-07-24 00:30:00,36.31248,6.45614,10.39,nominal
viirs_snpp_2026-07-24_0030_36.31231_6.46316,viirs_snpp,N,2026-07-24 00:30:00,36.31231,6.46316,21.18,nominal
viirs_snpp_2026-07-24_0030_36.31213_6.47034,viirs_snpp,N,2026-07-24 00:30:00,36.31213,6.47034,21.18,high
viirs_snpp_2026-07-24_0030_36.31291_6.43784,viirs_snpp,N,2026-07-24 00:30:00,36.31291,6.43784,2.65,nominal
viirs_snpp_2026-07-24_0030_36.31262_6.45006,viirs_snpp,N,2026-07-24 00:30:00,36.31262,6.45006,10.39,nominal
viirs_snpp_2026-07-24_0030_36.30515_6.46863,viirs_snpp,N,2026-07-24 00:30:00,36.30515,6.46863,4.51,nominal
viirs_snpp_2026-07-24_0030_36.30566_6.44754,viirs_snpp,N,2026-07-24 00:30:00,36.30566,6.44754,3.54,nominal
viirs_snpp_2026-07-24_0030_36.30548_6.45452,viirs_snpp,N,2026-07-24 00:30:00,36.30548,6.45452,3.54,nominal
viirs_snpp_2026-07-24_0030_36.30532_6.46147,viirs_snpp,N,2026-07-24 00:30:00,36.30532,6.46147,4.51,nominal
viirs_snpp_2026-07-24_0030_36.23143_8.53743,viirs_snpp,N,2026-07-24 00:30:00,36.23143,8.53743,5.29,nominal
viirs_snpp_2026-07-24_0030_36.29816_6.46750,viirs_snpp,N,2026-07-24 00:30:00,36.29816,6.4675,4.51,nominal
viirs_snpp_2026-07-24_0030_36.23116_8.54405,viirs_snpp,N,2026-07-24 00:30:00,36.23116,8.54405,3.67,nominal
viirs_snpp_2026-07-24_0030_36.21181_8.39025,viirs_snpp,N,2026-07-24 00:30:00,36.21181,8.39025,1.86,nominal
viirs_snpp_2026-07-24_0030_36.21037_8.42751,viirs_snpp,N,2026-07-24 00:30:00,36.21037,8.42751,1.5,nominal
viirs_snpp_2026-07-24_0030_36.20546_8.38941,viirs_snpp,N,2026-07-24 00:30:00,36.20546,8.38941,4.39,nominal
viirs_snpp_2026-07-24_0030_36.20404_8.42645,viirs_snpp,N,2026-07-24 00:30:00,36.20404,8.42645,5.53,nominal
viirs_snpp_2026-07-24_0030_36.19888_8.39428,viirs_snpp,N,2026-07-24 00:30:00,36.19888,8.39428,3.79,nominal
viirs_snpp_2026-07-24_0033_35.86757_6.02094,viirs_snpp,N,2026-07-24 00:33:00,35.86757,6.02094,0.91,nominal
viirs_snpp_2026-07-24_0033_35.23416_8.17054,viirs_snpp,N,2026-07-24 00:33:00,35.23416,8.17054,1.22,nominal
viirs_snpp_2026-07-24_0028_47.19226_18.77659,viirs_snpp,N,2026-07-24 00:28:00,47.19226,18.77659,3.12,nominal
viirs_snpp_2026-07-24_0028_46.07127_13.62612,viirs_snpp,N,2026-07-24 00:28:00,46.07127,13.62612,1.23,nominal
viirs_snpp_2026-07-24_0028_46.12093_8.62839,viirs_snpp,N,2026-07-24 00:28:00,46.12093,8.62839,0.9,nominal
viirs_snpp_2026-07-24_0028_45.68221_9.46030,viirs_snpp,N,2026-07-24 00:28:00,45.68221,9.4603,0.68,nominal
viirs_snpp_2026-07-24_0028_45.51139_10.24129,viirs_snpp,N,2026-07-24 00:28:00,45.51139,10.24129,0.7,nominal
viirs_snpp_2026-07-24_0028_45.48258_10.20849,viirs_snpp,N,2026-07-24 00:28:00,45.48258,10.20849,0.24,nominal
viirs_snpp_2026-07-24_0028_45.45918_10.45657,viirs_snpp,N,2026-07-24 00:28:00,45.45918,10.45657,1.27,nominal
viirs_snpp_2026-07-24_0028_45.42880_10.99630,viirs_snpp,N,2026-07-24 00:28:00,45.4288,10.9963,0.82,nominal
viirs_snpp_2026-07-24_0028_45.14556_9.93741,viirs_snpp,N,2026-07-24 00:28:00,45.14556,9.93741,5.89,nominal
viirs_snpp_2026-07-24_0028_44.77086_6.54428,viirs_snpp,N,2026-07-24 00:28:00,44.77086,6.54428,2.68,nominal
viirs_snpp_2026-07-24_0028_44.74942_6.55943,viirs_snpp,N,2026-07-24 00:28:00,44.74942,6.55943,6.77,nominal
viirs_snpp_2026-07-24_0028_44.74950_6.56625,viirs_snpp,N,2026-07-24 00:28:00,44.7495,6.56625,3.78,nominal
viirs_snpp_2026-07-24_0028_44.74956_6.57192,viirs_snpp,N,2026-07-24 00:28:00,44.74956,6.57192,3.78,nominal
viirs_snpp_2026-07-24_0028_44.74229_6.56530,viirs_snpp,N,2026-07-24 00:28:00,44.74229,6.5653,2.51,nominal
viirs_snpp_2026-07-24_0028_44.75534_6.55751,viirs_snpp,N,2026-07-24 00:28:00,44.75534,6.55751,2.98,nominal
viirs_snpp_2026-07-24_0028_44.74813_6.55490,viirs_snpp,N,2026-07-24 00:28:00,44.74813,6.5549,2.98,nominal
viirs_snpp_2026-07-24_0028_44.74818_6.56357,viirs_snpp,N,2026-07-24 00:28:00,44.74818,6.56357,5.17,nominal
viirs_snpp_2026-07-24_0028_44.74823_6.56958,viirs_snpp,N,2026-07-24 00:28:00,44.74823,6.56958,5.17,nominal
viirs_snpp_2026-07-24_0028_43.66048_11.83624,viirs_snpp,N,2026-07-24 00:28:00,43.66048,11.83624,0.98,nominal
viirs_snpp_2026-07-24_0028_42.56649_12.67198,viirs_snpp,N,2026-07-24 00:28:00,42.56649,12.67198,0.44,nominal
viirs_snpp_2026-07-24_0028_42.28820_9.06645,viirs_snpp,N,2026-07-24 00:28:00,42.2882,9.06645,1.29,nominal
viirs_snpp_2026-07-24_0028_42.28188_9.06321,viirs_snpp,N,2026-07-24 00:28:00,42.28188,9.06321,2.71,nominal
viirs_snpp_2026-07-24_0028_42.28173_9.07020,viirs_snpp,N,2026-07-24 00:28:00,42.28173,9.0702,1.29,nominal
viirs_snpp_2026-07-24_0028_42.27486_9.09399,viirs_snpp,N,2026-07-24 00:28:00,42.27486,9.09399,2.11,nominal
viirs_snpp_2026-07-24_0028_42.26853_9.09151,viirs_snpp,N,2026-07-24 00:28:00,42.26853,9.09151,2.11,nominal
viirs_snpp_2026-07-24_0028_42.26315_9.03983,viirs_snpp,N,2026-07-24 00:28:00,42.26315,9.03983,3.44,nominal
viirs_snpp_2026-07-24_0028_42.26305_9.04493,viirs_snpp,N,2026-07-24 00:28:00,42.26305,9.04493,3.44,nominal
viirs_snpp_2026-07-24_0028_42.25669_9.04329,viirs_snpp,N,2026-07-24 00:28:00,42.25669,9.04329,3.44,nominal
viirs_snpp_2026-07-24_0028_42.25661_9.04702,viirs_snpp,N,2026-07-24 00:28:00,42.25661,9.04702,6.33,nominal
viirs_snpp_2026-07-24_0028_42.25654_9.05069,viirs_snpp,N,2026-07-24 00:28:00,42.25654,9.05069,6.33,nominal
viirs_snpp_2026-07-24_0028_42.25677_9.03913,viirs_snpp,N,2026-07-24 00:28:00,42.25677,9.03913,3.44,nominal
viirs_snpp_2026-07-24_0028_42.25639_9.05853,viirs_snpp,N,2026-07-24 00:28:00,42.25639,9.05853,3.96,nominal
viirs_snpp_2026-07-24_0028_42.25631_9.06284,viirs_snpp,N,2026-07-24 00:28:00,42.25631,9.06284,2.29,nominal
viirs_snpp_2026-07-24_0028_42.26221_9.04209,viirs_snpp,N,2026-07-24 00:28:00,42.26221,9.04209,4.62,nominal
viirs_snpp_2026-07-24_0028_42.26211_9.04650,viirs_snpp,N,2026-07-24 00:28:00,42.26211,9.0465,4.08,nominal
viirs_snpp_2026-07-24_0028_42.26201_9.05069,viirs_snpp,N,2026-07-24 00:28:00,42.26201,9.05069,4.08,nominal
viirs_snpp_2026-07-24_0028_42.26173_9.06222,viirs_snpp,N,2026-07-24 00:28:00,42.26173,9.06222,1.72,nominal
viirs_snpp_2026-07-24_0028_42.25576_9.04447,viirs_snpp,N,2026-07-24 00:28:00,42.25576,9.04447,4.08,nominal
viirs_snpp_2026-07-24_0028_42.25568_9.04810,viirs_snpp,N,2026-07-24 00:28:00,42.25568,9.0481,4.08,nominal
viirs_snpp_2026-07-24_0028_42.25585_9.04080,viirs_snpp,N,2026-07-24 00:28:00,42.25585,9.0408,4.62,nominal
viirs_snpp_2026-07-24_0028_42.25559_9.05173,viirs_snpp,N,2026-07-24 00:28:00,42.25559,9.05173,5.29,nominal
viirs_snpp_2026-07-24_0028_42.25540_9.05975,viirs_snpp,N,2026-07-24 00:28:00,42.2554,9.05975,1.72,nominal
viirs_snpp_2026-07-24_0030_40.77089_16.82641,viirs_snpp,N,2026-07-24 00:30:00,40.77089,16.82641,2.02,nominal
viirs_snpp_2026-07-24_0030_40.51830_17.20539,viirs_snpp,N,2026-07-24 00:30:00,40.5183,17.20539,1.5,nominal
viirs_snpp_2026-07-24_0030_40.51373_17.20947,viirs_snpp,N,2026-07-24 00:30:00,40.51373,17.20947,1.58,nominal
viirs_snpp_2026-07-24_0030_40.56072_8.77900,viirs_snpp,N,2026-07-24 00:30:00,40.56072,8.779,0.28,nominal
viirs_snpp_2026-07-24_0030_39.51363_15.98254,viirs_snpp,N,2026-07-24 00:30:00,39.51363,15.98254,1.23,nominal
viirs_snpp_2026-07-24_0030_39.50932_15.98149,viirs_snpp,N,2026-07-24 00:30:00,39.50932,15.98149,1.23,nominal
viirs_snpp_2026-07-24_0209_47.19315_18.77785,viirs_snpp,N,2026-07-24 02:09:00,47.19315,18.77785,1.21,nominal
viirs_snpp_2026-07-24_0209_47.19378_18.77949,viirs_snpp,N,2026-07-24 02:09:00,47.19378,18.77949,1.7,nominal
viirs_snpp_2026-07-24_0209_46.06850_13.62489,viirs_snpp,N,2026-07-24 02:09:00,46.0685,13.62489,0.7,nominal
viirs_snpp_2026-07-24_0209_44.96855_14.11956,viirs_snpp,N,2026-07-24 02:09:00,44.96855,14.11956,0.94,nominal
viirs_snpp_2026-07-24_0209_45.51288_10.24228,viirs_snpp,N,2026-07-24 02:09:00,45.51288,10.24228,2.01,nominal
viirs_snpp_2026-07-24_0209_45.46066_10.45170,viirs_snpp,N,2026-07-24 02:09:00,45.46066,10.4517,1.82,nominal
viirs_snpp_2026-07-24_0209_45.50858_10.24012,viirs_snpp,N,2026-07-24 02:09:00,45.50858,10.24012,1.44,nominal
viirs_snpp_2026-07-24_0209_45.68492_9.46148,viirs_snpp,N,2026-07-24 02:09:00,45.68492,9.46148,1.25,nominal
viirs_snpp_2026-07-24_0209_45.48161_10.21284,viirs_snpp,N,2026-07-24 02:09:00,45.48161,10.21284,0.64,nominal
viirs_snpp_2026-07-24_0209_45.47731_10.21069,viirs_snpp,N,2026-07-24 02:09:00,45.47731,10.21069,1.02,nominal
viirs_snpp_2026-07-24_0209_45.78287_8.68484,viirs_snpp,N,2026-07-24 02:09:00,45.78287,8.68484,0.75,nominal
viirs_snpp_2026-07-24_0209_45.14589_9.94112,viirs_snpp,N,2026-07-24 02:09:00,45.14589,9.94112,0.81,nominal
viirs_snpp_2026-07-24_0211_43.36560_12.54505,viirs_snpp,N,2026-07-24 02:11:00,43.3656,12.54505,0.54,nominal
viirs_snpp_2026-07-24_0211_44.37725_8.28994,viirs_snpp,N,2026-07-24 02:11:00,44.37725,8.28994,0.67,nominal
viirs_snpp_2026-07-24_0211_44.76032_6.53756,viirs_snpp,N,2026-07-24 02:11:00,44.76032,6.53756,1.89,nominal
viirs_snpp_2026-07-24_0211_44.75877_6.54467,viirs_snpp,N,2026-07-24 02:11:00,44.75877,6.54467,1.89,nominal
viirs_snpp_2026-07-24_0211_44.75471_6.54451,viirs_snpp,N,2026-07-24 02:11:00,44.75471,6.54451,3.88,nominal
viirs_snpp_2026-07-24_0211_44.75035_6.56452,viirs_snpp,N,2026-07-24 02:11:00,44.75035,6.56452,4.87,nominal
viirs_snpp_2026-07-24_0211_44.75335_6.55079,viirs_snpp,N,2026-07-24 02:11:00,44.75335,6.55079,3.17,nominal
viirs_snpp_2026-07-24_0211_44.75195_6.55721,viirs_snpp,N,2026-07-24 02:11:00,44.75195,6.55721,3.17,nominal
viirs_snpp_2026-07-24_0211_44.74858_6.57264,viirs_snpp,N,2026-07-24 02:11:00,44.74858,6.57264,4.87,nominal
viirs_snpp_2026-07-24_0211_44.74657_6.56307,viirs_snpp,N,2026-07-24 02:11:00,44.74657,6.56307,4.87,nominal
viirs_snpp_2026-07-24_0211_44.74492_6.57061,viirs_snpp,N,2026-07-24 02:11:00,44.74492,6.57061,4.87,nominal
viirs_snpp_2026-07-24_0211_43.52892_6.13069,viirs_snpp,N,2026-07-24 02:11:00,43.52892,6.13069,1.9,nominal
viirs_snpp_2026-07-24_0211_43.49840_6.11913,viirs_snpp,N,2026-07-24 02:11:00,43.4984,6.11913,3.46,nominal
viirs_snpp_2026-07-24_0211_43.49608_6.11084,viirs_snpp,N,2026-07-24 02:11:00,43.49608,6.11084,2.8,nominal
viirs_snpp_2026-07-24_0211_43.49460_6.11763,viirs_snpp,N,2026-07-24 02:11:00,43.4946,6.11763,2.53,nominal
viirs_snpp_2026-07-24_0211_42.28686_9.06811,viirs_snpp,N,2026-07-24 02:11:00,42.28686,9.06811,4.81,nominal
viirs_snpp_2026-07-24_0211_42.27998_9.07594,viirs_snpp,N,2026-07-24 02:11:00,42.27998,9.07594,2.96,nominal
viirs_snpp_2026-07-24_0211_42.28139_9.07027,viirs_snpp,N,2026-07-24 02:11:00,42.28139,9.07027,2.05,nominal
viirs_snpp_2026-07-24_0211_42.26365_9.04251,viirs_snpp,N,2026-07-24 02:11:00,42.26365,9.04251,0.25,nominal
viirs_snpp_2026-07-24_0211_42.25859_9.06274,viirs_snpp,N,2026-07-24 02:11:00,42.25859,9.06274,1.72,nominal
viirs_snpp_2026-07-24_0211_42.25937_9.03990,viirs_snpp,N,2026-07-24 02:11:00,42.25937,9.0399,2.27,nominal
viirs_snpp_2026-07-24_0211_42.25657_9.05109,viirs_snpp,N,2026-07-24 02:11:00,42.25657,9.05109,2.16,nominal
viirs_snpp_2026-07-24_0211_40.55816_9.66592,viirs_snpp,N,2026-07-24 02:11:00,40.55816,9.66592,3.46,nominal
viirs_snpp_2026-07-24_0211_38.79417_15.21080,viirs_snpp,N,2026-07-24 02:11:00,38.79417,15.2108,1.23,nominal
viirs_snpp_2026-07-24_0211_38.79107_15.21059,viirs_snpp,N,2026-07-24 02:11:00,38.79107,15.21059,1.53,nominal
viirs_snpp_2026-07-24_0211_37.60110_13.57777,viirs_snpp,N,2026-07-24 02:11:00,37.6011,13.57777,0.89,nominal
viirs_snpp_2026-07-24_0211_37.59451_13.57632,viirs_snpp,N,2026-07-24 02:11:00,37.59451,13.57632,0.98,nominal
viirs_snpp_2026-07-24_0211_37.20688_14.78081,viirs_snpp,N,2026-07-24 02:11:00,37.20688,14.78081,2.21,nominal
viirs_snpp_2026-07-24_0211_37.59431_13.57782,viirs_snpp,N,2026-07-24 02:11:00,37.59431,13.57782,1,nominal
viirs_snpp_2026-07-24_0211_37.20650_14.78347,viirs_snpp,N,2026-07-24 02:11:00,37.2065,14.78347,2.77,nominal
viirs_snpp_2026-07-24_0213_36.87689_6.94340,viirs_snpp,N,2026-07-24 02:13:00,36.87689,6.9434,2.84,nominal
viirs_snpp_2026-07-24_0213_36.86803_6.97994,viirs_snpp,N,2026-07-24 02:13:00,36.86803,6.97994,4.6,nominal
viirs_snpp_2026-07-24_0213_36.86662_6.98575,viirs_snpp,N,2026-07-24 02:13:00,36.86662,6.98575,2.37,nominal
viirs_snpp_2026-07-24_0213_36.34805_8.78088,viirs_snpp,N,2026-07-24 02:13:00,36.34805,8.78088,3.05,nominal
viirs_snpp_2026-07-24_0213_36.34902_8.77712,viirs_snpp,N,2026-07-24 02:13:00,36.34902,8.77712,3.05,nominal
viirs_snpp_2026-07-24_0213_36.33927_8.77127,viirs_snpp,N,2026-07-24 02:13:00,36.33927,8.77127,1.36,nominal
viirs_snpp_2026-07-24_0213_36.32478_8.76200,viirs_snpp,N,2026-07-24 02:13:00,36.32478,8.762,2.15,nominal
viirs_snpp_2026-07-24_0213_36.31554_8.51828,viirs_snpp,N,2026-07-24 02:13:00,36.31554,8.51828,2.34,nominal
viirs_snpp_2026-07-24_0213_36.31450_8.52225,viirs_snpp,N,2026-07-24 02:13:00,36.3145,8.52225,2.34,nominal
viirs_snpp_2026-07-24_0213_36.31652_8.51453,viirs_snpp,N,2026-07-24 02:13:00,36.31652,8.51453,2.84,nominal
viirs_snpp_2026-07-24_0213_36.31256_8.50845,viirs_snpp,N,2026-07-24 02:13:00,36.31256,8.50845,2.84,nominal
viirs_snpp_2026-07-24_0213_36.31165_8.51193,viirs_snpp,N,2026-07-24 02:13:00,36.31165,8.51193,2.84,nominal
viirs_snpp_2026-07-24_0213_36.31067_8.51567,viirs_snpp,N,2026-07-24 02:13:00,36.31067,8.51567,2.34,nominal
viirs_snpp_2026-07-24_0213_36.31473_8.52205,viirs_snpp,N,2026-07-24 02:13:00,36.31473,8.52205,2.5,nominal
viirs_snpp_2026-07-24_0213_36.31670_8.51432,viirs_snpp,N,2026-07-24 02:13:00,36.3167,8.51432,2.73,nominal
viirs_snpp_2026-07-24_0213_36.31574_8.51808,viirs_snpp,N,2026-07-24 02:13:00,36.31574,8.51808,2.5,nominal
viirs_snpp_2026-07-24_0213_36.31271_8.50822,viirs_snpp,N,2026-07-24 02:13:00,36.31271,8.50822,2.73,nominal
viirs_snpp_2026-07-24_0213_36.31182_8.51170,viirs_snpp,N,2026-07-24 02:13:00,36.31182,8.5117,2.73,nominal
viirs_snpp_2026-07-24_0213_36.31086_8.51543,viirs_snpp,N,2026-07-24 02:13:00,36.31086,8.51543,2.5,nominal
viirs_snpp_2026-07-24_0213_36.30865_8.50236,viirs_snpp,N,2026-07-24 02:13:00,36.30865,8.50236,4.25,nominal
viirs_snpp_2026-07-24_0213_36.30779_8.50573,viirs_snpp,N,2026-07-24 02:13:00,36.30779,8.50573,9.53,nominal
viirs_snpp_2026-07-24_0213_36.30951_8.49903,viirs_snpp,N,2026-07-24 02:13:00,36.30951,8.49903,4.25,nominal
viirs_snpp_2026-07-24_0213_36.30454_8.49677,viirs_snpp,N,2026-07-24 02:13:00,36.30454,8.49677,4.25,nominal
viirs_snpp_2026-07-24_0213_36.30538_8.49348,viirs_snpp,N,2026-07-24 02:13:00,36.30538,8.49348,3.45,nominal
viirs_snpp_2026-07-24_0213_36.30367_8.50016,viirs_snpp,N,2026-07-24 02:13:00,36.30367,8.50016,4.25,nominal
viirs_snpp_2026-07-24_0213_36.30032_8.49161,viirs_snpp,N,2026-07-24 02:13:00,36.30032,8.49161,1.61,nominal
viirs_snpp_2026-07-24_0213_36.27015_8.58753,viirs_snpp,N,2026-07-24 02:13:00,36.27015,8.58753,0.62,nominal
viirs_snpp_2026-07-24_0213_36.26817_8.59522,viirs_snpp,N,2026-07-24 02:13:00,36.26817,8.59522,1.38,nominal
viirs_snpp_2026-07-24_0213_36.25881_8.60988,viirs_snpp,N,2026-07-24 02:13:00,36.25881,8.60988,1.97,nominal
viirs_snpp_2026-07-24_0213_36.27914_8.50925,viirs_snpp,N,2026-07-24 02:13:00,36.27914,8.50925,1.56,nominal
viirs_snpp_2026-07-24_0213_36.27586_8.50042,viirs_snpp,N,2026-07-24 02:13:00,36.27586,8.50042,1.08,nominal
viirs_snpp_2026-07-24_0213_36.25254_8.52611,viirs_snpp,N,2026-07-24 02:13:00,36.25254,8.52611,19.44,high
viirs_snpp_2026-07-24_0213_36.25156_8.52990,viirs_snpp,N,2026-07-24 02:13:00,36.25156,8.5299,7.9,nominal
viirs_snpp_2026-07-24_0213_36.25053_8.53388,viirs_snpp,N,2026-07-24 02:13:00,36.25053,8.53388,7.9,nominal
viirs_snpp_2026-07-24_0213_36.24737_8.52460,viirs_snpp,N,2026-07-24 02:13:00,36.24737,8.5246,8,nominal
viirs_snpp_2026-07-24_0213_36.24643_8.52823,viirs_snpp,N,2026-07-24 02:13:00,36.24643,8.52823,4.32,nominal
viirs_snpp_2026-07-24_0213_36.27858_8.40381,viirs_snpp,N,2026-07-24 02:13:00,36.27858,8.40381,0.83,nominal
viirs_snpp_2026-07-24_0213_36.24547_8.53192,viirs_snpp,N,2026-07-24 02:13:00,36.24547,8.53192,4.32,nominal
viirs_snpp_2026-07-24_0213_36.25603_8.44825,viirs_snpp,N,2026-07-24 02:13:00,36.25603,8.44825,2.33,nominal
viirs_snpp_2026-07-24_0213_36.23231_8.53966,viirs_snpp,N,2026-07-24 02:13:00,36.23231,8.53966,1.54,nominal
viirs_snpp_2026-07-24_0213_36.25703_8.44436,viirs_snpp,N,2026-07-24 02:13:00,36.25703,8.44436,2.33,nominal
viirs_snpp_2026-07-24_0213_36.25499_8.45226,viirs_snpp,N,2026-07-24 02:13:00,36.25499,8.45226,3.67,nominal
viirs_snpp_2026-07-24_0213_36.23133_8.54346,viirs_snpp,N,2026-07-24 02:13:00,36.23133,8.54346,1.54,nominal
viirs_snpp_2026-07-24_0213_36.25114_8.44571,viirs_snpp,N,2026-07-24 02:13:00,36.25114,8.44571,2.33,nominal
viirs_snpp_2026-07-24_0213_36.25210_8.44200,viirs_snpp,N,2026-07-24 02:13:00,36.2521,8.442,2.33,nominal
viirs_snpp_2026-07-24_0213_36.22705_8.53843,viirs_snpp,N,2026-07-24 02:13:00,36.22705,8.53843,1.54,nominal
viirs_snpp_2026-07-24_0213_36.22605_8.54230,viirs_snpp,N,2026-07-24 02:13:00,36.22605,8.5423,1.54,nominal
viirs_snpp_2026-07-24_0213_36.20501_8.42764,viirs_snpp,N,2026-07-24 02:13:00,36.20501,8.42764,2.38,nominal
viirs_snpp_2026-07-24_0213_36.20877_8.39128,viirs_snpp,N,2026-07-24 02:13:00,36.20877,8.39128,3.76,nominal
viirs_snpp_2026-07-24_0213_36.20368_8.38956,viirs_snpp,N,2026-07-24 02:13:00,36.20368,8.38956,1.62,nominal
viirs_snpp_2026-07-24_0213_36.20268_8.39348,viirs_snpp,N,2026-07-24 02:13:00,36.20268,8.39348,2.87,nominal
viirs_snpp_2026-07-24_0213_36.34397_6.47068,viirs_snpp,N,2026-07-24 02:13:00,36.34397,6.47068,8.66,nominal
viirs_snpp_2026-07-24_0213_36.33953_6.46858,viirs_snpp,N,2026-07-24 02:13:00,36.33953,6.46858,8.66,nominal
viirs_snpp_2026-07-24_0213_36.34100_6.46242,viirs_snpp,N,2026-07-24 02:13:00,36.341,6.46242,6.47,nominal
viirs_snpp_2026-07-24_0213_36.33903_6.44996,viirs_snpp,N,2026-07-24 02:13:00,36.33903,6.44996,3.79,nominal
viirs_snpp_2026-07-24_0213_36.33787_6.45480,viirs_snpp,N,2026-07-24 02:13:00,36.33787,6.4548,4.52,nominal
viirs_snpp_2026-07-24_0213_36.33498_6.46694,viirs_snpp,N,2026-07-24 02:13:00,36.33498,6.46694,4.02,nominal
viirs_snpp_2026-07-24_0213_36.33569_6.44328,viirs_snpp,N,2026-07-24 02:13:00,36.33569,6.44328,3.79,nominal
viirs_snpp_2026-07-24_0213_36.33462_6.44775,viirs_snpp,N,2026-07-24 02:13:00,36.33462,6.44775,3.79,nominal
viirs_snpp_2026-07-24_0213_36.33126_6.44115,viirs_snpp,N,2026-07-24 02:13:00,36.33126,6.44115,3.31,nominal
viirs_snpp_2026-07-24_0213_36.32401_6.47152,viirs_snpp,N,2026-07-24 02:13:00,36.32401,6.47152,38.33,nominal
viirs_snpp_2026-07-24_0213_36.32242_6.47816,viirs_snpp,N,2026-07-24 02:13:00,36.32242,6.47816,14.88,nominal
viirs_snpp_2026-07-24_0213_36.32090_6.48453,viirs_snpp,N,2026-07-24 02:13:00,36.3209,6.48453,14.88,nominal
viirs_snpp_2026-07-24_0213_36.32268_6.45642,viirs_snpp,N,2026-07-24 02:13:00,36.32268,6.45642,5.34,nominal
viirs_snpp_2026-07-24_0213_36.32095_6.46366,viirs_snpp,N,2026-07-24 02:13:00,36.32095,6.46366,38.33,nominal
viirs_snpp_2026-07-24_0213_36.31936_6.47029,viirs_snpp,N,2026-07-24 02:13:00,36.31936,6.47029,38.33,nominal
viirs_snpp_2026-07-24_0213_36.31777_6.47693,viirs_snpp,N,2026-07-24 02:13:00,36.31777,6.47693,14.88,nominal
viirs_snpp_2026-07-24_0213_36.31624_6.48332,viirs_snpp,N,2026-07-24 02:13:00,36.31624,6.48332,14.88,nominal
viirs_snpp_2026-07-24_0213_36.31470_6.48977,viirs_snpp,N,2026-07-24 02:13:00,36.3147,6.48977,3.65,nominal
viirs_snpp_2026-07-24_0213_36.31794_6.45559,viirs_snpp,N,2026-07-24 02:13:00,36.31794,6.45559,4.77,nominal
viirs_snpp_2026-07-24_0213_36.31627_6.46256,viirs_snpp,N,2026-07-24 02:13:00,36.31627,6.46256,28.52,nominal
viirs_snpp_2026-07-24_0213_36.31470_6.46908,viirs_snpp,N,2026-07-24 02:13:00,36.3147,6.46908,28.52,high
viirs_snpp_2026-07-24_0213_36.31315_6.47558,viirs_snpp,N,2026-07-24 02:13:00,36.31315,6.47558,17.4,nominal
viirs_snpp_2026-07-24_0213_36.31161_6.48201,viirs_snpp,N,2026-07-24 02:13:00,36.31161,6.48201,17.4,nominal
viirs_snpp_2026-07-24_0213_36.31007_6.48842,viirs_snpp,N,2026-07-24 02:13:00,36.31007,6.48842,1.88,nominal
viirs_snpp_2026-07-24_0213_36.31318_6.45483,viirs_snpp,N,2026-07-24 02:13:00,36.31318,6.45483,4.77,nominal
viirs_snpp_2026-07-24_0213_36.31160_6.46141,viirs_snpp,N,2026-07-24 02:13:00,36.3116,6.46141,28.52,nominal
viirs_snpp_2026-07-24_0213_36.31005_6.46786,viirs_snpp,N,2026-07-24 02:13:00,36.31005,6.46786,28.52,nominal
viirs_snpp_2026-07-24_0213_36.30852_6.47424,viirs_snpp,N,2026-07-24 02:13:00,36.30852,6.47424,17.4,nominal
viirs_snpp_2026-07-24_0213_36.30700_6.48057,viirs_snpp,N,2026-07-24 02:13:00,36.307,6.48057,17.4,nominal
viirs_snpp_2026-07-24_0213_36.30546_6.48700,viirs_snpp,N,2026-07-24 02:13:00,36.30546,6.487,1.88,nominal
viirs_snpp_2026-07-24_0213_36.30540_6.46660,viirs_snpp,N,2026-07-24 02:13:00,36.3054,6.4666,3.45,nominal
viirs_snpp_2026-07-24_0213_36.30695_6.46016,viirs_snpp,N,2026-07-24 02:13:00,36.30695,6.46016,3.45,nominal
viirs_snpp_2026-07-24_0213_36.30389_6.47294,viirs_snpp,N,2026-07-24 02:13:00,36.30389,6.47294,4.24,nominal
viirs_snpp_2026-07-24_0213_36.30081_6.46515,viirs_snpp,N,2026-07-24 02:13:00,36.30081,6.46515,3.45,nominal
viirs_snpp_2026-07-24_0213_36.29018_6.40675,viirs_snpp,N,2026-07-24 02:13:00,36.29018,6.40675,4.63,nominal
viirs_snpp_2026-07-24_0213_36.29124_6.41114,viirs_snpp,N,2026-07-24 02:13:00,36.29124,6.41114,3.31,nominal
viirs_snpp_2026-07-24_0213_36.28794_6.40422,viirs_snpp,N,2026-07-24 02:13:00,36.28794,6.40422,3.26,nominal
viirs_snpp_2026-07-24_0213_36.14709_6.01668,viirs_snpp,N,2026-07-24 02:13:00,36.14709,6.01668,1.09,nominal
viirs_snpp_2026-07-24_0213_36.14288_6.01437,viirs_snpp,N,2026-07-24 02:13:00,36.14288,6.01437,1.83,nominal
viirs_snpp_2026-07-24_0213_35.87045_6.02430,viirs_snpp,N,2026-07-24 02:13:00,35.87045,6.0243,1.56,nominal
viirs_snpp_2026-07-24_0213_35.23107_8.16946,viirs_snpp,N,2026-07-24 02:13:00,35.23107,8.16946,1.17,nominal
viirs_snpp_2026-07-24_1151_37.10793_15.17346,viirs_snpp,N,2026-07-24 11:51:00,37.10793,15.17346,15.93,nominal
viirs_snpp_2026-07-24_1151_37.11256_15.17774,viirs_snpp,N,2026-07-24 11:51:00,37.11256,15.17774,15.93,high
viirs_snpp_2026-07-24_1151_37.11157_15.17261,viirs_snpp,N,2026-07-24 11:51:00,37.11157,15.17261,15.93,nominal
viirs_snpp_2026-07-24_1151_37.11618_15.17681,viirs_snpp,N,2026-07-24 11:51:00,37.11618,15.17681,25.12,nominal
viirs_snpp_2026-07-24_1151_37.11521_15.17175,viirs_snpp,N,2026-07-24 11:51:00,37.11521,15.17175,25.12,nominal
viirs_snpp_2026-07-24_1151_37.19460_14.79846,viirs_snpp,N,2026-07-24 11:51:00,37.1946,14.79846,11.01,nominal
viirs_snpp_2026-07-24_1151_37.19823_14.79730,viirs_snpp,N,2026-07-24 11:51:00,37.19823,14.7973,46.9,nominal
viirs_snpp_2026-07-24_1151_37.19721_14.79203,viirs_snpp,N,2026-07-24 11:51:00,37.19721,14.79203,46.9,nominal
viirs_snpp_2026-07-24_1151_37.20082_14.79076,viirs_snpp,N,2026-07-24 11:51:00,37.20082,14.79076,46.9,low
viirs_snpp_2026-07-24_1151_37.19979_14.78546,viirs_snpp,N,2026-07-24 11:51:00,37.19979,14.78546,43.54,nominal
viirs_snpp_2026-07-24_1151_37.20445_14.78955,viirs_snpp,N,2026-07-24 11:51:00,37.20445,14.78955,13.56,nominal
viirs_snpp_2026-07-24_1151_37.20343_14.78432,viirs_snpp,N,2026-07-24 11:51:00,37.20343,14.78432,47.02,nominal
viirs_snpp_2026-07-24_1151_37.33784_14.97079,viirs_snpp,N,2026-07-24 11:51:00,37.33784,14.97079,5.22,nominal
viirs_snpp_2026-07-24_1151_36.40828_10.46391,viirs_snpp,N,2026-07-24 11:51:00,36.40828,10.46391,3.88,low
viirs_snpp_2026-07-24_1151_37.29883_14.37026,viirs_snpp,N,2026-07-24 11:51:00,37.29883,14.37026,10.69,low
viirs_snpp_2026-07-24_1151_37.26273_13.77064,viirs_snpp,N,2026-07-24 11:51:00,37.26273,13.77064,5.23,low
viirs_snpp_2026-07-24_1151_37.53379_14.90825,viirs_snpp,N,2026-07-24 11:51:00,37.53379,14.90825,5.4,low
viirs_snpp_2026-07-24_1151_37.56100_15.03006,viirs_snpp,N,2026-07-24 11:51:00,37.561,15.03006,12.26,nominal
viirs_snpp_2026-07-24_1151_37.34117_13.57528,viirs_snpp,N,2026-07-24 11:51:00,37.34117,13.57528,15.62,nominal
viirs_snpp_2026-07-24_1151_37.34118_13.55562,viirs_snpp,N,2026-07-24 11:51:00,37.34118,13.55562,11.57,nominal
viirs_snpp_2026-07-24_1151_37.34503_13.55445,viirs_snpp,N,2026-07-24 11:51:00,37.34503,13.55445,11.57,nominal
viirs_snpp_2026-07-24_1151_36.21996_8.54904,viirs_snpp,N,2026-07-24 11:51:00,36.21996,8.54904,98.89,nominal
viirs_snpp_2026-07-24_1151_36.21904_8.54544,viirs_snpp,N,2026-07-24 11:51:00,36.21904,8.54544,98.89,nominal
viirs_snpp_2026-07-24_1151_36.21814_8.54196,viirs_snpp,N,2026-07-24 11:51:00,36.21814,8.54196,30,nominal
viirs_snpp_2026-07-24_1151_36.21727_8.53856,viirs_snpp,N,2026-07-24 11:51:00,36.21727,8.53856,30,low
viirs_snpp_2026-07-24_1151_36.22517_8.54775,viirs_snpp,N,2026-07-24 11:51:00,36.22517,8.54775,98.89,high
viirs_snpp_2026-07-24_1151_36.19834_8.44285,viirs_snpp,N,2026-07-24 11:51:00,36.19834,8.44285,5.87,high
viirs_snpp_2026-07-24_1151_36.22620_8.55178,viirs_snpp,N,2026-07-24 11:51:00,36.2262,8.55178,49.74,nominal
viirs_snpp_2026-07-24_1151_36.22220_8.53611,viirs_snpp,N,2026-07-24 11:51:00,36.2222,8.53611,30,nominal
viirs_snpp_2026-07-24_1151_36.22130_8.53258,viirs_snpp,N,2026-07-24 11:51:00,36.2213,8.53258,4.43,nominal
viirs_snpp_2026-07-24_1151_36.22042_8.52913,viirs_snpp,N,2026-07-24 11:51:00,36.22042,8.52913,4.43,low
viirs_snpp_2026-07-24_1151_36.19735_8.43897,viirs_snpp,N,2026-07-24 11:51:00,36.19735,8.43897,5.87,nominal
viirs_snpp_2026-07-24_1151_36.19635_8.43505,viirs_snpp,N,2026-07-24 11:51:00,36.19635,8.43505,5.38,nominal
viirs_snpp_2026-07-24_1151_36.22416_8.54377,viirs_snpp,N,2026-07-24 11:51:00,36.22416,8.54377,98.89,low
viirs_snpp_2026-07-24_1151_36.22316_8.53986,viirs_snpp,N,2026-07-24 11:51:00,36.22316,8.53986,30,low
viirs_snpp_2026-07-24_1151_36.25052_8.62552,viirs_snpp,N,2026-07-24 11:51:00,36.25052,8.62552,134.1,high
viirs_snpp_2026-07-24_1151_36.24954_8.62167,viirs_snpp,N,2026-07-24 11:51:00,36.24954,8.62167,134.1,high
viirs_snpp_2026-07-24_1151_36.23045_8.54669,viirs_snpp,N,2026-07-24 11:51:00,36.23045,8.54669,37.81,high
viirs_snpp_2026-07-24_1151_36.22837_8.53851,viirs_snpp,N,2026-07-24 11:51:00,36.22837,8.53851,30.97,high
viirs_snpp_2026-07-24_1151_36.25151_8.62942,viirs_snpp,N,2026-07-24 11:51:00,36.25151,8.62942,25.24,nominal
viirs_snpp_2026-07-24_1151_36.24859_8.61793,viirs_snpp,N,2026-07-24 11:51:00,36.24859,8.61793,42.6,nominal
viirs_snpp_2026-07-24_1151_36.23145_8.55059,viirs_snpp,N,2026-07-24 11:51:00,36.23145,8.55059,14.58,nominal
viirs_snpp_2026-07-24_1151_36.22941_8.54261,viirs_snpp,N,2026-07-24 11:51:00,36.22941,8.54261,37.81,nominal
viirs_snpp_2026-07-24_1151_36.22735_8.53451,viirs_snpp,N,2026-07-24 11:51:00,36.22735,8.53451,30.97,nominal
viirs_snpp_2026-07-24_1151_36.22638_8.53071,viirs_snpp,N,2026-07-24 11:51:00,36.22638,8.53071,6,nominal
viirs_snpp_2026-07-24_1151_36.20362_8.44164,viirs_snpp,N,2026-07-24 11:51:00,36.20362,8.44164,4.07,nominal
viirs_snpp_2026-07-24_1151_36.20264_8.43784,viirs_snpp,N,2026-07-24 11:51:00,36.20264,8.43784,4.07,nominal
viirs_snpp_2026-07-24_1151_36.20163_8.43388,viirs_snpp,N,2026-07-24 11:51:00,36.20163,8.43388,6.58,nominal
viirs_snpp_2026-07-24_1151_36.25650_8.62734,viirs_snpp,N,2026-07-24 11:51:00,36.2565,8.62734,25.24,high
viirs_snpp_2026-07-24_1151_36.23465_8.54140,viirs_snpp,N,2026-07-24 11:51:00,36.23465,8.5414,37.81,high
viirs_snpp_2026-07-24_1151_36.25748_8.63119,viirs_snpp,N,2026-07-24 11:51:00,36.25748,8.63119,25.24,nominal
viirs_snpp_2026-07-24_1151_36.25265_8.61218,viirs_snpp,N,2026-07-24 11:51:00,36.25265,8.61218,42.6,nominal
viirs_snpp_2026-07-24_1151_36.23567_8.54540,viirs_snpp,N,2026-07-24 11:51:00,36.23567,8.5454,37.81,nominal
viirs_snpp_2026-07-24_1151_36.23358_8.53716,viirs_snpp,N,2026-07-24 11:51:00,36.23358,8.53716,30.97,nominal
viirs_snpp_2026-07-24_1151_36.23248_8.53286,viirs_snpp,N,2026-07-24 11:51:00,36.23248,8.53286,30.97,nominal
viirs_snpp_2026-07-24_1151_36.25360_8.61588,viirs_snpp,N,2026-07-24 11:51:00,36.2536,8.61588,42.6,low
viirs_snpp_2026-07-24_1151_36.25769_8.61026,viirs_snpp,N,2026-07-24 11:51:00,36.25769,8.61026,82.93,nominal
viirs_snpp_2026-07-24_1151_36.25679_8.60671,viirs_snpp,N,2026-07-24 11:51:00,36.25679,8.60671,9.5,nominal
viirs_snpp_2026-07-24_1151_36.26559_8.61962,viirs_snpp,N,2026-07-24 11:51:00,36.26559,8.61962,111.44,high
viirs_snpp_2026-07-24_1151_36.26462_8.61579,viirs_snpp,N,2026-07-24 11:51:00,36.26462,8.61579,111.44,high
viirs_snpp_2026-07-24_1151_36.20720_8.39006,viirs_snpp,N,2026-07-24 11:51:00,36.2072,8.39006,21.47,high
viirs_snpp_2026-07-24_1151_36.26189_8.60502,viirs_snpp,N,2026-07-24 11:51:00,36.26189,8.60502,9.5,nominal
viirs_snpp_2026-07-24_1151_36.20819_8.39393,viirs_snpp,N,2026-07-24 11:51:00,36.20819,8.39393,18.72,nominal
viirs_snpp_2026-07-24_1151_36.26608_8.59975,viirs_snpp,N,2026-07-24 11:51:00,36.26608,8.59975,6.25,high
viirs_snpp_2026-07-24_1151_36.26697_8.60327,viirs_snpp,N,2026-07-24 11:51:00,36.26697,8.60327,6.25,nominal
viirs_snpp_2026-07-24_1151_36.27120_8.59815,viirs_snpp,N,2026-07-24 11:51:00,36.2712,8.59815,6.25,nominal
viirs_snpp_2026-07-24_1151_36.32359_8.76279,viirs_snpp,N,2026-07-24 11:51:00,36.32359,8.76279,8.47,high
viirs_snpp_2026-07-24_1151_36.32259_8.75876,viirs_snpp,N,2026-07-24 11:51:00,36.32259,8.75876,8.47,nominal
viirs_snpp_2026-07-24_1151_36.32972_8.76542,viirs_snpp,N,2026-07-24 11:51:00,36.32972,8.76542,5.36,nominal
viirs_snpp_2026-07-24_1151_36.19888_8.20315,viirs_snpp,N,2026-07-24 11:51:00,36.19888,8.20315,10.11,high
viirs_snpp_2026-07-24_1151_36.34491_8.78256,viirs_snpp,N,2026-07-24 11:51:00,36.34491,8.78256,1.9,low
viirs_snpp_2026-07-24_1151_36.19788_8.19921,viirs_snpp,N,2026-07-24 11:51:00,36.19788,8.19921,5.34,nominal
viirs_snpp_2026-07-24_1151_36.20392_8.20074,viirs_snpp,N,2026-07-24 11:51:00,36.20392,8.20074,10.11,nominal
viirs_snpp_2026-07-24_1151_36.20298_8.19705,viirs_snpp,N,2026-07-24 11:51:00,36.20298,8.19705,5.34,nominal
viirs_snpp_2026-07-24_1151_36.33162_8.76419,viirs_snpp,N,2026-07-24 11:51:00,36.33162,8.76419,1.41,nominal
viirs_snpp_2026-07-24_1151_36.34197_8.78321,viirs_snpp,N,2026-07-24 11:51:00,36.34197,8.78321,4.58,low
viirs_snpp_2026-07-24_1151_36.20258_8.20134,viirs_snpp,N,2026-07-24 11:51:00,36.20258,8.20134,18.73,high
viirs_snpp_2026-07-24_1151_36.20161_8.19762,viirs_snpp,N,2026-07-24 11:51:00,36.20161,8.19762,10.94,nominal
viirs_snpp_2026-07-24_1151_37.59476_13.57873,viirs_snpp,N,2026-07-24 11:51:00,37.59476,13.57873,23.43,nominal
viirs_snpp_2026-07-24_1151_36.97523_10.17509,viirs_snpp,N,2026-07-24 11:51:00,36.97523,10.17509,4.85,nominal
viirs_snpp_2026-07-24_1151_38.10873_15.12624,viirs_snpp,N,2026-07-24 11:51:00,38.10873,15.12624,3.65,nominal
viirs_snpp_2026-07-24_1151_37.78228_13.02830,viirs_snpp,N,2026-07-24 11:51:00,37.78228,13.0283,10.96,nominal
viirs_snpp_2026-07-24_1151_36.30188_6.47709,viirs_snpp,N,2026-07-24 11:51:00,36.30188,6.47709,8.53,high
viirs_snpp_2026-07-24_1151_36.30058_6.47228,viirs_snpp,N,2026-07-24 11:51:00,36.30058,6.47228,8.53,nominal
viirs_snpp_2026-07-24_1151_36.31014_6.48470,viirs_snpp,N,2026-07-24 11:51:00,36.31014,6.4847,13.62,high
viirs_snpp_2026-07-24_1151_36.30763_6.47546,viirs_snpp,N,2026-07-24 11:51:00,36.30763,6.47546,8.53,high
viirs_snpp_2026-07-24_1151_36.30890_6.48012,viirs_snpp,N,2026-07-24 11:51:00,36.3089,6.48012,13.62,nominal
viirs_snpp_2026-07-24_1151_36.30634_6.47069,viirs_snpp,N,2026-07-24 11:51:00,36.30634,6.47069,8.53,nominal
viirs_snpp_2026-07-24_1151_37.98555_13.49418,viirs_snpp,N,2026-07-24 11:51:00,37.98555,13.49418,20.91,nominal
viirs_snpp_2026-07-24_1151_37.98929_13.49262,viirs_snpp,N,2026-07-24 11:51:00,37.98929,13.49262,36.2,nominal
viirs_snpp_2026-07-24_1151_37.99301_13.49100,viirs_snpp,N,2026-07-24 11:51:00,37.99301,13.491,36.2,nominal
viirs_snpp_2026-07-24_1151_36.30191_6.47863,viirs_snpp,N,2026-07-24 11:51:00,36.30191,6.47863,9.61,high
viirs_snpp_2026-07-24_1151_36.30058_6.47383,viirs_snpp,N,2026-07-24 11:51:00,36.30058,6.47383,9.61,high
viirs_snpp_2026-07-24_1151_37.99677_13.48956,viirs_snpp,N,2026-07-24 11:51:00,37.99677,13.48956,5.73,nominal
viirs_snpp_2026-07-24_1151_36.30766_6.47698,viirs_snpp,N,2026-07-24 11:51:00,36.30766,6.47698,9.61,high
viirs_snpp_2026-07-24_1151_36.30635_6.47224,viirs_snpp,N,2026-07-24 11:51:00,36.30635,6.47224,9.61,high
viirs_snpp_2026-07-24_1151_36.31021_6.48615,viirs_snpp,N,2026-07-24 11:51:00,36.31021,6.48615,7.2,nominal
viirs_snpp_2026-07-24_1151_36.30894_6.48159,viirs_snpp,N,2026-07-24 11:51:00,36.30894,6.48159,7.2,nominal
viirs_snpp_2026-07-24_1151_36.31732_6.48942,viirs_snpp,N,2026-07-24 11:51:00,36.31732,6.48942,104.42,nominal
viirs_snpp_2026-07-24_1151_36.31347_6.47551,viirs_snpp,N,2026-07-24 11:51:00,36.31347,6.47551,9.59,nominal
viirs_snpp_2026-07-24_1151_36.31603_6.48478,viirs_snpp,N,2026-07-24 11:51:00,36.31603,6.48478,70.67,low
viirs_snpp_2026-07-24_1151_36.32188_6.48351,viirs_snpp,N,2026-07-24 11:51:00,36.32188,6.48351,70.67,high
viirs_snpp_2026-07-24_1151_36.32056_6.47872,viirs_snpp,N,2026-07-24 11:51:00,36.32056,6.47872,70.67,high
viirs_snpp_2026-07-24_1151_36.31931_6.47422,viirs_snpp,N,2026-07-24 11:51:00,36.31931,6.47422,9.59,high
viirs_snpp_2026-07-24_1151_36.31807_6.46971,viirs_snpp,N,2026-07-24 11:51:00,36.31807,6.46971,9.59,nominal
viirs_snpp_2026-07-24_1151_36.32652_6.47785,viirs_snpp,N,2026-07-24 11:51:00,36.32652,6.47785,7.3,nominal
viirs_snpp_2026-07-24_1151_36.32522_6.47314,viirs_snpp,N,2026-07-24 11:51:00,36.32522,6.47314,4.33,nominal
viirs_snpp_2026-07-24_1151_36.34479_6.47664,viirs_snpp,N,2026-07-24 11:51:00,36.34479,6.47664,6.3,high
viirs_snpp_2026-07-24_1151_36.34377_6.47297,viirs_snpp,N,2026-07-24 11:51:00,36.34377,6.47297,6.3,nominal
viirs_snpp_2026-07-24_1151_36.34266_6.46892,viirs_snpp,N,2026-07-24 11:51:00,36.34266,6.46892,3.51,low
viirs_snpp_2026-07-24_1151_36.34022_6.46006,viirs_snpp,N,2026-07-24 11:51:00,36.34022,6.46006,3.67,low
viirs_snpp_2026-07-24_1151_36.86628_6.98347,viirs_snpp,N,2026-07-24 11:51:00,36.86628,6.98347,5.5,nominal
viirs_snpp_2026-07-24_1151_36.87162_6.98118,viirs_snpp,N,2026-07-24 11:51:00,36.87162,6.98118,4.25,nominal
viirs_snpp_2026-07-24_1151_36.87005_6.98259,viirs_snpp,N,2026-07-24 11:51:00,36.87005,6.98259,6.61,nominal
viirs_snpp_2026-07-24_1151_39.40960_16.02604,viirs_snpp,N,2026-07-24 11:51:00,39.4096,16.02604,7.34,nominal
viirs_snpp_2026-07-24_1151_39.50850_15.98532,viirs_snpp,N,2026-07-24 11:51:00,39.5085,15.98532,5.87,nominal
viirs_snpp_2026-07-24_1151_39.08203_9.01885,viirs_snpp,N,2026-07-24 11:51:00,39.08203,9.01885,2.65,low
viirs_snpp_2026-07-24_1151_40.58597_14.97450,viirs_snpp,N,2026-07-24 11:51:00,40.58597,14.9745,1.8,nominal
viirs_snpp_2026-07-24_1151_40.67836_14.74407,viirs_snpp,N,2026-07-24 11:51:00,40.67836,14.74407,15.73,low
viirs_snpp_2026-07-24_1151_40.67742_14.73897,viirs_snpp,N,2026-07-24 11:51:00,40.67742,14.73897,15.73,low
viirs_snpp_2026-07-24_1151_40.68095_14.73820,viirs_snpp,N,2026-07-24 11:51:00,40.68095,14.7382,15.73,nominal
viirs_snpp_2026-07-24_1151_40.73027_14.47313,viirs_snpp,N,2026-07-24 11:51:00,40.73027,14.47313,10.45,nominal
viirs_snpp_2026-07-24_1151_40.87452_14.47997,viirs_snpp,N,2026-07-24 11:51:00,40.87452,14.47997,2.8,nominal
viirs_snpp_2026-07-24_1151_40.87543_14.38580,viirs_snpp,N,2026-07-24 11:51:00,40.87543,14.3858,3.58,nominal
viirs_snpp_2026-07-24_1151_40.89776_14.40597,viirs_snpp,N,2026-07-24 11:51:00,40.89776,14.40597,3.54,nominal
viirs_snpp_2026-07-24_1151_39.99831_9.62227,viirs_snpp,N,2026-07-24 11:51:00,39.99831,9.62227,19.67,nominal
viirs_snpp_2026-07-24_1151_40.00137_9.61493,viirs_snpp,N,2026-07-24 11:51:00,40.00137,9.61493,139.6,low
viirs_snpp_2026-07-24_1151_40.00706_9.61891,viirs_snpp,N,2026-07-24 11:51:00,40.00706,9.61891,139.6,nominal
viirs_snpp_2026-07-24_1151_39.99893_9.61967,viirs_snpp,N,2026-07-24 11:51:00,39.99893,9.61967,68.99,high
viirs_snpp_2026-07-24_1151_40.00027_9.62526,viirs_snpp,N,2026-07-24 11:51:00,40.00027,9.62526,68.99,nominal
viirs_snpp_2026-07-24_1151_40.00330_9.61796,viirs_snpp,N,2026-07-24 11:51:00,40.0033,9.61796,68.99,high
viirs_snpp_2026-07-24_1151_40.00465_9.62360,viirs_snpp,N,2026-07-24 11:51:00,40.00465,9.6236,68.99,nominal
viirs_snpp_2026-07-24_1151_40.00195_9.61232,viirs_snpp,N,2026-07-24 11:51:00,40.00195,9.61232,44.92,nominal
viirs_snpp_2026-07-24_1151_41.01550_14.16101,viirs_snpp,N,2026-07-24 11:51:00,41.0155,14.16101,3.66,nominal
viirs_snpp_2026-07-24_1151_41.14682_14.15459,viirs_snpp,N,2026-07-24 11:51:00,41.14682,14.15459,4.25,low
viirs_snpp_2026-07-24_1151_41.10150_13.89682,viirs_snpp,N,2026-07-24 11:51:00,41.1015,13.89682,3.58,low
viirs_snpp_2026-07-24_1151_41.45040_15.43084,viirs_snpp,N,2026-07-24 11:51:00,41.4504,15.43084,6.62,low
viirs_snpp_2026-07-24_1151_41.45464_15.43464,viirs_snpp,N,2026-07-24 11:51:00,41.45464,15.43464,21.87,nominal
viirs_snpp_2026-07-24_1151_41.45378_15.42979,viirs_snpp,N,2026-07-24 11:51:00,41.45378,15.42979,8.9,nominal
viirs_snpp_2026-07-24_1151_41.49110_12.71497,viirs_snpp,N,2026-07-24 11:51:00,41.4911,12.71497,5.23,nominal
viirs_snpp_2026-07-24_1151_41.92769_12.68939,viirs_snpp,N,2026-07-24 11:51:00,41.92769,12.68939,8.42,nominal
viirs_snpp_2026-07-24_1151_42.05301_12.37452,viirs_snpp,N,2026-07-24 11:51:00,42.05301,12.37452,2.36,low
viirs_snpp_2026-07-24_1151_42.25843_9.06788,viirs_snpp,N,2026-07-24 11:51:00,42.25843,9.06788,4.51,nominal
viirs_snpp_2026-07-24_1151_42.26864_9.09148,viirs_snpp,N,2026-07-24 11:51:00,42.26864,9.09148,10.76,nominal
viirs_snpp_2026-07-24_1151_42.26229_9.04477,viirs_snpp,N,2026-07-24 11:51:00,42.26229,9.04477,16.36,nominal
viirs_snpp_2026-07-24_1151_42.26120_9.04012,viirs_snpp,N,2026-07-24 11:51:00,42.2612,9.04012,23.15,nominal
viirs_snpp_2026-07-24_1151_42.28797_9.07491,viirs_snpp,N,2026-07-24 11:51:00,42.28797,9.07491,37.68,nominal
viirs_snpp_2026-07-24_1151_42.29084_9.06733,viirs_snpp,N,2026-07-24 11:51:00,42.29084,9.06733,96.54,high
viirs_snpp_2026-07-24_1151_42.29198_9.07217,viirs_snpp,N,2026-07-24 11:51:00,42.29198,9.07217,37.68,nominal
viirs_snpp_2026-07-24_1151_42.28977_9.06275,viirs_snpp,N,2026-07-24 11:51:00,42.28977,9.06275,96.54,nominal
viirs_snpp_2026-07-24_1153_43.61765_10.60834,viirs_snpp,N,2026-07-24 11:53:00,43.61765,10.60834,3.03,nominal
viirs_snpp_2026-07-24_1153_44.56455_10.82286,viirs_snpp,N,2026-07-24 11:53:00,44.56455,10.82286,2.73,nominal
viirs_snpp_2026-07-24_1153_43.50409_6.10782,viirs_snpp,N,2026-07-24 11:53:00,43.50409,6.10782,13.35,nominal
viirs_snpp_2026-07-24_1153_43.50876_6.10557,viirs_snpp,N,2026-07-24 11:53:00,43.50876,6.10557,13.35,nominal
viirs_snpp_2026-07-24_1153_43.50684_6.09808,viirs_snpp,N,2026-07-24 11:53:00,43.50684,6.09808,13.35,nominal
viirs_snpp_2026-07-24_1153_43.50645_6.10625,viirs_snpp,N,2026-07-24 11:53:00,43.50645,6.10625,18.98,nominal
viirs_snpp_2026-07-24_1153_43.51112_6.10398,viirs_snpp,N,2026-07-24 11:53:00,43.51112,6.10398,9.48,nominal
viirs_snpp_2026-07-24_1153_43.50917_6.09658,viirs_snpp,N,2026-07-24 11:53:00,43.50917,6.09658,4.14,low
viirs_snpp_2026-07-24_1153_43.51771_6.06888,viirs_snpp,N,2026-07-24 11:53:00,43.51771,6.06888,11.11,nominal
viirs_snpp_2026-07-24_1153_43.52250_6.06705,viirs_snpp,N,2026-07-24 11:53:00,43.5225,6.06705,33.64,nominal
viirs_snpp_2026-07-24_1153_44.73063_10.65250,viirs_snpp,N,2026-07-24 11:53:00,44.73063,10.6525,6.29,low
viirs_snpp_2026-07-24_1153_44.71355_10.55298,viirs_snpp,N,2026-07-24 11:53:00,44.71355,10.55298,4.6,nominal
viirs_snpp_2026-07-24_1153_44.99031_9.92610,viirs_snpp,N,2026-07-24 11:53:00,44.99031,9.9261,3.54,nominal
viirs_snpp_2026-07-24_1153_45.20401_10.57751,viirs_snpp,N,2026-07-24 11:53:00,45.20401,10.57751,4.41,low
viirs_snpp_2026-07-24_1153_45.32661_10.91953,viirs_snpp,N,2026-07-24 11:53:00,45.32661,10.91953,3.43,nominal
viirs_snpp_2026-07-24_1153_45.14314_9.94203,viirs_snpp,N,2026-07-24 11:53:00,45.14314,9.94203,10.07,low
viirs_snpp_2026-07-24_1153_45.36406_10.86998,viirs_snpp,N,2026-07-24 11:53:00,45.36406,10.86998,4.96,nominal
viirs_snpp_2026-07-24_1153_45.36773_10.86847,viirs_snpp,N,2026-07-24 11:53:00,45.36773,10.86847,4.96,nominal
viirs_snpp_2026-07-24_1153_45.52135_11.49946,viirs_snpp,N,2026-07-24 11:53:00,45.52135,11.49946,5.11,low
viirs_snpp_2026-07-24_1153_44.74601_6.56359,viirs_snpp,N,2026-07-24 11:53:00,44.74601,6.56359,7.44,low
viirs_snpp_2026-07-24_1153_44.74923_6.56166,viirs_snpp,N,2026-07-24 11:53:00,44.74923,6.56166,4.05,nominal
viirs_snpp_2026-07-24_1153_45.02242_7.62129,viirs_snpp,N,2026-07-24 11:53:00,45.02242,7.62129,3.64,low
viirs_snpp_2026-07-24_1153_44.77113_6.54991,viirs_snpp,N,2026-07-24 11:53:00,44.77113,6.54991,35.6,nominal
viirs_snpp_2026-07-24_1153_45.52888_9.21922,viirs_snpp,N,2026-07-24 11:53:00,45.52888,9.21922,3.89,nominal
viirs_snpp_2026-07-24_1153_46.37834_11.07985,viirs_snpp,N,2026-07-24 11:53:00,46.37834,11.07985,2.44,nominal
viirs_snpp_2026-07-24_1153_46.11702_8.63759,viirs_snpp,N,2026-07-24 11:53:00,46.11702,8.63759,7.29,nominal
viirs_snpp_2026-07-24_1153_46.12118_8.63685,viirs_snpp,N,2026-07-24 11:53:00,46.12118,8.63685,7.29,nominal
viirs_snpp_2026-07-24_1153_47.20302_8.43074,viirs_snpp,N,2026-07-24 11:53:00,47.20302,8.43074,8.24,nominal
viirs_snpp_2026-07-24_1153_47.20412_8.42875,viirs_snpp,N,2026-07-24 11:53:00,47.20412,8.42875,5.52,nominal
viirs_snpp_2026-07-24_1331_36.18010_8.20978,viirs_snpp,N,2026-07-24 13:31:00,36.1801,8.20978,93.2,high
viirs_snpp_2026-07-24_1331_36.18058_8.22180,viirs_snpp,N,2026-07-24 13:31:00,36.18058,8.2218,43.55,nominal
viirs_snpp_2026-07-24_1331_36.18034_8.21594,viirs_snpp,N,2026-07-24 13:31:00,36.18034,8.21594,43.55,nominal
viirs_snpp_2026-07-24_1331_36.17983_8.20335,viirs_snpp,N,2026-07-24 13:31:00,36.17983,8.20335,93.2,nominal
viirs_snpp_2026-07-24_1331_36.18651_8.21371,viirs_snpp,N,2026-07-24 13:31:00,36.18651,8.21371,43.55,high
viirs_snpp_2026-07-24_1331_36.18675_8.21952,viirs_snpp,N,2026-07-24 13:31:00,36.18675,8.21952,43.55,nominal
viirs_snpp_2026-07-24_1331_36.18623_8.20695,viirs_snpp,N,2026-07-24 13:31:00,36.18623,8.20695,93.2,low
viirs_snpp_2026-07-24_1331_36.20625_8.55258,viirs_snpp,N,2026-07-24 13:31:00,36.20625,8.55258,100.6,high
viirs_snpp_2026-07-24_1331_36.19245_8.20593,viirs_snpp,N,2026-07-24 13:31:00,36.19245,8.20593,22.58,high
viirs_snpp_2026-07-24_1331_36.20678_8.56642,viirs_snpp,N,2026-07-24 13:31:00,36.20678,8.56642,7.88,nominal
viirs_snpp_2026-07-24_1331_36.20652_8.55981,viirs_snpp,N,2026-07-24 13:31:00,36.20652,8.55981,100.6,nominal
viirs_snpp_2026-07-24_1331_36.19269_8.21171,viirs_snpp,N,2026-07-24 13:31:00,36.19269,8.21171,16.16,nominal
viirs_snpp_2026-07-24_1331_36.20596_8.54522,viirs_snpp,N,2026-07-24 13:31:00,36.20596,8.54522,133.08,low
viirs_snpp_2026-07-24_1331_36.21288_8.55933,viirs_snpp,N,2026-07-24 13:31:00,36.21288,8.55933,100.6,high
viirs_snpp_2026-07-24_1331_36.21337_8.57200,viirs_snpp,N,2026-07-24 13:31:00,36.21337,8.572,7.88,nominal
viirs_snpp_2026-07-24_1331_36.21312_8.56578,viirs_snpp,N,2026-07-24 13:31:00,36.21312,8.56578,7.88,nominal
viirs_snpp_2026-07-24_1331_36.20629_8.39183,viirs_snpp,N,2026-07-24 13:31:00,36.20629,8.39183,4.56,nominal
viirs_snpp_2026-07-24_1331_36.21259_8.55193,viirs_snpp,N,2026-07-24 13:31:00,36.21259,8.55193,100.6,low
viirs_snpp_2026-07-24_1331_36.21227_8.54375,viirs_snpp,N,2026-07-24 13:31:00,36.21227,8.54375,133.08,low
viirs_snpp_2026-07-24_1331_36.21920_8.55823,viirs_snpp,N,2026-07-24 13:31:00,36.2192,8.55823,56.02,high
viirs_snpp_2026-07-24_1331_36.21945_8.56458,viirs_snpp,N,2026-07-24 13:31:00,36.21945,8.56458,22.48,nominal
viirs_snpp_2026-07-24_1331_36.21841_8.53794,viirs_snpp,N,2026-07-24 13:31:00,36.21841,8.53794,63.22,nominal
viirs_snpp_2026-07-24_1331_36.21895_8.55173,viirs_snpp,N,2026-07-24 13:31:00,36.21895,8.55173,56.02,low
viirs_snpp_2026-07-24_1331_36.22502_8.54398,viirs_snpp,N,2026-07-24 13:31:00,36.22502,8.54398,63.22,high
viirs_snpp_2026-07-24_1331_36.22550_8.55628,viirs_snpp,N,2026-07-24 13:31:00,36.2255,8.55628,56.02,nominal
viirs_snpp_2026-07-24_1331_36.22526_8.55009,viirs_snpp,N,2026-07-24 13:31:00,36.22526,8.55009,56.02,nominal
viirs_snpp_2026-07-24_1331_36.22478_8.53783,viirs_snpp,N,2026-07-24 13:31:00,36.22478,8.53783,63.22,nominal
viirs_snpp_2026-07-24_1331_36.23109_8.53660,viirs_snpp,N,2026-07-24 13:31:00,36.23109,8.5366,14.91,high
viirs_snpp_2026-07-24_1331_36.23132_8.54231,viirs_snpp,N,2026-07-24 13:31:00,36.23132,8.54231,14.91,nominal
viirs_snpp_2026-07-24_1331_36.23763_8.54100,viirs_snpp,N,2026-07-24 13:31:00,36.23763,8.541,14.91,high
viirs_snpp_2026-07-24_1331_36.23788_8.54735,viirs_snpp,N,2026-07-24 13:31:00,36.23788,8.54735,24.79,nominal
viirs_snpp_2026-07-24_1331_36.25393_8.62895,viirs_snpp,N,2026-07-24 13:31:00,36.25393,8.62895,7.35,nominal
viirs_snpp_2026-07-24_1331_36.20790_8.55580,viirs_snpp,N,2026-07-24 13:31:00,36.2079,8.5558,74.12,high
viirs_snpp_2026-07-24_1331_36.20813_8.56289,viirs_snpp,N,2026-07-24 13:31:00,36.20813,8.56289,74.12,nominal
viirs_snpp_2026-07-24_1331_36.20766_8.54837,viirs_snpp,N,2026-07-24 13:31:00,36.20766,8.54837,142.42,low
viirs_snpp_2026-07-24_1331_36.21426_8.55523,viirs_snpp,N,2026-07-24 13:31:00,36.21426,8.55523,74.12,high
viirs_snpp_2026-07-24_1331_36.21400_8.54753,viirs_snpp,N,2026-07-24 13:31:00,36.214,8.54753,142.42,high
viirs_snpp_2026-07-24_1331_36.21468_8.56831,viirs_snpp,N,2026-07-24 13:31:00,36.21468,8.56831,16.54,nominal
viirs_snpp_2026-07-24_1331_36.21448_8.56215,viirs_snpp,N,2026-07-24 13:31:00,36.21448,8.56215,74.12,nominal
viirs_snpp_2026-07-24_1331_36.21375_8.53976,viirs_snpp,N,2026-07-24 13:31:00,36.21375,8.53976,142.42,nominal
viirs_snpp_2026-07-24_1331_36.20884_8.39419,viirs_snpp,N,2026-07-24 13:31:00,36.20884,8.39419,8.82,nominal
viirs_snpp_2026-07-24_1331_36.22060_8.55438,viirs_snpp,N,2026-07-24 13:31:00,36.2206,8.55438,78.32,high
viirs_snpp_2026-07-24_1331_36.22081_8.56068,viirs_snpp,N,2026-07-24 13:31:00,36.22081,8.56068,78.32,nominal
viirs_snpp_2026-07-24_1331_36.22016_8.54121,viirs_snpp,N,2026-07-24 13:31:00,36.22016,8.54121,75.87,nominal
viirs_snpp_2026-07-24_1331_36.21993_8.53445,viirs_snpp,N,2026-07-24 13:31:00,36.21993,8.53445,20.36,nominal
viirs_snpp_2026-07-24_1331_36.22670_8.54623,viirs_snpp,N,2026-07-24 13:31:00,36.2267,8.54623,75.87,high
viirs_snpp_2026-07-24_1331_36.22649_8.54023,viirs_snpp,N,2026-07-24 13:31:00,36.22649,8.54023,75.87,high
viirs_snpp_2026-07-24_1331_36.22629_8.53413,viirs_snpp,N,2026-07-24 13:31:00,36.22629,8.53413,20.36,nominal
viirs_snpp_2026-07-24_1331_36.23281_8.53872,viirs_snpp,N,2026-07-24 13:31:00,36.23281,8.53872,13.37,high
viirs_snpp_2026-07-24_1331_36.23301_8.54455,viirs_snpp,N,2026-07-24 13:31:00,36.23301,8.54455,13.37,nominal
viirs_snpp_2026-07-24_1331_36.23262_8.53324,viirs_snpp,N,2026-07-24 13:31:00,36.23262,8.53324,9.55,nominal
viirs_snpp_2026-07-24_1331_36.23935_8.54362,viirs_snpp,N,2026-07-24 13:31:00,36.23935,8.54362,13.37,high
viirs_snpp_2026-07-24_1331_36.25513_8.63152,viirs_snpp,N,2026-07-24 13:31:00,36.25513,8.63152,6.7,nominal
viirs_snpp_2026-07-24_1331_36.25493_8.62558,viirs_snpp,N,2026-07-24 13:31:00,36.25493,8.62558,14.1,nominal
viirs_snpp_2026-07-24_1331_36.25589_8.47176,viirs_snpp,N,2026-07-24 13:31:00,36.25589,8.47176,25.38,high
viirs_snpp_2026-07-24_1331_36.25563_8.46460,viirs_snpp,N,2026-07-24 13:31:00,36.25563,8.4646,11.32,high
viirs_snpp_2026-07-24_1331_36.25539_8.45768,viirs_snpp,N,2026-07-24 13:31:00,36.25539,8.45768,11.32,nominal
viirs_snpp_2026-07-24_1331_36.26213_8.46896,viirs_snpp,N,2026-07-24 13:31:00,36.26213,8.46896,25.38,high
viirs_snpp_2026-07-24_1331_36.26748_8.61864,viirs_snpp,N,2026-07-24 13:31:00,36.26748,8.61864,45.11,nominal
viirs_snpp_2026-07-24_1331_36.26727_8.61249,viirs_snpp,N,2026-07-24 13:31:00,36.26727,8.61249,11.95,nominal
viirs_snpp_2026-07-24_1331_36.26702_8.60553,viirs_snpp,N,2026-07-24 13:31:00,36.26702,8.60553,11.95,nominal
viirs_snpp_2026-07-24_1331_36.26677_8.59844,viirs_snpp,N,2026-07-24 13:31:00,36.26677,8.59844,11.15,nominal
viirs_snpp_2026-07-24_1331_36.26190_8.46248,viirs_snpp,N,2026-07-24 13:31:00,36.2619,8.46248,11.32,nominal
viirs_snpp_2026-07-24_1331_36.21969_6.70336,viirs_snpp,N,2026-07-24 13:31:00,36.21969,6.70336,4.81,nominal
viirs_snpp_2026-07-24_1331_36.30788_8.50345,viirs_snpp,N,2026-07-24 13:31:00,36.30788,8.50345,11.47,high
viirs_snpp_2026-07-24_1331_36.32388_8.75951,viirs_snpp,N,2026-07-24 13:31:00,36.32388,8.75951,22.73,high
viirs_snpp_2026-07-24_1331_36.32409_8.76554,viirs_snpp,N,2026-07-24 13:31:00,36.32409,8.76554,20.58,nominal
viirs_snpp_2026-07-24_1331_36.33072_8.77045,viirs_snpp,N,2026-07-24 13:31:00,36.33072,8.77045,4.8,low
viirs_snpp_2026-07-24_1331_36.33048_8.76410,viirs_snpp,N,2026-07-24 13:31:00,36.33048,8.7641,4.8,nominal
viirs_snpp_2026-07-24_1331_36.31027_8.50205,viirs_snpp,N,2026-07-24 13:31:00,36.31027,8.50205,7.51,high
viirs_snpp_2026-07-24_1331_36.32499_8.76355,viirs_snpp,N,2026-07-24 13:31:00,36.32499,8.76355,16.93,high
viirs_snpp_2026-07-24_1331_36.32480_8.75756,viirs_snpp,N,2026-07-24 13:31:00,36.3248,8.75756,16.93,high
viirs_snpp_2026-07-24_1331_36.33158_8.76843,viirs_snpp,N,2026-07-24 13:31:00,36.33158,8.76843,5.95,nominal
viirs_snpp_2026-07-24_1331_36.33139_8.76219,viirs_snpp,N,2026-07-24 13:31:00,36.33139,8.76219,3.68,nominal
viirs_snpp_2026-07-24_1331_36.29570_6.48447,viirs_snpp,N,2026-07-24 13:31:00,36.2957,6.48447,15.63,high
viirs_snpp_2026-07-24_1331_36.29518_6.47480,viirs_snpp,N,2026-07-24 13:31:00,36.29518,6.4748,20.78,high
viirs_snpp_2026-07-24_1331_36.29544_6.47963,viirs_snpp,N,2026-07-24 13:31:00,36.29544,6.47963,20.78,nominal
viirs_snpp_2026-07-24_1331_36.30138_6.48376,viirs_snpp,N,2026-07-24 13:31:00,36.30138,6.48376,15.63,nominal
viirs_snpp_2026-07-24_1331_36.30111_6.47872,viirs_snpp,N,2026-07-24 13:31:00,36.30111,6.47872,20.78,nominal
viirs_snpp_2026-07-24_1331_36.30085_6.47385,viirs_snpp,N,2026-07-24 13:31:00,36.30085,6.47385,20.78,nominal
viirs_snpp_2026-07-24_1331_36.30058_6.46883,viirs_snpp,N,2026-07-24 13:31:00,36.30058,6.46883,11.21,nominal
viirs_snpp_2026-07-24_1331_36.30678_6.47771,viirs_snpp,N,2026-07-24 13:31:00,36.30678,6.47771,19.4,nominal
viirs_snpp_2026-07-24_1331_36.30651_6.47274,viirs_snpp,N,2026-07-24 13:31:00,36.30651,6.47274,19.4,nominal
viirs_snpp_2026-07-24_1331_36.30623_6.46767,viirs_snpp,N,2026-07-24 13:31:00,36.30623,6.46767,8.44,low
viirs_snpp_2026-07-24_1331_36.31300_6.48686,viirs_snpp,N,2026-07-24 13:31:00,36.313,6.48686,40.13,high
viirs_snpp_2026-07-24_1331_36.31271_6.48172,viirs_snpp,N,2026-07-24 13:31:00,36.31271,6.48172,40.13,high
viirs_snpp_2026-07-24_1331_36.31244_6.47656,viirs_snpp,N,2026-07-24 13:31:00,36.31244,6.47656,19.4,nominal
viirs_snpp_2026-07-24_1331_36.31215_6.47137,viirs_snpp,N,2026-07-24 13:31:00,36.31215,6.47137,19.4,low
viirs_snpp_2026-07-24_1331_36.31837_6.48047,viirs_snpp,N,2026-07-24 13:31:00,36.31837,6.48047,10.4,high
viirs_snpp_2026-07-24_1331_36.31864_6.48541,viirs_snpp,N,2026-07-24 13:31:00,36.31864,6.48541,10.4,nominal
viirs_snpp_2026-07-24_1331_36.31808_6.47522,viirs_snpp,N,2026-07-24 13:31:00,36.31808,6.47522,11.62,nominal
viirs_snpp_2026-07-24_1331_36.32372_6.47357,viirs_snpp,N,2026-07-24 13:31:00,36.32372,6.47357,11.62,high
viirs_snpp_2026-07-24_1331_36.32400_6.47880,viirs_snpp,N,2026-07-24 13:31:00,36.324,6.4788,10.4,nominal
viirs_snpp_2026-07-24_1331_36.34005_6.45902,viirs_snpp,N,2026-07-24 13:31:00,36.34005,6.45902,6.21,low
viirs_snpp_2026-07-24_1331_36.33961_6.45104,viirs_snpp,N,2026-07-24 13:31:00,36.33961,6.45104,1.99,low
viirs_snpp_2026-07-24_1331_36.33941_6.44742,viirs_snpp,N,2026-07-24 13:31:00,36.33941,6.44742,1.99,low
viirs_snpp_2026-07-24_1331_36.33512_6.44520,viirs_snpp,N,2026-07-24 13:31:00,36.33512,6.4452,1.81,nominal
viirs_snpp_2026-07-24_1331_36.34146_6.45766,viirs_snpp,N,2026-07-24 13:31:00,36.34146,6.45766,4.22,low
viirs_snpp_2026-07-24_1331_36.34126_6.45368,viirs_snpp,N,2026-07-24 13:31:00,36.34126,6.45368,3.01,low
viirs_snpp_2026-07-24_1333_40.00506_9.62507,viirs_snpp,N,2026-07-24 13:33:00,40.00506,9.62507,11.14,nominal
viirs_snpp_2026-07-24_1333_40.00492_9.61708,viirs_snpp,N,2026-07-24 13:33:00,40.00492,9.61708,11.14,nominal
viirs_snpp_2026-07-24_1333_40.00519_9.62215,viirs_snpp,N,2026-07-24 13:33:00,40.00519,9.62215,18.23,nominal
viirs_snpp_2026-07-24_1333_40.00510_9.61414,viirs_snpp,N,2026-07-24 13:33:00,40.0051,9.61414,16.95,nominal
viirs_snpp_2026-07-24_1333_40.01194_9.61365,viirs_snpp,N,2026-07-24 13:33:00,40.01194,9.61365,16.95,high
viirs_snpp_2026-07-24_1333_40.01204_9.62161,viirs_snpp,N,2026-07-24 13:33:00,40.01204,9.62161,18.23,nominal
viirs_snpp_2026-07-24_1333_40.01877_9.61286,viirs_snpp,N,2026-07-24 13:33:00,40.01877,9.61286,11.26,nominal
viirs_snpp_2026-07-24_1333_43.50432_6.10084,viirs_snpp,N,2026-07-24 13:33:00,43.50432,6.10084,11.6,high
viirs_snpp_2026-07-24_1333_43.50449_6.10625,viirs_snpp,N,2026-07-24 13:33:00,43.50449,6.10625,11.42,nominal
viirs_snpp_2026-07-24_1333_43.50946_6.07760,viirs_snpp,N,2026-07-24 13:33:00,43.50946,6.0776,3.32,nominal
viirs_snpp_2026-07-24_1333_43.52061_6.05830,viirs_snpp,N,2026-07-24 13:33:00,43.52061,6.0583,42.35,high
viirs_snpp_2026-07-24_1333_43.52081_6.06419,viirs_snpp,N,2026-07-24 13:33:00,43.52081,6.06419,42.35,nominal
viirs_snpp_2026-07-24_1333_43.52042_6.05260,viirs_snpp,N,2026-07-24 13:33:00,43.52042,6.0526,68.54,nominal
viirs_snpp_2026-07-24_1333_43.52649_6.05764,viirs_snpp,N,2026-07-24 13:33:00,43.52649,6.05764,42.35,high
viirs_snpp_2026-07-24_1333_43.52668_6.06311,viirs_snpp,N,2026-07-24 13:33:00,43.52668,6.06311,42.35,nominal
viirs_snpp_2026-07-24_1333_43.52630_6.05217,viirs_snpp,N,2026-07-24 13:33:00,43.5263,6.05217,68.54,nominal
viirs_snpp_2026-07-24_1333_43.50814_6.09851,viirs_snpp,N,2026-07-24 13:33:00,43.50814,6.09851,6.53,nominal
viirs_snpp_2026-07-24_1333_43.51339_6.07479,viirs_snpp,N,2026-07-24 13:33:00,43.51339,6.07479,3.21,nominal
viirs_snpp_2026-07-24_1333_43.51894_6.06218,viirs_snpp,N,2026-07-24 13:33:00,43.51894,6.06218,18.82,high
viirs_snpp_2026-07-24_1333_43.51911_6.06821,viirs_snpp,N,2026-07-24 13:33:00,43.51911,6.06821,18.82,nominal
viirs_snpp_2026-07-24_1333_43.51877_6.05628,viirs_snpp,N,2026-07-24 13:33:00,43.51877,6.05628,64.74,nominal
viirs_snpp_2026-07-24_1333_43.52481_6.06126,viirs_snpp,N,2026-07-24 13:33:00,43.52481,6.06126,18.82,high
viirs_snpp_2026-07-24_1333_43.52465_6.05567,viirs_snpp,N,2026-07-24 13:33:00,43.52465,6.05567,64.74,high
viirs_snpp_2026-07-24_1333_43.52497_6.06689,viirs_snpp,N,2026-07-24 13:33:00,43.52497,6.06689,18.82,nominal
viirs_snpp_2026-07-24_1333_43.52449_6.05016,viirs_snpp,N,2026-07-24 13:33:00,43.52449,6.05016,64.74,low
viirs_snpp_2026-07-24_1333_43.56080_6.08169,viirs_snpp,N,2026-07-24 13:33:00,43.5608,6.08169,11.92,nominal
viirs_snpp_2026-07-24_1333_43.56064_6.07619,viirs_snpp,N,2026-07-24 13:33:00,43.56064,6.07619,11.32,nominal
viirs_snpp_2026-07-24_1333_43.56013_6.05940,viirs_snpp,N,2026-07-24 13:33:00,43.56013,6.0594,11.99,nominal
viirs_snpp_2026-07-24_1333_43.55997_6.05390,viirs_snpp,N,2026-07-24 13:33:00,43.55997,6.0539,8.78,nominal
viirs_snpp_2026-07-24_1333_44.74600_6.57256,viirs_snpp,N,2026-07-24 13:33:00,44.746,6.57256,20,high
viirs_snpp_2026-07-24_1333_44.74577_6.56271,viirs_snpp,N,2026-07-24 13:33:00,44.74577,6.56271,20,high
viirs_snpp_2026-07-24_1333_44.75209_6.57304,viirs_snpp,N,2026-07-24 13:33:00,44.75209,6.57304,20,high
viirs_snpp_2026-07-24_1333_44.75226_6.58041,viirs_snpp,N,2026-07-24 13:33:00,44.75226,6.58041,32.91,nominal
viirs_snpp_2026-07-24_1333_44.75766_6.55233,viirs_snpp,N,2026-07-24 13:33:00,44.75766,6.55233,25.95,high
viirs_snpp_2026-07-24_1333_44.75750_6.54566,viirs_snpp,N,2026-07-24 13:33:00,44.7575,6.54566,25.95,high
viirs_snpp_2026-07-24_1333_45.14261_9.94669,viirs_snpp,N,2026-07-24 13:33:00,45.14261,9.94669,8.96,nominal
viirs_snpp_2026-07-24_1333_45.55170_9.42144,viirs_snpp,N,2026-07-24 13:33:00,45.5517,9.42144,3.41,nominal
viirs_snpp_2026-07-24_1333_45.53571_9.54163,viirs_snpp,N,2026-07-24 13:33:00,45.53571,9.54163,2.42,nominal
viirs_snpp_2026-07-24_1333_45.58476_9.46878,viirs_snpp,N,2026-07-24 13:33:00,45.58476,9.46878,5.49,nominal
viirs_snpp_2026-07-24_1333_46.05745_9.48179,viirs_snpp,N,2026-07-24 13:33:00,46.05745,9.48179,11.92,nominal
viirs_snpp_2026-07-24_1333_46.05749_9.47454,viirs_snpp,N,2026-07-24 13:33:00,46.05749,9.47454,8.96,nominal
viirs_snpp_2026-07-24_1333_46.05637_9.48009,viirs_snpp,N,2026-07-24 13:33:00,46.05637,9.48009,13.68,nominal
viirs_snpp_2026-07-24_1333_46.12094_8.64212,viirs_snpp,N,2026-07-24 13:33:00,46.12094,8.64212,10.52,nominal
viirs_snpp_2026-07-25_0009_45.45343_18.03361,viirs_snpp,N,2026-07-25 00:09:00,45.45343,18.03361,0.43,nominal
viirs_snpp_2026-07-25_0009_43.54303_16.43960,viirs_snpp,N,2026-07-25 00:09:00,43.54303,16.4396,1.09,nominal
viirs_snpp_2026-07-25_0009_43.54095_16.43843,viirs_snpp,N,2026-07-25 00:09:00,43.54095,16.43843,0.45,nominal
viirs_snpp_2026-07-25_0009_41.28612_13.75324,viirs_snpp,N,2026-07-25 00:09:00,41.28612,13.75324,1.33,nominal
viirs_snpp_2026-07-25_0009_41.14553_16.22087,viirs_snpp,N,2026-07-25 00:09:00,41.14553,16.22087,1.63,nominal
viirs_snpp_2026-07-25_0009_41.14531_16.22604,viirs_snpp,N,2026-07-25 00:09:00,41.14531,16.22604,1.63,nominal
viirs_snpp_2026-07-25_0009_41.14884_16.22114,viirs_snpp,N,2026-07-25 00:09:00,41.14884,16.22114,0.52,nominal
viirs_snpp_2026-07-25_0009_41.14297_16.22571,viirs_snpp,N,2026-07-25 00:09:00,41.14297,16.22571,1.56,nominal
viirs_snpp_2026-07-25_0009_41.14321_16.22059,viirs_snpp,N,2026-07-25 00:09:00,41.14321,16.22059,2.16,nominal
viirs_snpp_2026-07-25_0009_41.02971_13.95781,viirs_snpp,N,2026-07-25 00:09:00,41.02971,13.95781,2.42,nominal
viirs_snpp_2026-07-25_0009_41.02736_13.95301,viirs_snpp,N,2026-07-25 00:09:00,41.02736,13.95301,2.06,nominal
viirs_snpp_2026-07-25_0009_41.02717_13.95955,viirs_snpp,N,2026-07-25 00:09:00,41.02717,13.95955,2.06,nominal
viirs_snpp_2026-07-25_0009_40.95348_15.66866,viirs_snpp,N,2026-07-25 00:09:00,40.95348,15.66866,0.58,nominal
viirs_snpp_2026-07-25_0009_40.63092_17.99798,viirs_snpp,N,2026-07-25 00:09:00,40.63092,17.99798,0.43,nominal
viirs_snpp_2026-07-25_0009_40.62865_18.00010,viirs_snpp,N,2026-07-25 00:09:00,40.62865,18.0001,0.35,nominal
viirs_snpp_2026-07-25_0009_40.56057_15.14542,viirs_snpp,N,2026-07-25 00:09:00,40.56057,15.14542,1.61,nominal
viirs_snpp_2026-07-25_0009_40.56038_15.15097,viirs_snpp,N,2026-07-25 00:09:00,40.56038,15.15097,1.72,nominal
viirs_snpp_2026-07-25_0009_40.43732_17.79705,viirs_snpp,N,2026-07-25 00:09:00,40.43732,17.79705,0.58,nominal
viirs_snpp_2026-07-25_0009_40.43632_17.79886,viirs_snpp,N,2026-07-25 00:09:00,40.43632,17.79886,0.36,nominal
viirs_snpp_2026-07-25_0009_40.56392_15.14578,viirs_snpp,N,2026-07-25 00:09:00,40.56392,15.14578,1.07,nominal
viirs_snpp_2026-07-25_0009_40.56370_15.15132,viirs_snpp,N,2026-07-25 00:09:00,40.5637,15.15132,1.07,nominal
viirs_snpp_2026-07-25_0009_40.55778_15.15066,viirs_snpp,N,2026-07-25 00:09:00,40.55778,15.15066,1.07,nominal
viirs_snpp_2026-07-25_0009_40.42470_17.47957,viirs_snpp,N,2026-07-25 00:09:00,40.4247,17.47957,0.64,nominal
viirs_snpp_2026-07-25_0009_38.73428_16.24367,viirs_snpp,N,2026-07-25 00:09:00,38.73428,16.24367,1.55,nominal
viirs_snpp_2026-07-25_0009_38.79480_15.19945,viirs_snpp,N,2026-07-25 00:09:00,38.7948,15.19945,0.95,nominal
viirs_snpp_2026-07-25_0009_38.73471_16.24414,viirs_snpp,N,2026-07-25 00:09:00,38.73471,16.24414,1.41,nominal
viirs_snpp_2026-07-25_0009_38.72809_16.16349,viirs_snpp,N,2026-07-25 00:09:00,38.72809,16.16349,1.1,nominal
viirs_snpp_2026-07-25_0011_37.01835_15.20797,viirs_snpp,N,2026-07-25 00:11:00,37.01835,15.20797,0.43,nominal
viirs_snpp_2026-07-25_0011_37.01807_15.20755,viirs_snpp,N,2026-07-25 00:11:00,37.01807,15.20755,0.42,nominal
viirs_snpp_2026-07-25_0011_36.70116_15.05159,viirs_snpp,N,2026-07-25 00:11:00,36.70116,15.05159,2.09,nominal
viirs_snpp_2026-07-25_0011_36.70140_15.04655,viirs_snpp,N,2026-07-25 00:11:00,36.7014,15.04655,2.09,nominal
viirs_snpp_2026-07-25_0011_36.70098_15.05053,viirs_snpp,N,2026-07-25 00:11:00,36.70098,15.05053,3.6,nominal
viirs_snpp_2026-07-25_0149_46.73764_15.57477,viirs_snpp,N,2026-07-25 01:49:00,46.73764,15.57477,0.42,nominal
viirs_snpp_2026-07-25_0149_45.51642_10.34729,viirs_snpp,N,2026-07-25 01:49:00,45.51642,10.34729,1.07,nominal
viirs_snpp_2026-07-25_0149_45.68375_9.46496,viirs_snpp,N,2026-07-25 01:49:00,45.68375,9.46496,1.27,nominal
viirs_snpp_2026-07-25_0149_45.68202_9.46346,viirs_snpp,N,2026-07-25 01:49:00,45.68202,9.46346,0.94,nominal
viirs_snpp_2026-07-25_0149_45.63598_9.60316,viirs_snpp,N,2026-07-25 01:49:00,45.63598,9.60316,1.45,nominal
viirs_snpp_2026-07-25_0149_45.46121_10.45490,viirs_snpp,N,2026-07-25 01:49:00,45.46121,10.4549,3.25,nominal
viirs_snpp_2026-07-25_0149_45.78300_8.68602,viirs_snpp,N,2026-07-25 01:49:00,45.783,8.68602,0.67,nominal
viirs_snpp_2026-07-25_0149_45.48027_10.20995,viirs_snpp,N,2026-07-25 01:49:00,45.48027,10.20995,2.71,nominal
viirs_snpp_2026-07-25_0149_45.47906_10.21587,viirs_snpp,N,2026-07-25 01:49:00,45.47906,10.21587,1.3,nominal
viirs_snpp_2026-07-25_0149_45.47873_9.55177,viirs_snpp,N,2026-07-25 01:49:00,45.47873,9.55177,0.46,nominal
viirs_snpp_2026-07-25_0149_45.14742_9.94374,viirs_snpp,N,2026-07-25 01:49:00,45.14742,9.94374,4.36,nominal
viirs_snpp_2026-07-25_0149_45.14386_9.94232,viirs_snpp,N,2026-07-25 01:49:00,45.14386,9.94232,4.36,nominal
viirs_snpp_2026-07-25_0149_45.14465_9.94211,viirs_snpp,N,2026-07-25 01:49:00,45.14465,9.94211,10.84,nominal
viirs_snpp_2026-07-25_0149_43.54358_16.44094,viirs_snpp,N,2026-07-25 01:49:00,43.54358,16.44094,0.88,nominal
viirs_snpp_2026-07-25_0149_44.72918_10.89503,viirs_snpp,N,2026-07-25 01:49:00,44.72918,10.89503,0.39,nominal
viirs_snpp_2026-07-25_0149_44.72710_10.89437,viirs_snpp,N,2026-07-25 01:49:00,44.7271,10.89437,0.86,nominal
viirs_snpp_2026-07-25_0149_43.36526_12.54440,viirs_snpp,N,2026-07-25 01:49:00,43.36526,12.5444,0.65,nominal
viirs_snpp_2026-07-25_0149_41.84705_15.15972,viirs_snpp,N,2026-07-25 01:49:00,41.84705,15.15972,1.97,nominal
viirs_snpp_2026-07-25_0149_43.51875_6.05376,viirs_snpp,N,2026-07-25 01:49:00,43.51875,6.05376,2.86,nominal
viirs_snpp_2026-07-25_0149_43.51792_6.05857,viirs_snpp,N,2026-07-25 01:49:00,43.51792,6.05857,0.94,nominal
viirs_snpp_2026-07-25_0149_43.51462_6.05751,viirs_snpp,N,2026-07-25 01:49:00,43.51462,6.05751,0.94,nominal
viirs_snpp_2026-07-25_0149_43.51379_6.06233,viirs_snpp,N,2026-07-25 01:49:00,43.51379,6.06233,0.94,nominal
viirs_snpp_2026-07-25_0149_41.47696_15.36081,viirs_snpp,N,2026-07-25 01:49:00,41.47696,15.36081,0.29,nominal
viirs_snpp_2026-07-25_0149_43.49724_6.09764,viirs_snpp,N,2026-07-25 01:49:00,43.49724,6.09764,3.06,nominal
viirs_snpp_2026-07-25_0149_43.49642_6.10241,viirs_snpp,N,2026-07-25 01:49:00,43.49642,6.10241,1.26,nominal
viirs_snpp_2026-07-25_0149_43.49394_6.09659,viirs_snpp,N,2026-07-25 01:49:00,43.49394,6.09659,3.06,nominal
viirs_snpp_2026-07-25_0149_43.49311_6.10136,viirs_snpp,N,2026-07-25 01:49:00,43.49311,6.10136,1.26,nominal
viirs_snpp_2026-07-25_0149_43.48407_6.05275,viirs_snpp,N,2026-07-25 01:49:00,43.48407,6.05275,9.9,nominal
viirs_snpp_2026-07-25_0149_43.48490_6.04797,viirs_snpp,N,2026-07-25 01:49:00,43.4849,6.04797,9.9,nominal
viirs_snpp_2026-07-25_0149_43.47666_6.05536,viirs_snpp,N,2026-07-25 01:49:00,43.47666,6.05536,0.96,nominal
viirs_snpp_2026-07-25_0149_43.47335_6.05430,viirs_snpp,N,2026-07-25 01:49:00,43.47335,6.0543,0.96,nominal
viirs_snpp_2026-07-25_0149_41.14839_16.22243,viirs_snpp,N,2026-07-25 01:49:00,41.14839,16.22243,0.66,nominal
viirs_snpp_2026-07-25_0149_41.14727_16.22654,viirs_snpp,N,2026-07-25 01:49:00,41.14727,16.22654,0.79,nominal
viirs_snpp_2026-07-25_0149_41.14327_16.22007,viirs_snpp,N,2026-07-25 01:49:00,41.14327,16.22007,0.66,nominal
viirs_snpp_2026-07-25_0149_41.14213_16.22422,viirs_snpp,N,2026-07-25 01:49:00,41.14213,16.22422,0.79,nominal
viirs_snpp_2026-07-25_0149_40.95433_15.67053,viirs_snpp,N,2026-07-25 01:49:00,40.95433,15.67053,0.47,nominal
viirs_snpp_2026-07-25_0149_40.51989_17.20888,viirs_snpp,N,2026-07-25 01:49:00,40.51989,17.20888,1.58,nominal
viirs_snpp_2026-07-25_0149_41.49586_13.49933,viirs_snpp,N,2026-07-25 01:49:00,41.49586,13.49933,1.92,nominal
viirs_snpp_2026-07-25_0149_41.29031_13.75351,viirs_snpp,N,2026-07-25 01:49:00,41.29031,13.75351,0.86,nominal
viirs_snpp_2026-07-25_0149_41.28859_13.76035,viirs_snpp,N,2026-07-25 01:49:00,41.28859,13.76035,0.86,nominal
viirs_snpp_2026-07-25_0149_42.29329_9.06858,viirs_snpp,N,2026-07-25 01:49:00,42.29329,9.06858,1.83,nominal
viirs_snpp_2026-07-25_0149_42.28978_9.06675,viirs_snpp,N,2026-07-25 01:49:00,42.28978,9.06675,1.83,nominal
viirs_snpp_2026-07-25_0149_42.28751_9.05881,viirs_snpp,N,2026-07-25 01:49:00,42.28751,9.05881,3.31,nominal
viirs_snpp_2026-07-25_0149_42.28629_9.06480,viirs_snpp,N,2026-07-25 01:49:00,42.28629,9.0648,2.39,nominal
viirs_snpp_2026-07-25_0149_42.28163_9.06860,viirs_snpp,N,2026-07-25 01:49:00,42.28163,9.0686,2.39,nominal
viirs_snpp_2026-07-25_0149_42.28278_9.06293,viirs_snpp,N,2026-07-25 01:49:00,42.28278,9.06293,2.39,nominal
viirs_snpp_2026-07-25_0149_42.26901_9.09237,viirs_snpp,N,2026-07-25 01:49:00,42.26901,9.09237,1.5,nominal
viirs_snpp_2026-07-25_0149_41.17863_13.87045,viirs_snpp,N,2026-07-25 01:49:00,41.17863,13.87045,2.15,nominal
viirs_snpp_2026-07-25_0149_41.17700_13.87694,viirs_snpp,N,2026-07-25 01:49:00,41.177,13.87694,2.15,nominal
viirs_snpp_2026-07-25_0149_42.26296_9.08386,viirs_snpp,N,2026-07-25 01:49:00,42.26296,9.08386,0.88,nominal
viirs_snpp_2026-07-25_0149_40.76330_14.71576,viirs_snpp,N,2026-07-25 01:49:00,40.7633,14.71576,0.61,nominal
viirs_snpp_2026-07-25_0152_40.65898_14.66576,viirs_snpp,N,2026-07-25 01:52:00,40.65898,14.66576,1.66,nominal
viirs_snpp_2026-07-25_0152_40.65960_14.66338,viirs_snpp,N,2026-07-25 01:52:00,40.6596,14.66338,2.2,nominal
viirs_snpp_2026-07-25_0152_39.52566_15.97512,viirs_snpp,N,2026-07-25 01:52:00,39.52566,15.97512,1.1,nominal
viirs_snpp_2026-07-25_0152_39.51180_15.98223,viirs_snpp,N,2026-07-25 01:52:00,39.5118,15.98223,1.03,nominal
viirs_snpp_2026-07-25_0152_39.50816_15.97394,viirs_snpp,N,2026-07-25 01:52:00,39.50816,15.97394,1.29,nominal
viirs_snpp_2026-07-25_0152_40.55762_9.66702,viirs_snpp,N,2026-07-25 01:52:00,40.55762,9.66702,1.48,nominal
viirs_snpp_2026-07-25_0152_38.79470_15.21208,viirs_snpp,N,2026-07-25 01:52:00,38.7947,15.21208,2.26,nominal
viirs_snpp_2026-07-25_0152_37.21036_15.17189,viirs_snpp,N,2026-07-25 01:52:00,37.21036,15.17189,1.42,nominal
viirs_snpp_2026-07-25_0152_36.67723_9.91939,viirs_snpp,N,2026-07-25 01:52:00,36.67723,9.91939,0.84,nominal
viirs_snpp_2026-07-25_0152_36.46171_10.05507,viirs_snpp,N,2026-07-25 01:52:00,36.46171,10.05507,1.01,nominal
viirs_snpp_2026-07-25_0152_36.46239_10.05284,viirs_snpp,N,2026-07-25 01:52:00,36.46239,10.05284,1.09,nominal
viirs_snpp_2026-07-25_0152_36.70202_8.22374,viirs_snpp,N,2026-07-25 01:52:00,36.70202,8.22374,1.68,nominal
viirs_snpp_2026-07-25_0152_36.57258_8.67170,viirs_snpp,N,2026-07-25 01:52:00,36.57258,8.6717,0.77,nominal
viirs_snpp_2026-07-25_0152_36.87667_6.94844,viirs_snpp,N,2026-07-25 01:52:00,36.87667,6.94844,2.62,nominal
viirs_snpp_2026-07-25_0152_36.87775_6.94302,viirs_snpp,N,2026-07-25 01:52:00,36.87775,6.94302,2.82,nominal
viirs_snpp_2026-07-25_0152_36.87025_6.98091,viirs_snpp,N,2026-07-25 01:52:00,36.87025,6.98091,2.15,nominal
viirs_snpp_2026-07-25_0152_36.86920_6.98617,viirs_snpp,N,2026-07-25 01:52:00,36.8692,6.98617,2.15,nominal
viirs_snpp_2026-07-25_0152_36.86356_6.95591,viirs_snpp,N,2026-07-25 01:52:00,36.86356,6.95591,3.5,nominal
viirs_snpp_2026-07-25_0152_36.33524_8.76609,viirs_snpp,N,2026-07-25 01:52:00,36.33524,8.76609,1.96,nominal
viirs_snpp_2026-07-25_0152_36.38197_8.45295,viirs_snpp,N,2026-07-25 01:52:00,36.38197,8.45295,8.05,nominal
viirs_snpp_2026-07-25_0152_36.38214_8.45092,viirs_snpp,N,2026-07-25 01:52:00,36.38214,8.45092,7.32,nominal
viirs_snpp_2026-07-25_0152_36.38120_8.45543,viirs_snpp,N,2026-07-25 01:52:00,36.3812,8.45543,4.08,nominal
viirs_snpp_2026-07-25_0152_36.27237_8.62734,viirs_snpp,N,2026-07-25 01:52:00,36.27237,8.62734,5.33,nominal
viirs_snpp_2026-07-25_0152_36.27140_8.63180,viirs_snpp,N,2026-07-25 01:52:00,36.2714,8.6318,5.33,nominal
viirs_snpp_2026-07-25_0152_36.26741_8.63051,viirs_snpp,N,2026-07-25 01:52:00,36.26741,8.63051,12.17,nominal
viirs_snpp_2026-07-25_0152_36.74720_6.25372,viirs_snpp,N,2026-07-25 01:52:00,36.7472,6.25372,3.03,nominal
viirs_snpp_2026-07-25_0152_36.25777_8.45648,viirs_snpp,N,2026-07-25 01:52:00,36.25777,8.45648,2.73,nominal
viirs_snpp_2026-07-25_0152_36.22887_8.53291,viirs_snpp,N,2026-07-25 01:52:00,36.22887,8.53291,0.85,nominal
viirs_snpp_2026-07-25_0152_36.22394_8.53608,viirs_snpp,N,2026-07-25 01:52:00,36.22394,8.53608,1.72,nominal
viirs_snpp_2026-07-25_0152_36.21904_8.53910,viirs_snpp,N,2026-07-25 01:52:00,36.21904,8.5391,1.36,nominal
viirs_snpp_2026-07-25_0152_36.21516_8.53731,viirs_snpp,N,2026-07-25 01:52:00,36.21516,8.53731,1.36,nominal
viirs_snpp_2026-07-25_0152_36.20331_8.53302,viirs_snpp,N,2026-07-25 01:52:00,36.20331,8.53302,2.95,nominal
viirs_snpp_2026-07-25_0152_36.20029_8.52725,viirs_snpp,N,2026-07-25 01:52:00,36.20029,8.52725,2.95,nominal
viirs_snpp_2026-07-25_0152_36.19824_8.53685,viirs_snpp,N,2026-07-25 01:52:00,36.19824,8.53685,3.47,nominal
viirs_snpp_2026-07-25_0152_36.19928_8.53200,viirs_snpp,N,2026-07-25 01:52:00,36.19928,8.532,2.95,nominal
viirs_snpp_2026-07-25_0152_36.19627_8.52619,viirs_snpp,N,2026-07-25 01:52:00,36.19627,8.52619,1.54,nominal
viirs_snpp_2026-07-25_0152_36.19319_8.54051,viirs_snpp,N,2026-07-25 01:52:00,36.19319,8.54051,1.87,nominal
viirs_snpp_2026-07-25_0152_36.18417_8.54283,viirs_snpp,N,2026-07-25 01:52:00,36.18417,8.54283,2.51,nominal
viirs_snpp_2026-07-25_0152_36.20229_8.21739,viirs_snpp,N,2026-07-25 01:52:00,36.20229,8.21739,18.1,nominal
viirs_snpp_2026-07-25_0152_36.20142_8.22160,viirs_snpp,N,2026-07-25 01:52:00,36.20142,8.2216,18.1,nominal
viirs_snpp_2026-07-25_0152_36.20052_8.22586,viirs_snpp,N,2026-07-25 01:52:00,36.20052,8.22586,8.09,nominal
viirs_snpp_2026-07-25_0152_36.19849_8.21559,viirs_snpp,N,2026-07-25 01:52:00,36.19849,8.21559,18.1,nominal
viirs_snpp_2026-07-25_0152_36.19762_8.21974,viirs_snpp,N,2026-07-25 01:52:00,36.19762,8.21974,18.1,nominal
viirs_snpp_2026-07-25_0152_36.19671_8.22410,viirs_snpp,N,2026-07-25 01:52:00,36.19671,8.2241,8.09,nominal
viirs_snpp_2026-07-25_0152_36.20017_8.20756,viirs_snpp,N,2026-07-25 01:52:00,36.20017,8.20756,2.03,nominal
viirs_snpp_2026-07-25_0152_36.19934_8.21153,viirs_snpp,N,2026-07-25 01:52:00,36.19934,8.21153,2.03,nominal
viirs_snpp_2026-07-25_0152_36.19577_8.22859,viirs_snpp,N,2026-07-25 01:52:00,36.19577,8.22859,8.09,nominal
viirs_snpp_2026-07-25_0152_36.19545_8.21011,viirs_snpp,N,2026-07-25 01:52:00,36.19545,8.21011,29.22,high
viirs_snpp_2026-07-25_0152_36.19459_8.21423,viirs_snpp,N,2026-07-25 01:52:00,36.19459,8.21423,36.83,high
viirs_snpp_2026-07-25_0152_36.19371_8.21843,viirs_snpp,N,2026-07-25 01:52:00,36.19371,8.21843,36.83,nominal
viirs_snpp_2026-07-25_0152_36.19280_8.22280,viirs_snpp,N,2026-07-25 01:52:00,36.1928,8.2228,4.4,nominal
viirs_snpp_2026-07-25_0152_36.19188_8.22720,viirs_snpp,N,2026-07-25 01:52:00,36.19188,8.2272,4.4,nominal
viirs_snpp_2026-07-25_0152_36.19629_8.20610,viirs_snpp,N,2026-07-25 01:52:00,36.19629,8.2061,29.22,nominal
viirs_snpp_2026-07-25_0152_36.19151_8.20901,viirs_snpp,N,2026-07-25 01:52:00,36.19151,8.20901,29.22,nominal
viirs_snpp_2026-07-25_0152_36.18793_8.22605,viirs_snpp,N,2026-07-25 01:52:00,36.18793,8.22605,4.4,nominal
viirs_snpp_2026-07-25_0152_36.19239_8.20479,viirs_snpp,N,2026-07-25 01:52:00,36.19239,8.20479,29.22,nominal
viirs_snpp_2026-07-25_0152_36.19061_8.21331,viirs_snpp,N,2026-07-25 01:52:00,36.19061,8.21331,36.83,nominal
viirs_snpp_2026-07-25_0152_36.18971_8.21757,viirs_snpp,N,2026-07-25 01:52:00,36.18971,8.21757,36.83,nominal
viirs_snpp_2026-07-25_0152_36.18882_8.22183,viirs_snpp,N,2026-07-25 01:52:00,36.18882,8.22183,4.4,nominal
viirs_snpp_2026-07-25_0152_36.18848_8.20352,viirs_snpp,N,2026-07-25 01:52:00,36.18848,8.20352,2.74,nominal
viirs_snpp_2026-07-25_0152_36.18393_8.22523,viirs_snpp,N,2026-07-25 01:52:00,36.18393,8.22523,1.68,nominal
viirs_snpp_2026-07-25_0152_36.43224_6.62137,viirs_snpp,N,2026-07-25 01:52:00,36.43224,6.62137,2.51,nominal
viirs_snpp_2026-07-25_0152_36.42917_6.62451,viirs_snpp,N,2026-07-25 01:52:00,36.42917,6.62451,1.93,nominal
viirs_snpp_2026-07-25_0152_35.86707_6.02646,viirs_snpp,N,2026-07-25 01:52:00,35.86707,6.02646,3.22,nominal
viirs_snpp_2026-07-25_0152_35.23241_8.17397,viirs_snpp,N,2026-07-25 01:52:00,35.23241,8.17397,1.05,nominal
viirs_snpp_2026-07-25_1132_36.93190_14.43084,viirs_snpp,N,2026-07-25 11:32:00,36.9319,14.43084,5.42,nominal
viirs_snpp_2026-07-25_1132_37.29951_14.95693,viirs_snpp,N,2026-07-25 11:32:00,37.29951,14.95693,3.77,nominal
viirs_snpp_2026-07-25_1132_37.42083_14.67938,viirs_snpp,N,2026-07-25 11:32:00,37.42083,14.67938,4.67,nominal
viirs_snpp_2026-07-25_1132_37.34174_13.49489,viirs_snpp,N,2026-07-25 11:32:00,37.34174,13.49489,3.69,nominal
viirs_snpp_2026-07-25_1132_37.34089_13.49155,viirs_snpp,N,2026-07-25 11:32:00,37.34089,13.49155,3.69,nominal
viirs_snpp_2026-07-25_1132_36.19704_8.54013,viirs_snpp,N,2026-07-25 11:32:00,36.19704,8.54013,17.8,high
viirs_snpp_2026-07-25_1132_36.20033_8.52738,viirs_snpp,N,2026-07-25 11:32:00,36.20033,8.52738,92.52,high
viirs_snpp_2026-07-25_1132_36.20214_8.53338,viirs_snpp,N,2026-07-25 11:32:00,36.20214,8.53338,17.8,nominal
viirs_snpp_2026-07-25_1132_36.19848_8.52130,viirs_snpp,N,2026-07-25 11:32:00,36.19848,8.5213,92.52,nominal
viirs_snpp_2026-07-25_1132_36.19670_8.51544,viirs_snpp,N,2026-07-25 11:32:00,36.1967,8.51544,67.37,nominal
viirs_snpp_2026-07-25_1132_36.21048_8.53730,viirs_snpp,N,2026-07-25 11:32:00,36.21048,8.5373,15.87,high
viirs_snpp_2026-07-25_1132_36.20854_8.53089,viirs_snpp,N,2026-07-25 11:32:00,36.20854,8.53089,15.87,nominal
viirs_snpp_2026-07-25_1132_36.20667_8.52470,viirs_snpp,N,2026-07-25 11:32:00,36.20667,8.5247,4.85,nominal
viirs_snpp_2026-07-25_1132_36.21820_8.53919,viirs_snpp,N,2026-07-25 11:32:00,36.2182,8.53919,36.51,high
viirs_snpp_2026-07-25_1132_36.21645_8.53338,viirs_snpp,N,2026-07-25 11:32:00,36.21645,8.53338,15.87,high
viirs_snpp_2026-07-25_1132_36.22444_8.53619,viirs_snpp,N,2026-07-25 11:32:00,36.22444,8.53619,19.51,nominal
viirs_snpp_2026-07-25_1132_36.23092_8.53398,viirs_snpp,N,2026-07-25 11:32:00,36.23092,8.53398,19.51,high
viirs_snpp_2026-07-25_1132_36.23331_8.54192,viirs_snpp,N,2026-07-25 11:32:00,36.23331,8.54192,19.51,nominal
viirs_snpp_2026-07-25_1132_36.26600_8.60323,viirs_snpp,N,2026-07-25 11:32:00,36.266,8.60323,21.8,high
viirs_snpp_2026-07-25_1132_36.27563_8.63538,viirs_snpp,N,2026-07-25 11:32:00,36.27563,8.63538,8.82,nominal
viirs_snpp_2026-07-25_1132_36.27370_8.62891,viirs_snpp,N,2026-07-25 11:32:00,36.2737,8.62891,8.82,nominal
viirs_snpp_2026-07-25_1132_36.26975_8.61575,viirs_snpp,N,2026-07-25 11:32:00,36.26975,8.61575,11.16,nominal
viirs_snpp_2026-07-25_1132_36.26779_8.60921,viirs_snpp,N,2026-07-25 11:32:00,36.26779,8.60921,21.8,nominal
viirs_snpp_2026-07-25_1132_36.27241_8.60091,viirs_snpp,N,2026-07-25 11:32:00,36.27241,8.60091,19.95,high
viirs_snpp_2026-07-25_1132_36.27419_8.60683,viirs_snpp,N,2026-07-25 11:32:00,36.27419,8.60683,19.95,nominal
viirs_snpp_2026-07-25_1132_36.32619_8.75745,viirs_snpp,N,2026-07-25 11:32:00,36.32619,8.75745,43.09,high
viirs_snpp_2026-07-25_1132_36.32394_8.74984,viirs_snpp,N,2026-07-25 11:32:00,36.32394,8.74984,14.73,nominal
viirs_snpp_2026-07-25_1132_36.33668_8.76904,viirs_snpp,N,2026-07-25 11:32:00,36.33668,8.76904,7.87,low
viirs_snpp_2026-07-25_1132_36.33472_8.76245,viirs_snpp,N,2026-07-25 11:32:00,36.33472,8.76245,48.91,nominal
viirs_snpp_2026-07-25_1132_36.33265_8.75546,viirs_snpp,N,2026-07-25 11:32:00,36.33265,8.75546,48.91,nominal
viirs_snpp_2026-07-25_1132_36.33043_8.74798,viirs_snpp,N,2026-07-25 11:32:00,36.33043,8.74798,26.19,nominal
viirs_snpp_2026-07-25_1132_36.18756_8.22325,viirs_snpp,N,2026-07-25 11:32:00,36.18756,8.22325,14.77,nominal
viirs_snpp_2026-07-25_1132_36.19437_8.22180,viirs_snpp,N,2026-07-25 11:32:00,36.19437,8.2218,14.77,high
viirs_snpp_2026-07-25_1132_36.19614_8.22764,viirs_snpp,N,2026-07-25 11:32:00,36.19614,8.22764,14.77,nominal
viirs_snpp_2026-07-25_1132_36.23795_8.53814,viirs_snpp,N,2026-07-25 11:32:00,36.23795,8.53814,20.37,high
viirs_snpp_2026-07-25_1132_36.23538_8.52979,viirs_snpp,N,2026-07-25 11:32:00,36.23538,8.52979,12.53,nominal
viirs_snpp_2026-07-25_1132_36.27242_8.62732,viirs_snpp,N,2026-07-25 11:32:00,36.27242,8.62732,11.16,nominal
viirs_snpp_2026-07-25_1132_36.26835_8.61402,viirs_snpp,N,2026-07-25 11:32:00,36.26835,8.61402,8.27,nominal
viirs_snpp_2026-07-25_1132_36.26645_8.60781,viirs_snpp,N,2026-07-25 11:32:00,36.26645,8.60781,8.27,nominal
viirs_snpp_2026-07-25_1132_36.26462_8.60183,viirs_snpp,N,2026-07-25 11:32:00,36.26462,8.60183,13.25,nominal
viirs_snpp_2026-07-25_1132_36.27283_8.60540,viirs_snpp,N,2026-07-25 11:32:00,36.27283,8.6054,46.39,high
viirs_snpp_2026-07-25_1132_36.27106_8.59957,viirs_snpp,N,2026-07-25 11:32:00,36.27106,8.59957,42.26,nominal
viirs_snpp_2026-07-25_1132_36.32783_8.76265,viirs_snpp,N,2026-07-25 11:32:00,36.32783,8.76265,24.35,nominal
viirs_snpp_2026-07-25_1132_36.32557_8.75519,viirs_snpp,N,2026-07-25 11:32:00,36.32557,8.75519,30.28,nominal
viirs_snpp_2026-07-25_1132_36.33420_8.76037,viirs_snpp,N,2026-07-25 11:32:00,36.3342,8.76037,34.95,high
viirs_snpp_2026-07-25_1132_36.33622_8.76706,viirs_snpp,N,2026-07-25 11:32:00,36.33622,8.76706,34.95,nominal
viirs_snpp_2026-07-25_1132_36.33205_8.75330,viirs_snpp,N,2026-07-25 11:32:00,36.33205,8.7533,65.54,nominal
viirs_snpp_2026-07-25_1132_36.18385_8.22173,viirs_snpp,N,2026-07-25 11:32:00,36.18385,8.22173,17.75,nominal
viirs_snpp_2026-07-25_1132_36.19090_8.22101,viirs_snpp,N,2026-07-25 11:32:00,36.1909,8.22101,17.75,high
viirs_snpp_2026-07-25_1132_36.19293_8.22764,viirs_snpp,N,2026-07-25 11:32:00,36.19293,8.22764,22.56,nominal
viirs_snpp_2026-07-25_1132_38.69622_16.22526,viirs_snpp,N,2026-07-25 11:32:00,38.69622,16.22526,5.1,nominal
viirs_snpp_2026-07-25_1132_36.69643_8.21306,viirs_snpp,N,2026-07-25 11:32:00,36.69643,8.21306,3.86,low
viirs_snpp_2026-07-25_1132_38.99125_16.88117,viirs_snpp,N,2026-07-25 11:32:00,38.99125,16.88117,7.35,nominal
viirs_snpp_2026-07-25_1132_38.99526_16.87995,viirs_snpp,N,2026-07-25 11:32:00,38.99526,16.87995,7.35,nominal
viirs_snpp_2026-07-25_1132_38.94320_16.36253,viirs_snpp,N,2026-07-25 11:32:00,38.9432,16.36253,3.31,nominal
viirs_snpp_2026-07-25_1132_37.25833_9.59722,viirs_snpp,N,2026-07-25 11:32:00,37.25833,9.59722,22.39,high
viirs_snpp_2026-07-25_1132_37.25869_9.59708,viirs_snpp,N,2026-07-25 11:32:00,37.25869,9.59708,20,high
viirs_snpp_2026-07-25_1132_39.17946_17.08338,viirs_snpp,N,2026-07-25 11:32:00,39.17946,17.08338,3.55,nominal
viirs_snpp_2026-07-25_1132_39.18338_17.08201,viirs_snpp,N,2026-07-25 11:32:00,39.18338,17.08201,3.55,nominal
viirs_snpp_2026-07-25_1132_39.18245_17.07765,viirs_snpp,N,2026-07-25 11:32:00,39.18245,17.07765,3.55,nominal
viirs_snpp_2026-07-25_1132_39.18153_17.07329,viirs_snpp,N,2026-07-25 11:32:00,39.18153,17.07329,4.21,nominal
viirs_snpp_2026-07-25_1132_39.17412_16.93923,viirs_snpp,N,2026-07-25 11:32:00,39.17412,16.93923,3.14,nominal
viirs_snpp_2026-07-25_1134_39.32909_17.07129,viirs_snpp,N,2026-07-25 11:34:00,39.32909,17.07129,15.37,nominal
viirs_snpp_2026-07-25_1134_39.95416_18.10514,viirs_snpp,N,2026-07-25 11:34:00,39.95416,18.10514,8.36,nominal
viirs_snpp_2026-07-25_1134_39.72828_16.31078,viirs_snpp,N,2026-07-25 11:34:00,39.72828,16.31078,7.73,nominal
viirs_snpp_2026-07-25_1134_39.72740_16.10060,viirs_snpp,N,2026-07-25 11:34:00,39.7274,16.1006,6.65,nominal
viirs_snpp_2026-07-25_1134_39.72649_16.09649,viirs_snpp,N,2026-07-25 11:34:00,39.72649,16.09649,6.65,nominal
viirs_snpp_2026-07-25_1134_40.33296_18.20991,viirs_snpp,N,2026-07-25 11:34:00,40.33296,18.20991,4.68,nominal
viirs_snpp_2026-07-25_1134_39.83027_15.80464,viirs_snpp,N,2026-07-25 11:34:00,39.83027,15.80464,6.17,nominal
viirs_snpp_2026-07-25_1134_40.43774_17.46584,viirs_snpp,N,2026-07-25 11:34:00,40.43774,17.46584,2.96,low
viirs_snpp_2026-07-25_1134_40.58239_14.98910,viirs_snpp,N,2026-07-25 11:34:00,40.58239,14.9891,4.37,nominal
viirs_snpp_2026-07-25_1134_40.90800_16.07758,viirs_snpp,N,2026-07-25 11:34:00,40.908,16.07758,1.65,nominal
viirs_snpp_2026-07-25_1134_40.76463_14.71457,viirs_snpp,N,2026-07-25 11:34:00,40.76463,14.71457,3.6,nominal
viirs_snpp_2026-07-25_1134_41.20909_15.97047,viirs_snpp,N,2026-07-25 11:34:00,41.20909,15.97047,3.49,nominal
viirs_snpp_2026-07-25_1134_41.38411_16.01124,viirs_snpp,N,2026-07-25 11:34:00,41.38411,16.01124,14.67,nominal
viirs_snpp_2026-07-25_1134_41.47563_15.90386,viirs_snpp,N,2026-07-25 11:34:00,41.47563,15.90386,3.8,nominal
viirs_snpp_2026-07-25_1134_41.47264_15.89014,viirs_snpp,N,2026-07-25 11:34:00,41.47264,15.89014,2.95,nominal
viirs_snpp_2026-07-25_1134_41.39264_15.38793,viirs_snpp,N,2026-07-25 11:34:00,41.39264,15.38793,2.2,nominal
viirs_snpp_2026-07-25_1134_41.39667_15.38635,viirs_snpp,N,2026-07-25 11:34:00,41.39667,15.38635,2.2,nominal
viirs_snpp_2026-07-25_1134_41.10899_13.90950,viirs_snpp,N,2026-07-25 11:34:00,41.10899,13.9095,5.42,nominal
viirs_snpp_2026-07-25_1134_41.13323_13.93123,viirs_snpp,N,2026-07-25 11:34:00,41.13323,13.93123,7.97,nominal
viirs_snpp_2026-07-25_1134_41.56129_15.74801,viirs_snpp,N,2026-07-25 11:34:00,41.56129,15.74801,5.61,nominal
viirs_snpp_2026-07-25_1134_41.27134_13.78362,viirs_snpp,N,2026-07-25 11:34:00,41.27134,13.78362,7.85,nominal
viirs_snpp_2026-07-25_1134_41.26876_13.78408,viirs_snpp,N,2026-07-25 11:34:00,41.26876,13.78408,4.19,nominal
viirs_snpp_2026-07-25_1134_41.27320_13.78262,viirs_snpp,N,2026-07-25 11:34:00,41.2732,13.78262,5.18,nominal
viirs_snpp_2026-07-25_1134_41.29084_13.75657,viirs_snpp,N,2026-07-25 11:34:00,41.29084,13.75657,5.83,low
viirs_snpp_2026-07-25_1134_41.24580_13.57023,viirs_snpp,N,2026-07-25 11:34:00,41.2458,13.57023,9.16,nominal
viirs_snpp_2026-07-25_1134_41.24441_13.56450,viirs_snpp,N,2026-07-25 11:34:00,41.24441,13.5645,9.16,nominal
viirs_snpp_2026-07-25_1134_42.49081_18.57816,viirs_snpp,N,2026-07-25 11:34:00,42.49081,18.57816,3.83,nominal
viirs_snpp_2026-07-25_1134_41.84608_15.33167,viirs_snpp,N,2026-07-25 11:34:00,41.84608,15.33167,7.78,nominal
viirs_snpp_2026-07-25_1134_42.27020_9.09859,viirs_snpp,N,2026-07-25 11:34:00,42.2702,9.09859,4.08,nominal
viirs_snpp_2026-07-25_1134_42.26917_9.09493,viirs_snpp,N,2026-07-25 11:34:00,42.26917,9.09493,4.08,nominal
viirs_snpp_2026-07-25_1134_42.63558_9.33277,viirs_snpp,N,2026-07-25 11:34:00,42.63558,9.33277,9.61,high
viirs_snpp_2026-07-25_1134_44.97940_18.35250,viirs_snpp,N,2026-07-25 11:34:00,44.9794,18.3525,3.89,nominal
viirs_snpp_2026-07-25_1134_45.03347_18.57172,viirs_snpp,N,2026-07-25 11:34:00,45.03347,18.57172,6.48,nominal
viirs_snpp_2026-07-25_1134_45.01149_17.40244,viirs_snpp,N,2026-07-25 11:34:00,45.01149,17.40244,2.14,nominal
viirs_snpp_2026-07-25_1134_44.10152_12.05675,viirs_snpp,N,2026-07-25 11:34:00,44.10152,12.05675,3.81,nominal
viirs_snpp_2026-07-25_1134_44.80341_11.57095,viirs_snpp,N,2026-07-25 11:34:00,44.80341,11.57095,5.85,nominal
viirs_snpp_2026-07-25_1134_46.54258_18.68719,viirs_snpp,N,2026-07-25 11:34:00,46.54258,18.68719,1.8,nominal
viirs_snpp_2026-07-25_1134_45.08088_9.43496,viirs_snpp,N,2026-07-25 11:34:00,45.08088,9.43496,4.52,nominal
viirs_snpp_2026-07-25_1134_45.93076_12.65183,viirs_snpp,N,2026-07-25 11:34:00,45.93076,12.65183,5.03,nominal
viirs_snpp_2026-07-25_1134_45.47703_10.20999,viirs_snpp,N,2026-07-25 11:34:00,45.47703,10.20999,2.16,low
viirs_snpp_2026-07-25_1136_45.86059_8.22703,viirs_snpp,N,2026-07-25 11:36:00,45.86059,8.22703,4.32,nominal
viirs_snpp_2026-07-25_1136_45.86630_8.22729,viirs_snpp,N,2026-07-25 11:36:00,45.8663,8.22729,4.32,nominal
viirs_snpp_2026-07-25_1136_46.11855_8.64360,viirs_snpp,N,2026-07-25 11:36:00,46.11855,8.6436,3.07,low
viirs_snpp_2026-07-25_1136_46.12217_8.63681,viirs_snpp,N,2026-07-25 11:36:00,46.12217,8.63681,2.6,nominal
viirs_snpp_2026-07-25_1312_35.40638_6.38068,viirs_snpp,N,2026-07-25 13:12:00,35.40638,6.38068,6.27,low
viirs_snpp_2026-07-25_1314_36.19813_8.53980,viirs_snpp,N,2026-07-25 13:14:00,36.19813,8.5398,17.92,nominal
viirs_snpp_2026-07-25_1314_36.19643_8.51753,viirs_snpp,N,2026-07-25 13:14:00,36.19643,8.51753,13.7,nominal
viirs_snpp_2026-07-25_1314_36.19588_8.51028,viirs_snpp,N,2026-07-25 13:14:00,36.19588,8.51028,5.96,nominal
viirs_snpp_2026-07-25_1314_36.20184_8.52387,viirs_snpp,N,2026-07-25 13:14:00,36.20184,8.52387,50.9,high
viirs_snpp_2026-07-25_1314_36.20296_8.53843,viirs_snpp,N,2026-07-25 13:14:00,36.20296,8.53843,62.88,nominal
viirs_snpp_2026-07-25_1314_36.20238_8.53087,viirs_snpp,N,2026-07-25 13:14:00,36.20238,8.53087,62.88,nominal
viirs_snpp_2026-07-25_1314_36.20131_8.51690,viirs_snpp,N,2026-07-25 13:14:00,36.20131,8.5169,50.9,nominal
viirs_snpp_2026-07-25_1314_36.20727_8.53033,viirs_snpp,N,2026-07-25 13:14:00,36.20727,8.53033,62.88,high
viirs_snpp_2026-07-25_1314_36.20781_8.53738,viirs_snpp,N,2026-07-25 13:14:00,36.20781,8.53738,62.88,nominal
viirs_snpp_2026-07-25_1314_36.18270_8.21560,viirs_snpp,N,2026-07-25 13:14:00,36.1827,8.2156,11.8,nominal
viirs_snpp_2026-07-25_1314_36.18166_8.20243,viirs_snpp,N,2026-07-25 13:14:00,36.18166,8.20243,11.29,nominal
viirs_snpp_2026-07-25_1314_36.21270_8.53680,viirs_snpp,N,2026-07-25 13:14:00,36.2127,8.5368,23.68,nominal
viirs_snpp_2026-07-25_1314_36.21220_8.53028,viirs_snpp,N,2026-07-25 13:14:00,36.2122,8.53028,23.68,nominal
viirs_snpp_2026-07-25_1314_36.21765_8.53707,viirs_snpp,N,2026-07-25 13:14:00,36.21765,8.53707,23.68,high
viirs_snpp_2026-07-25_1314_36.21712_8.53017,viirs_snpp,N,2026-07-25 13:14:00,36.21712,8.53017,23.68,nominal
viirs_snpp_2026-07-25_1314_36.22744_8.53610,viirs_snpp,N,2026-07-25 13:14:00,36.22744,8.5361,22.97,nominal
viirs_snpp_2026-07-25_1314_36.23278_8.54138,viirs_snpp,N,2026-07-25 13:14:00,36.23278,8.54138,20.63,nominal
viirs_snpp_2026-07-25_1314_36.23230_8.53518,viirs_snpp,N,2026-07-25 13:14:00,36.2323,8.53518,44.22,nominal
viirs_snpp_2026-07-25_1314_36.23716_8.53429,viirs_snpp,N,2026-07-25 13:14:00,36.23716,8.53429,44.22,high
viirs_snpp_2026-07-25_1314_36.23764_8.54042,viirs_snpp,N,2026-07-25 13:14:00,36.23764,8.54042,20.63,nominal
viirs_snpp_2026-07-25_1314_36.22964_8.53603,viirs_snpp,N,2026-07-25 13:14:00,36.22964,8.53603,37.81,nominal
viirs_snpp_2026-07-25_1314_36.22919_8.52960,viirs_snpp,N,2026-07-25 13:14:00,36.22919,8.5296,21.6,nominal
viirs_snpp_2026-07-25_1314_36.23495_8.54120,viirs_snpp,N,2026-07-25 13:14:00,36.23495,8.5412,37.81,nominal
viirs_snpp_2026-07-25_1314_36.23451_8.53504,viirs_snpp,N,2026-07-25 13:14:00,36.23451,8.53504,37.81,nominal
viirs_snpp_2026-07-25_1314_36.27000_8.61568,viirs_snpp,N,2026-07-25 13:14:00,36.27,8.61568,28.89,high
viirs_snpp_2026-07-25_1314_36.26898_8.60166,viirs_snpp,N,2026-07-25 13:14:00,36.26898,8.60166,30.39,high
viirs_snpp_2026-07-25_1314_36.27640_8.63544,viirs_snpp,N,2026-07-25 13:14:00,36.2764,8.63544,11.19,nominal
viirs_snpp_2026-07-25_1314_36.27590_8.62851,viirs_snpp,N,2026-07-25 13:14:00,36.2759,8.62851,11.19,nominal
viirs_snpp_2026-07-25_1314_36.28182_8.64159,viirs_snpp,N,2026-07-25 13:14:00,36.28182,8.64159,16.52,nominal
viirs_snpp_2026-07-25_1314_36.28187_8.31553,viirs_snpp,N,2026-07-25 13:14:00,36.28187,8.31553,7.72,nominal
viirs_snpp_2026-07-25_1314_36.32481_8.75189,viirs_snpp,N,2026-07-25 13:14:00,36.32481,8.75189,88.7,high
viirs_snpp_2026-07-25_1314_36.32529_8.75839,viirs_snpp,N,2026-07-25 13:14:00,36.32529,8.75839,11.51,nominal
viirs_snpp_2026-07-25_1314_36.32433_8.74539,viirs_snpp,N,2026-07-25 13:14:00,36.32433,8.74539,88.7,nominal
viirs_snpp_2026-07-25_1314_36.33070_8.76394,viirs_snpp,N,2026-07-25 13:14:00,36.3307,8.76394,11.51,nominal
viirs_snpp_2026-07-25_1314_36.33021_8.75732,viirs_snpp,N,2026-07-25 13:14:00,36.33021,8.75732,11.51,nominal
viirs_snpp_2026-07-25_1314_36.32973_8.75083,viirs_snpp,N,2026-07-25 13:14:00,36.32973,8.75083,88.7,nominal
viirs_snpp_2026-07-25_1314_36.33516_8.75660,viirs_snpp,N,2026-07-25 13:14:00,36.33516,8.7566,11.95,high
viirs_snpp_2026-07-25_1314_36.33616_8.77008,viirs_snpp,N,2026-07-25 13:14:00,36.33616,8.77008,14.06,nominal
viirs_snpp_2026-07-25_1314_36.33566_8.76327,viirs_snpp,N,2026-07-25 13:14:00,36.33566,8.76327,11.95,nominal
viirs_snpp_2026-07-25_1314_36.68774_8.22310,viirs_snpp,N,2026-07-25 13:14:00,36.68774,8.2231,131.22,nominal
viirs_snpp_2026-07-25_1314_36.68732_8.21750,viirs_snpp,N,2026-07-25 13:14:00,36.68732,8.2175,131.22,low
viirs_snpp_2026-07-25_1314_36.69258_8.22272,viirs_snpp,N,2026-07-25 13:14:00,36.69258,8.22272,131.22,nominal
viirs_snpp_2026-07-25_1314_36.69696_8.21631,viirs_snpp,N,2026-07-25 13:14:00,36.69696,8.21631,18.28,nominal
viirs_snpp_2026-07-25_1314_36.70802_8.23333,viirs_snpp,N,2026-07-25 13:14:00,36.70802,8.23333,2.92,low
viirs_snpp_2026-07-25_1314_36.74747_6.25712,viirs_snpp,N,2026-07-25 13:14:00,36.74747,6.25712,6.36,nominal
viirs_snpp_2026-07-25_1314_38.41583_15.95830,viirs_snpp,N,2026-07-25 13:14:00,38.41583,15.9583,7.6,nominal
viirs_snpp_2026-07-25_1314_38.41639_15.95466,viirs_snpp,N,2026-07-25 13:14:00,38.41639,15.95466,5.29,nominal
viirs_snpp_2026-07-25_1314_39.25815_8.98230,viirs_snpp,N,2026-07-25 13:14:00,39.25815,8.9823,16.48,high
viirs_snpp_2026-07-25_1314_39.25839_8.98625,viirs_snpp,N,2026-07-25 13:14:00,39.25839,8.98625,16.48,nominal
viirs_snpp_2026-07-25_1314_39.25791_8.97834,viirs_snpp,N,2026-07-25 13:14:00,39.25791,8.97834,13.49,nominal
viirs_snpp_2026-07-25_1314_39.26333_8.98184,viirs_snpp,N,2026-07-25 13:14:00,39.26333,8.98184,16.48,high
viirs_snpp_2026-07-25_1314_39.26357_8.98580,viirs_snpp,N,2026-07-25 13:14:00,39.26357,8.9858,16.48,nominal
viirs_snpp_2026-07-25_1314_39.26309_8.97789,viirs_snpp,N,2026-07-25 13:14:00,39.26309,8.97789,13.49,nominal
viirs_snpp_2026-07-25_1314_39.26285_8.97395,viirs_snpp,N,2026-07-25 13:14:00,39.26285,8.97395,13.49,nominal
viirs_snpp_2026-07-25_1314_39.36581_9.54339,viirs_snpp,N,2026-07-25 13:14:00,39.36581,9.54339,2.68,nominal
viirs_snpp_2026-07-25_1314_39.36845_9.54309,viirs_snpp,N,2026-07-25 13:14:00,39.36845,9.54309,3.58,nominal
viirs_snpp_2026-07-25_1314_39.82810_15.81255,viirs_snpp,N,2026-07-25 13:14:00,39.8281,15.81255,7.44,nominal
viirs_snpp_2026-07-25_1314_39.82861_15.81333,viirs_snpp,N,2026-07-25 13:14:00,39.82861,15.81333,5.71,nominal
viirs_snpp_2026-07-25_1314_39.82862_15.80484,viirs_snpp,N,2026-07-25 13:14:00,39.82862,15.80484,7.91,nominal
viirs_snpp_2026-07-25_1314_40.96404_14.00439,viirs_snpp,N,2026-07-25 13:14:00,40.96404,14.00439,4.4,nominal
viirs_snpp_2026-07-25_1314_41.38901_13.18997,viirs_snpp,N,2026-07-25 13:14:00,41.38901,13.18997,3.55,nominal
viirs_snpp_2026-07-25_1314_41.96586_14.83422,viirs_snpp,N,2026-07-25 13:14:00,41.96586,14.83422,6.98,nominal
viirs_snpp_2026-07-25_1314_42.26590_9.09431,viirs_snpp,N,2026-07-25 13:14:00,42.2659,9.09431,3.03,nominal
viirs_snpp_2026-07-25_1316_43.51513_6.06294,viirs_snpp,N,2026-07-25 13:16:00,43.51513,6.06294,12.31,nominal
viirs_snpp_2026-07-25_1316_43.51926_6.05552,viirs_snpp,N,2026-07-25 13:16:00,43.51926,6.05552,4.12,nominal
viirs_snpp_2026-07-25_1316_43.52295_6.04219,viirs_snpp,N,2026-07-25 13:16:00,43.52295,6.04219,16.37,nominal
viirs_snpp_2026-07-25_1316_43.52250_6.03597,viirs_snpp,N,2026-07-25 13:16:00,43.5225,6.03597,14.82,nominal
viirs_snpp_2026-07-25_1316_43.52711_6.03532,viirs_snpp,N,2026-07-25 13:16:00,43.52711,6.03532,66.1,nominal
viirs_snpp_2026-07-25_1316_43.52621_6.02296,viirs_snpp,N,2026-07-25 13:16:00,43.52621,6.02296,22.6,nominal
viirs_snpp_2026-07-25_1316_43.53127_6.02843,viirs_snpp,N,2026-07-25 13:16:00,43.53127,6.02843,66.1,nominal
viirs_snpp_2026-07-25_1316_45.30941_10.94646,viirs_snpp,N,2026-07-25 13:16:00,45.30941,10.94646,3.09,nominal
viirs_snpp_2026-07-25_1316_45.50277_9.35859,viirs_snpp,N,2026-07-25 13:16:00,45.50277,9.35859,1.74,nominal
viirs_snpp_2026-07-25_1316_45.71535_11.39215,viirs_snpp,N,2026-07-25 13:16:00,45.71535,11.39215,8.49,nominal
viirs_snpp_2026-07-25_1316_45.86196_8.22716,viirs_snpp,N,2026-07-25 13:16:00,45.86196,8.22716,4.3,nominal
viirs_snpp_2026-07-25_1316_46.11670_8.64451,viirs_snpp,N,2026-07-25 13:16:00,46.1167,8.64451,8.6,high
viirs_snpp_2026-07-25_1316_46.11653_8.64042,viirs_snpp,N,2026-07-25 13:16:00,46.11653,8.64042,8.6,high
viirs_snpp_2026-07-25_1316_46.12202_8.64239,viirs_snpp,N,2026-07-25 13:16:00,46.12202,8.64239,8.6,nominal
viirs_snpp_2026-07-25_1316_46.11873_8.64407,viirs_snpp,N,2026-07-25 13:16:00,46.11873,8.64407,13.65,high
viirs_snpp_2026-07-25_1316_46.11857_8.63981,viirs_snpp,N,2026-07-25 13:16:00,46.11857,8.63981,13.65,high
viirs_snpp_2026-07-25_1316_46.11839_8.63512,viirs_snpp,N,2026-07-25 13:16:00,46.11839,8.63512,8.92,nominal
viirs_snpp_2026-07-25_2350_42.49062_18.57949,viirs_snpp,N,2026-07-25 23:50:00,42.49062,18.57949,1.6,nominal
viirs_snpp_2026-07-25_2350_42.48983_18.58087,viirs_snpp,N,2026-07-25 23:50:00,42.48983,18.58087,0.94,nominal
viirs_snpp_2026-07-25_2352_40.51843_17.20798,viirs_snpp,N,2026-07-25 23:52:00,40.51843,17.20798,1.09,nominal
viirs_snpp_2026-07-25_2352_39.56870_15.88987,viirs_snpp,N,2026-07-25 23:52:00,39.5687,15.88987,1.68,nominal
viirs_snpp_2026-07-25_2352_39.34389_16.04279,viirs_snpp,N,2026-07-25 23:52:00,39.34389,16.04279,1.74,nominal
viirs_snpp_2026-07-25_2352_39.34717_16.05452,viirs_snpp,N,2026-07-25 23:52:00,39.34717,16.05452,1.31,nominal
viirs_snpp_2026-07-25_2352_39.34016_16.04793,viirs_snpp,N,2026-07-25 23:52:00,39.34016,16.04793,1.31,nominal
viirs_snpp_2026-07-26_0134_37.02863_6.44474,viirs_snpp,N,2026-07-26 01:34:00,37.02863,6.44474,7.74,nominal
viirs_snpp_2026-07-26_0132_46.06945_13.62669,viirs_snpp,N,2026-07-26 01:32:00,46.06945,13.62669,0.59,nominal
viirs_snpp_2026-07-26_0132_45.28510_14.52937,viirs_snpp,N,2026-07-26 01:32:00,45.2851,14.52937,0.84,nominal
viirs_snpp_2026-07-26_0132_44.96597_14.12298,viirs_snpp,N,2026-07-26 01:32:00,44.96597,14.12298,1.19,nominal
viirs_snpp_2026-07-26_0132_45.42924_10.99980,viirs_snpp,N,2026-07-26 01:32:00,45.42924,10.9998,1.22,nominal
viirs_snpp_2026-07-26_0132_43.54292_16.43997,viirs_snpp,N,2026-07-26 01:32:00,43.54292,16.43997,0.6,nominal
viirs_snpp_2026-07-26_0132_44.51797_7.49253,viirs_snpp,N,2026-07-26 01:32:00,44.51797,7.49253,0.35,nominal
viirs_snpp_2026-07-26_0132_44.37915_8.29280,viirs_snpp,N,2026-07-26 01:32:00,44.37915,8.2928,1.22,nominal
viirs_snpp_2026-07-26_0132_43.53374_6.02518,viirs_snpp,N,2026-07-26 01:32:00,43.53374,6.02518,0.41,nominal
viirs_snpp_2026-07-26_0132_43.53302_6.00313,viirs_snpp,N,2026-07-26 01:32:00,43.53302,6.00313,1.42,nominal
viirs_snpp_2026-07-26_0132_43.52333_6.02249,viirs_snpp,N,2026-07-26 01:32:00,43.52333,6.02249,1.02,nominal
viirs_snpp_2026-07-26_0132_43.52262_6.02792,viirs_snpp,N,2026-07-26 01:32:00,43.52262,6.02792,1.02,nominal
viirs_snpp_2026-07-26_0132_41.98332_14.83253,viirs_snpp,N,2026-07-26 01:32:00,41.98332,14.83253,1.09,nominal
viirs_snpp_2026-07-26_0132_42.62926_9.39823,viirs_snpp,N,2026-07-26 01:32:00,42.62926,9.39823,1.59,nominal
viirs_snpp_2026-07-26_0132_42.62599_9.39724,viirs_snpp,N,2026-07-26 01:32:00,42.62599,9.39724,1.59,nominal
viirs_snpp_2026-07-26_0132_42.62675_9.39256,viirs_snpp,N,2026-07-26 01:32:00,42.62675,9.39256,1.59,nominal
viirs_snpp_2026-07-26_0132_40.95013_15.67037,viirs_snpp,N,2026-07-26 01:32:00,40.95013,15.67037,0.4,nominal
viirs_snpp_2026-07-26_0132_41.38230_13.35283,viirs_snpp,N,2026-07-26 01:32:00,41.3823,13.35283,1.32,nominal
viirs_snpp_2026-07-26_0132_40.50105_17.21734,viirs_snpp,N,2026-07-26 01:32:00,40.50105,17.21734,1.08,nominal
viirs_snpp_2026-07-26_0132_39.83435_15.80474,viirs_snpp,N,2026-07-26 01:32:00,39.83435,15.80474,0.83,nominal
viirs_snpp_2026-07-26_0132_39.57168_15.89281,viirs_snpp,N,2026-07-26 01:32:00,39.57168,15.89281,2.46,nominal
viirs_snpp_2026-07-26_0132_39.56847_15.88690,viirs_snpp,N,2026-07-26 01:32:00,39.56847,15.8869,2.81,nominal
viirs_snpp_2026-07-26_0132_39.56746_15.89134,viirs_snpp,N,2026-07-26 01:32:00,39.56746,15.89134,2.81,nominal
viirs_snpp_2026-07-26_0132_39.34653_16.06620,viirs_snpp,N,2026-07-26 01:32:00,39.34653,16.0662,6.27,nominal
viirs_snpp_2026-07-26_0132_39.34548_16.07067,viirs_snpp,N,2026-07-26 01:32:00,39.34548,16.07067,1.25,nominal
viirs_snpp_2026-07-26_0132_39.34212_16.06525,viirs_snpp,N,2026-07-26 01:32:00,39.34212,16.06525,4.36,nominal
viirs_snpp_2026-07-26_0132_40.55729_9.67013,viirs_snpp,N,2026-07-26 01:32:00,40.55729,9.67013,1.41,nominal
viirs_snpp_2026-07-26_0132_38.79263_15.21291,viirs_snpp,N,2026-07-26 01:32:00,38.79263,15.21291,1.59,nominal
viirs_snpp_2026-07-26_0134_36.46158_10.05223,viirs_snpp,N,2026-07-26 01:34:00,36.46158,10.05223,4.13,nominal
viirs_snpp_2026-07-26_0134_37.05833_6.42939,viirs_snpp,N,2026-07-26 01:34:00,37.05833,6.42939,1.98,nominal
viirs_snpp_2026-07-26_0134_37.05502_6.42865,viirs_snpp,N,2026-07-26 01:34:00,37.05502,6.42865,1.98,nominal
viirs_snpp_2026-07-26_0134_37.05436_6.43298,viirs_snpp,N,2026-07-26 01:34:00,37.05436,6.43298,2.82,nominal
viirs_snpp_2026-07-26_0134_37.05370_6.43733,viirs_snpp,N,2026-07-26 01:34:00,37.0537,6.43733,2.82,nominal
viirs_snpp_2026-07-26_0134_37.05105_6.43226,viirs_snpp,N,2026-07-26 01:34:00,37.05105,6.43226,2.56,nominal
viirs_snpp_2026-07-26_0134_37.05038_6.43661,viirs_snpp,N,2026-07-26 01:34:00,37.05038,6.43661,2.56,nominal
viirs_snpp_2026-07-26_0134_37.04972_6.44093,viirs_snpp,N,2026-07-26 01:34:00,37.04972,6.44093,1.41,nominal
viirs_snpp_2026-07-26_0134_37.04907_6.44524,viirs_snpp,N,2026-07-26 01:34:00,37.04907,6.44524,1.41,nominal
viirs_snpp_2026-07-26_0134_37.04840_6.42722,viirs_snpp,N,2026-07-26 01:34:00,37.0484,6.42722,3.01,nominal
viirs_snpp_2026-07-26_0134_37.04774_6.43155,viirs_snpp,N,2026-07-26 01:34:00,37.04774,6.43155,2.56,nominal
viirs_snpp_2026-07-26_0134_37.04708_6.43588,viirs_snpp,N,2026-07-26 01:34:00,37.04708,6.43588,2.56,nominal
viirs_snpp_2026-07-26_0134_37.04642_6.44020,viirs_snpp,N,2026-07-26 01:34:00,37.04642,6.4402,1.41,nominal
viirs_snpp_2026-07-26_0134_37.04576_6.44449,viirs_snpp,N,2026-07-26 01:34:00,37.04576,6.44449,1.41,nominal
viirs_snpp_2026-07-26_0134_37.04443_6.43081,viirs_snpp,N,2026-07-26 01:34:00,37.04443,6.43081,3.77,nominal
viirs_snpp_2026-07-26_0134_37.04378_6.43511,viirs_snpp,N,2026-07-26 01:34:00,37.04378,6.43511,3.77,nominal
viirs_snpp_2026-07-26_0134_37.04509_6.42650,viirs_snpp,N,2026-07-26 01:34:00,37.04509,6.4265,2.35,nominal
viirs_snpp_2026-07-26_0134_37.04313_6.43939,viirs_snpp,N,2026-07-26 01:34:00,37.04313,6.43939,6.56,nominal
viirs_snpp_2026-07-26_0134_37.04117_6.45217,viirs_snpp,N,2026-07-26 01:34:00,37.04117,6.45217,6.44,nominal
viirs_snpp_2026-07-26_0134_37.04113_6.43004,viirs_snpp,N,2026-07-26 01:34:00,37.04113,6.43004,3.77,nominal
viirs_snpp_2026-07-26_0134_37.04048_6.43432,viirs_snpp,N,2026-07-26 01:34:00,37.04048,6.43432,3.77,nominal
viirs_snpp_2026-07-26_0134_37.03983_6.43858,viirs_snpp,N,2026-07-26 01:34:00,37.03983,6.43858,6.56,nominal
viirs_snpp_2026-07-26_0134_37.03918_6.44283,viirs_snpp,N,2026-07-26 01:34:00,37.03918,6.44283,6.56,nominal
viirs_snpp_2026-07-26_0134_37.03853_6.44708,viirs_snpp,N,2026-07-26 01:34:00,37.03853,6.44708,6.44,nominal
viirs_snpp_2026-07-26_0134_37.03788_6.45134,viirs_snpp,N,2026-07-26 01:34:00,37.03788,6.45134,6.44,nominal
viirs_snpp_2026-07-26_0134_37.03783_6.42927,viirs_snpp,N,2026-07-26 01:34:00,37.03783,6.42927,19.45,nominal
viirs_snpp_2026-07-26_0134_37.03718_6.43353,viirs_snpp,N,2026-07-26 01:34:00,37.03718,6.43353,19.45,nominal
viirs_snpp_2026-07-26_0134_37.03653_6.43777,viirs_snpp,N,2026-07-26 01:34:00,37.03653,6.43777,40.67,high
viirs_snpp_2026-07-26_0134_37.03588_6.44202,viirs_snpp,N,2026-07-26 01:34:00,37.03588,6.44202,40.67,nominal
viirs_snpp_2026-07-26_0134_37.03523_6.44628,viirs_snpp,N,2026-07-26 01:34:00,37.03523,6.44628,18.54,nominal
viirs_snpp_2026-07-26_0134_37.03458_6.45054,viirs_snpp,N,2026-07-26 01:34:00,37.03458,6.45054,18.54,nominal
viirs_snpp_2026-07-26_0134_37.03388_6.43272,viirs_snpp,N,2026-07-26 01:34:00,37.03388,6.43272,19.45,nominal
viirs_snpp_2026-07-26_0134_37.03324_6.43696,viirs_snpp,N,2026-07-26 01:34:00,37.03324,6.43696,40.67,high
viirs_snpp_2026-07-26_0134_37.03259_6.44124,viirs_snpp,N,2026-07-26 01:34:00,37.03259,6.44124,40.67,nominal
viirs_snpp_2026-07-26_0134_37.03193_6.44552,viirs_snpp,N,2026-07-26 01:34:00,37.03193,6.44552,18.54,nominal
viirs_snpp_2026-07-26_0134_37.03128_6.44977,viirs_snpp,N,2026-07-26 01:34:00,37.03128,6.44977,18.54,nominal
viirs_snpp_2026-07-26_0134_37.03453_6.42846,viirs_snpp,N,2026-07-26 01:34:00,37.03453,6.42846,19.45,nominal
viirs_snpp_2026-07-26_0134_37.03059_6.43191,viirs_snpp,N,2026-07-26 01:34:00,37.03059,6.43191,4.6,nominal
viirs_snpp_2026-07-26_0134_37.02994_6.43616,viirs_snpp,N,2026-07-26 01:34:00,37.02994,6.43616,3.22,nominal
viirs_snpp_2026-07-26_0134_37.02929_6.44044,viirs_snpp,N,2026-07-26 01:34:00,37.02929,6.44044,3.22,nominal
viirs_snpp_2026-07-26_0134_37.02598_6.43970,viirs_snpp,N,2026-07-26 01:34:00,37.02598,6.4397,3.22,nominal
viirs_snpp_2026-07-26_0134_37.02268_6.43897,viirs_snpp,N,2026-07-26 01:34:00,37.02268,6.43897,5.89,nominal
viirs_snpp_2026-07-26_0134_37.01477_6.44593,viirs_snpp,N,2026-07-26 01:34:00,37.01477,6.44593,4.06,nominal
viirs_snpp_2026-07-26_0134_36.76124_7.30640,viirs_snpp,N,2026-07-26 01:34:00,36.76124,7.3064,3.56,nominal
viirs_snpp_2026-07-26_0134_36.38214_8.45959,viirs_snpp,N,2026-07-26 01:34:00,36.38214,8.45959,0.86,nominal
viirs_snpp_2026-07-26_0134_36.37881_8.45877,viirs_snpp,N,2026-07-26 01:34:00,36.37881,8.45877,0.86,nominal
viirs_snpp_2026-07-26_0134_36.43114_6.62276,viirs_snpp,N,2026-07-26 01:34:00,36.43114,6.62276,2.61,nominal
viirs_snpp_2026-07-26_0134_36.42326_6.60763,viirs_snpp,N,2026-07-26 01:34:00,36.42326,6.60763,1.59,nominal
viirs_snpp_2026-07-26_0134_35.76564_7.36168,viirs_snpp,N,2026-07-26 01:34:00,35.76564,7.36168,1.47,nominal
viirs_snpp_2026-07-26_0134_35.55030_6.86814,viirs_snpp,N,2026-07-26 01:34:00,35.5503,6.86814,1.91,nominal
viirs_snpp_2026-07-26_0134_35.23106_8.17276,viirs_snpp,N,2026-07-26 01:34:00,35.23106,8.17276,1.36,nominal
viirs_snpp_2026-07-26_1115_37.18339_15.15196,viirs_snpp,N,2026-07-26 11:15:00,37.18339,15.15196,4.74,nominal
viirs_snpp_2026-07-26_1115_37.18204_15.14714,viirs_snpp,N,2026-07-26 11:15:00,37.18204,15.14714,4.74,nominal
viirs_snpp_2026-07-26_1115_37.64478_15.13124,viirs_snpp,N,2026-07-26 11:15:00,37.64478,15.13124,7.45,nominal
viirs_snpp_2026-07-26_1115_38.12950_13.23479,viirs_snpp,N,2026-07-26 11:15:00,38.1295,13.23479,50.72,nominal
viirs_snpp_2026-07-26_1115_38.12811_13.23013,viirs_snpp,N,2026-07-26 11:15:00,38.12811,13.23013,38.24,nominal
viirs_snpp_2026-07-26_1115_38.13327_13.22447,viirs_snpp,N,2026-07-26 11:15:00,38.13327,13.22447,38.24,nominal
viirs_snpp_2026-07-26_1115_38.13117_13.23104,viirs_snpp,N,2026-07-26 11:15:00,38.13117,13.23104,129.37,high
viirs_snpp_2026-07-26_1115_39.38716_17.05445,viirs_snpp,N,2026-07-26 11:15:00,39.38716,17.05445,10.29,high
viirs_snpp_2026-07-26_1115_39.38623_17.05086,viirs_snpp,N,2026-07-26 11:15:00,39.38623,17.05086,6.02,nominal
viirs_snpp_2026-07-26_1115_39.38525_17.04702,viirs_snpp,N,2026-07-26 11:15:00,39.38525,17.04702,6.02,nominal
viirs_snpp_2026-07-26_1115_39.39186_17.05164,viirs_snpp,N,2026-07-26 11:15:00,39.39186,17.05164,10.29,high
viirs_snpp_2026-07-26_1115_39.39276_17.05513,viirs_snpp,N,2026-07-26 11:15:00,39.39276,17.05513,10.29,nominal
viirs_snpp_2026-07-26_1115_39.39095_17.04808,viirs_snpp,N,2026-07-26 11:15:00,39.39095,17.04808,6.02,nominal
viirs_snpp_2026-07-26_1115_39.38999_17.04435,viirs_snpp,N,2026-07-26 11:15:00,39.38999,17.04435,6.02,nominal
viirs_snpp_2026-07-26_1115_39.38898_17.04040,viirs_snpp,N,2026-07-26 11:15:00,39.38898,17.0404,6.7,nominal
viirs_snpp_2026-07-26_1115_39.39739_17.05202,viirs_snpp,N,2026-07-26 11:15:00,39.39739,17.05202,84.01,high
viirs_snpp_2026-07-26_1115_39.39557_17.04491,viirs_snpp,N,2026-07-26 11:15:00,39.39557,17.04491,81.72,high
viirs_snpp_2026-07-26_1115_39.39650_17.04854,viirs_snpp,N,2026-07-26 11:15:00,39.3965,17.04854,84.01,nominal
viirs_snpp_2026-07-26_1115_39.39462_17.04122,viirs_snpp,N,2026-07-26 11:15:00,39.39462,17.04122,81.72,nominal
viirs_snpp_2026-07-26_1115_39.39369_17.03758,viirs_snpp,N,2026-07-26 11:15:00,39.39369,17.03758,28.25,nominal
viirs_snpp_2026-07-26_1115_39.40219_17.04958,viirs_snpp,N,2026-07-26 11:15:00,39.40219,17.04958,84.01,high
viirs_snpp_2026-07-26_1115_39.40128_17.04604,viirs_snpp,N,2026-07-26 11:15:00,39.40128,17.04604,84.01,high
viirs_snpp_2026-07-26_1115_39.40310_17.05311,viirs_snpp,N,2026-07-26 11:15:00,39.4031,17.05311,28.78,nominal
viirs_snpp_2026-07-26_1115_39.39841_17.03484,viirs_snpp,N,2026-07-26 11:15:00,39.39841,17.03484,28.25,nominal
viirs_snpp_2026-07-26_1115_39.40035_17.04240,viirs_snpp,N,2026-07-26 11:15:00,39.40035,17.0424,81.72,low
viirs_snpp_2026-07-26_1115_39.39937_17.03857,viirs_snpp,N,2026-07-26 11:15:00,39.39937,17.03857,81.72,low
viirs_snpp_2026-07-26_1115_39.40514_17.03989,viirs_snpp,N,2026-07-26 11:15:00,39.40514,17.03989,5.27,nominal
viirs_snpp_2026-07-26_1115_40.67860_17.80362,viirs_snpp,N,2026-07-26 11:15:00,40.6786,17.80362,7.02,nominal
viirs_snpp_2026-07-26_1115_41.04618_17.12054,viirs_snpp,N,2026-07-26 11:15:00,41.04618,17.12054,3.36,nominal
viirs_snpp_2026-07-26_1115_40.84990_16.21528,viirs_snpp,N,2026-07-26 11:15:00,40.8499,16.21528,15.35,high
viirs_snpp_2026-07-26_1115_40.85474_16.21285,viirs_snpp,N,2026-07-26 11:15:00,40.85474,16.21285,15.35,high
viirs_snpp_2026-07-26_1115_40.90588_15.66261,viirs_snpp,N,2026-07-26 11:15:00,40.90588,15.66261,2.82,low
viirs_snpp_2026-07-26_1115_41.00975_15.77511,viirs_snpp,N,2026-07-26 11:15:00,41.00975,15.77511,2.1,nominal
viirs_snpp_2026-07-26_1115_40.73524_14.73403,viirs_snpp,N,2026-07-26 11:15:00,40.73524,14.73403,2.24,nominal
viirs_snpp_2026-07-26_1115_40.74066_14.73217,viirs_snpp,N,2026-07-26 11:15:00,40.74066,14.73217,2.22,nominal
viirs_snpp_2026-07-26_1115_41.12526_16.02162,viirs_snpp,N,2026-07-26 11:15:00,41.12526,16.02162,0.97,nominal
viirs_snpp_2026-07-26_1115_41.06273_15.72266,viirs_snpp,N,2026-07-26 11:15:00,41.06273,15.72266,7.43,high
viirs_snpp_2026-07-26_1115_41.06376_15.72654,viirs_snpp,N,2026-07-26 11:15:00,41.06376,15.72654,7.43,nominal
viirs_snpp_2026-07-26_1115_41.06975_15.72810,viirs_snpp,N,2026-07-26 11:15:00,41.06975,15.7281,12.26,high
viirs_snpp_2026-07-26_1115_41.06872_15.72420,viirs_snpp,N,2026-07-26 11:15:00,41.06872,15.7242,5.14,high
viirs_snpp_2026-07-26_1115_41.06768_15.72030,viirs_snpp,N,2026-07-26 11:15:00,41.06768,15.7203,5.14,nominal
viirs_snpp_2026-07-26_1115_41.12625_15.81181,viirs_snpp,N,2026-07-26 11:15:00,41.12625,15.81181,3.17,nominal
viirs_snpp_2026-07-26_1115_41.03947_14.88921,viirs_snpp,N,2026-07-26 11:15:00,41.03947,14.88921,2.96,nominal
viirs_snpp_2026-07-26_1117_41.83704_15.75620,viirs_snpp,N,2026-07-26 11:17:00,41.83704,15.7562,16.78,high
viirs_snpp_2026-07-26_1117_41.83608_15.75256,viirs_snpp,N,2026-07-26 11:17:00,41.83608,15.75256,7.08,nominal
viirs_snpp_2026-07-26_1117_41.93512_16.04742,viirs_snpp,N,2026-07-26 11:17:00,41.93512,16.04742,19.95,nominal
viirs_snpp_2026-07-26_1117_41.93341_16.04082,viirs_snpp,N,2026-07-26 11:17:00,41.93341,16.04082,29.93,nominal
viirs_snpp_2026-07-26_1117_41.86776_15.66506,viirs_snpp,N,2026-07-26 11:17:00,41.86776,15.66506,5.92,nominal
viirs_snpp_2026-07-26_1117_41.86694_15.66193,viirs_snpp,N,2026-07-26 11:17:00,41.86694,15.66193,4.31,nominal
viirs_snpp_2026-07-26_1117_41.87051_15.66314,viirs_snpp,N,2026-07-26 11:17:00,41.87051,15.66314,6.05,nominal
viirs_snpp_2026-07-26_1117_41.86963_15.65985,viirs_snpp,N,2026-07-26 11:17:00,41.86963,15.65985,6.61,nominal
viirs_snpp_2026-07-26_1117_41.94363_15.05919,viirs_snpp,N,2026-07-26 11:17:00,41.94363,15.05919,10.33,high
viirs_snpp_2026-07-26_1117_41.94472_15.06316,viirs_snpp,N,2026-07-26 11:17:00,41.94472,15.06316,8.17,nominal
viirs_snpp_2026-07-26_1117_41.94863_15.05677,viirs_snpp,N,2026-07-26 11:17:00,41.94863,15.05677,12.47,high
viirs_snpp_2026-07-26_1117_41.94753_15.05273,viirs_snpp,N,2026-07-26 11:17:00,41.94753,15.05273,12.47,nominal
viirs_snpp_2026-07-26_1117_41.90858_12.58249,viirs_snpp,N,2026-07-26 11:17:00,41.90858,12.58249,5.03,nominal
viirs_snpp_2026-07-26_1117_41.90701_12.57714,viirs_snpp,N,2026-07-26 11:17:00,41.90701,12.57714,3.82,nominal
viirs_snpp_2026-07-26_1117_41.90747_12.58301,viirs_snpp,N,2026-07-26 11:17:00,41.90747,12.58301,3.78,nominal
viirs_snpp_2026-07-26_1117_41.90586_12.57764,viirs_snpp,N,2026-07-26 11:17:00,41.90586,12.57764,3.78,nominal
viirs_snpp_2026-07-26_1117_42.62453_9.38717,viirs_snpp,N,2026-07-26 11:17:00,42.62453,9.38717,5.03,nominal
viirs_snpp_2026-07-26_1117_42.62400_9.39299,viirs_snpp,N,2026-07-26 11:17:00,42.624,9.39299,8.85,nominal
viirs_snpp_2026-07-26_1117_45.46000_10.45846,viirs_snpp,N,2026-07-26 11:17:00,45.46,10.45846,4.33,nominal
viirs_snpp_2026-07-26_1253_35.32625_10.68218,viirs_snpp,N,2026-07-26 12:53:00,35.32625,10.68218,4.69,low
viirs_snpp_2026-07-26_1253_35.49109_10.09544,viirs_snpp,N,2026-07-26 12:53:00,35.49109,10.09544,6.74,nominal
viirs_snpp_2026-07-26_1253_35.49063_10.09113,viirs_snpp,N,2026-07-26 12:53:00,35.49063,10.09113,4.82,nominal
viirs_snpp_2026-07-26_1253_35.71824_6.30141,viirs_snpp,N,2026-07-26 12:53:00,35.71824,6.30141,6.49,nominal
viirs_snpp_2026-07-26_1253_37.10293_15.29060,viirs_snpp,N,2026-07-26 12:53:00,37.10293,15.2906,1.99,nominal
viirs_snpp_2026-07-26_1253_37.18328_15.14920,viirs_snpp,N,2026-07-26 12:53:00,37.18328,15.1492,2.54,low
viirs_snpp_2026-07-26_1253_37.18300_15.14459,viirs_snpp,N,2026-07-26 12:53:00,37.183,15.14459,2.54,nominal
viirs_snpp_2026-07-26_1253_37.18343_15.14531,viirs_snpp,N,2026-07-26 12:53:00,37.18343,15.14531,5.69,nominal
viirs_snpp_2026-07-26_1253_37.20175_14.79608,viirs_snpp,N,2026-07-26 12:53:00,37.20175,14.79608,1.63,nominal
viirs_snpp_2026-07-26_1253_37.14705_13.77726,viirs_snpp,N,2026-07-26 12:53:00,37.14705,13.77726,2.6,nominal
viirs_snpp_2026-07-26_1253_37.14682_13.77387,viirs_snpp,N,2026-07-26 12:53:00,37.14682,13.77387,2.6,nominal
viirs_snpp_2026-07-26_1253_36.86639_9.89458,viirs_snpp,N,2026-07-26 12:53:00,36.86639,9.89458,8.59,nominal
viirs_snpp_2026-07-26_1253_36.86593_9.89013,viirs_snpp,N,2026-07-26 12:53:00,36.86593,9.89013,8.59,nominal
viirs_snpp_2026-07-26_1253_36.86510_9.89100,viirs_snpp,N,2026-07-26 12:53:00,36.8651,9.891,17.3,nominal
viirs_snpp_2026-07-26_1253_36.70941_8.23552,viirs_snpp,N,2026-07-26 12:53:00,36.70941,8.23552,9.46,nominal
viirs_snpp_2026-07-26_1253_37.58636_15.15667,viirs_snpp,N,2026-07-26 12:53:00,37.58636,15.15667,1.3,nominal
viirs_snpp_2026-07-26_1253_37.03176_6.45855,viirs_snpp,N,2026-07-26 12:53:00,37.03176,6.45855,14.14,nominal
viirs_snpp_2026-07-26_1253_37.03111_6.45350,viirs_snpp,N,2026-07-26 12:53:00,37.03111,6.4535,14.14,nominal
viirs_snpp_2026-07-26_1253_37.02920_6.43857,viirs_snpp,N,2026-07-26 12:53:00,37.0292,6.43857,4.32,nominal
viirs_snpp_2026-07-26_1253_37.03459_6.45278,viirs_snpp,N,2026-07-26 12:53:00,37.03459,6.45278,28.34,nominal
viirs_snpp_2026-07-26_1253_37.03394_6.44770,viirs_snpp,N,2026-07-26 12:53:00,37.03394,6.4477,7.01,nominal
viirs_snpp_2026-07-26_1253_37.03329_6.44269,viirs_snpp,N,2026-07-26 12:53:00,37.03329,6.44269,7.01,nominal
viirs_snpp_2026-07-26_1253_37.03267_6.43776,viirs_snpp,N,2026-07-26 12:53:00,37.03267,6.43776,14.09,nominal
viirs_snpp_2026-07-26_1253_37.03202_6.43273,viirs_snpp,N,2026-07-26 12:53:00,37.03202,6.43273,14.09,nominal
viirs_snpp_2026-07-26_1253_37.03138_6.42779,viirs_snpp,N,2026-07-26 12:53:00,37.03138,6.42779,5.21,nominal
viirs_snpp_2026-07-26_1253_37.03932_6.46184,viirs_snpp,N,2026-07-26 12:53:00,37.03932,6.46184,84.67,nominal
viirs_snpp_2026-07-26_1253_37.03869_6.45691,viirs_snpp,N,2026-07-26 12:53:00,37.03869,6.45691,28.34,nominal
viirs_snpp_2026-07-26_1253_37.03805_6.45194,viirs_snpp,N,2026-07-26 12:53:00,37.03805,6.45194,28.34,nominal
viirs_snpp_2026-07-26_1253_37.03547_6.43179,viirs_snpp,N,2026-07-26 12:53:00,37.03547,6.43179,14.09,nominal
viirs_snpp_2026-07-26_1253_37.04493_6.44987,viirs_snpp,N,2026-07-26 12:53:00,37.04493,6.44987,5.2,low
viirs_snpp_2026-07-26_1253_37.04429_6.44494,viirs_snpp,N,2026-07-26 12:53:00,37.04429,6.44494,24.99,nominal
viirs_snpp_2026-07-26_1253_37.04940_6.42926,viirs_snpp,N,2026-07-26 12:53:00,37.0494,6.42926,5.13,nominal
viirs_snpp_2026-07-26_1253_37.92073_12.79632,viirs_snpp,N,2026-07-26 12:53:00,37.92073,12.79632,16.5,nominal
viirs_snpp_2026-07-26_1253_37.92558_12.79582,viirs_snpp,N,2026-07-26 12:53:00,37.92558,12.79582,16.5,nominal
viirs_snpp_2026-07-26_1253_37.92994_12.78872,viirs_snpp,N,2026-07-26 12:53:00,37.92994,12.78872,9.22,nominal
viirs_snpp_2026-07-26_1255_40.85053_16.21270,viirs_snpp,N,2026-07-26 12:55:00,40.85053,16.2127,2.86,nominal
viirs_snpp_2026-07-26_1255_40.94723_16.53692,viirs_snpp,N,2026-07-26 12:55:00,40.94723,16.53692,12.22,high
viirs_snpp_2026-07-26_1255_41.21849_15.54160,viirs_snpp,N,2026-07-26 12:55:00,41.21849,15.5416,4.7,nominal
viirs_snpp_2026-07-26_1255_41.93283_16.04487,viirs_snpp,N,2026-07-26 12:55:00,41.93283,16.04487,4.11,nominal
viirs_snpp_2026-07-26_1255_41.93526_16.05344,viirs_snpp,N,2026-07-26 12:55:00,41.93526,16.05344,7.29,nominal
viirs_snpp_2026-07-26_1255_41.93508_16.04760,viirs_snpp,N,2026-07-26 12:55:00,41.93508,16.0476,10.28,nominal
viirs_snpp_2026-07-26_1255_41.94144_16.06020,viirs_snpp,N,2026-07-26 12:55:00,41.94144,16.0602,7.29,nominal
viirs_snpp_2026-07-26_1255_41.94126_16.05420,viirs_snpp,N,2026-07-26 12:55:00,41.94126,16.0542,7.29,nominal
viirs_snpp_2026-07-26_1255_41.94053_15.06706,viirs_snpp,N,2026-07-26 12:55:00,41.94053,15.06706,6.69,nominal
viirs_snpp_2026-07-26_1255_41.94031_15.06187,viirs_snpp,N,2026-07-26 12:55:00,41.94031,15.06187,7.14,nominal
viirs_snpp_2026-07-26_1255_41.94600_15.06168,viirs_snpp,N,2026-07-26 12:55:00,41.946,15.06168,14.65,high
viirs_snpp_2026-07-26_1255_41.94578_15.05639,viirs_snpp,N,2026-07-26 12:55:00,41.94578,15.05639,14.65,high
viirs_snpp_2026-07-26_1255_41.95124_15.05100,viirs_snpp,N,2026-07-26 12:55:00,41.95124,15.051,6.98,nominal
viirs_snpp_2026-07-26_1255_42.25566_9.06835,viirs_snpp,N,2026-07-26 12:55:00,42.25566,9.06835,4.91,nominal
viirs_snpp_2026-07-26_1255_42.26596_9.08894,viirs_snpp,N,2026-07-26 12:55:00,42.26596,9.08894,7.11,high
viirs_snpp_2026-07-26_1255_42.26543_9.08314,viirs_snpp,N,2026-07-26 12:55:00,42.26543,9.08314,7.11,nominal
viirs_snpp_2026-07-26_1255_42.61721_9.41031,viirs_snpp,N,2026-07-26 12:55:00,42.61721,9.41031,73.82,nominal
viirs_snpp_2026-07-26_1255_42.61665_9.40371,viirs_snpp,N,2026-07-26 12:55:00,42.61665,9.40371,97.25,nominal
viirs_snpp_2026-07-26_1255_42.62136_9.40847,viirs_snpp,N,2026-07-26 12:55:00,42.62136,9.40847,73.82,nominal
viirs_snpp_2026-07-26_1255_42.62075_9.40146,viirs_snpp,N,2026-07-26 12:55:00,42.62075,9.40146,97.25,low
viirs_snpp_2026-07-26_1255_43.47289_6.06008,viirs_snpp,N,2026-07-26 12:55:00,43.47289,6.06008,5.91,nominal
viirs_snpp_2026-07-26_1255_43.47222_6.05420,viirs_snpp,N,2026-07-26 12:55:00,43.47222,6.0542,10.46,nominal
viirs_snpp_2026-07-26_1255_43.51852_6.03235,viirs_snpp,N,2026-07-26 12:55:00,43.51852,6.03235,10.36,nominal
viirs_snpp_2026-07-26_1255_43.52014_6.02978,viirs_snpp,N,2026-07-26 12:55:00,43.52014,6.02978,12.97,nominal
viirs_snpp_2026-07-26_1255_45.14391_10.86747,viirs_snpp,N,2026-07-26 12:55:00,45.14391,10.86747,4.16,nominal
viirs_snpp_2026-07-26_1255_45.14390_9.94348,viirs_snpp,N,2026-07-26 12:55:00,45.1439,9.94348,6.89,nominal
viirs_snpp_2026-07-27_0111_46.00709_13.25104,viirs_snpp,N,2026-07-27 01:11:00,46.00709,13.25104,0.45,nominal
viirs_snpp_2026-07-27_0111_46.00376_13.25005,viirs_snpp,N,2026-07-27 01:11:00,46.00376,13.25005,0.45,nominal
viirs_snpp_2026-07-27_0111_45.78215_8.68523,viirs_snpp,N,2026-07-27 01:11:00,45.78215,8.68523,1.45,nominal
viirs_snpp_2026-07-27_0111_45.51548_10.34407,viirs_snpp,N,2026-07-27 01:11:00,45.51548,10.34407,0.64,nominal
viirs_snpp_2026-07-27_0111_45.46133_10.45781,viirs_snpp,N,2026-07-27 01:11:00,45.46133,10.45781,1.89,nominal
viirs_snpp_2026-07-27_0111_45.45774_10.45692,viirs_snpp,N,2026-07-27 01:11:00,45.45774,10.45692,1.14,nominal
viirs_snpp_2026-07-27_0111_45.14763_9.94078,viirs_snpp,N,2026-07-27 01:11:00,45.14763,9.94078,6.09,nominal
viirs_snpp_2026-07-27_0111_45.14399_9.93992,viirs_snpp,N,2026-07-27 01:11:00,45.14399,9.93992,6.09,nominal
viirs_snpp_2026-07-27_0111_45.14329_9.94594,viirs_snpp,N,2026-07-27 01:11:00,45.14329,9.94594,4.76,nominal
viirs_snpp_2026-07-27_0113_43.36416_12.54523,viirs_snpp,N,2026-07-27 01:13:00,43.36416,12.54523,1.13,nominal
viirs_snpp_2026-07-27_0113_43.47501_6.06053,viirs_snpp,N,2026-07-27 01:13:00,43.47501,6.06053,0.76,nominal
viirs_snpp_2026-07-27_0113_42.26513_9.09132,viirs_snpp,N,2026-07-27 01:13:00,42.26513,9.09132,1.7,nominal
viirs_snpp_2026-07-27_0113_42.25737_9.06221,viirs_snpp,N,2026-07-27 01:13:00,42.25737,9.06221,2.85,nominal
viirs_snpp_2026-07-27_0113_42.25676_9.06734,viirs_snpp,N,2026-07-27 01:13:00,42.25676,9.06734,2.48,nominal
viirs_snpp_2026-07-27_0113_42.25373_9.06135,viirs_snpp,N,2026-07-27 01:13:00,42.25373,9.06135,2.85,nominal
viirs_snpp_2026-07-27_0113_42.25309_9.06676,viirs_snpp,N,2026-07-27 01:13:00,42.25309,9.06676,2.48,nominal
viirs_snpp_2026-07-27_0113_40.55354_9.67441,viirs_snpp,N,2026-07-27 01:13:00,40.55354,9.67441,1.4,nominal
viirs_snpp_2026-07-27_0113_38.65823_16.11264,viirs_snpp,N,2026-07-27 01:13:00,38.65823,16.11264,1.79,nominal
viirs_snpp_2026-07-27_0113_38.65924_16.10729,viirs_snpp,N,2026-07-27 01:13:00,38.65924,16.10729,1.79,nominal
viirs_snpp_2026-07-27_0113_37.96703_13.76526,viirs_snpp,N,2026-07-27 01:13:00,37.96703,13.76526,2.24,nominal
viirs_snpp_2026-07-27_0113_38.05505_13.12375,viirs_snpp,N,2026-07-27 01:13:00,38.05505,13.12375,2.05,nominal
viirs_snpp_2026-07-27_0113_37.87959_12.96485,viirs_snpp,N,2026-07-27 01:13:00,37.87959,12.96485,2.4,nominal
viirs_snpp_2026-07-27_0113_37.03908_6.47232,viirs_snpp,N,2026-07-27 01:13:00,37.03908,6.47232,2.31,nominal
viirs_snpp_2026-07-27_0113_37.03847_6.47779,viirs_snpp,N,2026-07-27 01:13:00,37.03847,6.47779,0.79,nominal
viirs_snpp_2026-07-27_0113_37.03059_6.44210,viirs_snpp,N,2026-07-27 01:13:00,37.03059,6.4421,2.8,nominal
viirs_snpp_2026-07-27_0113_37.02798_6.43001,viirs_snpp,N,2026-07-27 01:13:00,37.02798,6.43001,6.35,nominal
viirs_snpp_2026-07-27_0113_36.87824_6.94254,viirs_snpp,N,2026-07-27 01:13:00,36.87824,6.94254,3.74,nominal
viirs_snpp_2026-07-27_0113_36.86983_6.98184,viirs_snpp,N,2026-07-27 01:13:00,36.86983,6.98184,6.3,nominal
viirs_snpp_2026-07-27_0113_36.86494_6.95755,viirs_snpp,N,2026-07-27 01:13:00,36.86494,6.95755,2.58,nominal
viirs_snpp_2026-07-27_0113_36.76235_7.30692,viirs_snpp,N,2026-07-27 01:13:00,36.76235,7.30692,2.72,nominal
viirs_snpp_2026-07-27_0113_36.74541_6.25533,viirs_snpp,N,2026-07-27 01:13:00,36.74541,6.25533,4.16,nominal
viirs_snpp_2026-07-27_0251_45.37053_10.33265,viirs_snpp,N,2026-07-27 02:51:00,45.37053,10.33265,1.03,nominal
viirs_snpp_2026-07-27_0115_35.86552_6.02347,viirs_snpp,N,2026-07-27 01:15:00,35.86552,6.02347,1.32,nominal
viirs_snpp_2026-07-27_0115_35.86281_6.01996,viirs_snpp,N,2026-07-27 01:15:00,35.86281,6.01996,1.48,nominal
viirs_snpp_2026-07-27_1056_38.93432_16.47595,viirs_snpp,N,2026-07-27 10:56:00,38.93432,16.47595,4.71,nominal
viirs_snpp_2026-07-27_1056_42.03638_12.23758,viirs_snpp,N,2026-07-27 10:56:00,42.03638,12.23758,10.91,nominal
viirs_snpp_2026-07-27_1056_42.03201_12.23998,viirs_snpp,N,2026-07-27 10:56:00,42.03201,12.23998,6.13,nominal
viirs_snpp_2026-07-27_1058_45.46129_10.45963,viirs_snpp,N,2026-07-27 10:58:00,45.46129,10.45963,4.16,nominal
viirs_snpp_2026-07-27_1236_37.23861_14.57372,viirs_snpp,N,2026-07-27 12:36:00,37.23861,14.57372,3.73,nominal
viirs_snpp_2026-07-27_1236_37.75902_13.54728,viirs_snpp,N,2026-07-27 12:36:00,37.75902,13.54728,7.83,nominal
viirs_snpp_2026-07-27_1236_37.76351_13.55227,viirs_snpp,N,2026-07-27 12:36:00,37.76351,13.55227,8.13,nominal
viirs_snpp_2026-07-27_1236_37.76289_13.54661,viirs_snpp,N,2026-07-27 12:36:00,37.76289,13.54661,7.04,nominal
viirs_snpp_2026-07-27_1236_37.76230_13.54114,viirs_snpp,N,2026-07-27 12:36:00,37.7623,13.54114,7.04,nominal
viirs_snpp_2026-07-27_1236_37.76943_13.57037,viirs_snpp,N,2026-07-27 12:36:00,37.76943,13.57037,12.39,high
viirs_snpp_2026-07-27_1236_37.76878_13.56442,viirs_snpp,N,2026-07-27 12:36:00,37.76878,13.56442,12.39,nominal
viirs_snpp_2026-07-27_1236_37.76618_13.54052,viirs_snpp,N,2026-07-27 12:36:00,37.76618,13.54052,7.04,low
viirs_snpp_2026-07-27_1236_37.76558_13.53495,viirs_snpp,N,2026-07-27 12:36:00,37.76558,13.53495,4.52,low
viirs_snpp_2026-07-27_1236_37.77398_13.57581,viirs_snpp,N,2026-07-27 12:36:00,37.77398,13.57581,50.62,nominal
viirs_snpp_2026-07-27_1236_37.77335_13.57001,viirs_snpp,N,2026-07-27 12:36:00,37.77335,13.57001,9.47,nominal
viirs_snpp_2026-07-27_1236_37.77271_13.56413,viirs_snpp,N,2026-07-27 12:36:00,37.77271,13.56413,9.47,nominal
viirs_snpp_2026-07-27_1236_37.77204_13.55799,viirs_snpp,N,2026-07-27 12:36:00,37.77204,13.55799,5.76,nominal
viirs_snpp_2026-07-27_1236_37.77136_13.55176,viirs_snpp,N,2026-07-27 12:36:00,37.77136,13.55176,5.76,nominal
viirs_snpp_2026-07-27_1236_37.77789_13.57536,viirs_snpp,N,2026-07-27 12:36:00,37.77789,13.57536,50.62,nominal
viirs_snpp_2026-07-27_1236_37.77727_13.56962,viirs_snpp,N,2026-07-27 12:36:00,37.77727,13.56962,9.47,nominal
viirs_snpp_2026-07-27_1236_37.77663_13.56379,viirs_snpp,N,2026-07-27 12:36:00,37.77663,13.56379,9.47,low
viirs_snpp_2026-07-27_1236_37.77597_13.55776,viirs_snpp,N,2026-07-27 12:36:00,37.77597,13.55776,5.76,low
viirs_snpp_2026-07-27_1236_37.77398_13.53955,viirs_snpp,N,2026-07-27 12:36:00,37.77398,13.53955,5.69,low
viirs_snpp_2026-07-27_1236_37.77335_13.53386,viirs_snpp,N,2026-07-27 12:36:00,37.77335,13.53386,6.66,nominal
viirs_snpp_2026-07-27_1236_37.77989_13.55746,viirs_snpp,N,2026-07-27 12:36:00,37.77989,13.55746,5.52,nominal
viirs_snpp_2026-07-27_1236_37.77789_13.53923,viirs_snpp,N,2026-07-27 12:36:00,37.77789,13.53923,8.84,nominal
viirs_snpp_2026-07-27_1236_37.78247_13.54489,viirs_snpp,N,2026-07-27 12:36:00,37.78247,13.54489,8.84,high
viirs_snpp_2026-07-27_1236_37.78380_13.55704,viirs_snpp,N,2026-07-27 12:36:00,37.7838,13.55704,5.52,nominal
viirs_snpp_2026-07-27_1236_37.78314_13.55103,viirs_snpp,N,2026-07-27 12:36:00,37.78314,13.55103,5.52,nominal
viirs_snpp_2026-07-27_1236_37.83956_13.96071,viirs_snpp,N,2026-07-27 12:36:00,37.83956,13.96071,16.34,nominal
viirs_snpp_2026-07-27_1236_37.78422_13.56094,viirs_snpp,N,2026-07-27 12:36:00,37.78422,13.56094,5.85,nominal
viirs_snpp_2026-07-27_1236_37.78361_13.55508,viirs_snpp,N,2026-07-27 12:36:00,37.78361,13.55508,5.85,nominal
viirs_snpp_2026-07-27_1236_37.78297_13.54898,viirs_snpp,N,2026-07-27 12:36:00,37.78297,13.54898,8.93,nominal
viirs_snpp_2026-07-27_1236_37.78234_13.54288,viirs_snpp,N,2026-07-27 12:36:00,37.78234,13.54288,8.93,nominal
viirs_snpp_2026-07-27_1236_37.83716_13.95958,viirs_snpp,N,2026-07-27 12:36:00,37.83716,13.95958,4.31,nominal
viirs_snpp_2026-07-27_1236_37.84107_13.95835,viirs_snpp,N,2026-07-27 12:36:00,37.84107,13.95835,12.17,nominal
viirs_snpp_2026-07-27_1236_38.16517_15.66526,viirs_snpp,N,2026-07-27 12:36:00,38.16517,15.66526,5.4,nominal
viirs_snpp_2026-07-27_1236_38.22142_15.74867,viirs_snpp,N,2026-07-27 12:36:00,38.22142,15.74867,6.54,nominal
viirs_snpp_2026-07-27_1236_38.22058_15.74745,viirs_snpp,N,2026-07-27 12:36:00,38.22058,15.74745,4.6,nominal
viirs_snpp_2026-07-27_1236_37.99753_13.15289,viirs_snpp,N,2026-07-27 12:36:00,37.99753,13.15289,4.72,nominal
viirs_snpp_2026-07-27_1236_38.53885_16.14989,viirs_snpp,N,2026-07-27 12:36:00,38.53885,16.14989,3.42,nominal
viirs_snpp_2026-07-27_1236_38.66575_16.12487,viirs_snpp,N,2026-07-27 12:36:00,38.66575,16.12487,1.8,low
viirs_snpp_2026-07-27_1236_38.66520_15.96198,viirs_snpp,N,2026-07-27 12:36:00,38.6652,15.96198,16.75,high
viirs_snpp_2026-07-27_1236_38.66571_15.96775,viirs_snpp,N,2026-07-27 12:36:00,38.66571,15.96775,16.75,nominal
viirs_snpp_2026-07-27_1236_38.66471_15.95635,viirs_snpp,N,2026-07-27 12:36:00,38.66471,15.95635,7.82,nominal
viirs_snpp_2026-07-27_1236_38.66970_15.96171,viirs_snpp,N,2026-07-27 12:36:00,38.6697,15.96171,16.75,nominal
viirs_snpp_2026-07-27_1236_38.66919_15.95598,viirs_snpp,N,2026-07-27 12:36:00,38.66919,15.95598,7.82,nominal
viirs_snpp_2026-07-27_1236_38.66732_15.96467,viirs_snpp,N,2026-07-27 12:36:00,38.66732,15.96467,28.5,nominal
viirs_snpp_2026-07-27_1236_38.66685_15.95894,viirs_snpp,N,2026-07-27 12:36:00,38.66685,15.95894,11.55,nominal
viirs_snpp_2026-07-27_1236_38.66639_15.95332,viirs_snpp,N,2026-07-27 12:36:00,38.66639,15.95332,11.55,nominal
viirs_snpp_2026-07-27_1236_38.67134_15.95868,viirs_snpp,N,2026-07-27 12:36:00,38.67134,15.95868,4.36,nominal
viirs_snpp_2026-07-27_1236_38.67088_15.95304,viirs_snpp,N,2026-07-27 12:36:00,38.67088,15.95304,4.36,nominal
viirs_snpp_2026-07-27_1236_39.01575_16.17080,viirs_snpp,N,2026-07-27 12:36:00,39.01575,16.1708,21.51,nominal
viirs_snpp_2026-07-27_1236_40.34092_17.47538,viirs_snpp,N,2026-07-27 12:36:00,40.34092,17.47538,3.5,nominal
viirs_snpp_2026-07-27_1236_39.54630_8.81951,viirs_snpp,N,2026-07-27 12:36:00,39.5463,8.81951,6.22,nominal
viirs_snpp_2026-07-27_1236_40.47264_16.50348,viirs_snpp,N,2026-07-27 12:36:00,40.47264,16.50348,3.04,nominal
viirs_snpp_2026-07-27_1236_41.06765_13.96214,viirs_snpp,N,2026-07-27 12:36:00,41.06765,13.96214,4.06,nominal
viirs_snpp_2026-07-27_1236_40.57604_9.01728,viirs_snpp,N,2026-07-27 12:36:00,40.57604,9.01728,95.8,nominal
viirs_snpp_2026-07-27_1236_41.68843_15.25980,viirs_snpp,N,2026-07-27 12:36:00,41.68843,15.2598,14.02,nominal
viirs_snpp_2026-07-27_1236_41.74503_15.46168,viirs_snpp,N,2026-07-27 12:36:00,41.74503,15.46168,14.26,nominal
viirs_snpp_2026-07-27_1236_41.74953_15.46104,viirs_snpp,N,2026-07-27 12:36:00,41.74953,15.46104,4.84,nominal
viirs_snpp_2026-07-27_1236_41.85171_15.71500,viirs_snpp,N,2026-07-27 12:36:00,41.85171,15.715,4.02,nominal
viirs_snpp_2026-07-27_1238_43.81169_18.99709,viirs_snpp,N,2026-07-27 12:38:00,43.81169,18.99709,2.04,nominal
viirs_snpp_2026-07-27_1238_43.52189_6.02596,viirs_snpp,N,2026-07-27 12:38:00,43.52189,6.02596,6.28,nominal
viirs_snpp_2026-07-27_1238_43.79464_7.37287,viirs_snpp,N,2026-07-27 12:38:00,43.79464,7.37287,4.1,nominal
viirs_snpp_2026-07-27_1238_45.19850_11.89593,viirs_snpp,N,2026-07-27 12:38:00,45.1985,11.89593,3.9,nominal
viirs_snpp_2026-07-27_1238_45.19735_11.89556,viirs_snpp,N,2026-07-27 12:38:00,45.19735,11.89556,7.01,nominal
viirs_snpp_2026-07-27_1238_44.75877_7.92425,viirs_snpp,N,2026-07-27 12:38:00,44.75877,7.92425,1.68,nominal
viirs_snpp_2026-07-27_1238_45.14502_9.94123,viirs_snpp,N,2026-07-27 12:38:00,45.14502,9.94123,7.81,low
viirs_snpp_2026-07-27_1238_45.47884_10.21060,viirs_snpp,N,2026-07-27 12:38:00,45.47884,10.2106,5.77,nominal
viirs_snpp_2026-07-27_1238_45.39799_9.25469,viirs_snpp,N,2026-07-27 12:38:00,45.39799,9.25469,6,low
viirs_snpp_2026-07-27_1238_45.14437_7.17048,viirs_snpp,N,2026-07-27 12:38:00,45.14437,7.17048,2.09,nominal
viirs_snpp_2026-07-27_1238_45.54981_10.20688,viirs_snpp,N,2026-07-27 12:38:00,45.54981,10.20688,2.95,nominal
viirs_snpp_2026-07-27_1238_45.55347_10.20604,viirs_snpp,N,2026-07-27 12:38:00,45.55347,10.20604,2.95,nominal
viirs_snpp_2026-07-27_1238_45.15076_7.04365,viirs_snpp,N,2026-07-27 12:38:00,45.15076,7.04365,2.22,nominal
viirs_snpp_2026-07-27_1238_45.64043_9.36119,viirs_snpp,N,2026-07-27 12:38:00,45.64043,9.36119,2.84,nominal
viirs_snpp_2026-07-27_1238_45.50130_8.13239,viirs_snpp,N,2026-07-27 12:38:00,45.5013,8.13239,2,nominal
viirs_snpp_2026-07-28_0054_43.54232_16.44053,viirs_snpp,N,2026-07-28 00:54:00,43.54232,16.44053,0.61,nominal
viirs_snpp_2026-07-28_0054_43.65719_11.83731,viirs_snpp,N,2026-07-28 00:54:00,43.65719,11.83731,0.75,nominal
viirs_snpp_2026-07-28_0054_43.48641_6.05531,viirs_snpp,N,2026-07-28 00:54:00,43.48641,6.05531,0.71,nominal
viirs_snpp_2026-07-28_0054_43.48091_6.05539,viirs_snpp,N,2026-07-28 00:54:00,43.48091,6.05539,1.02,nominal
viirs_snpp_2026-07-28_0054_41.73692_13.00301,viirs_snpp,N,2026-07-28 00:54:00,41.73692,13.00301,0.78,nominal
viirs_snpp_2026-07-28_0054_40.62135_17.44853,viirs_snpp,N,2026-07-28 00:54:00,40.62135,17.44853,0.43,nominal
viirs_snpp_2026-07-28_0054_40.51948_17.21033,viirs_snpp,N,2026-07-28 00:54:00,40.51948,17.21033,0.77,nominal
viirs_snpp_2026-07-28_0054_40.51619_17.20945,viirs_snpp,N,2026-07-28 00:54:00,40.51619,17.20945,0.77,nominal
viirs_snpp_2026-07-28_0054_40.50423_17.22039,viirs_snpp,N,2026-07-28 00:54:00,40.50423,17.22039,1.53,nominal
viirs_snpp_2026-07-28_0054_40.50163_17.21501,viirs_snpp,N,2026-07-28 00:54:00,40.50163,17.21501,1.53,nominal
viirs_snpp_2026-07-28_0056_40.55820_9.67072,viirs_snpp,N,2026-07-28 00:56:00,40.5582,9.67072,1.1,nominal
viirs_snpp_2026-07-28_0056_38.79583_15.21380,viirs_snpp,N,2026-07-28 00:56:00,38.79583,15.2138,1.39,nominal
viirs_snpp_2026-07-28_0056_38.79244_15.21320,viirs_snpp,N,2026-07-28 00:56:00,38.79244,15.2132,0.58,nominal
viirs_snpp_2026-07-28_0056_38.01635_15.71976,viirs_snpp,N,2026-07-28 00:56:00,38.01635,15.71976,2.73,nominal
viirs_snpp_2026-07-28_0056_38.05035_14.85569,viirs_snpp,N,2026-07-28 00:56:00,38.05035,14.85569,1.95,nominal
viirs_snpp_2026-07-28_0056_38.04970_14.86029,viirs_snpp,N,2026-07-28 00:56:00,38.0497,14.86029,1.11,nominal
viirs_snpp_2026-07-28_0056_37.75519_14.99797,viirs_snpp,N,2026-07-28 00:56:00,37.75519,14.99797,0.96,nominal
viirs_snpp_2026-07-28_0056_37.99278_13.15170,viirs_snpp,N,2026-07-28 00:56:00,37.99278,13.1517,2.44,nominal
viirs_snpp_2026-07-28_0056_37.99216_13.15663,viirs_snpp,N,2026-07-28 00:56:00,37.99216,13.15663,1.15,nominal
viirs_snpp_2026-07-28_0056_36.77566_10.19876,viirs_snpp,N,2026-07-28 00:56:00,36.77566,10.19876,0.86,nominal
viirs_snpp_2026-07-28_0056_36.67707_9.91899,viirs_snpp,N,2026-07-28 00:56:00,36.67707,9.91899,1.06,nominal
viirs_snpp_2026-07-28_0056_36.87868_6.94082,viirs_snpp,N,2026-07-28 00:56:00,36.87868,6.94082,1.45,nominal
viirs_snpp_2026-07-28_0056_36.87058_6.98112,viirs_snpp,N,2026-07-28 00:56:00,36.87058,6.98112,3.16,nominal
viirs_snpp_2026-07-28_0056_36.86292_6.95253,viirs_snpp,N,2026-07-28 00:56:00,36.86292,6.95253,2.61,nominal
viirs_snpp_2026-07-28_0056_36.76231_7.30623,viirs_snpp,N,2026-07-28 00:56:00,36.76231,7.30623,1.54,nominal
viirs_snpp_2026-07-28_0056_36.76339_7.30685,viirs_snpp,N,2026-07-28 00:56:00,36.76339,7.30685,1.36,nominal
viirs_snpp_2026-07-28_0056_36.74797_6.25578,viirs_snpp,N,2026-07-28 00:56:00,36.74797,6.25578,0.62,nominal
viirs_snpp_2026-07-28_0056_36.43109_6.61846,viirs_snpp,N,2026-07-28 00:56:00,36.43109,6.61846,1.31,nominal
viirs_snpp_2026-07-28_0056_36.08590_6.80235,viirs_snpp,N,2026-07-28 00:56:00,36.0859,6.80235,2.2,nominal
viirs_snpp_2026-07-28_0056_35.55144_10.64558,viirs_snpp,N,2026-07-28 00:56:00,35.55144,10.64558,4.42,nominal
viirs_snpp_2026-07-28_0056_35.86699_6.02444,viirs_snpp,N,2026-07-28 00:56:00,35.86699,6.02444,1.31,nominal
viirs_snpp_2026-07-28_0056_35.86672_6.02807,viirs_snpp,N,2026-07-28 00:56:00,35.86672,6.02807,0.67,nominal
viirs_snpp_2026-07-28_0056_35.23028_8.17158,viirs_snpp,N,2026-07-28 00:56:00,35.23028,8.17158,1.35,nominal
viirs_snpp_2026-07-28_0052_47.38210_15.06783,viirs_snpp,N,2026-07-28 00:52:00,47.3821,15.06783,0.86,nominal
viirs_snpp_2026-07-28_0052_47.37845_15.06655,viirs_snpp,N,2026-07-28 00:52:00,47.37845,15.06655,0.86,nominal
viirs_snpp_2026-07-28_0052_46.87169_17.35106,viirs_snpp,N,2026-07-28 00:52:00,46.87169,17.35106,0.66,nominal
viirs_snpp_2026-07-28_0052_46.73837_15.57485,viirs_snpp,N,2026-07-28 00:52:00,46.73837,15.57485,1.17,nominal
viirs_snpp_2026-07-28_0054_46.06950_13.62663,viirs_snpp,N,2026-07-28 00:54:00,46.0695,13.62663,1.27,nominal
viirs_snpp_2026-07-28_0054_46.06873_13.62686,viirs_snpp,N,2026-07-28 00:54:00,46.06873,13.62686,1.35,nominal
viirs_snpp_2026-07-28_0054_45.85749_8.10098,viirs_snpp,N,2026-07-28 00:54:00,45.85749,8.10098,1,nominal
viirs_snpp_2026-07-28_0054_45.68428_9.84567,viirs_snpp,N,2026-07-28 00:54:00,45.68428,9.84567,0.55,nominal
viirs_snpp_2026-07-28_0054_45.47860_10.21195,viirs_snpp,N,2026-07-28 00:54:00,45.4786,10.21195,0.98,nominal
viirs_snpp_2026-07-28_0054_45.14451_9.94426,viirs_snpp,N,2026-07-28 00:54:00,45.14451,9.94426,2.51,nominal
viirs_snpp_2026-07-28_0234_45.51107_10.24335,viirs_snpp,N,2026-07-28 02:34:00,45.51107,10.24335,1.82,nominal
viirs_snpp_2026-07-28_0234_45.50927_10.24903,viirs_snpp,N,2026-07-28 02:34:00,45.50927,10.24903,1.32,nominal
viirs_snpp_2026-07-28_0234_45.87844_8.02162,viirs_snpp,N,2026-07-28 02:34:00,45.87844,8.02162,0.83,nominal
viirs_snpp_2026-07-28_0234_45.87748_8.02493,viirs_snpp,N,2026-07-28 02:34:00,45.87748,8.02493,0.44,nominal
viirs_snpp_2026-07-28_0234_45.14917_9.94261,viirs_snpp,N,2026-07-28 02:34:00,45.14917,9.94261,1.9,nominal
viirs_snpp_2026-07-28_0234_45.14366_9.93921,viirs_snpp,N,2026-07-28 02:34:00,45.14366,9.93921,3.9,nominal
viirs_snpp_2026-07-28_0234_43.48462_6.05598,viirs_snpp,N,2026-07-28 02:34:00,43.48462,6.05598,1.58,nominal
viirs_snpp_2026-07-28_0236_36.86834_6.98624,viirs_snpp,N,2026-07-28 02:36:00,36.86834,6.98624,5.88,nominal
viirs_snpp_2026-07-28_0236_36.76139_7.30921,viirs_snpp,N,2026-07-28 02:36:00,36.76139,7.30921,0.58,nominal
viirs_snpp_2026-07-28_0236_36.86803_6.98744,viirs_snpp,N,2026-07-28 02:36:00,36.86803,6.98744,3.28,nominal
viirs_snpp_2026-07-28_0236_36.76277_7.31161,viirs_snpp,N,2026-07-28 02:36:00,36.76277,7.31161,1.03,nominal
viirs_snpp_2026-07-28_0236_36.74446_6.25627,viirs_snpp,N,2026-07-28 02:36:00,36.74446,6.25627,0.95,nominal
viirs_snpp_2026-07-28_0236_36.74813_6.25824,viirs_snpp,N,2026-07-28 02:36:00,36.74813,6.25824,1.25,nominal
viirs_snpp_2026-07-28_0236_36.43023_6.62007,viirs_snpp,N,2026-07-28 02:36:00,36.43023,6.62007,1.61,nominal
viirs_snpp_2026-07-28_1217_37.00847_14.61964,viirs_snpp,N,2026-07-28 12:17:00,37.00847,14.61964,5.33,nominal
viirs_snpp_2026-07-28_1217_37.14713_14.05043,viirs_snpp,N,2026-07-28 12:17:00,37.14713,14.05043,2.39,low
viirs_snpp_2026-07-28_1217_37.13134_13.94180,viirs_snpp,N,2026-07-28 12:17:00,37.13134,13.9418,3.43,nominal
viirs_snpp_2026-07-28_1217_36.68752_10.10107,viirs_snpp,N,2026-07-28 12:17:00,36.68752,10.10107,4.13,nominal
viirs_snpp_2026-07-28_1217_36.68753_10.09803,viirs_snpp,N,2026-07-28 12:17:00,36.68753,10.09803,4.32,low
viirs_snpp_2026-07-28_1217_35.86877_6.02636,viirs_snpp,N,2026-07-28 12:17:00,35.86877,6.02636,5.09,low
viirs_snpp_2026-07-28_1217_36.23010_7.66867,viirs_snpp,N,2026-07-28 12:17:00,36.2301,7.66867,39.84,low
viirs_snpp_2026-07-28_1217_36.87039_6.98376,viirs_snpp,N,2026-07-28 12:17:00,36.87039,6.98376,8.34,nominal
viirs_snpp_2026-07-28_1217_38.52058_16.47769,viirs_snpp,N,2026-07-28 12:17:00,38.52058,16.47769,1.73,nominal
viirs_snpp_2026-07-28_1217_38.68241_16.17243,viirs_snpp,N,2026-07-28 12:17:00,38.68241,16.17243,5.61,nominal
viirs_snpp_2026-07-28_1217_38.66789_15.96994,viirs_snpp,N,2026-07-28 12:17:00,38.66789,15.96994,2.78,low
viirs_snpp_2026-07-28_1217_38.66672_15.96763,viirs_snpp,N,2026-07-28 12:17:00,38.66672,15.96763,2.01,low
viirs_snpp_2026-07-28_1217_38.89062_16.26522,viirs_snpp,N,2026-07-28 12:17:00,38.89062,16.26522,8.18,nominal
viirs_snpp_2026-07-28_1217_38.89420_16.26452,viirs_snpp,N,2026-07-28 12:17:00,38.8942,16.26452,8.18,nominal
viirs_snpp_2026-07-28_1217_38.89293_16.25407,viirs_snpp,N,2026-07-28 12:17:00,38.89293,16.25407,55.49,nominal
viirs_snpp_2026-07-28_1217_39.64760_16.30452,viirs_snpp,N,2026-07-28 12:17:00,39.6476,16.30452,2.37,low
viirs_snpp_2026-07-28_1217_39.88179_18.26377,viirs_snpp,N,2026-07-28 12:17:00,39.88179,18.26377,4.82,nominal
viirs_snpp_2026-07-28_1217_39.88305_18.26223,viirs_snpp,N,2026-07-28 12:17:00,39.88305,18.26223,3.25,nominal
viirs_snpp_2026-07-28_1219_41.02838_13.99747,viirs_snpp,N,2026-07-28 12:19:00,41.02838,13.99747,2.23,nominal
viirs_snpp_2026-07-28_1219_41.05596_13.91641,viirs_snpp,N,2026-07-28 12:19:00,41.05596,13.91641,4.62,nominal
viirs_snpp_2026-07-28_1219_41.07695_13.91644,viirs_snpp,N,2026-07-28 12:19:00,41.07695,13.91644,4.29,nominal
viirs_snpp_2026-07-28_1219_41.43748_15.90985,viirs_snpp,N,2026-07-28 12:19:00,41.43748,15.90985,10.68,nominal
viirs_snpp_2026-07-28_1219_41.44111_15.90911,viirs_snpp,N,2026-07-28 12:19:00,41.44111,15.90911,7.92,high
viirs_snpp_2026-07-28_1219_41.44045_15.90352,viirs_snpp,N,2026-07-28 12:19:00,41.44045,15.90352,3.54,nominal
viirs_snpp_2026-07-28_1219_41.44474_15.90836,viirs_snpp,N,2026-07-28 12:19:00,41.44474,15.90836,7.92,nominal
viirs_snpp_2026-07-28_1219_41.59481_15.61143,viirs_snpp,N,2026-07-28 12:19:00,41.59481,15.61143,13.09,high
viirs_snpp_2026-07-28_1219_41.59841_15.61067,viirs_snpp,N,2026-07-28 12:19:00,41.59841,15.61067,7.95,nominal
viirs_snpp_2026-07-28_1219_41.82643_15.72112,viirs_snpp,N,2026-07-28 12:19:00,41.82643,15.72112,5.69,nominal
viirs_snpp_2026-07-28_1219_41.82577_15.71550,viirs_snpp,N,2026-07-28 12:19:00,41.82577,15.7155,5.69,nominal
viirs_snpp_2026-07-28_1219_41.63685_13.26958,viirs_snpp,N,2026-07-28 12:19:00,41.63685,13.26958,1.56,low
viirs_snpp_2026-07-28_1217_41.73742_12.36376,viirs_snpp,N,2026-07-28 12:17:00,41.73742,12.36376,1.83,low
viirs_snpp_2026-07-28_1217_41.74072_12.36290,viirs_snpp,N,2026-07-28 12:17:00,41.74072,12.3629,1.75,low
viirs_snpp_2026-07-28_1217_43.04499_17.71641,viirs_snpp,N,2026-07-28 12:17:00,43.04499,17.71641,7.38,high
viirs_snpp_2026-07-28_1217_43.04903_17.71585,viirs_snpp,N,2026-07-28 12:17:00,43.04903,17.71585,7.38,nominal
viirs_snpp_2026-07-28_1217_43.30102_17.82619,viirs_snpp,N,2026-07-28 12:17:00,43.30102,17.82619,1.66,low
viirs_snpp_2026-07-28_1217_42.92573_11.46596,viirs_snpp,N,2026-07-28 12:17:00,42.92573,11.46596,5.12,nominal
viirs_snpp_2026-07-28_1217_43.62781_13.13818,viirs_snpp,N,2026-07-28 12:17:00,43.62781,13.13818,2.78,nominal
viirs_snpp_2026-07-28_1217_43.77782_11.37491,viirs_snpp,N,2026-07-28 12:17:00,43.77782,11.37491,1.51,nominal
viirs_snpp_2026-07-28_1217_43.80070_11.11566,viirs_snpp,N,2026-07-28 12:17:00,43.8007,11.11566,5.55,nominal
viirs_snpp_2026-07-28_1217_43.84007_11.14891,viirs_snpp,N,2026-07-28 12:17:00,43.84007,11.14891,3.72,low
viirs_snpp_2026-07-28_1217_43.84427_11.11501,viirs_snpp,N,2026-07-28 12:17:00,43.84427,11.11501,7.87,nominal
viirs_snpp_2026-07-28_1217_43.84355_11.11025,viirs_snpp,N,2026-07-28 12:17:00,43.84355,11.11025,7.87,low
viirs_snpp_2026-07-28_1217_43.85126_11.09315,viirs_snpp,N,2026-07-28 12:17:00,43.85126,11.09315,6.67,nominal
viirs_snpp_2026-07-28_1217_43.85425_11.06749,viirs_snpp,N,2026-07-28 12:17:00,43.85425,11.06749,3.58,nominal
viirs_snpp_2026-07-28_1217_44.37984_11.73219,viirs_snpp,N,2026-07-28 12:17:00,44.37984,11.73219,2.87,nominal
viirs_snpp_2026-07-28_1217_43.48084_6.05826,viirs_snpp,N,2026-07-28 12:17:00,43.48084,6.05826,7.01,low
viirs_snpp_2026-07-28_1217_43.86227_7.63976,viirs_snpp,N,2026-07-28 12:17:00,43.86227,7.63976,2.59,nominal
viirs_snpp_2026-07-28_1217_44.49417_11.25333,viirs_snpp,N,2026-07-28 12:17:00,44.49417,11.25333,3.82,nominal
viirs_snpp_2026-07-28_1217_44.52832_11.41494,viirs_snpp,N,2026-07-28 12:17:00,44.52832,11.41494,3.4,low
viirs_snpp_2026-07-28_1217_44.48884_11.08601,viirs_snpp,N,2026-07-28 12:17:00,44.48884,11.08601,3.23,nominal
viirs_snpp_2026-07-28_1217_44.54811_11.44181,viirs_snpp,N,2026-07-28 12:17:00,44.54811,11.44181,2.76,nominal
viirs_snpp_2026-07-28_1217_44.53273_10.85219,viirs_snpp,N,2026-07-28 12:17:00,44.53273,10.85219,2.83,nominal
viirs_snpp_2026-07-28_1217_44.54296_10.82908,viirs_snpp,N,2026-07-28 12:17:00,44.54296,10.82908,4.18,nominal
viirs_snpp_2026-07-28_1217_44.54955_10.78196,viirs_snpp,N,2026-07-28 12:17:00,44.54955,10.78196,2.92,low
viirs_snpp_2026-07-28_1217_45.41211_17.67966,viirs_snpp,N,2026-07-28 12:17:00,45.41211,17.67966,1.44,nominal
viirs_snpp_2026-07-28_1217_44.63353_10.96015,viirs_snpp,N,2026-07-28 12:17:00,44.63353,10.96015,4.43,low
viirs_snpp_2026-07-28_1217_44.75547_10.60064,viirs_snpp,N,2026-07-28 12:17:00,44.75547,10.60064,6.18,nominal
viirs_snpp_2026-07-28_1217_44.75500_10.19756,viirs_snpp,N,2026-07-28 12:17:00,44.755,10.19756,3.82,nominal
viirs_snpp_2026-07-28_1217_44.77189_10.21758,viirs_snpp,N,2026-07-28 12:17:00,44.77189,10.21758,1.92,nominal
viirs_snpp_2026-07-28_1217_44.94611_10.70792,viirs_snpp,N,2026-07-28 12:17:00,44.94611,10.70792,5.87,nominal
viirs_snpp_2026-07-28_1217_44.98850_9.92951,viirs_snpp,N,2026-07-28 12:17:00,44.9885,9.92951,2.83,nominal
viirs_snpp_2026-07-28_1217_45.14129_10.85647,viirs_snpp,N,2026-07-28 12:17:00,45.14129,10.85647,3.87,nominal
viirs_snpp_2026-07-28_1217_45.14604_10.86522,viirs_snpp,N,2026-07-28 12:17:00,45.14604,10.86522,1.55,low
viirs_snpp_2026-07-28_1217_45.14437_9.94342,viirs_snpp,N,2026-07-28 12:17:00,45.14437,9.94342,42.16,nominal
viirs_snpp_2026-07-28_1217_45.35245_11.29728,viirs_snpp,N,2026-07-28 12:17:00,45.35245,11.29728,2.61,nominal
viirs_snpp_2026-07-28_1217_45.32417_11.07976,viirs_snpp,N,2026-07-28 12:17:00,45.32417,11.07976,6.71,nominal
viirs_snpp_2026-07-28_1217_44.92243_8.52817,viirs_snpp,N,2026-07-28 12:17:00,44.92243,8.52817,2.05,low
viirs_snpp_2026-07-28_1217_45.88924_15.33025,viirs_snpp,N,2026-07-28 12:17:00,45.88924,15.33025,1.74,nominal
viirs_snpp_2026-07-28_1219_45.88929_15.32985,viirs_snpp,N,2026-07-28 12:19:00,45.88929,15.32985,2.34,nominal
viirs_snpp_2026-07-28_1219_45.41882_11.10110,viirs_snpp,N,2026-07-28 12:19:00,45.41882,11.1011,4.66,nominal
viirs_snpp_2026-07-28_1219_45.41809_11.09618,viirs_snpp,N,2026-07-28 12:19:00,45.41809,11.09618,4.66,nominal
viirs_snpp_2026-07-28_1219_45.45597_10.32504,viirs_snpp,N,2026-07-28 12:19:00,45.45597,10.32504,4.45,nominal
viirs_snpp_2026-07-28_1219_45.47921_10.21298,viirs_snpp,N,2026-07-28 12:19:00,45.47921,10.21298,2.86,low
viirs_snpp_2026-07-28_1219_45.50893_10.24971,viirs_snpp,N,2026-07-28 12:19:00,45.50893,10.24971,1.68,nominal
viirs_snpp_2026-07-28_1219_45.50818_10.24484,viirs_snpp,N,2026-07-28 12:19:00,45.50818,10.24484,1.68,low
viirs_snpp_2026-07-28_1219_45.96654_13.33445,viirs_snpp,N,2026-07-28 12:19:00,45.96654,13.33445,2.82,low
viirs_snpp_2026-07-28_1219_45.37570_9.16999,viirs_snpp,N,2026-07-28 12:19:00,45.3757,9.16999,5.46,low
viirs_snpp_2026-07-28_1219_45.55037_10.20615,viirs_snpp,N,2026-07-28 12:19:00,45.55037,10.20615,5.58,nominal
viirs_snpp_2026-07-28_1219_45.55273_10.20736,viirs_snpp,N,2026-07-28 12:19:00,45.55273,10.20736,11.4,nominal
viirs_snpp_2026-07-28_1219_45.85844_12.26692,viirs_snpp,N,2026-07-28 12:19:00,45.85844,12.26692,3.19,low
viirs_snpp_2026-07-28_1219_45.86250_12.27119,viirs_snpp,N,2026-07-28 12:19:00,45.8625,12.27119,4.4,nominal
viirs_snpp_2026-07-28_1219_45.76455_11.45690,viirs_snpp,N,2026-07-28 12:19:00,45.76455,11.4569,2.36,nominal
viirs_snpp_2026-07-28_1219_45.50257_9.30055,viirs_snpp,N,2026-07-28 12:19:00,45.50257,9.30055,7.14,nominal
viirs_snpp_2026-07-28_1219_45.48531_8.11840,viirs_snpp,N,2026-07-28 12:19:00,45.48531,8.1184,4.74,nominal
viirs_snpp_2026-07-29_0035_47.34520_18.91311,viirs_snpp,N,2026-07-29 00:35:00,47.3452,18.91311,1.02,nominal
viirs_snpp_2026-07-29_0035_47.34378_18.91318,viirs_snpp,N,2026-07-29 00:35:00,47.34378,18.91318,1.25,nominal
viirs_snpp_2026-07-29_0035_46.73814_15.57160,viirs_snpp,N,2026-07-29 00:35:00,46.73814,15.5716,0.71,nominal
viirs_snpp_2026-07-29_0035_45.50818_10.24439,viirs_snpp,N,2026-07-29 00:35:00,45.50818,10.24439,0.83,nominal
viirs_snpp_2026-07-29_0035_45.47988_10.21230,viirs_snpp,N,2026-07-29 00:35:00,45.47988,10.2123,0.71,nominal
viirs_snpp_2026-07-29_0035_45.45976_10.45724,viirs_snpp,N,2026-07-29 00:35:00,45.45976,10.45724,1.85,nominal
viirs_snpp_2026-07-29_0035_45.42762_11.00056,viirs_snpp,N,2026-07-29 00:35:00,45.42762,11.00056,0.31,nominal
viirs_snpp_2026-07-29_0035_45.14736_9.94075,viirs_snpp,N,2026-07-29 00:35:00,45.14736,9.94075,2.26,nominal
viirs_snpp_2026-07-29_0035_43.54160_16.44154,viirs_snpp,N,2026-07-29 00:35:00,43.5416,16.44154,1.19,nominal
viirs_snpp_2026-07-29_0035_43.66024_11.83716,viirs_snpp,N,2026-07-29 00:35:00,43.66024,11.83716,0.77,nominal
viirs_snpp_2026-07-29_0037_40.99108_17.11567,viirs_snpp,N,2026-07-29 00:37:00,40.99108,17.11567,1.01,nominal
viirs_snpp_2026-07-29_0037_40.99401_17.11625,viirs_snpp,N,2026-07-29 00:37:00,40.99401,17.11625,0.62,nominal
viirs_snpp_2026-07-29_0037_41.02752_13.98444,viirs_snpp,N,2026-07-29 00:37:00,41.02752,13.98444,13.79,nominal
viirs_snpp_2026-07-29_0037_40.62869_17.99830,viirs_snpp,N,2026-07-29 00:37:00,40.62869,17.9983,1.19,nominal
viirs_snpp_2026-07-29_0035_40.52037_17.20563,viirs_snpp,N,2026-07-29 00:35:00,40.52037,17.20563,3.46,nominal
viirs_snpp_2026-07-29_0035_40.42144_17.46938,viirs_snpp,N,2026-07-29 00:35:00,40.42144,17.46938,1.18,nominal
viirs_snpp_2026-07-29_0035_40.42078_17.47530,viirs_snpp,N,2026-07-29 00:35:00,40.42078,17.4753,0.82,nominal
viirs_snpp_2026-07-29_0035_40.42091_17.47453,viirs_snpp,N,2026-07-29 00:35:00,40.42091,17.47453,1.78,nominal
viirs_snpp_2026-07-29_0035_40.17040_15.40023,viirs_snpp,N,2026-07-29 00:35:00,40.1704,15.40023,2.57,nominal
viirs_snpp_2026-07-29_0035_39.54822_15.96114,viirs_snpp,N,2026-07-29 00:35:00,39.54822,15.96114,2.67,nominal
viirs_snpp_2026-07-29_0035_39.54490_15.95373,viirs_snpp,N,2026-07-29 00:35:00,39.5449,15.95373,8.43,nominal
viirs_snpp_2026-07-29_0035_39.54424_15.96022,viirs_snpp,N,2026-07-29 00:35:00,39.54424,15.96022,8.43,nominal
viirs_snpp_2026-07-29_0035_39.48249_15.99379,viirs_snpp,N,2026-07-29 00:35:00,39.48249,15.99379,3.68,nominal
viirs_snpp_2026-07-29_0035_39.47857_15.99247,viirs_snpp,N,2026-07-29 00:35:00,39.47857,15.99247,3.68,nominal
viirs_snpp_2026-07-29_0035_39.47926_15.98595,viirs_snpp,N,2026-07-29 00:35:00,39.47926,15.98595,3.68,nominal
viirs_snpp_2026-07-29_0035_39.40534_16.03412,viirs_snpp,N,2026-07-29 00:35:00,39.40534,16.03412,7.44,nominal
viirs_snpp_2026-07-29_0035_39.40394_16.03437,viirs_snpp,N,2026-07-29 00:35:00,39.40394,16.03437,5.57,nominal
viirs_snpp_2026-07-29_0035_38.98535_16.23422,viirs_snpp,N,2026-07-29 00:35:00,38.98535,16.23422,0.67,nominal
viirs_snpp_2026-07-29_0035_38.98151_16.23282,viirs_snpp,N,2026-07-29 00:35:00,38.98151,16.23282,9.36,nominal
viirs_snpp_2026-07-29_0035_38.79490_15.21176,viirs_snpp,N,2026-07-29 00:35:00,38.7949,15.21176,1.65,nominal
viirs_snpp_2026-07-29_0035_38.79556_15.20513,viirs_snpp,N,2026-07-29 00:35:00,38.79556,15.20513,2.62,nominal
viirs_snpp_2026-07-29_0035_39.08391_9.01690,viirs_snpp,N,2026-07-29 00:35:00,39.08391,9.0169,2.6,nominal
viirs_snpp_2026-07-29_0035_37.75431_14.99347,viirs_snpp,N,2026-07-29 00:35:00,37.75431,14.99347,0.66,nominal
viirs_snpp_2026-07-29_0035_37.75386_14.99791,viirs_snpp,N,2026-07-29 00:35:00,37.75386,14.99791,0.66,nominal
viirs_snpp_2026-07-29_0035_37.21061_15.16812,viirs_snpp,N,2026-07-29 00:35:00,37.21061,15.16812,2.61,nominal
viirs_snpp_2026-07-29_0035_37.11359_14.57994,viirs_snpp,N,2026-07-29 00:35:00,37.11359,14.57994,0.57,nominal
viirs_snpp_2026-07-29_0037_36.99009_14.44851,viirs_snpp,N,2026-07-29 00:37:00,36.99009,14.44851,0.67,nominal
viirs_snpp_2026-07-29_0037_36.83052_14.50792,viirs_snpp,N,2026-07-29 00:37:00,36.83052,14.50792,4.01,nominal
viirs_snpp_2026-07-29_0037_36.82634_14.50722,viirs_snpp,N,2026-07-29 00:37:00,36.82634,14.50722,3.41,nominal
viirs_snpp_2026-07-29_0037_36.77822_10.19954,viirs_snpp,N,2026-07-29 00:37:00,36.77822,10.19954,1.4,nominal
viirs_snpp_2026-07-29_0037_36.87139_6.97452,viirs_snpp,N,2026-07-29 00:37:00,36.87139,6.97452,1.95,nominal
viirs_snpp_2026-07-29_0037_36.87117_6.98113,viirs_snpp,N,2026-07-29 00:37:00,36.87117,6.98113,1.95,nominal
viirs_snpp_2026-07-29_0037_36.87737_6.94173,viirs_snpp,N,2026-07-29 00:37:00,36.87737,6.94173,1.42,nominal
viirs_snpp_2026-07-29_0037_36.86952_6.97980,viirs_snpp,N,2026-07-29 00:37:00,36.86952,6.9798,3.14,nominal
viirs_snpp_2026-07-29_0037_36.76257_7.30500,viirs_snpp,N,2026-07-29 00:37:00,36.76257,7.305,1.36,nominal
viirs_snpp_2026-07-29_0037_36.74561_6.25514,viirs_snpp,N,2026-07-29 00:37:00,36.74561,6.25514,5.66,nominal
viirs_snpp_2026-07-29_0037_36.74582_6.24829,viirs_snpp,N,2026-07-29 00:37:00,36.74582,6.24829,4.96,nominal
viirs_snpp_2026-07-29_0037_36.42933_6.62179,viirs_snpp,N,2026-07-29 00:37:00,36.42933,6.62179,1.12,nominal
viirs_snpp_2026-07-29_0037_36.15799_10.28266,viirs_snpp,N,2026-07-29 00:37:00,36.15799,10.28266,0.49,nominal
viirs_snpp_2026-07-29_0037_36.12476_8.96651,viirs_snpp,N,2026-07-29 00:37:00,36.12476,8.96651,1.44,nominal
viirs_snpp_2026-07-29_0037_36.08568_6.80405,viirs_snpp,N,2026-07-29 00:37:00,36.08568,6.80405,1.45,nominal
viirs_snpp_2026-07-29_0037_35.77731_9.89036,viirs_snpp,N,2026-07-29 00:37:00,35.77731,9.89036,0.84,nominal
viirs_snpp_2026-07-29_0037_35.77495_9.88983,viirs_snpp,N,2026-07-29 00:37:00,35.77495,9.88983,0.91,nominal
viirs_snpp_2026-07-29_0037_35.86535_6.02364,viirs_snpp,N,2026-07-29 00:37:00,35.86535,6.02364,0.99,nominal
viirs_snpp_2026-07-29_0037_35.86824_6.02626,viirs_snpp,N,2026-07-29 00:37:00,35.86824,6.02626,1.58,nominal
viirs_snpp_2026-07-29_0037_35.23318_8.16988,viirs_snpp,N,2026-07-29 00:37:00,35.23318,8.16988,1.24,nominal
viirs_snpp_2026-07-29_0217_35.86761_6.02410,viirs_snpp,N,2026-07-29 02:17:00,35.86761,6.0241,1.46,nominal
viirs_snpp_2026-07-29_0217_35.86673_6.02763,viirs_snpp,N,2026-07-29 02:17:00,35.86673,6.02763,1.07,nominal
viirs_snpp_2026-07-29_0217_35.23262_8.17076,viirs_snpp,N,2026-07-29 02:17:00,35.23262,8.17076,1.23,nominal
viirs_snpp_2026-07-29_0213_47.34520_18.91180,viirs_snpp,N,2026-07-29 02:13:00,47.3452,18.9118,0.82,nominal
viirs_snpp_2026-07-29_0213_47.46774_12.62831,viirs_snpp,N,2026-07-29 02:13:00,47.46774,12.62831,0.74,nominal
viirs_snpp_2026-07-29_0213_46.42149_14.09509,viirs_snpp,N,2026-07-29 02:13:00,46.42149,14.09509,0.23,nominal
viirs_snpp_2026-07-29_0213_46.06983_13.62621,viirs_snpp,N,2026-07-29 02:13:00,46.06983,13.62621,0.62,nominal
viirs_snpp_2026-07-29_0213_46.17540_12.73880,viirs_snpp,N,2026-07-29 02:13:00,46.1754,12.7388,0.62,nominal
viirs_snpp_2026-07-29_0213_47.17479_7.56125,viirs_snpp,N,2026-07-29 02:13:00,47.17479,7.56125,0.87,nominal
viirs_snpp_2026-07-29_0215_45.45923_10.45477,viirs_snpp,N,2026-07-29 02:15:00,45.45923,10.45477,1.09,nominal
viirs_snpp_2026-07-29_0215_45.51063_10.24358,viirs_snpp,N,2026-07-29 02:15:00,45.51063,10.24358,2.02,nominal
viirs_snpp_2026-07-29_0215_45.47782_10.20986,viirs_snpp,N,2026-07-29 02:15:00,45.47782,10.20986,1.81,nominal
viirs_snpp_2026-07-29_0215_45.47836_10.21153,viirs_snpp,N,2026-07-29 02:15:00,45.47836,10.21153,2.36,nominal
viirs_snpp_2026-07-29_0215_45.52254_8.94722,viirs_snpp,N,2026-07-29 02:15:00,45.52254,8.94722,3.91,nominal
viirs_snpp_2026-07-29_0215_45.14677_9.94199,viirs_snpp,N,2026-07-29 02:15:00,45.14677,9.94199,6.47,nominal
viirs_snpp_2026-07-29_0215_41.52119_15.87521,viirs_snpp,N,2026-07-29 02:15:00,41.52119,15.87521,1.55,nominal
viirs_snpp_2026-07-29_0215_42.28529_13.36129,viirs_snpp,N,2026-07-29 02:15:00,42.28529,13.36129,1.36,nominal
viirs_snpp_2026-07-29_0215_42.28377_13.36127,viirs_snpp,N,2026-07-29 02:15:00,42.28377,13.36127,2.48,nominal
viirs_snpp_2026-07-29_0215_41.02603_13.98305,viirs_snpp,N,2026-07-29 02:15:00,41.02603,13.98305,0.75,nominal
viirs_snpp_2026-07-29_0215_40.17139_15.39739,viirs_snpp,N,2026-07-29 02:15:00,40.17139,15.39739,1.63,nominal
viirs_snpp_2026-07-29_0215_40.17737_15.38663,viirs_snpp,N,2026-07-29 02:15:00,40.17737,15.38663,1.08,nominal
viirs_snpp_2026-07-29_0215_40.17272_15.40063,viirs_snpp,N,2026-07-29 02:15:00,40.17272,15.40063,1.72,nominal
viirs_snpp_2026-07-29_0215_40.55718_9.66539,viirs_snpp,N,2026-07-29 02:15:00,40.55718,9.66539,1.03,nominal
viirs_snpp_2026-07-29_0215_38.79394_15.21152,viirs_snpp,N,2026-07-29 02:15:00,38.79394,15.21152,0.24,nominal
viirs_snpp_2026-07-29_0215_39.27826_9.01365,viirs_snpp,N,2026-07-29 02:15:00,39.27826,9.01365,0.36,nominal
viirs_snpp_2026-07-29_0215_39.08062_9.02023,viirs_snpp,N,2026-07-29 02:15:00,39.08062,9.02023,1.95,nominal
viirs_snpp_2026-07-29_0215_39.21287_8.40472,viirs_snpp,N,2026-07-29 02:15:00,39.21287,8.40472,0.64,nominal
viirs_snpp_2026-07-29_0217_36.86831_6.98325,viirs_snpp,N,2026-07-29 02:17:00,36.86831,6.98325,2.15,nominal
viirs_snpp_2026-07-29_0217_36.87784_6.94678,viirs_snpp,N,2026-07-29 02:17:00,36.87784,6.94678,1.25,nominal
viirs_snpp_2026-07-29_0217_36.88270_6.96231,viirs_snpp,N,2026-07-29 02:17:00,36.8827,6.96231,1.55,nominal
viirs_snpp_2026-07-29_0217_36.87132_6.98550,viirs_snpp,N,2026-07-29 02:17:00,36.87132,6.9855,0.81,nominal
viirs_snpp_2026-07-29_0217_36.87558_6.94716,viirs_snpp,N,2026-07-29 02:17:00,36.87558,6.94716,1.39,nominal
viirs_snpp_2026-07-29_0217_36.86628_6.98372,viirs_snpp,N,2026-07-29 02:17:00,36.86628,6.98372,0.81,nominal
viirs_snpp_2026-07-29_0217_36.76104_7.30685,viirs_snpp,N,2026-07-29 02:17:00,36.76104,7.30685,1.08,nominal
viirs_snpp_2026-07-29_0217_36.74690_6.25714,viirs_snpp,N,2026-07-29 02:17:00,36.7469,6.25714,6.09,nominal
viirs_snpp_2026-07-29_0217_36.43046_6.62371,viirs_snpp,N,2026-07-29 02:17:00,36.43046,6.62371,1.54,nominal
viirs_snpp_2026-07-29_1157_36.99493_14.37035,viirs_snpp,N,2026-07-29 11:57:00,36.99493,14.37035,2.69,low
viirs_snpp_2026-07-29_1157_37.30999_14.33701,viirs_snpp,N,2026-07-29 11:57:00,37.30999,14.33701,17.74,nominal
viirs_snpp_2026-07-29_1157_37.31346_14.33588,viirs_snpp,N,2026-07-29 11:57:00,37.31346,14.33588,5.57,nominal
viirs_snpp_2026-07-29_1157_35.66896_6.12921,viirs_snpp,N,2026-07-29 11:57:00,35.66896,6.12921,11.07,high
viirs_snpp_2026-07-29_1157_35.66784_6.12492,viirs_snpp,N,2026-07-29 11:57:00,35.66784,6.12492,7.43,nominal
viirs_snpp_2026-07-29_1157_37.84263_14.90808,viirs_snpp,N,2026-07-29 11:57:00,37.84263,14.90808,5.72,nominal
viirs_snpp_2026-07-29_1157_37.84686_14.91175,viirs_snpp,N,2026-07-29 11:57:00,37.84686,14.91175,12.43,nominal
viirs_snpp_2026-07-29_1157_37.86914_15.01802,viirs_snpp,N,2026-07-29 11:57:00,37.86914,15.01802,3.7,low
viirs_snpp_2026-07-29_1157_38.22638_15.65914,viirs_snpp,N,2026-07-29 11:57:00,38.22638,15.65914,5.46,nominal
viirs_snpp_2026-07-29_1157_37.86493_12.55646,viirs_snpp,N,2026-07-29 11:57:00,37.86493,12.55646,6.26,nominal
viirs_snpp_2026-07-29_1157_38.58538_16.16935,viirs_snpp,N,2026-07-29 11:57:00,38.58538,16.16935,8.59,nominal
viirs_snpp_2026-07-29_1157_38.58466_16.16491,viirs_snpp,N,2026-07-29 11:57:00,38.58466,16.16491,8.72,nominal
viirs_snpp_2026-07-29_1157_38.67991_16.16422,viirs_snpp,N,2026-07-29 11:57:00,38.67991,16.16422,7.69,nominal
viirs_snpp_2026-07-29_1157_38.67918_16.15977,viirs_snpp,N,2026-07-29 11:57:00,38.67918,16.15977,4.06,nominal
viirs_snpp_2026-07-29_1157_38.68249_16.15891,viirs_snpp,N,2026-07-29 11:57:00,38.68249,16.15891,4.06,nominal
viirs_snpp_2026-07-29_1157_38.79151_16.47813,viirs_snpp,N,2026-07-29 11:57:00,38.79151,16.47813,8.02,nominal
viirs_snpp_2026-07-29_1157_38.79079_16.47372,viirs_snpp,N,2026-07-29 11:57:00,38.79079,16.47372,22.45,low
viirs_snpp_2026-07-29_1157_38.79481_16.47727,viirs_snpp,N,2026-07-29 11:57:00,38.79481,16.47727,8.02,nominal
viirs_snpp_2026-07-29_1157_38.79410_16.47285,viirs_snpp,N,2026-07-29 11:57:00,38.7941,16.47285,22.45,nominal
viirs_snpp_2026-07-29_1157_38.79339_16.46845,viirs_snpp,N,2026-07-29 11:57:00,38.79339,16.46845,22.45,nominal
viirs_snpp_2026-07-29_1157_36.86863_6.97965,viirs_snpp,N,2026-07-29 11:57:00,36.86863,6.97965,7.94,high
viirs_snpp_2026-07-29_1157_38.98056_16.23770,viirs_snpp,N,2026-07-29 11:57:00,38.98056,16.2377,7.89,nominal
viirs_snpp_2026-07-29_1157_39.48296_15.97857,viirs_snpp,N,2026-07-29 11:57:00,39.48296,15.97857,2.17,low
viirs_snpp_2026-07-29_1157_39.53699_15.95006,viirs_snpp,N,2026-07-29 11:57:00,39.53699,15.95006,17.53,nominal
viirs_snpp_2026-07-29_1157_39.54103_15.95367,viirs_snpp,N,2026-07-29 11:57:00,39.54103,15.95367,23.91,nominal
viirs_snpp_2026-07-29_1157_39.54029_15.94916,viirs_snpp,N,2026-07-29 11:57:00,39.54029,15.94916,17.53,nominal
viirs_snpp_2026-07-29_1157_39.95553_18.10647,viirs_snpp,N,2026-07-29 11:57:00,39.95553,18.10647,7.04,nominal
viirs_snpp_2026-07-29_1157_40.50329_17.21812,viirs_snpp,N,2026-07-29 11:57:00,40.50329,17.21812,6.43,nominal
viirs_snpp_2026-07-29_1157_40.54041_16.83455,viirs_snpp,N,2026-07-29 11:57:00,40.54041,16.83455,4.75,nominal
viirs_snpp_2026-07-29_1157_40.84592_16.92772,viirs_snpp,N,2026-07-29 11:57:00,40.84592,16.92772,4.6,low
viirs_snpp_2026-07-29_1157_40.94346_16.87612,viirs_snpp,N,2026-07-29 11:57:00,40.94346,16.87612,1.29,nominal
viirs_snpp_2026-07-29_1157_40.97638_16.98093,viirs_snpp,N,2026-07-29 11:57:00,40.97638,16.98093,4.81,nominal
viirs_snpp_2026-07-29_1157_40.92510_15.71385,viirs_snpp,N,2026-07-29 11:57:00,40.9251,15.71385,3.35,low
viirs_snpp_2026-07-29_1157_40.92914_15.71749,viirs_snpp,N,2026-07-29 11:57:00,40.92914,15.71749,5.33,low
viirs_snpp_2026-07-29_1157_40.92767_15.70836,viirs_snpp,N,2026-07-29 11:57:00,40.92767,15.70836,7.15,nominal
viirs_snpp_2026-07-29_1157_40.93169_15.71197,viirs_snpp,N,2026-07-29 11:57:00,40.93169,15.71197,5.33,nominal
viirs_snpp_2026-07-29_1157_40.93096_15.70743,viirs_snpp,N,2026-07-29 11:57:00,40.93096,15.70743,7.15,low
viirs_snpp_2026-07-29_1157_41.45943_15.90587,viirs_snpp,N,2026-07-29 11:57:00,41.45943,15.90587,58.05,high
viirs_snpp_2026-07-29_1157_41.45871_15.90129,viirs_snpp,N,2026-07-29 11:57:00,41.45871,15.90129,23.12,high
viirs_snpp_2026-07-29_1157_41.46016_15.91045,viirs_snpp,N,2026-07-29 11:57:00,41.46016,15.91045,58.05,nominal
viirs_snpp_2026-07-29_1157_41.46345_15.90953,viirs_snpp,N,2026-07-29 11:57:00,41.46345,15.90953,18.09,nominal
viirs_snpp_2026-07-29_1157_41.46273_15.90495,viirs_snpp,N,2026-07-29 11:57:00,41.46273,15.90495,18.09,nominal
viirs_snpp_2026-07-29_1157_41.23637_13.80792,viirs_snpp,N,2026-07-29 11:57:00,41.23637,13.80792,13.88,nominal
viirs_snpp_2026-07-29_1157_41.28953_13.67153,viirs_snpp,N,2026-07-29 11:57:00,41.28953,13.67153,5.22,nominal
viirs_snpp_2026-07-29_1157_41.29301_13.67094,viirs_snpp,N,2026-07-29 11:57:00,41.29301,13.67094,5.22,nominal
viirs_snpp_2026-07-29_1157_41.64139_12.77720,viirs_snpp,N,2026-07-29 11:57:00,41.64139,12.7772,7.89,nominal
viirs_snpp_2026-07-29_1200_43.33787_17.35072,viirs_snpp,N,2026-07-29 12:00:00,43.33787,17.35072,5.2,nominal
viirs_snpp_2026-07-29_1200_43.34120_17.34977,viirs_snpp,N,2026-07-29 12:00:00,43.3412,17.34977,29.95,nominal
viirs_snpp_2026-07-29_1200_42.65163_11.55859,viirs_snpp,N,2026-07-29 12:00:00,42.65163,11.55859,7.41,nominal
viirs_snpp_2026-07-29_1200_42.29148_9.09790,viirs_snpp,N,2026-07-29 12:00:00,42.29148,9.0979,6.78,nominal
viirs_snpp_2026-07-29_1200_44.83018_17.15862,viirs_snpp,N,2026-07-29 12:00:00,44.83018,17.15862,4.92,nominal
viirs_snpp_2026-07-29_1200_44.95420_15.81599,viirs_snpp,N,2026-07-29 12:00:00,44.9542,15.81599,1.18,nominal
viirs_snpp_2026-07-29_1200_44.95678_15.81016,viirs_snpp,N,2026-07-29 12:00:00,44.95678,15.81016,2.13,nominal
viirs_snpp_2026-07-29_1200_45.19362_15.91886,viirs_snpp,N,2026-07-29 12:00:00,45.19362,15.91886,2.25,low
viirs_snpp_2026-07-29_1200_45.55062_15.16742,viirs_snpp,N,2026-07-29 12:00:00,45.55062,15.16742,1.68,nominal
viirs_snpp_2026-07-29_1200_45.55293_15.16869,viirs_snpp,N,2026-07-29 12:00:00,45.55293,15.16869,5.04,nominal
viirs_snpp_2026-07-29_1200_45.14474_9.94665,viirs_snpp,N,2026-07-29 12:00:00,45.14474,9.94665,4.59,low
viirs_snpp_2026-07-29_1200_46.79402_18.92724,viirs_snpp,N,2026-07-29 12:00:00,46.79402,18.92724,2.51,nominal
viirs_snpp_2026-07-29_1200_45.51042_10.24768,viirs_snpp,N,2026-07-29 12:00:00,45.51042,10.24768,3.44,nominal
viirs_snpp_2026-07-29_1200_44.93864_7.51345,viirs_snpp,N,2026-07-29 12:00:00,44.93864,7.51345,4.24,nominal
viirs_snpp_2026-07-29_1200_44.93752_7.50847,viirs_snpp,N,2026-07-29 12:00:00,44.93752,7.50847,2.55,nominal
viirs_snpp_2026-07-29_1200_45.32789_9.21278,viirs_snpp,N,2026-07-29 12:00:00,45.32789,9.21278,3.65,nominal
viirs_snpp_2026-07-29_1200_46.08632_13.18274,viirs_snpp,N,2026-07-29 12:00:00,46.08632,13.18274,2.11,nominal
viirs_snpp_2026-07-29_1200_45.58955_9.32760,viirs_snpp,N,2026-07-29 12:00:00,45.58955,9.3276,2.91,nominal
viirs_snpp_2026-07-29_1200_45.54247_9.00930,viirs_snpp,N,2026-07-29 12:00:00,45.54247,9.0093,2.78,low
viirs_snpp_2026-07-29_1200_47.09684_17.91923,viirs_snpp,N,2026-07-29 12:00:00,47.09684,17.91923,4.47,nominal
viirs_snpp_2026-07-29_1200_45.70026_9.19072,viirs_snpp,N,2026-07-29 12:00:00,45.70026,9.19072,7.27,nominal
viirs_snpp_2026-07-29_1200_47.17789_18.20644,viirs_snpp,N,2026-07-29 12:00:00,47.17789,18.20644,4.34,low
viirs_snpp_2026-07-29_1200_46.67233_13.00606,viirs_snpp,N,2026-07-29 12:00:00,46.67233,13.00606,3.6,nominal
viirs_snpp_2026-07-29_1338_35.65872_6.12764,viirs_snpp,N,2026-07-29 13:38:00,35.65872,6.12764,25.37,nominal
viirs_snpp_2026-07-29_1338_35.66510_6.13395,viirs_snpp,N,2026-07-29 13:38:00,35.6651,6.13395,44.14,high
viirs_snpp_2026-07-29_1338_35.66482_6.12828,viirs_snpp,N,2026-07-29 13:38:00,35.66482,6.12828,25.37,nominal
viirs_snpp_2026-07-29_1338_35.66002_6.13092,viirs_snpp,N,2026-07-29 13:38:00,35.66002,6.13092,9.64,high
viirs_snpp_2026-07-29_1338_35.65978_6.12545,viirs_snpp,N,2026-07-29 13:38:00,35.65978,6.12545,9.64,nominal
viirs_snpp_2026-07-29_1338_35.66612_6.13157,viirs_snpp,N,2026-07-29 13:38:00,35.66612,6.13157,25.31,high
viirs_snpp_2026-07-29_1338_35.66637_6.13752,viirs_snpp,N,2026-07-29 13:38:00,35.66637,6.13752,16.24,nominal
viirs_snpp_2026-07-29_1338_35.66588_6.12612,viirs_snpp,N,2026-07-29 13:38:00,35.66588,6.12612,25.31,nominal
viirs_snpp_2026-07-29_1338_36.86679_6.98651,viirs_snpp,N,2026-07-29 13:38:00,36.86679,6.98651,7.31,nominal
viirs_snpp_2026-07-30_0013_47.34528_18.90986,viirs_snpp,N,2026-07-30 00:13:00,47.34528,18.90986,1.3,nominal
viirs_snpp_2026-07-30_0013_47.34619_18.91111,viirs_snpp,N,2026-07-30 00:13:00,47.34619,18.91111,1.32,nominal
viirs_snpp_2026-07-30_0016_43.65866_11.83841,viirs_snpp,N,2026-07-30 00:16:00,43.65866,11.83841,1.18,nominal
viirs_snpp_2026-07-30_0016_43.32172_10.52232,viirs_snpp,N,2026-07-30 00:16:00,43.32172,10.52232,1.65,nominal
viirs_snpp_2026-07-30_0016_43.32331_10.51926,viirs_snpp,N,2026-07-30 00:16:00,43.32331,10.51926,1.91,nominal
viirs_snpp_2026-07-30_0016_41.82734_15.20347,viirs_snpp,N,2026-07-30 00:16:00,41.82734,15.20347,0.54,nominal
viirs_snpp_2026-07-30_0016_40.63006_18.00108,viirs_snpp,N,2026-07-30 00:16:00,40.63006,18.00108,1.9,nominal
viirs_snpp_2026-07-30_0016_40.62830_18.00083,viirs_snpp,N,2026-07-30 00:16:00,40.6283,18.00083,1.24,nominal
viirs_snpp_2026-07-30_0016_40.70852_16.44943,viirs_snpp,N,2026-07-30 00:16:00,40.70852,16.44943,0.48,nominal
viirs_snpp_2026-07-30_0016_40.66510_16.65123,viirs_snpp,N,2026-07-30 00:16:00,40.6651,16.65123,1.49,nominal
viirs_snpp_2026-07-30_0018_38.79352_15.20497,viirs_snpp,N,2026-07-30 00:18:00,38.79352,15.20497,1.17,nominal
viirs_snpp_2026-07-30_0018_38.62019_16.03382,viirs_snpp,N,2026-07-30 00:18:00,38.62019,16.03382,0.9,nominal
viirs_snpp_2026-07-30_0018_38.61512_16.03245,viirs_snpp,N,2026-07-30 00:18:00,38.61512,16.03245,2.68,nominal
viirs_snpp_2026-07-30_0018_37.68660_15.11433,viirs_snpp,N,2026-07-30 00:18:00,37.6866,15.11433,0.49,nominal
viirs_snpp_2026-07-30_0018_37.43893_15.02918,viirs_snpp,N,2026-07-30 00:18:00,37.43893,15.02918,0.79,nominal
viirs_snpp_2026-07-30_0156_47.46762_12.62685,viirs_snpp,N,2026-07-30 01:56:00,47.46762,12.62685,0.68,nominal
viirs_snpp_2026-07-30_0156_46.49441_11.43083,viirs_snpp,N,2026-07-30 01:56:00,46.49441,11.43083,0.64,nominal
viirs_snpp_2026-07-30_0156_46.49060_11.42879,viirs_snpp,N,2026-07-30 01:56:00,46.4906,11.42879,0.83,nominal
viirs_snpp_2026-07-30_0156_46.17829_12.73819,viirs_snpp,N,2026-07-30 01:56:00,46.17829,12.73819,0.7,nominal
viirs_snpp_2026-07-30_0156_47.17426_7.56128,viirs_snpp,N,2026-07-30 01:56:00,47.17426,7.56128,1.72,nominal
viirs_snpp_2026-07-30_0156_45.51722_10.34242,viirs_snpp,N,2026-07-30 01:56:00,45.51722,10.34242,1.23,nominal
viirs_snpp_2026-07-30_0156_45.51009_10.24259,viirs_snpp,N,2026-07-30 01:56:00,45.51009,10.24259,2.6,nominal
viirs_snpp_2026-07-30_0156_45.46003_10.45236,viirs_snpp,N,2026-07-30 01:56:00,45.46003,10.45236,1.22,nominal
viirs_snpp_2026-07-30_0156_45.47913_10.21413,viirs_snpp,N,2026-07-30 01:56:00,45.47913,10.21413,1.68,nominal
viirs_snpp_2026-07-30_0156_43.54173_16.43824,viirs_snpp,N,2026-07-30 01:56:00,43.54173,16.43824,0.48,nominal
viirs_snpp_2026-07-30_0156_45.14595_9.94486,viirs_snpp,N,2026-07-30 01:56:00,45.14595,9.94486,2.06,nominal
viirs_snpp_2026-07-30_0156_45.14531_9.94364,viirs_snpp,N,2026-07-30 01:56:00,45.14531,9.94364,3.6,nominal
viirs_snpp_2026-07-30_0156_43.36429_12.54447,viirs_snpp,N,2026-07-30 01:56:00,43.36429,12.54447,0.86,nominal
viirs_snpp_2026-07-30_0158_43.39543_6.08742,viirs_snpp,N,2026-07-30 01:58:00,43.39543,6.08742,1.39,nominal
viirs_snpp_2026-07-30_0158_43.39203_6.08620,viirs_snpp,N,2026-07-30 01:58:00,43.39203,6.0862,1.56,nominal
viirs_snpp_2026-07-30_0158_40.95152_15.66801,viirs_snpp,N,2026-07-30 01:58:00,40.95152,15.66801,0.5,nominal
viirs_snpp_2026-07-30_0158_40.55812_9.66877,viirs_snpp,N,2026-07-30 01:58:00,40.55812,9.66877,1.58,nominal
viirs_snpp_2026-07-30_0158_38.79591_15.21547,viirs_snpp,N,2026-07-30 01:58:00,38.79591,15.21547,0.92,nominal
viirs_snpp_2026-07-30_0158_38.79076_15.21142,viirs_snpp,N,2026-07-30 01:58:00,38.79076,15.21142,0.14,nominal
viirs_snpp_2026-07-30_0158_37.74926_15.00511,viirs_snpp,N,2026-07-30 01:58:00,37.74926,15.00511,2.97,nominal
viirs_snpp_2026-07-30_0158_37.75196_14.99574,viirs_snpp,N,2026-07-30 01:58:00,37.75196,14.99574,1.82,nominal
viirs_snpp_2026-07-30_0158_36.87823_6.94603,viirs_snpp,N,2026-07-30 01:58:00,36.87823,6.94603,1.05,nominal
viirs_snpp_2026-07-30_0158_36.87016_6.98398,viirs_snpp,N,2026-07-30 01:58:00,36.87016,6.98398,1.09,nominal
viirs_snpp_2026-07-30_0158_36.76235_7.30690,viirs_snpp,N,2026-07-30 01:58:00,36.76235,7.3069,1.52,nominal
viirs_snpp_2026-07-30_0158_36.74573_6.25491,viirs_snpp,N,2026-07-30 01:58:00,36.74573,6.25491,1.9,nominal
viirs_snpp_2026-07-30_0158_36.74553_6.25438,viirs_snpp,N,2026-07-30 01:58:00,36.74553,6.25438,3.33,nominal
viirs_snpp_2026-07-30_0158_36.43087_6.62124,viirs_snpp,N,2026-07-30 01:58:00,36.43087,6.62124,1.46,nominal
viirs_snpp_2026-07-30_0158_36.42916_6.62049,viirs_snpp,N,2026-07-30 01:58:00,36.42916,6.62049,1.67,nominal
viirs_snpp_2026-07-30_0200_35.86705_6.02551,viirs_snpp,N,2026-07-30 02:00:00,35.86705,6.02551,2.77,nominal
viirs_snpp_2026-07-30_0200_35.23225_8.17355,viirs_snpp,N,2026-07-30 02:00:00,35.23225,8.17355,1.11,nominal
viirs_snpp_2026-07-30_1138_37.14595_15.19674,viirs_snpp,N,2026-07-30 11:38:00,37.14595,15.19674,6.92,nominal
viirs_snpp_2026-07-30_1138_37.17253_14.25974,viirs_snpp,N,2026-07-30 11:38:00,37.17253,14.25974,5.63,nominal
viirs_snpp_2026-07-30_1138_37.17704_14.25888,viirs_snpp,N,2026-07-30 11:38:00,37.17704,14.25888,3.77,low
viirs_snpp_2026-07-30_1138_37.17439_14.25823,viirs_snpp,N,2026-07-30 11:38:00,37.17439,14.25823,5.66,nominal
viirs_snpp_2026-07-30_1140_37.18769_13.78017,viirs_snpp,N,2026-07-30 11:40:00,37.18769,13.78017,5.34,nominal
viirs_snpp_2026-07-30_1140_37.18357_13.76229,viirs_snpp,N,2026-07-30 11:40:00,37.18357,13.76229,3.18,low
viirs_snpp_2026-07-30_1140_37.18725_13.77807,viirs_snpp,N,2026-07-30 11:40:00,37.18725,13.77807,5.47,nominal
viirs_snpp_2026-07-30_1140_37.18300_13.76014,viirs_snpp,N,2026-07-30 11:40:00,37.183,13.76014,2.58,low
viirs_snpp_2026-07-30_1140_37.61512_14.92047,viirs_snpp,N,2026-07-30 11:40:00,37.61512,14.92047,2.76,low
viirs_snpp_2026-07-30_1140_37.41221_13.77319,viirs_snpp,N,2026-07-30 11:40:00,37.41221,13.77319,3.58,nominal
viirs_snpp_2026-07-30_1140_37.98270_15.71354,viirs_snpp,N,2026-07-30 11:40:00,37.9827,15.71354,3.38,low
viirs_snpp_2026-07-30_1140_36.19567_8.52176,viirs_snpp,N,2026-07-30 11:40:00,36.19567,8.52176,12.29,high
viirs_snpp_2026-07-30_1140_38.03829_15.75478,viirs_snpp,N,2026-07-30 11:40:00,38.03829,15.75478,3.3,nominal
viirs_snpp_2026-07-30_1140_38.03732_15.75020,viirs_snpp,N,2026-07-30 11:40:00,38.03732,15.7502,3.38,low
viirs_snpp_2026-07-30_1140_38.20612_16.22665,viirs_snpp,N,2026-07-30 11:40:00,38.20612,16.22665,4.77,nominal
viirs_snpp_2026-07-30_1140_37.68987_12.71958,viirs_snpp,N,2026-07-30 11:40:00,37.68987,12.71958,2.92,nominal
viirs_snpp_2026-07-30_1140_38.57114_16.11412,viirs_snpp,N,2026-07-30 11:40:00,38.57114,16.11412,1.89,nominal
viirs_snpp_2026-07-30_1140_38.60923_16.12233,viirs_snpp,N,2026-07-30 11:40:00,38.60923,16.12233,6.15,low
viirs_snpp_2026-07-30_1140_38.63646_15.87555,viirs_snpp,N,2026-07-30 11:40:00,38.63646,15.87555,17.85,nominal
viirs_snpp_2026-07-30_1140_38.63378_15.87496,viirs_snpp,N,2026-07-30 11:40:00,38.63378,15.87496,6.63,nominal
viirs_snpp_2026-07-30_1140_38.63762_15.87342,viirs_snpp,N,2026-07-30 11:40:00,38.63762,15.87342,6.63,nominal
viirs_snpp_2026-07-30_1140_37.93537_12.62930,viirs_snpp,N,2026-07-30 11:40:00,37.93537,12.6293,12.94,nominal
viirs_snpp_2026-07-30_1140_37.93999_12.62747,viirs_snpp,N,2026-07-30 11:40:00,37.93999,12.62747,12.94,high
viirs_snpp_2026-07-30_1140_37.94459_12.62558,viirs_snpp,N,2026-07-30 11:40:00,37.94459,12.62558,7.11,nominal
viirs_snpp_2026-07-30_1140_38.79169_16.37263,viirs_snpp,N,2026-07-30 11:40:00,38.79169,16.37263,3.45,nominal
viirs_snpp_2026-07-30_1140_38.90494_16.38561,viirs_snpp,N,2026-07-30 11:40:00,38.90494,16.38561,3.96,nominal
viirs_snpp_2026-07-30_1140_39.98907_18.10331,viirs_snpp,N,2026-07-30 11:40:00,39.98907,18.10331,5.34,nominal
viirs_snpp_2026-07-30_1140_40.49378_17.98248,viirs_snpp,N,2026-07-30 11:40:00,40.49378,17.98248,6.83,low
viirs_snpp_2026-07-30_1140_40.49290_17.98013,viirs_snpp,N,2026-07-30 11:40:00,40.4929,17.98013,7.42,nominal
viirs_snpp_2026-07-30_1140_40.65834_16.65280,viirs_snpp,N,2026-07-30 11:40:00,40.65834,16.6528,10.97,low
viirs_snpp_2026-07-30_1140_40.66917_16.64886,viirs_snpp,N,2026-07-30 11:40:00,40.66917,16.64886,10.1,low
viirs_snpp_2026-07-30_1140_40.67098_16.64713,viirs_snpp,N,2026-07-30 11:40:00,40.67098,16.64713,4.31,nominal
viirs_snpp_2026-07-30_1140_39.57067_8.81212,viirs_snpp,N,2026-07-30 11:40:00,39.57067,8.81212,3.14,high
viirs_snpp_2026-07-30_1140_39.56940_8.80749,viirs_snpp,N,2026-07-30 11:40:00,39.5694,8.80749,3.14,nominal
viirs_snpp_2026-07-30_1140_39.57599_8.80972,viirs_snpp,N,2026-07-30 11:40:00,39.57599,8.80972,3.14,nominal
viirs_snpp_2026-07-30_1140_39.57472_8.80511,viirs_snpp,N,2026-07-30 11:40:00,39.57472,8.80511,3.14,nominal
viirs_snpp_2026-07-30_1140_41.31086_15.81891,viirs_snpp,N,2026-07-30 11:40:00,41.31086,15.81891,3.07,low
viirs_snpp_2026-07-30_1140_41.01999_13.98355,viirs_snpp,N,2026-07-30 11:40:00,41.01999,13.98355,4.97,low
viirs_snpp_2026-07-30_1140_41.01891_13.97875,viirs_snpp,N,2026-07-30 11:40:00,41.01891,13.97875,3.3,nominal
viirs_snpp_2026-07-30_1140_41.45330_15.36044,viirs_snpp,N,2026-07-30 11:40:00,41.4533,15.36044,4.56,low
viirs_snpp_2026-07-30_1140_41.27029_13.91375,viirs_snpp,N,2026-07-30 11:40:00,41.27029,13.91375,23.94,nominal
viirs_snpp_2026-07-30_1140_41.82220_15.71321,viirs_snpp,N,2026-07-30 11:40:00,41.8222,15.71321,2.93,low
viirs_snpp_2026-07-30_1140_41.50564_13.91504,viirs_snpp,N,2026-07-30 11:40:00,41.50564,13.91504,8.81,nominal
viirs_snpp_2026-07-30_1140_42.15666_14.59335,viirs_snpp,N,2026-07-30 11:40:00,42.15666,14.59335,2.36,low
viirs_snpp_2026-07-30_1140_41.77378_12.62323,viirs_snpp,N,2026-07-30 11:40:00,41.77378,12.62323,4.39,low
viirs_snpp_2026-07-30_1140_41.95822_12.39733,viirs_snpp,N,2026-07-30 11:40:00,41.95822,12.39733,11.78,nominal
viirs_snpp_2026-07-30_1140_41.95691_12.39172,viirs_snpp,N,2026-07-30 11:40:00,41.95691,12.39172,5.71,low
viirs_snpp_2026-07-30_1140_42.27797_13.39007,viirs_snpp,N,2026-07-30 11:40:00,42.27797,13.39007,4.59,low
viirs_snpp_2026-07-30_1140_42.27673_13.38450,viirs_snpp,N,2026-07-30 11:40:00,42.27673,13.3845,4.59,nominal
viirs_snpp_2026-07-30_1140_42.28075_13.38291,viirs_snpp,N,2026-07-30 11:40:00,42.28075,13.38291,4.59,nominal
viirs_snpp_2026-07-30_1140_42.28478_13.38133,viirs_snpp,N,2026-07-30 11:40:00,42.28478,13.38133,13.92,high
viirs_snpp_2026-07-30_1140_42.28761_13.37438,viirs_snpp,N,2026-07-30 11:40:00,42.28761,13.37438,11.56,nominal
viirs_snpp_2026-07-30_1140_42.15926_12.54070,viirs_snpp,N,2026-07-30 11:40:00,42.15926,12.5407,2.75,low
viirs_snpp_2026-07-30_1140_42.16031_12.50581,viirs_snpp,N,2026-07-30 11:40:00,42.16031,12.50581,6.7,nominal
viirs_snpp_2026-07-30_1140_42.16450_12.50405,viirs_snpp,N,2026-07-30 11:40:00,42.1645,12.50405,6.7,nominal
viirs_snpp_2026-07-30_1140_43.27164_16.77501,viirs_snpp,N,2026-07-30 11:40:00,43.27164,16.77501,6.38,low
viirs_snpp_2026-07-30_1140_42.88204_13.82171,viirs_snpp,N,2026-07-30 11:40:00,42.88204,13.82171,1.47,nominal
viirs_snpp_2026-07-30_1140_45.26372_16.65358,viirs_snpp,N,2026-07-30 11:40:00,45.26372,16.65358,4.97,nominal
viirs_snpp_2026-07-30_1142_44.73589_10.81720,viirs_snpp,N,2026-07-30 11:42:00,44.73589,10.8172,3.5,nominal
viirs_snpp_2026-07-30_1142_44.73542_10.81698,viirs_snpp,N,2026-07-30 11:42:00,44.73542,10.81698,2.23,nominal
viirs_snpp_2026-07-30_1142_44.81811_10.88661,viirs_snpp,N,2026-07-30 11:42:00,44.81811,10.88661,5.23,nominal
viirs_snpp_2026-07-30_1142_45.33926_11.45955,viirs_snpp,N,2026-07-30 11:42:00,45.33926,11.45955,2.97,nominal
viirs_snpp_2026-07-30_1142_45.33887_11.45733,viirs_snpp,N,2026-07-30 11:42:00,45.33887,11.45733,4.11,nominal
viirs_snpp_2026-07-30_1142_45.89568_13.46781,viirs_snpp,N,2026-07-30 11:42:00,45.89568,13.46781,1.82,low
viirs_snpp_2026-07-30_1142_45.14495_9.94211,viirs_snpp,N,2026-07-30 11:42:00,45.14495,9.94211,9.98,nominal
viirs_snpp_2026-07-30_1142_45.80759_12.53376,viirs_snpp,N,2026-07-30 11:42:00,45.80759,12.53376,4.97,nominal
viirs_snpp_2026-07-30_1142_45.77406_12.01088,viirs_snpp,N,2026-07-30 11:42:00,45.77406,12.01088,2.08,nominal
viirs_snpp_2026-07-30_1142_45.47901_10.21494,viirs_snpp,N,2026-07-30 11:42:00,45.47901,10.21494,3.47,nominal
viirs_snpp_2026-07-30_1142_45.69977_9.68919,viirs_snpp,N,2026-07-30 11:42:00,45.69977,9.68919,1.75,low
viirs_snpp_2026-07-30_1142_47.32593_16.94035,viirs_snpp,N,2026-07-30 11:42:00,47.32593,16.94035,1.1,low
viirs_snpp_2026-07-30_1142_46.20399_11.12500,viirs_snpp,N,2026-07-30 11:42:00,46.20399,11.125,5.33,nominal
viirs_snpp_2026-07-30_1321_36.86645_6.98456,viirs_snpp,N,2026-07-30 13:21:00,36.86645,6.98456,6.58,nominal
viirs_snpp_2026-07-30_1321_36.86767_6.98321,viirs_snpp,N,2026-07-30 13:21:00,36.86767,6.98321,8.3,nominal
viirs_snpp_2026-07-30_1321_39.56627_8.81730,viirs_snpp,N,2026-07-30 13:21:00,39.56627,8.8173,4.69,low
viirs_snpp_2026-07-30_1321_39.56604_8.81261,viirs_snpp,N,2026-07-30 13:21:00,39.56604,8.81261,4.69,nominal
viirs_snpp_2026-07-30_1321_39.56580_8.80792,viirs_snpp,N,2026-07-30 13:21:00,39.5658,8.80792,2.58,nominal
viirs_snpp_2026-07-30_1321_39.57140_8.80746,viirs_snpp,N,2026-07-30 13:21:00,39.5714,8.80746,2.58,nominal
viirs_snpp_2026-07-30_1321_41.50716_13.91784,viirs_snpp,N,2026-07-30 13:21:00,41.50716,13.91784,11.47,nominal
viirs_snpp_2026-07-30_1321_41.50146_13.91809,viirs_snpp,N,2026-07-30 13:21:00,41.50146,13.91809,14.2,nominal
viirs_snpp_2026-07-30_1323_42.15657_12.51067,viirs_snpp,N,2026-07-30 13:23:00,42.15657,12.51067,31.9,high
viirs_snpp_2026-07-30_1323_42.16338_12.51082,viirs_snpp,N,2026-07-30 13:23:00,42.16338,12.51082,11.17,nominal
viirs_snpp_2026-07-30_1323_42.27676_13.38637,viirs_snpp,N,2026-07-30 13:23:00,42.27676,13.38637,5.62,nominal
viirs_snpp_2026-07-30_1323_45.14645_9.94058,viirs_snpp,N,2026-07-30 13:23:00,45.14645,9.94058,5.13,low
viirs_snpp_2026-07-30_1323_45.14595_9.94516,viirs_snpp,N,2026-07-30 13:23:00,45.14595,9.94516,5.08,low
viirs_snpp_2026-07-30_1323_45.46101_10.45835,viirs_snpp,N,2026-07-30 13:23:00,45.46101,10.45835,4.64,nominal
viirs_snpp_2026-07-30_1323_45.50605_9.35767,viirs_snpp,N,2026-07-30 13:23:00,45.50605,9.35767,1.93,nominal
viirs_snpp_2026-07-30_1323_45.71538_11.39308,viirs_snpp,N,2026-07-30 13:23:00,45.71538,11.39308,5.12,nominal
viirs_snpp_2026-07-30_1323_46.05810_9.47979,viirs_snpp,N,2026-07-30 13:23:00,46.0581,9.47979,4.98,nominal
viirs_snpp_2026-07-30_1323_46.05798_9.47466,viirs_snpp,N,2026-07-30 13:23:00,46.05798,9.47466,4.98,nominal
viirs_snpp_2026-07-30_1323_46.06401_9.47441,viirs_snpp,N,2026-07-30 13:23:00,46.06401,9.47441,4.98,nominal
viirs_snpp_2026-07-30_2356_47.28057_18.88783,viirs_snpp,N,2026-07-30 23:56:00,47.28057,18.88783,2.46,nominal
viirs_snpp_2026-07-30_2356_44.62514_17.79782,viirs_snpp,N,2026-07-30 23:56:00,44.62514,17.79782,36.4,high
viirs_snpp_2026-07-30_2356_44.62502_17.80454,viirs_snpp,N,2026-07-30 23:56:00,44.62502,17.80454,25.27,nominal
viirs_snpp_2026-07-30_2356_44.61893_17.79665,viirs_snpp,N,2026-07-30 23:56:00,44.61893,17.79665,36.4,nominal
viirs_snpp_2026-07-30_2356_44.61880_17.80350,viirs_snpp,N,2026-07-30 23:56:00,44.6188,17.8035,25.27,nominal
viirs_snpp_2026-07-30_2358_41.82330_15.18402,viirs_snpp,N,2026-07-30 23:58:00,41.8233,15.18402,1.05,nominal
viirs_snpp_2026-07-30_2358_41.82411_15.18641,viirs_snpp,N,2026-07-30 23:58:00,41.82411,15.18641,1.2,nominal
viirs_snpp_2026-07-30_2358_41.79035_15.75889,viirs_snpp,N,2026-07-30 23:58:00,41.79035,15.75889,0.71,nominal
viirs_snpp_2026-07-30_2358_41.40046_15.74220,viirs_snpp,N,2026-07-30 23:58:00,41.40046,15.7422,1.47,nominal
viirs_snpp_2026-07-30_2358_41.39371_15.74201,viirs_snpp,N,2026-07-30 23:58:00,41.39371,15.74201,1.47,nominal
viirs_snpp_2026-07-30_2358_41.39832_15.73697,viirs_snpp,N,2026-07-30 23:58:00,41.39832,15.73697,2.51,nominal
viirs_snpp_2026-07-30_2358_41.39820_15.74476,viirs_snpp,N,2026-07-30 23:58:00,41.3982,15.74476,1.72,nominal
viirs_snpp_2026-07-30_2358_41.34153_15.37195,viirs_snpp,N,2026-07-30 23:58:00,41.34153,15.37195,1.39,nominal
viirs_snpp_2026-07-30_2358_41.27340_16.04240,viirs_snpp,N,2026-07-30 23:58:00,41.2734,16.0424,1.59,nominal
viirs_snpp_2026-07-30_2358_40.52121_17.20787,viirs_snpp,N,2026-07-30 23:58:00,40.52121,17.20787,1.45,nominal
viirs_snpp_2026-07-30_2358_40.51495_17.20733,viirs_snpp,N,2026-07-30 23:58:00,40.51495,17.20733,1.45,nominal
viirs_snpp_2026-07-30_2358_40.51758_17.20795,viirs_snpp,N,2026-07-30 23:58:00,40.51758,17.20795,3.36,nominal
viirs_snpp_2026-07-30_2358_38.71846_16.51155,viirs_snpp,N,2026-07-30 23:58:00,38.71846,16.51155,2.1,nominal
viirs_snpp_2026-07-30_2358_38.02718_15.71415,viirs_snpp,N,2026-07-30 23:58:00,38.02718,15.71415,1.64,nominal
viirs_snpp_2026-07-30_2358_37.97400_15.71107,viirs_snpp,N,2026-07-30 23:58:00,37.974,15.71107,1.4,nominal
viirs_snpp_2026-07-30_2358_37.97738_15.71230,viirs_snpp,N,2026-07-30 23:58:00,37.97738,15.7123,1.63,nominal
viirs_snpp_2026-07-30_2358_37.77438_15.01596,viirs_snpp,N,2026-07-30 23:58:00,37.77438,15.01596,1.45,nominal
viirs_snpp_2026-07-30_2358_37.76756_15.01327,viirs_snpp,N,2026-07-30 23:58:00,37.76756,15.01327,1.45,nominal
viirs_snpp_2026-07-30_2358_37.76747_15.01884,viirs_snpp,N,2026-07-30 23:58:00,37.76747,15.01884,1.45,nominal
viirs_snpp_2026-07-30_2358_37.76738_15.02366,viirs_snpp,N,2026-07-30 23:58:00,37.76738,15.02366,0.94,nominal
viirs_snpp_2026-07-30_2358_37.76730_15.02825,viirs_snpp,N,2026-07-30 23:58:00,37.7673,15.02825,0.94,nominal
viirs_snpp_2026-07-30_2358_37.76738_15.03031,viirs_snpp,N,2026-07-30 23:58:00,37.76738,15.03031,2.74,nominal
viirs_snpp_2026-07-30_2358_37.76728_15.03492,viirs_snpp,N,2026-07-30 23:58:00,37.76728,15.03492,2.74,nominal
viirs_snpp_2026-07-30_2358_37.76718_15.03960,viirs_snpp,N,2026-07-30 23:58:00,37.76718,15.0396,1.64,nominal
viirs_snpp_2026-07-30_2358_37.76050_15.03131,viirs_snpp,N,2026-07-30 23:58:00,37.7605,15.03131,2.74,nominal
viirs_snpp_2026-07-30_2358_37.76103_15.00636,viirs_snpp,N,2026-07-30 23:58:00,37.76103,15.00636,14.36,nominal
viirs_snpp_2026-07-30_2358_37.76040_15.03580,viirs_snpp,N,2026-07-30 23:58:00,37.7604,15.0358,2.74,nominal
viirs_snpp_2026-07-30_2358_37.76030_15.04043,viirs_snpp,N,2026-07-30 23:58:00,37.7603,15.04043,1.64,nominal
viirs_snpp_2026-07-30_2358_37.75544_14.94296,viirs_snpp,N,2026-07-30 23:58:00,37.75544,14.94296,24.58,nominal
viirs_snpp_2026-07-30_2358_37.75407_15.01102,viirs_snpp,N,2026-07-30 23:58:00,37.75407,15.01102,13.04,nominal
viirs_snpp_2026-07-30_2358_37.75397_15.01548,viirs_snpp,N,2026-07-30 23:58:00,37.75397,15.01548,13.04,nominal
viirs_snpp_2026-07-30_2358_37.75566_14.93212,viirs_snpp,N,2026-07-30 23:58:00,37.75566,14.93212,24.58,nominal
viirs_snpp_2026-07-30_2358_37.75425_15.00241,viirs_snpp,N,2026-07-30 23:58:00,37.75425,15.00241,7.37,nominal
viirs_snpp_2026-07-30_2358_37.75415_15.00685,viirs_snpp,N,2026-07-30 23:58:00,37.75415,15.00685,7.37,nominal
viirs_snpp_2026-07-30_2358_37.75324_15.04985,viirs_snpp,N,2026-07-30 23:58:00,37.75324,15.04985,10.47,nominal
viirs_snpp_2026-07-30_2358_37.74918_14.91054,viirs_snpp,N,2026-07-30 23:58:00,37.74918,14.91054,2.05,nominal
viirs_snpp_2026-07-30_2358_37.74894_14.92301,viirs_snpp,N,2026-07-30 23:58:00,37.74894,14.92301,2.05,nominal
viirs_snpp_2026-07-30_2358_37.74873_14.93401,viirs_snpp,N,2026-07-30 23:58:00,37.74873,14.93401,24.58,nominal
viirs_snpp_2026-07-30_2358_37.74851_14.94514,viirs_snpp,N,2026-07-30 23:58:00,37.74851,14.94514,24.58,nominal
viirs_snpp_2026-07-30_2358_37.74721_15.01057,viirs_snpp,N,2026-07-30 23:58:00,37.74721,15.01057,13.04,nominal
viirs_snpp_2026-07-30_2358_37.74712_15.01469,viirs_snpp,N,2026-07-30 23:58:00,37.74712,15.01469,13.04,nominal
viirs_snpp_2026-07-30_2358_37.74037_15.00925,viirs_snpp,N,2026-07-30 23:58:00,37.74037,15.00925,2.33,nominal
viirs_snpp_2026-07-30_2358_37.13072_14.12770,viirs_snpp,N,2026-07-30 23:58:00,37.13072,14.1277,1.06,nominal
viirs_snpp_2026-07-30_2358_36.98294_15.03901,viirs_snpp,N,2026-07-30 23:58:00,36.98294,15.03901,0.69,nominal
viirs_snpp_2026-07-30_2358_36.98256_15.04229,viirs_snpp,N,2026-07-30 23:58:00,36.98256,15.04229,0.6,nominal
viirs_noaa20_2026-07-24_0045_47.19160_18.78008,viirs_noaa20,N20,2026-07-24 00:45:00,47.1916,18.78008,5.42,nominal
viirs_noaa20_2026-07-24_0045_46.73755_15.57424,viirs_noaa20,N20,2026-07-24 00:45:00,46.73755,15.57424,0.59,nominal
viirs_noaa20_2026-07-24_0045_46.06729_13.62700,viirs_noaa20,N20,2026-07-24 00:45:00,46.06729,13.627,1.1,nominal
viirs_noaa20_2026-07-24_0045_45.45131_18.03596,viirs_noaa20,N20,2026-07-24 00:45:00,45.45131,18.03596,0.54,nominal
viirs_noaa20_2026-07-24_0048_46.11988_8.63513,viirs_noaa20,N20,2026-07-24 00:48:00,46.11988,8.63513,1.01,nominal
viirs_noaa20_2026-07-24_0048_46.12256_8.63523,viirs_noaa20,N20,2026-07-24 00:48:00,46.12256,8.63523,0.69,nominal
viirs_noaa20_2026-07-24_0048_45.68422_9.46598,viirs_noaa20,N20,2026-07-24 00:48:00,45.68422,9.46598,1.21,nominal
viirs_noaa20_2026-07-24_0048_45.42926_11.00117,viirs_noaa20,N20,2026-07-24 00:48:00,45.42926,11.00117,0.89,nominal
viirs_noaa20_2026-07-24_0048_45.46251_10.45223,viirs_noaa20,N20,2026-07-24 00:48:00,45.46251,10.45223,4.73,nominal
viirs_noaa20_2026-07-24_0048_45.47999_10.21217,viirs_noaa20,N20,2026-07-24 00:48:00,45.47999,10.21217,0.89,nominal
viirs_noaa20_2026-07-24_0048_45.46204_10.45849,viirs_noaa20,N20,2026-07-24 00:48:00,45.46204,10.45849,4.35,nominal
viirs_noaa20_2026-07-24_0048_45.46412_10.45257,viirs_noaa20,N20,2026-07-24 00:48:00,45.46412,10.45257,3.65,nominal
viirs_noaa20_2026-07-24_0048_45.46362_10.45883,viirs_noaa20,N20,2026-07-24 00:48:00,45.46362,10.45883,3.65,nominal
viirs_noaa20_2026-07-24_0048_45.47844_10.21216,viirs_noaa20,N20,2026-07-24 00:48:00,45.47844,10.21216,1.03,nominal
viirs_noaa20_2026-07-24_0048_45.45919_10.45808,viirs_noaa20,N20,2026-07-24 00:48:00,45.45919,10.45808,1.43,nominal
viirs_noaa20_2026-07-24_0048_45.14784_9.94432,viirs_noaa20,N20,2026-07-24 00:48:00,45.14784,9.94432,4.56,nominal
viirs_noaa20_2026-07-24_0048_45.14330_9.94360,viirs_noaa20,N20,2026-07-24 00:48:00,45.1433,9.9436,0.47,nominal
viirs_noaa20_2026-07-24_0048_44.77547_6.53653,viirs_noaa20,N20,2026-07-24 00:48:00,44.77547,6.53653,1.26,nominal
viirs_noaa20_2026-07-24_0048_44.77522_6.54226,viirs_noaa20,N20,2026-07-24 00:48:00,44.77522,6.54226,1.52,nominal
viirs_noaa20_2026-07-24_0048_44.77509_6.54516,viirs_noaa20,N20,2026-07-24 00:48:00,44.77509,6.54516,1.52,nominal
viirs_noaa20_2026-07-24_0048_44.76951_6.54945,viirs_noaa20,N20,2026-07-24 00:48:00,44.76951,6.54945,1.72,nominal
viirs_noaa20_2026-07-24_0048_44.75885_6.54668,viirs_noaa20,N20,2026-07-24 00:48:00,44.75885,6.54668,0.84,nominal
viirs_noaa20_2026-07-24_0048_44.75868_6.55071,viirs_noaa20,N20,2026-07-24 00:48:00,44.75868,6.55071,0.87,nominal
viirs_noaa20_2026-07-24_0048_44.75821_6.56167,viirs_noaa20,N20,2026-07-24 00:48:00,44.75821,6.56167,0.88,nominal
viirs_noaa20_2026-07-24_0048_44.75279_6.56231,viirs_noaa20,N20,2026-07-24 00:48:00,44.75279,6.56231,1.21,nominal
viirs_noaa20_2026-07-24_0048_44.75238_6.57175,viirs_noaa20,N20,2026-07-24 00:48:00,44.75238,6.57175,2.35,nominal
viirs_noaa20_2026-07-24_0048_44.74714_6.56843,viirs_noaa20,N20,2026-07-24 00:48:00,44.74714,6.56843,3.76,nominal
viirs_noaa20_2026-07-24_0048_44.74699_6.57186,viirs_noaa20,N20,2026-07-24 00:48:00,44.74699,6.57186,2.35,nominal
viirs_noaa20_2026-07-24_0048_44.74747_6.56082,viirs_noaa20,N20,2026-07-24 00:48:00,44.74747,6.56082,1.21,nominal
viirs_noaa20_2026-07-24_0048_44.74730_6.56484,viirs_noaa20,N20,2026-07-24 00:48:00,44.7473,6.56484,3.76,nominal
viirs_noaa20_2026-07-24_0048_44.75598_6.54893,viirs_noaa20,N20,2026-07-24 00:48:00,44.75598,6.54893,1.52,nominal
viirs_noaa20_2026-07-24_0048_44.75534_6.56219,viirs_noaa20,N20,2026-07-24 00:48:00,44.75534,6.56219,0.99,nominal
viirs_noaa20_2026-07-24_0048_44.75490_6.57157,viirs_noaa20,N20,2026-07-24 00:48:00,44.7549,6.57157,1.83,nominal
viirs_noaa20_2026-07-24_0048_44.74951_6.57168,viirs_noaa20,N20,2026-07-24 00:48:00,44.74951,6.57168,1.83,nominal
viirs_noaa20_2026-07-24_0048_44.74999_6.56153,viirs_noaa20,N20,2026-07-24 00:48:00,44.74999,6.56153,0.99,nominal
viirs_noaa20_2026-07-24_0048_44.74982_6.56518,viirs_noaa20,N20,2026-07-24 00:48:00,44.74982,6.56518,0.99,nominal
viirs_noaa20_2026-07-24_0048_44.74966_6.56851,viirs_noaa20,N20,2026-07-24 00:48:00,44.74966,6.56851,1.83,nominal
viirs_noaa20_2026-07-24_0048_44.74430_6.56798,viirs_noaa20,N20,2026-07-24 00:48:00,44.7443,6.56798,2.5,nominal
viirs_noaa20_2026-07-24_0048_44.74448_6.56415,viirs_noaa20,N20,2026-07-24 00:48:00,44.74448,6.56415,1.5,nominal
viirs_noaa20_2026-07-24_0048_43.49562_6.10823,viirs_noaa20,N20,2026-07-24 00:48:00,43.49562,6.10823,1.12,nominal
viirs_noaa20_2026-07-24_0048_43.49524_6.11722,viirs_noaa20,N20,2026-07-24 00:48:00,43.49524,6.11722,1.02,nominal
viirs_noaa20_2026-07-24_0048_43.49467_6.13067,viirs_noaa20,N20,2026-07-24 00:48:00,43.49467,6.13067,0.92,nominal
viirs_noaa20_2026-07-24_0048_43.49974_6.10633,viirs_noaa20,N20,2026-07-24 00:48:00,43.49974,6.10633,1.26,nominal
viirs_noaa20_2026-07-24_0048_43.49909_6.11996,viirs_noaa20,N20,2026-07-24 00:48:00,43.49909,6.11996,0.69,nominal
viirs_noaa20_2026-07-24_0048_42.28509_9.07059,viirs_noaa20,N20,2026-07-24 00:48:00,42.28509,9.07059,3.38,nominal
viirs_noaa20_2026-07-24_0048_42.28036_9.07188,viirs_noaa20,N20,2026-07-24 00:48:00,42.28036,9.07188,3.38,nominal
viirs_noaa20_2026-07-24_0048_42.27391_9.09619,viirs_noaa20,N20,2026-07-24 00:48:00,42.27391,9.09619,2.01,nominal
viirs_noaa20_2026-07-24_0048_42.26974_9.08976,viirs_noaa20,N20,2026-07-24 00:48:00,42.26974,9.08976,2.01,nominal
viirs_noaa20_2026-07-24_0048_42.26936_9.09479,viirs_noaa20,N20,2026-07-24 00:48:00,42.26936,9.09479,2.01,nominal
viirs_noaa20_2026-07-24_0048_42.26353_9.04766,viirs_noaa20,N20,2026-07-24 00:48:00,42.26353,9.04766,0.52,nominal
viirs_noaa20_2026-07-24_0048_42.28105_9.07095,viirs_noaa20,N20,2026-07-24 00:48:00,42.28105,9.07095,1.19,nominal
viirs_noaa20_2026-07-24_0048_42.27445_9.09575,viirs_noaa20,N20,2026-07-24 00:48:00,42.27445,9.09575,2.24,nominal
viirs_noaa20_2026-07-24_0048_42.26993_9.09418,viirs_noaa20,N20,2026-07-24 00:48:00,42.26993,9.09418,4.3,nominal
viirs_noaa20_2026-07-24_0048_42.27031_9.08930,viirs_noaa20,N20,2026-07-24 00:48:00,42.27031,9.0893,2.89,nominal
viirs_noaa20_2026-07-24_0048_42.25972_9.04614,viirs_noaa20,N20,2026-07-24 00:48:00,42.25972,9.04614,4.44,nominal
viirs_noaa20_2026-07-24_0048_42.25937_9.05068,viirs_noaa20,N20,2026-07-24 00:48:00,42.25937,9.05068,5.69,nominal
viirs_noaa20_2026-07-24_0048_42.25902_9.05514,viirs_noaa20,N20,2026-07-24 00:48:00,42.25902,9.05514,5.69,nominal
viirs_noaa20_2026-07-24_0048_42.25831_9.06436,viirs_noaa20,N20,2026-07-24 00:48:00,42.25831,9.06436,3.21,nominal
viirs_noaa20_2026-07-24_0048_42.26009_9.04142,viirs_noaa20,N20,2026-07-24 00:48:00,42.26009,9.04142,4.44,nominal
viirs_noaa20_2026-07-24_0048_42.25867_9.05964,viirs_noaa20,N20,2026-07-24 00:48:00,42.25867,9.05964,3.21,nominal
viirs_noaa20_2026-07-24_0048_40.62978_18.00297,viirs_noaa20,N20,2026-07-24 00:48:00,40.62978,18.00297,1.26,nominal
viirs_noaa20_2026-07-24_0048_40.95261_15.66993,viirs_noaa20,N20,2026-07-24 00:48:00,40.95261,15.66993,0.61,nominal
viirs_noaa20_2026-07-24_0048_40.77034_16.82600,viirs_noaa20,N20,2026-07-24 00:48:00,40.77034,16.826,9.25,nominal
viirs_noaa20_2026-07-24_0048_40.51880_17.20642,viirs_noaa20,N20,2026-07-24 00:48:00,40.5188,17.20642,1.14,nominal
viirs_noaa20_2026-07-24_0048_40.51812_17.21092,viirs_noaa20,N20,2026-07-24 00:48:00,40.51812,17.21092,1.14,nominal
viirs_noaa20_2026-07-24_0048_40.50364_17.21646,viirs_noaa20,N20,2026-07-24 00:48:00,40.50364,17.21646,1.65,nominal
viirs_noaa20_2026-07-24_0048_40.49327_17.19503,viirs_noaa20,N20,2026-07-24 00:48:00,40.49327,17.19503,0.79,nominal
viirs_noaa20_2026-07-24_0048_40.31317_15.90251,viirs_noaa20,N20,2026-07-24 00:48:00,40.31317,15.90251,0.85,nominal
viirs_noaa20_2026-07-24_0048_40.55816_9.67138,viirs_noaa20,N20,2026-07-24 00:48:00,40.55816,9.67138,2.54,nominal
viirs_noaa20_2026-07-24_0048_39.51196_15.98724,viirs_noaa20,N20,2026-07-24 00:48:00,39.51196,15.98724,2.07,nominal
viirs_noaa20_2026-07-24_0048_39.50866_15.98633,viirs_noaa20,N20,2026-07-24 00:48:00,39.50866,15.98633,2.07,nominal
viirs_noaa20_2026-07-24_0050_38.79494_15.20890,viirs_noaa20,N20,2026-07-24 00:50:00,38.79494,15.2089,5.29,nominal
viirs_noaa20_2026-07-24_0050_38.79425_15.21378,viirs_noaa20,N20,2026-07-24 00:50:00,38.79425,15.21378,4.15,nominal
viirs_noaa20_2026-07-24_0050_38.20532_15.26779,viirs_noaa20,N20,2026-07-24 00:50:00,38.20532,15.26779,2.56,nominal
viirs_noaa20_2026-07-24_0050_38.05285_13.36765,viirs_noaa20,N20,2026-07-24 00:50:00,38.05285,13.36765,6.84,nominal
viirs_noaa20_2026-07-24_0050_37.75550_14.99820,viirs_noaa20,N20,2026-07-24 00:50:00,37.7555,14.9982,0.64,nominal
viirs_noaa20_2026-07-24_0050_37.90683_12.80850,viirs_noaa20,N20,2026-07-24 00:50:00,37.90683,12.8085,0.86,nominal
viirs_noaa20_2026-07-24_0050_37.43707_15.03024,viirs_noaa20,N20,2026-07-24 00:50:00,37.43707,15.03024,1.9,nominal
viirs_noaa20_2026-07-24_0050_37.60289_13.55763,viirs_noaa20,N20,2026-07-24 00:50:00,37.60289,13.55763,3.87,nominal
viirs_noaa20_2026-07-24_0050_37.59982_13.58116,viirs_noaa20,N20,2026-07-24 00:50:00,37.59982,13.58116,2.65,nominal
viirs_noaa20_2026-07-24_0050_37.59921_13.58584,viirs_noaa20,N20,2026-07-24 00:50:00,37.59921,13.58584,1.09,nominal
viirs_noaa20_2026-07-24_0050_37.59634_13.58031,viirs_noaa20,N20,2026-07-24 00:50:00,37.59634,13.58031,2.65,nominal
viirs_noaa20_2026-07-24_0050_37.60011_13.55147,viirs_noaa20,N20,2026-07-24 00:50:00,37.60011,13.55147,2.37,nominal
viirs_noaa20_2026-07-24_0050_37.59574_13.58493,viirs_noaa20,N20,2026-07-24 00:50:00,37.59574,13.58493,1.09,nominal
viirs_noaa20_2026-07-24_0050_37.59349_13.57474,viirs_noaa20,N20,2026-07-24 00:50:00,37.59349,13.57474,6.65,nominal
viirs_noaa20_2026-07-24_0050_37.20848_14.78371,viirs_noaa20,N20,2026-07-24 00:50:00,37.20848,14.78371,6.4,nominal
viirs_noaa20_2026-07-24_0050_37.20785_14.78814,viirs_noaa20,N20,2026-07-24 00:50:00,37.20785,14.78814,9.66,nominal
viirs_noaa20_2026-07-24_0050_37.20449_14.78741,viirs_noaa20,N20,2026-07-24 00:50:00,37.20449,14.78741,3.31,nominal
viirs_noaa20_2026-07-24_0050_37.20386_14.79186,viirs_noaa20,N20,2026-07-24 00:50:00,37.20386,14.79186,3.31,nominal
viirs_noaa20_2026-07-24_0050_37.20050_14.79118,viirs_noaa20,N20,2026-07-24 00:50:00,37.2005,14.79118,3.31,nominal
viirs_noaa20_2026-07-24_0050_37.12363_14.59028,viirs_noaa20,N20,2026-07-24 00:50:00,37.12363,14.59028,1.16,nominal
viirs_noaa20_2026-07-24_0050_36.76260_10.20900,viirs_noaa20,N20,2026-07-24 00:50:00,36.7626,10.209,2.23,nominal
viirs_noaa20_2026-07-24_0050_37.05632_6.42120,viirs_noaa20,N20,2026-07-24 00:50:00,37.05632,6.4212,1.75,nominal
viirs_noaa20_2026-07-24_0050_37.05721_6.42220,viirs_noaa20,N20,2026-07-24 00:50:00,37.05721,6.4222,1.2,nominal
viirs_noaa20_2026-07-24_0050_36.68037_9.92286,viirs_noaa20,N20,2026-07-24 00:50:00,36.68037,9.92286,0.83,nominal
viirs_noaa20_2026-07-24_0050_36.86924_6.98048,viirs_noaa20,N20,2026-07-24 00:50:00,36.86924,6.98048,3.2,nominal
viirs_noaa20_2026-07-24_0050_36.46107_10.05535,viirs_noaa20,N20,2026-07-24 00:50:00,36.46107,10.05535,1.08,nominal
viirs_noaa20_2026-07-24_0050_36.74506_6.25590,viirs_noaa20,N20,2026-07-24 00:50:00,36.74506,6.2559,1.5,nominal
viirs_noaa20_2026-07-24_0050_36.34861_8.78140,viirs_noaa20,N20,2026-07-24 00:50:00,36.34861,8.7814,2.21,nominal
viirs_noaa20_2026-07-24_0050_36.34073_8.77063,viirs_noaa20,N20,2026-07-24 00:50:00,36.34073,8.77063,2.03,nominal
viirs_noaa20_2026-07-24_0050_36.32808_8.76350,viirs_noaa20,N20,2026-07-24 00:50:00,36.32808,8.7635,3.04,nominal
viirs_noaa20_2026-07-24_0050_36.32777_8.76145,viirs_noaa20,N20,2026-07-24 00:50:00,36.32777,8.76145,2.36,nominal
viirs_noaa20_2026-07-24_0050_36.32727_8.76671,viirs_noaa20,N20,2026-07-24 00:50:00,36.32727,8.76671,2.36,nominal
viirs_noaa20_2026-07-24_0050_36.32294_8.76560,viirs_noaa20,N20,2026-07-24 00:50:00,36.32294,8.7656,2.84,nominal
viirs_noaa20_2026-07-24_0050_36.16043_10.28425,viirs_noaa20,N20,2026-07-24 00:50:00,36.16043,10.28425,1.36,nominal
viirs_noaa20_2026-07-24_0050_36.31450_8.52138,viirs_noaa20,N20,2026-07-24 00:50:00,36.3145,8.52138,4.73,nominal
viirs_noaa20_2026-07-24_0050_36.31548_8.51072,viirs_noaa20,N20,2026-07-24 00:50:00,36.31548,8.51072,2.57,nominal
viirs_noaa20_2026-07-24_0050_36.31498_8.51618,viirs_noaa20,N20,2026-07-24 00:50:00,36.31498,8.51618,4.73,nominal
viirs_noaa20_2026-07-24_0050_36.31153_8.50467,viirs_noaa20,N20,2026-07-24 00:50:00,36.31153,8.50467,3.21,nominal
viirs_noaa20_2026-07-24_0050_36.31100_8.51049,viirs_noaa20,N20,2026-07-24 00:50:00,36.311,8.51049,3.21,nominal
viirs_noaa20_2026-07-24_0050_36.30759_8.49866,viirs_noaa20,N20,2026-07-24 00:50:00,36.30759,8.49866,6.35,nominal
viirs_noaa20_2026-07-24_0050_36.30706_8.50455,viirs_noaa20,N20,2026-07-24 00:50:00,36.30706,8.50455,3.21,nominal
viirs_noaa20_2026-07-24_0050_36.30314_8.49816,viirs_noaa20,N20,2026-07-24 00:50:00,36.30314,8.49816,2.09,nominal
viirs_noaa20_2026-07-24_0050_36.29924_8.49156,viirs_noaa20,N20,2026-07-24 00:50:00,36.29924,8.49156,2.09,nominal
viirs_noaa20_2026-07-24_0050_36.28013_8.50428,viirs_noaa20,N20,2026-07-24 00:50:00,36.28013,8.50428,1.97,nominal
viirs_noaa20_2026-07-24_0050_36.27227_8.59189,viirs_noaa20,N20,2026-07-24 00:50:00,36.27227,8.59189,1.12,nominal
viirs_noaa20_2026-07-24_0050_36.27180_8.59711,viirs_noaa20,N20,2026-07-24 00:50:00,36.2718,8.59711,1.12,nominal
viirs_noaa20_2026-07-24_0050_36.27571_8.50338,viirs_noaa20,N20,2026-07-24 00:50:00,36.27571,8.50338,1.86,nominal
viirs_noaa20_2026-07-24_0050_36.26740_8.59637,viirs_noaa20,N20,2026-07-24 00:50:00,36.2674,8.59637,1.38,nominal
viirs_noaa20_2026-07-24_0050_36.26163_8.61085,viirs_noaa20,N20,2026-07-24 00:50:00,36.26163,8.61085,4.64,nominal
viirs_noaa20_2026-07-24_0050_36.26116_8.61607,viirs_noaa20,N20,2026-07-24 00:50:00,36.26116,8.61607,4.64,nominal
viirs_noaa20_2026-07-24_0050_36.25522_8.53216,viirs_noaa20,N20,2026-07-24 00:50:00,36.25522,8.53216,5.56,nominal
viirs_noaa20_2026-07-24_0050_36.25127_8.52613,viirs_noaa20,N20,2026-07-24 00:50:00,36.25127,8.52613,5.56,nominal
viirs_noaa20_2026-07-24_0050_36.25079_8.53152,viirs_noaa20,N20,2026-07-24 00:50:00,36.25079,8.53152,5.56,nominal
viirs_noaa20_2026-07-24_0050_36.25768_8.45306,viirs_noaa20,N20,2026-07-24 00:50:00,36.25768,8.45306,1.83,nominal
viirs_noaa20_2026-07-24_0050_36.25368_8.44729,viirs_noaa20,N20,2026-07-24 00:50:00,36.25368,8.44729,5.4,nominal
viirs_noaa20_2026-07-24_0050_36.25323_8.45245,viirs_noaa20,N20,2026-07-24 00:50:00,36.25323,8.45245,4.83,nominal
viirs_noaa20_2026-07-24_0050_36.25278_8.45754,viirs_noaa20,N20,2026-07-24 00:50:00,36.25278,8.45754,4.83,nominal
viirs_noaa20_2026-07-24_0050_36.24590_8.53625,viirs_noaa20,N20,2026-07-24 00:50:00,36.2459,8.53625,2.73,nominal
viirs_noaa20_2026-07-24_0050_36.25227_8.52659,viirs_noaa20,N20,2026-07-24 00:50:00,36.25227,8.52659,7.42,nominal
viirs_noaa20_2026-07-24_0050_36.25177_8.53191,viirs_noaa20,N20,2026-07-24 00:50:00,36.25177,8.53191,9.6,nominal
viirs_noaa20_2026-07-24_0050_36.25516_8.44774,viirs_noaa20,N20,2026-07-24 00:50:00,36.25516,8.44774,5.7,nominal
viirs_noaa20_2026-07-24_0050_36.25467_8.45294,viirs_noaa20,N20,2026-07-24 00:50:00,36.25467,8.45294,5.7,nominal
viirs_noaa20_2026-07-24_0050_36.25420_8.45807,viirs_noaa20,N20,2026-07-24 00:50:00,36.2542,8.45807,3.73,nominal
viirs_noaa20_2026-07-24_0050_36.24734_8.53124,viirs_noaa20,N20,2026-07-24 00:50:00,36.24734,8.53124,1.74,nominal
viirs_noaa20_2026-07-24_0050_36.24684_8.53662,viirs_noaa20,N20,2026-07-24 00:50:00,36.24684,8.53662,1.74,nominal
viirs_noaa20_2026-07-24_0050_36.23309_8.53989,viirs_noaa20,N20,2026-07-24 00:50:00,36.23309,8.53989,2.25,nominal
viirs_noaa20_2026-07-24_0050_36.23258_8.54532,viirs_noaa20,N20,2026-07-24 00:50:00,36.23258,8.54532,2.25,nominal
viirs_noaa20_2026-07-24_0050_36.22820_8.54422,viirs_noaa20,N20,2026-07-24 00:50:00,36.2282,8.54422,3.57,nominal
viirs_noaa20_2026-07-24_0050_36.22871_8.53876,viirs_noaa20,N20,2026-07-24 00:50:00,36.22871,8.53876,3.57,nominal
viirs_noaa20_2026-07-24_0050_36.20689_8.43386,viirs_noaa20,N20,2026-07-24 00:50:00,36.20689,8.43386,2.5,nominal
viirs_noaa20_2026-07-24_0050_36.21079_8.39060,viirs_noaa20,N20,2026-07-24 00:50:00,36.21079,8.3906,1.44,nominal
viirs_noaa20_2026-07-24_0050_36.20738_8.42841,viirs_noaa20,N20,2026-07-24 00:50:00,36.20738,8.42841,2.5,nominal
viirs_noaa20_2026-07-24_0050_36.20635_8.38982,viirs_noaa20,N20,2026-07-24 00:50:00,36.20635,8.38982,4,nominal
viirs_noaa20_2026-07-24_0050_36.20587_8.39518,viirs_noaa20,N20,2026-07-24 00:50:00,36.20587,8.39518,3.45,nominal
viirs_noaa20_2026-07-24_0050_36.20247_8.43296,viirs_noaa20,N20,2026-07-24 00:50:00,36.20247,8.43296,4.6,nominal
viirs_noaa20_2026-07-24_0050_36.20097_8.39947,viirs_noaa20,N20,2026-07-24 00:50:00,36.20097,8.39947,3.45,nominal
viirs_noaa20_2026-07-24_0050_36.19607_8.40375,viirs_noaa20,N20,2026-07-24 00:50:00,36.19607,8.40375,2.24,nominal
viirs_noaa20_2026-07-24_0050_36.34298_6.46350,viirs_noaa20,N20,2026-07-24 00:50:00,36.34298,6.4635,8.09,nominal
viirs_noaa20_2026-07-24_0050_36.34249_6.47018,viirs_noaa20,N20,2026-07-24 00:50:00,36.34249,6.47018,18.77,nominal
viirs_noaa20_2026-07-24_0050_36.33794_6.46359,viirs_noaa20,N20,2026-07-24 00:50:00,36.33794,6.46359,8.09,nominal
viirs_noaa20_2026-07-24_0050_36.33750_6.46975,viirs_noaa20,N20,2026-07-24 00:50:00,36.3375,6.46975,18.77,nominal
viirs_noaa20_2026-07-24_0050_36.33912_6.44703,viirs_noaa20,N20,2026-07-24 00:50:00,36.33912,6.44703,5.15,nominal
viirs_noaa20_2026-07-24_0050_36.33846_6.45631,viirs_noaa20,N20,2026-07-24 00:50:00,36.33846,6.45631,8.09,nominal
viirs_noaa20_2026-07-24_0050_36.33401_6.44813,viirs_noaa20,N20,2026-07-24 00:50:00,36.33401,6.44813,3.42,nominal
viirs_noaa20_2026-07-24_0050_36.32265_6.46614,viirs_noaa20,N20,2026-07-24 00:50:00,36.32265,6.46614,30.13,nominal
viirs_noaa20_2026-07-24_0050_36.32309_6.46005,viirs_noaa20,N20,2026-07-24 00:50:00,36.32309,6.46005,6.49,nominal
viirs_noaa20_2026-07-24_0050_36.32220_6.47249,viirs_noaa20,N20,2026-07-24 00:50:00,36.3222,6.47249,30.13,nominal
viirs_noaa20_2026-07-24_0050_36.31815_6.45861,viirs_noaa20,N20,2026-07-24 00:50:00,36.31815,6.45861,6.49,nominal
viirs_noaa20_2026-07-24_0050_36.31771_6.46488,viirs_noaa20,N20,2026-07-24 00:50:00,36.31771,6.46488,30.13,high
viirs_noaa20_2026-07-24_0050_36.31726_6.47133,viirs_noaa20,N20,2026-07-24 00:50:00,36.31726,6.47133,30.13,nominal
viirs_noaa20_2026-07-24_0050_36.31857_6.45273,viirs_noaa20,N20,2026-07-24 00:50:00,36.31857,6.45273,6.49,nominal
viirs_noaa20_2026-07-24_0050_36.31680_6.47774,viirs_noaa20,N20,2026-07-24 00:50:00,36.3168,6.47774,8.47,nominal
viirs_noaa20_2026-07-24_0050_36.31322_6.45714,viirs_noaa20,N20,2026-07-24 00:50:00,36.31322,6.45714,7.23,nominal
viirs_noaa20_2026-07-24_0050_36.31277_6.46364,viirs_noaa20,N20,2026-07-24 00:50:00,36.31277,6.46364,20.53,nominal
viirs_noaa20_2026-07-24_0050_36.31230_6.47019,viirs_noaa20,N20,2026-07-24 00:50:00,36.3123,6.47019,20.53,nominal
viirs_noaa20_2026-07-24_0050_36.31365_6.45114,viirs_noaa20,N20,2026-07-24 00:50:00,36.31365,6.45114,7.23,nominal
viirs_noaa20_2026-07-24_0050_36.31184_6.47672,viirs_noaa20,N20,2026-07-24 00:50:00,36.31184,6.47672,19.44,nominal
viirs_noaa20_2026-07-24_0050_36.30782_6.46248,viirs_noaa20,N20,2026-07-24 00:50:00,36.30782,6.46248,20.53,nominal
viirs_noaa20_2026-07-24_0050_36.30735_6.46905,viirs_noaa20,N20,2026-07-24 00:50:00,36.30735,6.46905,20.53,nominal
viirs_noaa20_2026-07-24_0050_36.30827_6.45600,viirs_noaa20,N20,2026-07-24 00:50:00,36.30827,6.456,7.23,nominal
viirs_noaa20_2026-07-24_0050_36.30239_6.46801,viirs_noaa20,N20,2026-07-24 00:50:00,36.30239,6.46801,9.49,nominal
viirs_noaa20_2026-07-24_0050_36.29696_6.47379,viirs_noaa20,N20,2026-07-24 00:50:00,36.29696,6.47379,4.99,nominal
viirs_noaa20_2026-07-24_0050_36.32229_6.46593,viirs_noaa20,N20,2026-07-24 00:50:00,36.32229,6.46593,6.18,nominal
viirs_noaa20_2026-07-24_0050_36.32275_6.45984,viirs_noaa20,N20,2026-07-24 00:50:00,36.32275,6.45984,6.18,nominal
viirs_noaa20_2026-07-24_0050_36.32180_6.47226,viirs_noaa20,N20,2026-07-24 00:50:00,36.3218,6.47226,7.16,nominal
viirs_noaa20_2026-07-24_0050_36.31783_6.45842,viirs_noaa20,N20,2026-07-24 00:50:00,36.31783,6.45842,18.15,nominal
viirs_noaa20_2026-07-24_0050_36.31736_6.46467,viirs_noaa20,N20,2026-07-24 00:50:00,36.31736,6.46467,18.15,high
viirs_noaa20_2026-07-24_0050_36.31686_6.47113,viirs_noaa20,N20,2026-07-24 00:50:00,36.31686,6.47113,36.16,nominal
viirs_noaa20_2026-07-24_0050_36.31828_6.45255,viirs_noaa20,N20,2026-07-24 00:50:00,36.31828,6.45255,4.14,nominal
viirs_noaa20_2026-07-24_0050_36.31636_6.47753,viirs_noaa20,N20,2026-07-24 00:50:00,36.31636,6.47753,36.16,nominal
viirs_noaa20_2026-07-24_0050_36.31291_6.45697,viirs_noaa20,N20,2026-07-24 00:50:00,36.31291,6.45697,18.15,nominal
viirs_noaa20_2026-07-24_0050_36.31241_6.46345,viirs_noaa20,N20,2026-07-24 00:50:00,36.31241,6.46345,18.15,nominal
viirs_noaa20_2026-07-24_0050_36.31192_6.47000,viirs_noaa20,N20,2026-07-24 00:50:00,36.31192,6.47,36.16,nominal
viirs_noaa20_2026-07-24_0050_36.31142_6.47652,viirs_noaa20,N20,2026-07-24 00:50:00,36.31142,6.47652,36.16,nominal
viirs_noaa20_2026-07-24_0050_36.31337_6.45097,viirs_noaa20,N20,2026-07-24 00:50:00,36.31337,6.45097,4.14,nominal
viirs_noaa20_2026-07-24_0050_36.30747_6.46231,viirs_noaa20,N20,2026-07-24 00:50:00,36.30747,6.46231,3.48,nominal
viirs_noaa20_2026-07-24_0050_36.30697_6.46887,viirs_noaa20,N20,2026-07-24 00:50:00,36.30697,6.46887,13.48,nominal
viirs_noaa20_2026-07-24_0050_36.30796_6.45585,viirs_noaa20,N20,2026-07-24 00:50:00,36.30796,6.45585,3.48,nominal
viirs_noaa20_2026-07-24_0050_36.30202_6.46787,viirs_noaa20,N20,2026-07-24 00:50:00,36.30202,6.46787,13.48,nominal
viirs_noaa20_2026-07-24_0050_36.30251_6.46134,viirs_noaa20,N20,2026-07-24 00:50:00,36.30251,6.46134,3.48,nominal
viirs_noaa20_2026-07-24_0050_36.29655_6.47363,viirs_noaa20,N20,2026-07-24 00:50:00,36.29655,6.47363,3.18,nominal
viirs_noaa20_2026-07-24_0050_36.14734_6.01620,viirs_noaa20,N20,2026-07-24 00:50:00,36.14734,6.0162,3.26,nominal
viirs_noaa20_2026-07-24_0050_36.14758_6.01252,viirs_noaa20,N20,2026-07-24 00:50:00,36.14758,6.01252,3.26,nominal
viirs_noaa20_2026-07-24_0050_36.08632_6.80261,viirs_noaa20,N20,2026-07-24 00:50:00,36.08632,6.80261,1.32,nominal
viirs_noaa20_2026-07-24_0050_36.08855_6.80215,viirs_noaa20,N20,2026-07-24 00:50:00,36.08855,6.80215,2.16,nominal
viirs_noaa20_2026-07-24_0050_35.87038_6.02564,viirs_noaa20,N20,2026-07-24 00:50:00,35.87038,6.02564,1.44,nominal
viirs_noaa20_2026-07-24_0050_35.23446_8.17387,viirs_noaa20,N20,2026-07-24 00:50:00,35.23446,8.17387,1.7,nominal
viirs_noaa20_2026-07-24_0228_45.46157_10.45710,viirs_noaa20,N20,2026-07-24 02:28:00,45.46157,10.4571,1.37,nominal
viirs_noaa20_2026-07-24_0228_45.46358_10.45977,viirs_noaa20,N20,2026-07-24 02:28:00,45.46358,10.45977,0.5,nominal
viirs_noaa20_2026-07-24_0228_45.45804_10.45634,viirs_noaa20,N20,2026-07-24 02:28:00,45.45804,10.45634,1.01,nominal
viirs_noaa20_2026-07-24_0228_45.68407_9.46263,viirs_noaa20,N20,2026-07-24 02:28:00,45.68407,9.46263,1.13,nominal
viirs_noaa20_2026-07-24_0228_45.14700_9.94133,viirs_noaa20,N20,2026-07-24 02:28:00,45.147,9.94133,0.82,nominal
viirs_noaa20_2026-07-24_0228_45.14709_9.94549,viirs_noaa20,N20,2026-07-24 02:28:00,45.14709,9.94549,1.2,nominal
viirs_noaa20_2026-07-24_0228_44.76160_6.53799,viirs_noaa20,N20,2026-07-24 02:28:00,44.7616,6.53799,0.95,nominal
viirs_noaa20_2026-07-24_0228_44.76018_6.54314,viirs_noaa20,N20,2026-07-24 02:28:00,44.76018,6.54314,1.11,nominal
viirs_noaa20_2026-07-24_0228_44.75862_6.54878,viirs_noaa20,N20,2026-07-24 02:28:00,44.75862,6.54878,1.11,nominal
viirs_noaa20_2026-07-24_0228_44.74812_6.56645,viirs_noaa20,N20,2026-07-24 02:28:00,44.74812,6.56645,4.4,high
viirs_noaa20_2026-07-24_0228_44.75421_6.54453,viirs_noaa20,N20,2026-07-24 02:28:00,44.75421,6.54453,1.11,nominal
viirs_noaa20_2026-07-24_0228_44.75210_6.55210,viirs_noaa20,N20,2026-07-24 02:28:00,44.7521,6.5521,1.66,nominal
viirs_noaa20_2026-07-24_0228_44.75098_6.55613,viirs_noaa20,N20,2026-07-24 02:28:00,44.75098,6.55613,1.66,nominal
viirs_noaa20_2026-07-24_0228_44.74972_6.56068,viirs_noaa20,N20,2026-07-24 02:28:00,44.74972,6.56068,4.4,nominal
viirs_noaa20_2026-07-24_0228_44.74643_6.57253,viirs_noaa20,N20,2026-07-24 02:28:00,44.74643,6.57253,4.01,nominal
viirs_noaa20_2026-07-24_0228_44.74327_6.56375,viirs_noaa20,N20,2026-07-24 02:28:00,44.74327,6.56375,1.95,nominal
viirs_noaa20_2026-07-24_0228_43.49653_6.11777,viirs_noaa20,N20,2026-07-24 02:28:00,43.49653,6.11777,3.67,nominal
viirs_noaa20_2026-07-24_0228_43.49902_6.10881,viirs_noaa20,N20,2026-07-24 02:28:00,43.49902,6.10881,0.97,nominal
viirs_noaa20_2026-07-24_0228_43.49780_6.11319,viirs_noaa20,N20,2026-07-24 02:28:00,43.4978,6.11319,0.97,nominal
viirs_noaa20_2026-07-24_0228_42.28825_9.07054,viirs_noaa20,N20,2026-07-24 02:28:00,42.28825,9.07054,1.58,nominal
viirs_noaa20_2026-07-24_0228_42.28369_9.06351,viirs_noaa20,N20,2026-07-24 02:28:00,42.28369,9.06351,1.58,nominal
viirs_noaa20_2026-07-24_0228_42.28193_9.06903,viirs_noaa20,N20,2026-07-24 02:28:00,42.28193,9.06903,1.99,nominal
viirs_noaa20_2026-07-24_0228_42.28035_9.07400,viirs_noaa20,N20,2026-07-24 02:28:00,42.28035,9.074,1.99,nominal
viirs_noaa20_2026-07-24_0228_42.27851_9.07978,viirs_noaa20,N20,2026-07-24 02:28:00,42.27851,9.07978,1.35,nominal
viirs_noaa20_2026-07-24_0228_42.28871_9.07045,viirs_noaa20,N20,2026-07-24 02:28:00,42.28871,9.07045,2.95,nominal
viirs_noaa20_2026-07-24_0228_42.28415_9.06333,viirs_noaa20,N20,2026-07-24 02:28:00,42.28415,9.06333,0.64,nominal
viirs_noaa20_2026-07-24_0228_42.28240_9.06894,viirs_noaa20,N20,2026-07-24 02:28:00,42.2824,9.06894,0.64,nominal
viirs_noaa20_2026-07-24_0228_42.28085_9.07388,viirs_noaa20,N20,2026-07-24 02:28:00,42.28085,9.07388,1.52,nominal
viirs_noaa20_2026-07-24_0228_42.27909_9.07951,viirs_noaa20,N20,2026-07-24 02:28:00,42.27909,9.07951,1.52,nominal
viirs_noaa20_2026-07-24_0230_36.31566_8.51470,viirs_noaa20,N20,2026-07-24 02:30:00,36.31566,8.5147,3.91,nominal
viirs_noaa20_2026-07-24_0230_36.34685_8.77720,viirs_noaa20,N20,2026-07-24 02:30:00,36.34685,8.7772,1.65,nominal
viirs_noaa20_2026-07-24_0230_36.88087_6.94509,viirs_noaa20,N20,2026-07-24 02:30:00,36.88087,6.94509,1.83,nominal
viirs_noaa20_2026-07-24_0230_36.87892_6.95153,viirs_noaa20,N20,2026-07-24 02:30:00,36.87892,6.95153,1.83,nominal
viirs_noaa20_2026-07-24_0230_36.86940_6.98292,viirs_noaa20,N20,2026-07-24 02:30:00,36.8694,6.98292,2.61,nominal
viirs_noaa20_2026-07-24_0230_36.31295_8.52305,viirs_noaa20,N20,2026-07-24 02:30:00,36.31295,8.52305,4.63,nominal
viirs_noaa20_2026-07-24_0230_36.31153_8.50373,viirs_noaa20,N20,2026-07-24 02:30:00,36.31153,8.50373,3.91,nominal
viirs_noaa20_2026-07-24_0230_36.30943_8.51021,viirs_noaa20,N20,2026-07-24 02:30:00,36.30943,8.51021,3.91,nominal
viirs_noaa20_2026-07-24_0230_36.30521_8.49957,viirs_noaa20,N20,2026-07-24 02:30:00,36.30521,8.49957,7.52,nominal
viirs_noaa20_2026-07-24_0230_36.30716_8.49353,viirs_noaa20,N20,2026-07-24 02:30:00,36.30716,8.49353,4.21,nominal
viirs_noaa20_2026-07-24_0230_36.26250_8.60711,viirs_noaa20,N20,2026-07-24 02:30:00,36.2625,8.60711,3.14,nominal
viirs_noaa20_2026-07-24_0230_36.31680_8.51730,viirs_noaa20,N20,2026-07-24 02:30:00,36.3168,8.5173,2.01,nominal
viirs_noaa20_2026-07-24_0230_36.31402_8.52603,viirs_noaa20,N20,2026-07-24 02:30:00,36.31402,8.52603,2.01,nominal
viirs_noaa20_2026-07-24_0230_36.31277_8.50584,viirs_noaa20,N20,2026-07-24 02:30:00,36.31277,8.50584,4.99,nominal
viirs_noaa20_2026-07-24_0230_36.31063_8.51257,viirs_noaa20,N20,2026-07-24 02:30:00,36.31063,8.51257,8.85,nominal
viirs_noaa20_2026-07-24_0230_36.30648_8.50152,viirs_noaa20,N20,2026-07-24 02:30:00,36.30648,8.50152,4.99,nominal
viirs_noaa20_2026-07-24_0230_36.30844_8.49540,viirs_noaa20,N20,2026-07-24 02:30:00,36.30844,8.4954,4.99,nominal
viirs_noaa20_2026-07-24_0230_36.25166_8.52896,viirs_noaa20,N20,2026-07-24 02:30:00,36.25166,8.52896,18,high
viirs_noaa20_2026-07-24_0230_36.23296_8.53924,viirs_noaa20,N20,2026-07-24 02:30:00,36.23296,8.53924,3.19,nominal
viirs_noaa20_2026-07-24_0230_36.25430_8.44909,viirs_noaa20,N20,2026-07-24 02:30:00,36.2543,8.44909,10.82,nominal
viirs_noaa20_2026-07-24_0230_36.25689_8.44103,viirs_noaa20,N20,2026-07-24 02:30:00,36.25689,8.44103,7.06,nominal
viirs_noaa20_2026-07-24_0230_36.21053_8.39486,viirs_noaa20,N20,2026-07-24 02:30:00,36.21053,8.39486,1.77,nominal
viirs_noaa20_2026-07-24_0230_36.20370_8.39228,viirs_noaa20,N20,2026-07-24 02:30:00,36.2037,8.39228,1.77,nominal
viirs_noaa20_2026-07-24_0230_36.18980_8.43502,viirs_noaa20,N20,2026-07-24 02:30:00,36.1898,8.43502,1.53,nominal
viirs_noaa20_2026-07-24_0230_36.20501_8.39194,viirs_noaa20,N20,2026-07-24 02:30:00,36.20501,8.39194,3.42,nominal
viirs_noaa20_2026-07-24_0230_36.19136_8.43475,viirs_noaa20,N20,2026-07-24 02:30:00,36.19136,8.43475,1.61,nominal
viirs_noaa20_2026-07-24_0230_36.42908_6.62070,viirs_noaa20,N20,2026-07-24 02:30:00,36.42908,6.6207,0.85,nominal
viirs_noaa20_2026-07-24_0230_36.34645_6.46877,viirs_noaa20,N20,2026-07-24 02:30:00,36.34645,6.46877,2.01,nominal
viirs_noaa20_2026-07-24_0230_36.34412_6.47661,viirs_noaa20,N20,2026-07-24 02:30:00,36.34412,6.47661,5.39,nominal
viirs_noaa20_2026-07-24_0230_36.34244_6.45899,viirs_noaa20,N20,2026-07-24 02:30:00,36.34244,6.45899,2.01,nominal
viirs_noaa20_2026-07-24_0230_36.34078_6.46454,viirs_noaa20,N20,2026-07-24 02:30:00,36.34078,6.46454,2.01,nominal
viirs_noaa20_2026-07-24_0230_36.33806_6.45047,viirs_noaa20,N20,2026-07-24 02:30:00,36.33806,6.45047,3.83,nominal
viirs_noaa20_2026-07-24_0230_36.33342_6.44281,viirs_noaa20,N20,2026-07-24 02:30:00,36.33342,6.44281,3.83,nominal
viirs_noaa20_2026-07-24_0230_36.31924_6.46698,viirs_noaa20,N20,2026-07-24 02:30:00,36.31924,6.46698,10.87,nominal
viirs_noaa20_2026-07-24_0230_36.31688_6.47485,viirs_noaa20,N20,2026-07-24 02:30:00,36.31688,6.47485,10.87,high
viirs_noaa20_2026-07-24_0230_36.32190_6.45813,viirs_noaa20,N20,2026-07-24 02:30:00,36.3219,6.45813,3.37,nominal
viirs_noaa20_2026-07-24_0230_36.31463_6.48236,viirs_noaa20,N20,2026-07-24 02:30:00,36.31463,6.48236,8.73,nominal
viirs_noaa20_2026-07-24_0230_36.31275_6.46548,viirs_noaa20,N20,2026-07-24 02:30:00,36.31275,6.46548,10.87,nominal
viirs_noaa20_2026-07-24_0230_36.31050_6.47298,viirs_noaa20,N20,2026-07-24 02:30:00,36.3105,6.47298,10.87,nominal
viirs_noaa20_2026-07-24_0230_36.31833_6.44691,viirs_noaa20,N20,2026-07-24 02:30:00,36.31833,6.44691,3.37,nominal
viirs_noaa20_2026-07-24_0230_36.31514_6.45752,viirs_noaa20,N20,2026-07-24 02:30:00,36.31514,6.45752,3.37,nominal
viirs_noaa20_2026-07-24_0230_36.30632_6.46380,viirs_noaa20,N20,2026-07-24 02:30:00,36.30632,6.4638,3.79,nominal
viirs_noaa20_2026-07-24_0230_36.28829_6.40853,viirs_noaa20,N20,2026-07-24 02:30:00,36.28829,6.40853,2.72,nominal
viirs_noaa20_2026-07-24_0230_36.29345_6.40822,viirs_noaa20,N20,2026-07-24 02:30:00,36.29345,6.40822,3.1,nominal
viirs_noaa20_2026-07-24_0230_35.86738_6.02304,viirs_noaa20,N20,2026-07-24 02:30:00,35.86738,6.02304,0.84,nominal
viirs_noaa20_2026-07-24_1210_36.93929_14.51775,viirs_noaa20,N20,2026-07-24 12:10:00,36.93929,14.51775,4.51,low
viirs_noaa20_2026-07-24_1210_37.10655_15.17488,viirs_noaa20,N20,2026-07-24 12:10:00,37.10655,15.17488,6.44,nominal
viirs_noaa20_2026-07-24_1210_37.10738_15.17613,viirs_noaa20,N20,2026-07-24 12:10:00,37.10738,15.17613,9.77,nominal
viirs_noaa20_2026-07-24_1210_37.11136_15.17990,viirs_noaa20,N20,2026-07-24 12:10:00,37.11136,15.1799,9.77,nominal
viirs_noaa20_2026-07-24_1210_37.11075_15.17533,viirs_noaa20,N20,2026-07-24 12:10:00,37.11075,15.17533,9.77,nominal
viirs_noaa20_2026-07-24_1210_37.11013_15.17076,viirs_noaa20,N20,2026-07-24 12:10:00,37.11013,15.17076,32.06,nominal
viirs_noaa20_2026-07-24_1210_37.11473_15.17915,viirs_noaa20,N20,2026-07-24 12:10:00,37.11473,15.17915,10.65,nominal
viirs_noaa20_2026-07-24_1210_37.11411_15.17453,viirs_noaa20,N20,2026-07-24 12:10:00,37.11411,15.17453,10.65,nominal
viirs_noaa20_2026-07-24_1210_37.11349_15.16993,viirs_noaa20,N20,2026-07-24 12:10:00,37.11349,15.16993,21.68,nominal
viirs_noaa20_2026-07-24_1210_37.19463_14.79138,viirs_noaa20,N20,2026-07-24 12:10:00,37.19463,14.79138,9.2,low
viirs_noaa20_2026-07-24_1210_37.19798_14.79069,viirs_noaa20,N20,2026-07-24 12:10:00,37.19798,14.79069,156.73,low
viirs_noaa20_2026-07-24_1210_37.20468_14.78934,viirs_noaa20,N20,2026-07-24 12:10:00,37.20468,14.78934,40.52,low
viirs_noaa20_2026-07-24_1210_37.20406_14.78481,viirs_noaa20,N20,2026-07-24 12:10:00,37.20406,14.78481,40.52,low
viirs_noaa20_2026-07-24_1210_36.21927_8.54594,viirs_noaa20,N20,2026-07-24 12:10:00,36.21927,8.54594,377.67,low
viirs_noaa20_2026-07-24_1210_36.21824_8.54062,viirs_noaa20,N20,2026-07-24 12:10:00,36.21824,8.54062,229.88,low
viirs_noaa20_2026-07-24_1210_36.22296_8.54489,viirs_noaa20,N20,2026-07-24 12:10:00,36.22296,8.54489,87.76,high
viirs_noaa20_2026-07-24_1210_36.20284_8.44121,viirs_noaa20,N20,2026-07-24 12:10:00,36.20284,8.44121,6.97,low
viirs_noaa20_2026-07-24_1210_36.20177_8.43567,viirs_noaa20,N20,2026-07-24 12:10:00,36.20177,8.43567,6.97,low
viirs_noaa20_2026-07-24_1210_36.22668_8.54404,viirs_noaa20,N20,2026-07-24 12:10:00,36.22668,8.54404,87.76,high
viirs_noaa20_2026-07-24_1210_36.22561_8.53845,viirs_noaa20,N20,2026-07-24 12:10:00,36.22561,8.53845,145.33,high
viirs_noaa20_2026-07-24_1210_36.22777_8.54967,viirs_noaa20,N20,2026-07-24 12:10:00,36.22777,8.54967,87.76,nominal
viirs_noaa20_2026-07-24_1210_36.23040_8.54317,viirs_noaa20,N20,2026-07-24 12:10:00,36.2304,8.54317,26.07,nominal
viirs_noaa20_2026-07-24_1210_36.22931_8.53750,viirs_noaa20,N20,2026-07-24 12:10:00,36.22931,8.5375,99.27,low
viirs_noaa20_2026-07-24_1210_36.23412_8.54229,viirs_noaa20,N20,2026-07-24 12:10:00,36.23412,8.54229,26.07,high
viirs_noaa20_2026-07-24_1210_36.25063_8.62798,viirs_noaa20,N20,2026-07-24 12:10:00,36.25063,8.62798,9.07,nominal
viirs_noaa20_2026-07-24_1210_36.24957_8.62245,viirs_noaa20,N20,2026-07-24 12:10:00,36.24957,8.62245,13.4,nominal
viirs_noaa20_2026-07-24_1210_36.24853_8.61701,viirs_noaa20,N20,2026-07-24 12:10:00,36.24853,8.61701,13.4,nominal
viirs_noaa20_2026-07-24_1210_36.20534_8.39357,viirs_noaa20,N20,2026-07-24 12:10:00,36.20534,8.39357,23.21,low
viirs_noaa20_2026-07-24_1210_36.22359_8.54246,viirs_noaa20,N20,2026-07-24 12:10:00,36.22359,8.54246,80.66,high
viirs_noaa20_2026-07-24_1210_36.22250_8.53697,viirs_noaa20,N20,2026-07-24 12:10:00,36.2225,8.53697,80.66,nominal
viirs_noaa20_2026-07-24_1210_36.20297_8.43899,viirs_noaa20,N20,2026-07-24 12:10:00,36.20297,8.43899,5.93,low
viirs_noaa20_2026-07-24_1210_36.20186_8.43340,viirs_noaa20,N20,2026-07-24 12:10:00,36.20186,8.4334,12.46,nominal
viirs_noaa20_2026-07-24_1210_36.22843_8.54721,viirs_noaa20,N20,2026-07-24 12:10:00,36.22843,8.54721,68.34,nominal
viirs_noaa20_2026-07-24_1210_36.22731_8.54158,viirs_noaa20,N20,2026-07-24 12:10:00,36.22731,8.54158,80.66,low
viirs_noaa20_2026-07-24_1210_36.22621_8.53601,viirs_noaa20,N20,2026-07-24 12:10:00,36.22621,8.53601,80.66,low
viirs_noaa20_2026-07-24_1210_36.23104_8.54070,viirs_noaa20,N20,2026-07-24 12:10:00,36.23104,8.5407,54.82,high
viirs_noaa20_2026-07-24_1210_36.24691_8.62092,viirs_noaa20,N20,2026-07-24 12:10:00,36.24691,8.62092,39.81,nominal
viirs_noaa20_2026-07-24_1210_36.23215_8.54631,viirs_noaa20,N20,2026-07-24 12:10:00,36.23215,8.54631,7.77,nominal
viirs_noaa20_2026-07-24_1210_36.25058_8.61982,viirs_noaa20,N20,2026-07-24 12:10:00,36.25058,8.61982,39.81,nominal
viirs_noaa20_2026-07-24_1210_36.23587_8.54542,viirs_noaa20,N20,2026-07-24 12:10:00,36.23587,8.54542,7.77,nominal
viirs_noaa20_2026-07-24_1210_36.23476_8.53981,viirs_noaa20,N20,2026-07-24 12:10:00,36.23476,8.53981,54.82,nominal
viirs_noaa20_2026-07-24_1210_36.20523_8.39142,viirs_noaa20,N20,2026-07-24 12:10:00,36.20523,8.39142,36.1,low
viirs_noaa20_2026-07-24_1210_36.25640_8.62970,viirs_noaa20,N20,2026-07-24 12:10:00,36.2564,8.6297,48.51,low
viirs_noaa20_2026-07-24_1210_36.20895_8.39039,viirs_noaa20,N20,2026-07-24 12:10:00,36.20895,8.39039,12.83,low
viirs_noaa20_2026-07-24_1210_36.25682_8.61216,viirs_noaa20,N20,2026-07-24 12:10:00,36.25682,8.61216,59.84,nominal
viirs_noaa20_2026-07-24_1210_36.25946_8.60581,viirs_noaa20,N20,2026-07-24 12:10:00,36.25946,8.60581,76.98,nominal
viirs_noaa20_2026-07-24_1210_36.26524_8.61546,viirs_noaa20,N20,2026-07-24 12:10:00,36.26524,8.61546,107.87,nominal
viirs_noaa20_2026-07-24_1210_36.26577_8.59843,viirs_noaa20,N20,2026-07-24 12:10:00,36.26577,8.59843,10.82,low
viirs_noaa20_2026-07-24_1210_36.26945_8.59744,viirs_noaa20,N20,2026-07-24 12:10:00,36.26945,8.59744,10.82,nominal
viirs_noaa20_2026-07-24_1210_37.33809_14.97126,viirs_noaa20,N20,2026-07-24 12:10:00,37.33809,14.97126,5.42,nominal
viirs_noaa20_2026-07-24_1210_36.25401_8.45960,viirs_noaa20,N20,2026-07-24 12:10:00,36.25401,8.4596,124.85,nominal
viirs_noaa20_2026-07-24_1210_36.32155_8.76534,viirs_noaa20,N20,2026-07-24 12:10:00,36.32155,8.76534,18,low
viirs_noaa20_2026-07-24_1210_36.32523_8.76448,viirs_noaa20,N20,2026-07-24 12:10:00,36.32523,8.76448,18,nominal
viirs_noaa20_2026-07-24_1210_36.32416_8.75896,viirs_noaa20,N20,2026-07-24 12:10:00,36.32416,8.75896,18,low
viirs_noaa20_2026-07-24_1210_36.32890_8.76358,viirs_noaa20,N20,2026-07-24 12:10:00,36.3289,8.76358,28.87,low
viirs_noaa20_2026-07-24_1210_36.30545_8.50321,viirs_noaa20,N20,2026-07-24 12:10:00,36.30545,8.50321,21.23,nominal
viirs_noaa20_2026-07-24_1210_37.29597_14.37334,viirs_noaa20,N20,2026-07-24 12:10:00,37.29597,14.37334,10.1,nominal
viirs_noaa20_2026-07-24_1210_37.26308_13.77077,viirs_noaa20,N20,2026-07-24 12:10:00,37.26308,13.77077,8.57,nominal
viirs_noaa20_2026-07-24_1210_37.26332_13.72612,viirs_noaa20,N20,2026-07-24 12:10:00,37.26332,13.72612,6.67,nominal
viirs_noaa20_2026-07-24_1210_37.33960_13.57553,viirs_noaa20,N20,2026-07-24 12:10:00,37.3396,13.57553,11.86,low
viirs_noaa20_2026-07-24_1210_37.33968_13.55320,viirs_noaa20,N20,2026-07-24 12:10:00,37.33968,13.5532,30.46,nominal
viirs_noaa20_2026-07-24_1210_37.34297_13.55244,viirs_noaa20,N20,2026-07-24 12:10:00,37.34297,13.55244,30.46,low
viirs_noaa20_2026-07-24_1210_37.34626_13.55168,viirs_noaa20,N20,2026-07-24 12:10:00,37.34626,13.55168,4.03,low
viirs_noaa20_2026-07-24_1210_37.55937_15.02888,viirs_noaa20,N20,2026-07-24 12:10:00,37.55937,15.02888,18.46,nominal
viirs_noaa20_2026-07-24_1210_37.55875_15.02430,viirs_noaa20,N20,2026-07-24 12:10:00,37.55875,15.0243,6.5,low
viirs_noaa20_2026-07-24_1210_37.56274_15.02808,viirs_noaa20,N20,2026-07-24 12:10:00,37.56274,15.02808,4.14,low
viirs_noaa20_2026-07-24_1210_37.58712_15.13151,viirs_noaa20,N20,2026-07-24 12:10:00,37.58712,15.13151,4.96,nominal
viirs_noaa20_2026-07-24_1210_37.60854_13.94979,viirs_noaa20,N20,2026-07-24 12:10:00,37.60854,13.94979,8.05,low
viirs_noaa20_2026-07-24_1210_36.30021_6.47775,viirs_noaa20,N20,2026-07-24 12:10:00,36.30021,6.47775,19.75,nominal
viirs_noaa20_2026-07-24_1210_36.29924_6.47321,viirs_noaa20,N20,2026-07-24 12:10:00,36.29924,6.47321,35.1,low
viirs_noaa20_2026-07-24_1210_36.30430_6.47663,viirs_noaa20,N20,2026-07-24 12:10:00,36.3043,6.47663,18.66,nominal
viirs_noaa20_2026-07-24_1210_36.30333_6.47210,viirs_noaa20,N20,2026-07-24 12:10:00,36.30333,6.4721,54.69,low
viirs_noaa20_2026-07-24_1210_36.30935_6.48000,viirs_noaa20,N20,2026-07-24 12:10:00,36.30935,6.48,18.66,nominal
viirs_noaa20_2026-07-24_1210_36.30840_6.47556,viirs_noaa20,N20,2026-07-24 12:10:00,36.3084,6.47556,18.66,nominal
viirs_noaa20_2026-07-24_1210_36.31030_6.48440,viirs_noaa20,N20,2026-07-24 12:10:00,36.3103,6.4844,54.6,low
viirs_noaa20_2026-07-24_1210_36.31440_6.48338,viirs_noaa20,N20,2026-07-24 12:10:00,36.3144,6.48338,71.58,high
viirs_noaa20_2026-07-24_1210_36.31345_6.47894,viirs_noaa20,N20,2026-07-24 12:10:00,36.31345,6.47894,45.08,high
viirs_noaa20_2026-07-24_1210_37.59530_13.57970,viirs_noaa20,N20,2026-07-24 12:10:00,37.5953,13.5797,31.83,nominal
viirs_noaa20_2026-07-24_1210_36.31535_6.48782,viirs_noaa20,N20,2026-07-24 12:10:00,36.31535,6.48782,71.58,nominal
viirs_noaa20_2026-07-24_1210_36.31852_6.48237,viirs_noaa20,N20,2026-07-24 12:10:00,36.31852,6.48237,71.58,nominal
viirs_noaa20_2026-07-24_1210_36.31756_6.47791,viirs_noaa20,N20,2026-07-24 12:10:00,36.31756,6.47791,45.08,nominal
viirs_noaa20_2026-07-24_1210_36.32169_6.47696,viirs_noaa20,N20,2026-07-24 12:10:00,36.32169,6.47696,50.42,high
viirs_noaa20_2026-07-24_1210_36.34312_6.47604,viirs_noaa20,N20,2026-07-24 12:10:00,36.34312,6.47604,18.18,nominal
viirs_noaa20_2026-07-24_1210_36.33951_6.45904,viirs_noaa20,N20,2026-07-24 12:10:00,36.33951,6.45904,8.18,nominal
viirs_noaa20_2026-07-24_1210_36.34629_6.47063,viirs_noaa20,N20,2026-07-24 12:10:00,36.34629,6.47063,3.1,low
viirs_noaa20_2026-07-24_1210_36.34341_6.45702,viirs_noaa20,N20,2026-07-24 12:10:00,36.34341,6.45702,2.87,nominal
viirs_noaa20_2026-07-24_1210_38.11058_15.12471,viirs_noaa20,N20,2026-07-24 12:10:00,38.11058,15.12471,1.61,nominal
viirs_noaa20_2026-07-24_1210_37.98785_13.49795,viirs_noaa20,N20,2026-07-24 12:10:00,37.98785,13.49795,10.68,low
viirs_noaa20_2026-07-24_1210_37.98720_13.49356,viirs_noaa20,N20,2026-07-24 12:10:00,37.9872,13.49356,10.68,nominal
viirs_noaa20_2026-07-24_1210_37.98656_13.48921,viirs_noaa20,N20,2026-07-24 12:10:00,37.98656,13.48921,11.82,nominal
viirs_noaa20_2026-07-24_1210_37.99049_13.49283,viirs_noaa20,N20,2026-07-24 12:10:00,37.99049,13.49283,8.68,low
viirs_noaa20_2026-07-24_1210_37.98985_13.48847,viirs_noaa20,N20,2026-07-24 12:10:00,37.98985,13.48847,2.37,nominal
viirs_noaa20_2026-07-24_1210_37.99379_13.49210,viirs_noaa20,N20,2026-07-24 12:10:00,37.99379,13.4921,8.68,nominal
viirs_noaa20_2026-07-24_1210_37.99314_13.48774,viirs_noaa20,N20,2026-07-24 12:10:00,37.99314,13.48774,2.37,nominal
viirs_noaa20_2026-07-24_1210_37.99708_13.49135,viirs_noaa20,N20,2026-07-24 12:10:00,37.99708,13.49135,2.08,low
viirs_noaa20_2026-07-24_1210_36.86637_6.98201,viirs_noaa20,N20,2026-07-24 12:10:00,36.86637,6.98201,6.77,nominal
viirs_noaa20_2026-07-24_1210_36.87580_6.94708,viirs_noaa20,N20,2026-07-24 12:10:00,36.8758,6.94708,3.74,nominal
viirs_noaa20_2026-07-24_1210_39.50668_15.98671,viirs_noaa20,N20,2026-07-24 12:10:00,39.50668,15.98671,56.12,low
viirs_noaa20_2026-07-24_1210_39.51020_15.98581,viirs_noaa20,N20,2026-07-24 12:10:00,39.5102,15.98581,5.73,nominal
viirs_noaa20_2026-07-24_1212_40.46068_16.81521,viirs_noaa20,N20,2026-07-24 12:12:00,40.46068,16.81521,3.9,nominal
viirs_noaa20_2026-07-24_1212_40.82867_16.71177,viirs_noaa20,N20,2026-07-24 12:12:00,40.82867,16.71177,2.07,nominal
viirs_noaa20_2026-07-24_1212_40.67672_14.73905,viirs_noaa20,N20,2026-07-24 12:12:00,40.67672,14.73905,9.27,nominal
viirs_noaa20_2026-07-24_1212_40.68077_14.74315,viirs_noaa20,N20,2026-07-24 12:12:00,40.68077,14.74315,7.22,low
viirs_noaa20_2026-07-24_1212_40.68011_14.73802,viirs_noaa20,N20,2026-07-24 12:12:00,40.68011,14.73802,7.22,low
viirs_noaa20_2026-07-24_1212_40.72517_14.73179,viirs_noaa20,N20,2026-07-24 12:12:00,40.72517,14.73179,4.9,nominal
viirs_noaa20_2026-07-24_1212_40.72921_14.47233,viirs_noaa20,N20,2026-07-24 12:12:00,40.72921,14.47233,7.25,nominal
viirs_noaa20_2026-07-24_1212_39.99906_9.62580,viirs_noaa20,N20,2026-07-24 12:12:00,39.99906,9.6258,14.59,low
viirs_noaa20_2026-07-24_1212_39.99822_9.62104,viirs_noaa20,N20,2026-07-24 12:12:00,39.99822,9.62104,14.59,nominal
viirs_noaa20_2026-07-24_1212_40.00243_9.62480,viirs_noaa20,N20,2026-07-24 12:12:00,40.00243,9.6248,83.51,low
viirs_noaa20_2026-07-24_1212_40.00159_9.62004,viirs_noaa20,N20,2026-07-24 12:12:00,40.00159,9.62004,83.51,low
viirs_noaa20_2026-07-24_1212_40.00412_9.61430,viirs_noaa20,N20,2026-07-24 12:12:00,40.00412,9.6143,137.64,high
viirs_noaa20_2026-07-24_1212_40.00834_9.61808,viirs_noaa20,N20,2026-07-24 12:12:00,40.00834,9.61808,5.43,nominal
viirs_noaa20_2026-07-24_1212_41.07798_16.35811,viirs_noaa20,N20,2026-07-24 12:12:00,41.07798,16.35811,3.49,nominal
viirs_noaa20_2026-07-24_1212_40.87389_14.48129,viirs_noaa20,N20,2026-07-24 12:12:00,40.87389,14.48129,4.87,low
viirs_noaa20_2026-07-24_1212_41.10050_13.89763,viirs_noaa20,N20,2026-07-24 12:12:00,41.1005,13.89763,24.26,low
viirs_noaa20_2026-07-24_1212_41.10387_13.89684,viirs_noaa20,N20,2026-07-24 12:12:00,41.10387,13.89684,12.31,nominal
viirs_noaa20_2026-07-24_1212_41.15154_14.14871,viirs_noaa20,N20,2026-07-24 12:12:00,41.15154,14.14871,2.99,low
viirs_noaa20_2026-07-24_1212_41.44939_15.44115,viirs_noaa20,N20,2026-07-24 12:12:00,41.44939,15.44115,7.45,nominal
viirs_noaa20_2026-07-24_1212_41.44874_15.43579,viirs_noaa20,N20,2026-07-24 12:12:00,41.44874,15.43579,5.19,nominal
viirs_noaa20_2026-07-24_1212_41.45293_15.44040,viirs_noaa20,N20,2026-07-24 12:12:00,41.45293,15.4404,4.43,nominal
viirs_noaa20_2026-07-24_1212_41.45228_15.43504,viirs_noaa20,N20,2026-07-24 12:12:00,41.45228,15.43504,1.12,low
viirs_noaa20_2026-07-24_1212_41.54784_13.50034,viirs_noaa20,N20,2026-07-24 12:12:00,41.54784,13.50034,3.52,nominal
viirs_noaa20_2026-07-24_1212_41.48931_12.71579,viirs_noaa20,N20,2026-07-24 12:12:00,41.48931,12.71579,3.93,nominal
viirs_noaa20_2026-07-24_1212_41.49261_12.71494,viirs_noaa20,N20,2026-07-24 12:12:00,41.49261,12.71494,3.93,nominal
viirs_noaa20_2026-07-24_1212_41.69724_13.62363,viirs_noaa20,N20,2026-07-24 12:12:00,41.69724,13.62363,2.5,nominal
viirs_noaa20_2026-07-24_1212_41.82626_12.31938,viirs_noaa20,N20,2026-07-24 12:12:00,41.82626,12.31938,19.85,low
viirs_noaa20_2026-07-24_1212_41.82694_12.32399,viirs_noaa20,N20,2026-07-24 12:12:00,41.82694,12.32399,82.83,low
viirs_noaa20_2026-07-24_1212_42.74949_12.71033,viirs_noaa20,N20,2026-07-24 12:12:00,42.74949,12.71033,2.88,nominal
viirs_noaa20_2026-07-24_1212_42.25550_9.06722,viirs_noaa20,N20,2026-07-24 12:12:00,42.2555,9.06722,5.41,nominal
viirs_noaa20_2026-07-24_1212_42.28188_9.07223,viirs_noaa20,N20,2026-07-24 12:12:00,42.28188,9.07223,95.61,nominal
viirs_noaa20_2026-07-24_1212_42.28432_9.06614,viirs_noaa20,N20,2026-07-24 12:12:00,42.28432,9.06614,57.36,nominal
viirs_noaa20_2026-07-24_1212_42.29174_9.06834,viirs_noaa20,N20,2026-07-24 12:12:00,42.29174,9.06834,66.36,nominal
viirs_noaa20_2026-07-24_1212_43.43958_11.16107,viirs_noaa20,N20,2026-07-24 12:12:00,43.43958,11.16107,4.06,nominal
viirs_noaa20_2026-07-24_1212_43.84841_11.17908,viirs_noaa20,N20,2026-07-24 12:12:00,43.84841,11.17908,4.12,low
viirs_noaa20_2026-07-24_1212_43.84242_11.11669,viirs_noaa20,N20,2026-07-24 12:12:00,43.84242,11.11669,6.31,low
viirs_noaa20_2026-07-24_1212_43.84171_11.11197,viirs_noaa20,N20,2026-07-24 12:12:00,43.84171,11.11197,7.72,nominal
viirs_noaa20_2026-07-24_1212_43.84855_11.13465,viirs_noaa20,N20,2026-07-24 12:12:00,43.84855,11.13465,4.62,nominal
viirs_noaa20_2026-07-24_1212_44.21535_12.10747,viirs_noaa20,N20,2026-07-24 12:12:00,44.21535,12.10747,3.13,nominal
viirs_noaa20_2026-07-24_1212_44.37832_12.02881,viirs_noaa20,N20,2026-07-24 12:12:00,44.37832,12.02881,1.83,low
viirs_noaa20_2026-07-24_1212_44.43058_11.52005,viirs_noaa20,N20,2026-07-24 12:12:00,44.43058,11.52005,1.66,low
viirs_noaa20_2026-07-24_1212_43.49607_6.10852,viirs_noaa20,N20,2026-07-24 12:12:00,43.49607,6.10852,2.91,low
viirs_noaa20_2026-07-24_1212_44.43457_11.52395,viirs_noaa20,N20,2026-07-24 12:12:00,44.43457,11.52395,3.35,low
viirs_noaa20_2026-07-24_1212_44.43387_11.51912,viirs_noaa20,N20,2026-07-24 12:12:00,44.43387,11.51912,3.5,low
viirs_noaa20_2026-07-24_1212_43.50323_6.10595,viirs_noaa20,N20,2026-07-24 12:12:00,43.50323,6.10595,13.62,low
viirs_noaa20_2026-07-24_1212_43.50679_6.10463,viirs_noaa20,N20,2026-07-24 12:12:00,43.50679,6.10463,19.96,low
viirs_noaa20_2026-07-24_1212_43.50562_6.09873,viirs_noaa20,N20,2026-07-24 12:12:00,43.50562,6.09873,19.96,low
viirs_noaa20_2026-07-24_1212_43.50919_6.09743,viirs_noaa20,N20,2026-07-24 12:12:00,43.50919,6.09743,19.96,nominal
viirs_noaa20_2026-07-24_1212_43.52252_6.06807,viirs_noaa20,N20,2026-07-24 12:12:00,43.52252,6.06807,88.85,low
viirs_noaa20_2026-07-24_1212_43.52137_6.06229,viirs_noaa20,N20,2026-07-24 12:12:00,43.52137,6.06229,557.52,low
viirs_noaa20_2026-07-24_1212_44.37206_10.82798,viirs_noaa20,N20,2026-07-24 12:12:00,44.37206,10.82798,5.25,nominal
viirs_noaa20_2026-07-24_1212_44.46534_11.42996,viirs_noaa20,N20,2026-07-24 12:12:00,44.46534,11.42996,3.05,low
viirs_noaa20_2026-07-24_1212_44.46862_11.42902,viirs_noaa20,N20,2026-07-24 12:12:00,44.46862,11.42902,1.74,low
viirs_noaa20_2026-07-24_1212_43.55930_6.07941,viirs_noaa20,N20,2026-07-24 12:12:00,43.5593,6.07941,4.28,nominal
viirs_noaa20_2026-07-24_1212_44.49534_11.40135,viirs_noaa20,N20,2026-07-24 12:12:00,44.49534,11.40135,1.45,low
viirs_noaa20_2026-07-24_1212_44.50004_11.41004,viirs_noaa20,N20,2026-07-24 12:12:00,44.50004,11.41004,2.15,low
viirs_noaa20_2026-07-24_1212_44.52026_11.52480,viirs_noaa20,N20,2026-07-24 12:12:00,44.52026,11.5248,4.26,nominal
viirs_noaa20_2026-07-24_1212_44.49396_11.25402,viirs_noaa20,N20,2026-07-24 12:12:00,44.49396,11.25402,3.58,nominal
viirs_noaa20_2026-07-24_1212_44.49324_11.24921,viirs_noaa20,N20,2026-07-24 12:12:00,44.49324,11.24921,3.58,nominal
viirs_noaa20_2026-07-24_1212_44.52779_11.41472,viirs_noaa20,N20,2026-07-24 12:12:00,44.52779,11.41472,2.32,nominal
viirs_noaa20_2026-07-24_1212_44.53107_11.41379,viirs_noaa20,N20,2026-07-24 12:12:00,44.53107,11.41379,2.32,nominal
viirs_noaa20_2026-07-24_1212_44.55124_11.38795,viirs_noaa20,N20,2026-07-24 12:12:00,44.55124,11.38795,1.9,low
viirs_noaa20_2026-07-24_1212_44.55639_11.37643,viirs_noaa20,N20,2026-07-24 12:12:00,44.55639,11.37643,3.88,low
viirs_noaa20_2026-07-24_1212_44.55826_11.36586,viirs_noaa20,N20,2026-07-24 12:12:00,44.55826,11.36586,3.74,nominal
viirs_noaa20_2026-07-24_1212_44.55022_11.28791,viirs_noaa20,N20,2026-07-24 12:12:00,44.55022,11.28791,2.98,low
viirs_noaa20_2026-07-24_1212_44.53143_10.97817,viirs_noaa20,N20,2026-07-24 12:12:00,44.53143,10.97817,3.45,nominal
viirs_noaa20_2026-07-24_1212_44.52788_10.90928,viirs_noaa20,N20,2026-07-24 12:12:00,44.52788,10.90928,3.5,low
viirs_noaa20_2026-07-24_1212_44.53299_10.85285,viirs_noaa20,N20,2026-07-24 12:12:00,44.53299,10.85285,8.63,nominal
viirs_noaa20_2026-07-24_1212_44.54446_10.86145,viirs_noaa20,N20,2026-07-24 12:12:00,44.54446,10.86145,2.91,low
viirs_noaa20_2026-07-24_1212_44.54922_10.78016,viirs_noaa20,N20,2026-07-24 12:12:00,44.54922,10.78016,1.23,low
viirs_noaa20_2026-07-24_1212_44.67203_11.30508,viirs_noaa20,N20,2026-07-24 12:12:00,44.67203,11.30508,3.53,nominal
viirs_noaa20_2026-07-24_1212_44.62676_10.97721,viirs_noaa20,N20,2026-07-24 12:12:00,44.62676,10.97721,5.01,nominal
viirs_noaa20_2026-07-24_1212_44.63442_10.95994,viirs_noaa20,N20,2026-07-24 12:12:00,44.63442,10.95994,4.52,low
viirs_noaa20_2026-07-24_1212_44.65221_10.96472,viirs_noaa20,N20,2026-07-24 12:12:00,44.65221,10.96472,5.99,nominal
viirs_noaa20_2026-07-24_1212_44.67741_11.01907,viirs_noaa20,N20,2026-07-24 12:12:00,44.67741,11.01907,3.19,nominal
viirs_noaa20_2026-07-24_1212_44.69291_10.84916,viirs_noaa20,N20,2026-07-24 12:12:00,44.69291,10.84916,2.53,low
viirs_noaa20_2026-07-24_1212_44.77112_10.89326,viirs_noaa20,N20,2026-07-24 12:12:00,44.77112,10.89326,1.91,low
viirs_noaa20_2026-07-24_1212_44.77154_10.82791,viirs_noaa20,N20,2026-07-24 12:12:00,44.77154,10.82791,8.46,low
viirs_noaa20_2026-07-24_1212_44.75484_10.67248,viirs_noaa20,N20,2026-07-24 12:12:00,44.75484,10.67248,2.88,nominal
viirs_noaa20_2026-07-24_1212_44.75441_10.60245,viirs_noaa20,N20,2026-07-24 12:12:00,44.75441,10.60245,3.38,low
viirs_noaa20_2026-07-24_1212_44.79793_10.57431,viirs_noaa20,N20,2026-07-24 12:12:00,44.79793,10.57431,1.38,low
viirs_noaa20_2026-07-24_1212_44.75389_10.20151,viirs_noaa20,N20,2026-07-24 12:12:00,44.75389,10.20151,2.77,low
viirs_noaa20_2026-07-24_1212_44.83448_10.34490,viirs_noaa20,N20,2026-07-24 12:12:00,44.83448,10.3449,2.69,low
viirs_noaa20_2026-07-24_1212_44.84724_10.36109,viirs_noaa20,N20,2026-07-24 12:12:00,44.84724,10.36109,2.32,low
viirs_noaa20_2026-07-24_1212_44.94484_10.70844,viirs_noaa20,N20,2026-07-24 12:12:00,44.94484,10.70844,8.34,nominal
viirs_noaa20_2026-07-24_1212_44.91231_10.42874,viirs_noaa20,N20,2026-07-24 12:12:00,44.91231,10.42874,10.51,nominal
viirs_noaa20_2026-07-24_1212_44.98838_9.92933,viirs_noaa20,N20,2026-07-24 12:12:00,44.98838,9.92933,2.62,low
viirs_noaa20_2026-07-24_1212_45.14114_10.85610,viirs_noaa20,N20,2026-07-24 12:12:00,45.14114,10.8561,8.1,nominal
viirs_noaa20_2026-07-24_1212_45.39518_11.93527,viirs_noaa20,N20,2026-07-24 12:12:00,45.39518,11.93527,5.6,nominal
viirs_noaa20_2026-07-24_1212_45.27850_10.86205,viirs_noaa20,N20,2026-07-24 12:12:00,45.2785,10.86205,8.48,nominal
viirs_noaa20_2026-07-24_1212_45.14438_9.94218,viirs_noaa20,N20,2026-07-24 12:12:00,45.14438,9.94218,12.43,nominal
viirs_noaa20_2026-07-24_1212_45.35218_11.29326,viirs_noaa20,N20,2026-07-24 12:12:00,45.35218,11.29326,1.83,nominal
viirs_noaa20_2026-07-24_1212_45.30358_10.86978,viirs_noaa20,N20,2026-07-24 12:12:00,45.30358,10.86978,2.7,nominal
viirs_noaa20_2026-07-24_1212_45.30246_10.81697,viirs_noaa20,N20,2026-07-24 12:12:00,45.30246,10.81697,1.94,low
viirs_noaa20_2026-07-24_1212_45.41913_11.09761,viirs_noaa20,N20,2026-07-24 12:12:00,45.41913,11.09761,4.88,nominal
viirs_noaa20_2026-07-24_1212_45.41501_10.97650,viirs_noaa20,N20,2026-07-24 12:12:00,45.41501,10.9765,4.21,nominal
viirs_noaa20_2026-07-24_1212_45.41829_10.97553,viirs_noaa20,N20,2026-07-24 12:12:00,45.41829,10.97553,4.31,low
viirs_noaa20_2026-07-24_1212_45.41107_10.92675,viirs_noaa20,N20,2026-07-24 12:12:00,45.41107,10.92675,2.8,nominal
viirs_noaa20_2026-07-24_1212_45.45042_10.87140,viirs_noaa20,N20,2026-07-24 12:12:00,45.45042,10.8714,3.48,nominal
viirs_noaa20_2026-07-24_1212_44.74324_6.56389,viirs_noaa20,N20,2026-07-24 12:12:00,44.74324,6.56389,14.45,low
viirs_noaa20_2026-07-24_1212_44.74672_6.56279,viirs_noaa20,N20,2026-07-24 12:12:00,44.74672,6.56279,14.45,nominal
viirs_noaa20_2026-07-24_1212_44.75022_6.56180,viirs_noaa20,N20,2026-07-24 12:12:00,44.75022,6.5618,6.76,nominal
viirs_noaa20_2026-07-24_1212_44.75505_6.54838,viirs_noaa20,N20,2026-07-24 12:12:00,44.75505,6.54838,40.19,low
viirs_noaa20_2026-07-24_1212_44.77327_6.54715,viirs_noaa20,N20,2026-07-24 12:12:00,44.77327,6.54715,41,nominal
viirs_noaa20_2026-07-24_1212_45.47783_10.21534,viirs_noaa20,N20,2026-07-24 12:12:00,45.47783,10.21534,3.82,low
viirs_noaa20_2026-07-24_1212_45.85780_12.26599,viirs_noaa20,N20,2026-07-24 12:12:00,45.8578,12.26599,5.15,nominal
viirs_noaa20_2026-07-24_1212_45.55215_10.14350,viirs_noaa20,N20,2026-07-24 12:12:00,45.55215,10.1435,2.28,low
viirs_noaa20_2026-07-24_1212_45.86185_12.27022,viirs_noaa20,N20,2026-07-24 12:12:00,45.86185,12.27022,5.2,nominal
viirs_noaa20_2026-07-24_1212_45.52929_9.79950,viirs_noaa20,N20,2026-07-24 12:12:00,45.52929,9.7995,3.01,low
viirs_noaa20_2026-07-24_1212_45.49076_9.55675,viirs_noaa20,N20,2026-07-24 12:12:00,45.49076,9.55675,1.96,nominal
viirs_noaa20_2026-07-24_1212_45.57126_9.35326,viirs_noaa20,N20,2026-07-24 12:12:00,45.57126,9.35326,2.47,nominal
viirs_noaa20_2026-07-24_1212_45.64812_9.64075,viirs_noaa20,N20,2026-07-24 12:12:00,45.64812,9.64075,4.18,nominal
viirs_noaa20_2026-07-25_0030_39.52494_15.97606,viirs_noaa20,N20,2026-07-25 00:30:00,39.52494,15.97606,0.94,nominal
viirs_noaa20_2026-07-25_0030_39.44158_15.99999,viirs_noaa20,N20,2026-07-25 00:30:00,39.44158,15.99999,0.73,nominal
viirs_noaa20_2026-07-25_0030_39.43763_15.99914,viirs_noaa20,N20,2026-07-25 00:30:00,39.43763,15.99914,6.61,nominal
viirs_noaa20_2026-07-25_0030_39.43949_15.99961,viirs_noaa20,N20,2026-07-25 00:30:00,39.43949,15.99961,4.75,nominal
viirs_noaa20_2026-07-25_0030_39.43872_16.00678,viirs_noaa20,N20,2026-07-25 00:30:00,39.43872,16.00678,4.75,nominal
viirs_noaa20_2026-07-25_0030_38.73312_16.24043,viirs_noaa20,N20,2026-07-25 00:30:00,38.73312,16.24043,0.94,nominal
viirs_noaa20_2026-07-25_0030_38.79509_15.21005,viirs_noaa20,N20,2026-07-25 00:30:00,38.79509,15.21005,5.53,nominal
viirs_noaa20_2026-07-25_0030_39.21643_8.40444,viirs_noaa20,N20,2026-07-25 00:30:00,39.21643,8.40444,0.72,nominal
viirs_noaa20_2026-07-25_0030_37.75417_14.99668,viirs_noaa20,N20,2026-07-25 00:30:00,37.75417,14.99668,0.6,nominal
viirs_noaa20_2026-07-25_0030_37.82270_12.75021,viirs_noaa20,N20,2026-07-25 00:30:00,37.8227,12.75021,0.49,nominal
viirs_noaa20_2026-07-25_0030_37.43744_15.03087,viirs_noaa20,N20,2026-07-25 00:30:00,37.43744,15.03087,1.19,nominal
viirs_noaa20_2026-07-25_0030_37.20710_14.77517,viirs_noaa20,N20,2026-07-25 00:30:00,37.2071,14.77517,0.72,nominal
viirs_noaa20_2026-07-25_0030_37.20666_14.77969,viirs_noaa20,N20,2026-07-25 00:30:00,37.20666,14.77969,1.06,nominal
viirs_noaa20_2026-07-25_0030_37.19843_14.77831,viirs_noaa20,N20,2026-07-25 00:30:00,37.19843,14.77831,1.82,nominal
viirs_noaa20_2026-07-25_0030_37.20490_14.77292,viirs_noaa20,N20,2026-07-25 00:30:00,37.2049,14.77292,1.68,nominal
viirs_noaa20_2026-07-25_0030_37.19621_14.77604,viirs_noaa20,N20,2026-07-25 00:30:00,37.19621,14.77604,0.98,nominal
viirs_noaa20_2026-07-25_0030_37.06028_14.43124,viirs_noaa20,N20,2026-07-25 00:30:00,37.06028,14.43124,0.77,nominal
viirs_noaa20_2026-07-25_0030_36.70169_15.04917,viirs_noaa20,N20,2026-07-25 00:30:00,36.70169,15.04917,1.58,nominal
viirs_noaa20_2026-07-25_0030_36.70123_15.05358,viirs_noaa20,N20,2026-07-25 00:30:00,36.70123,15.05358,1.54,nominal
viirs_noaa20_2026-07-25_0033_36.87778_6.94263,viirs_noaa20,N20,2026-07-25 00:33:00,36.87778,6.94263,4.75,nominal
viirs_noaa20_2026-07-25_0033_36.87798_6.93652,viirs_noaa20,N20,2026-07-25 00:33:00,36.87798,6.93652,4.09,nominal
viirs_noaa20_2026-07-25_0033_36.87044_6.97391,viirs_noaa20,N20,2026-07-25 00:33:00,36.87044,6.97391,3.72,nominal
viirs_noaa20_2026-07-25_0033_36.87022_6.98067,viirs_noaa20,N20,2026-07-25 00:33:00,36.87022,6.98067,2.83,nominal
viirs_noaa20_2026-07-25_0033_36.86472_6.95438,viirs_noaa20,N20,2026-07-25 00:33:00,36.86472,6.95438,1.84,nominal
viirs_noaa20_2026-07-25_0033_36.88157_6.94334,viirs_noaa20,N20,2026-07-25 00:33:00,36.88157,6.94334,3.12,nominal
viirs_noaa20_2026-07-25_0033_36.88181_6.93716,viirs_noaa20,N20,2026-07-25 00:33:00,36.88181,6.93716,3.12,nominal
viirs_noaa20_2026-07-25_0033_36.87403_6.97489,viirs_noaa20,N20,2026-07-25 00:33:00,36.87403,6.97489,2.63,nominal
viirs_noaa20_2026-07-25_0033_36.86867_6.94885,viirs_noaa20,N20,2026-07-25 00:33:00,36.86867,6.94885,1.42,nominal
viirs_noaa20_2026-07-25_0033_36.86843_6.95514,viirs_noaa20,N20,2026-07-25 00:33:00,36.86843,6.95514,1.42,nominal
viirs_noaa20_2026-07-25_0033_36.86771_6.97424,viirs_noaa20,N20,2026-07-25 00:33:00,36.86771,6.97424,1.41,nominal
viirs_noaa20_2026-07-25_0033_36.86746_6.98101,viirs_noaa20,N20,2026-07-25 00:33:00,36.86746,6.98101,1.41,nominal
viirs_noaa20_2026-07-25_0033_36.74930_6.25017,viirs_noaa20,N20,2026-07-25 00:33:00,36.7493,6.25017,1.99,nominal
viirs_noaa20_2026-07-25_0033_36.74910_6.25692,viirs_noaa20,N20,2026-07-25 00:33:00,36.7491,6.25692,1.99,nominal
viirs_noaa20_2026-07-25_0033_36.38358_8.44613,viirs_noaa20,N20,2026-07-25 00:33:00,36.38358,8.44613,23.75,high
viirs_noaa20_2026-07-25_0033_36.38332_8.45118,viirs_noaa20,N20,2026-07-25 00:33:00,36.38332,8.45118,23.75,nominal
viirs_noaa20_2026-07-25_0033_36.38307_8.45596,viirs_noaa20,N20,2026-07-25 00:33:00,36.38307,8.45596,12,nominal
viirs_noaa20_2026-07-25_0033_36.43179_6.62219,viirs_noaa20,N20,2026-07-25 00:33:00,36.43179,6.62219,1.47,nominal
viirs_noaa20_2026-07-25_0033_36.27561_8.62543,viirs_noaa20,N20,2026-07-25 00:33:00,36.27561,8.62543,0.75,nominal
viirs_noaa20_2026-07-25_0033_36.27473_8.62764,viirs_noaa20,N20,2026-07-25 00:33:00,36.27473,8.62764,2.24,nominal
viirs_noaa20_2026-07-25_0033_36.27050_8.59848,viirs_noaa20,N20,2026-07-25 00:33:00,36.2705,8.59848,0.83,nominal
viirs_noaa20_2026-07-25_0033_36.35222_6.46948,viirs_noaa20,N20,2026-07-25 00:33:00,36.35222,6.46948,4,nominal
viirs_noaa20_2026-07-25_0033_36.22744_8.53241,viirs_noaa20,N20,2026-07-25 00:33:00,36.22744,8.53241,1.19,nominal
viirs_noaa20_2026-07-25_0033_36.22142_8.53653,viirs_noaa20,N20,2026-07-25 00:33:00,36.22142,8.53653,1.19,nominal
viirs_noaa20_2026-07-25_0033_36.21582_8.53218,viirs_noaa20,N20,2026-07-25 00:33:00,36.21582,8.53218,1.98,nominal
viirs_noaa20_2026-07-25_0033_36.20440_8.52789,viirs_noaa20,N20,2026-07-25 00:33:00,36.2044,8.52789,1.12,nominal
viirs_noaa20_2026-07-25_0033_36.19821_8.53514,viirs_noaa20,N20,2026-07-25 00:33:00,36.19821,8.53514,6.48,nominal
viirs_noaa20_2026-07-25_0033_36.19885_8.52223,viirs_noaa20,N20,2026-07-25 00:33:00,36.19885,8.52223,1.12,nominal
viirs_noaa20_2026-07-25_0033_36.19225_8.53805,viirs_noaa20,N20,2026-07-25 00:33:00,36.19225,8.53805,1.43,nominal
viirs_noaa20_2026-07-25_0033_36.19203_8.54257,viirs_noaa20,N20,2026-07-25 00:33:00,36.19203,8.54257,1.43,nominal
viirs_noaa20_2026-07-25_0033_36.20163_8.21449,viirs_noaa20,N20,2026-07-25 00:33:00,36.20163,8.21449,2.49,nominal
viirs_noaa20_2026-07-25_0033_36.20213_8.20356,viirs_noaa20,N20,2026-07-25 00:33:00,36.20213,8.20356,2.08,nominal
viirs_noaa20_2026-07-25_0033_36.20188_8.20908,viirs_noaa20,N20,2026-07-25 00:33:00,36.20188,8.20908,2.49,nominal
viirs_noaa20_2026-07-25_0033_36.20141_8.21947,viirs_noaa20,N20,2026-07-25 00:33:00,36.20141,8.21947,2.57,nominal
viirs_noaa20_2026-07-25_0033_36.19594_8.20973,viirs_noaa20,N20,2026-07-25 00:33:00,36.19594,8.20973,32.14,nominal
viirs_noaa20_2026-07-25_0033_36.19569_8.21529,viirs_noaa20,N20,2026-07-25 00:33:00,36.19569,8.21529,32.14,nominal
viirs_noaa20_2026-07-25_0033_36.19546_8.22035,viirs_noaa20,N20,2026-07-25 00:33:00,36.19546,8.22035,12.76,nominal
viirs_noaa20_2026-07-25_0033_36.19620_8.20387,viirs_noaa20,N20,2026-07-25 00:33:00,36.1962,8.20387,5.22,nominal
viirs_noaa20_2026-07-25_0033_36.18961_8.21887,viirs_noaa20,N20,2026-07-25 00:33:00,36.18961,8.21887,12.76,nominal
viirs_noaa20_2026-07-25_0033_36.20438_8.52713,viirs_noaa20,N20,2026-07-25 00:33:00,36.20438,8.52713,3.47,nominal
viirs_noaa20_2026-07-25_0033_36.19815_8.53449,viirs_noaa20,N20,2026-07-25 00:33:00,36.19815,8.53449,3.86,nominal
viirs_noaa20_2026-07-25_0033_36.19792_8.53868,viirs_noaa20,N20,2026-07-25 00:33:00,36.19792,8.53868,3.86,nominal
viirs_noaa20_2026-07-25_0033_36.19769_8.54299,viirs_noaa20,N20,2026-07-25 00:33:00,36.19769,8.54299,2.57,nominal
viirs_noaa20_2026-07-25_0033_36.19193_8.54185,viirs_noaa20,N20,2026-07-25 00:33:00,36.19193,8.54185,2.55,nominal
viirs_noaa20_2026-07-25_0033_36.20349_8.21370,viirs_noaa20,N20,2026-07-25 00:33:00,36.20349,8.2137,1.7,nominal
viirs_noaa20_2026-07-25_0033_36.19780_8.20927,viirs_noaa20,N20,2026-07-25 00:33:00,36.1978,8.20927,7.97,nominal
viirs_noaa20_2026-07-25_0033_36.19751_8.21498,viirs_noaa20,N20,2026-07-25 00:33:00,36.19751,8.21498,23.34,high
viirs_noaa20_2026-07-25_0033_36.19724_8.22009,viirs_noaa20,N20,2026-07-25 00:33:00,36.19724,8.22009,23.34,nominal
viirs_noaa20_2026-07-25_0033_36.19810_8.20340,viirs_noaa20,N20,2026-07-25 00:33:00,36.1981,8.2034,7.97,nominal
viirs_noaa20_2026-07-25_0033_36.19218_8.20344,viirs_noaa20,N20,2026-07-25 00:33:00,36.19218,8.20344,7.97,nominal
viirs_noaa20_2026-07-25_0033_36.19138_8.21909,viirs_noaa20,N20,2026-07-25 00:33:00,36.19138,8.21909,23.34,nominal
viirs_noaa20_2026-07-25_0033_36.08709_6.80328,viirs_noaa20,N20,2026-07-25 00:33:00,36.08709,6.80328,1.4,nominal
viirs_noaa20_2026-07-25_0033_35.77773_9.89011,viirs_noaa20,N20,2026-07-25 00:33:00,35.77773,9.89011,1.41,nominal
viirs_noaa20_2026-07-25_0028_47.19123_18.78134,viirs_noaa20,N20,2026-07-25 00:28:00,47.19123,18.78134,0.56,nominal
viirs_noaa20_2026-07-25_0028_46.73709_15.57121,viirs_noaa20,N20,2026-07-25 00:28:00,46.73709,15.57121,0.71,nominal
viirs_noaa20_2026-07-25_0028_46.73830_15.57153,viirs_noaa20,N20,2026-07-25 00:28:00,46.7383,15.57153,1.07,nominal
viirs_noaa20_2026-07-25_0028_45.68432_9.46133,viirs_noaa20,N20,2026-07-25 00:28:00,45.68432,9.46133,1.49,nominal
viirs_noaa20_2026-07-25_0028_45.48164_10.21325,viirs_noaa20,N20,2026-07-25 00:28:00,45.48164,10.21325,1.01,nominal
viirs_noaa20_2026-07-25_0028_45.46244_10.45214,viirs_noaa20,N20,2026-07-25 00:28:00,45.46244,10.45214,0.83,nominal
viirs_noaa20_2026-07-25_0028_45.46227_10.45757,viirs_noaa20,N20,2026-07-25 00:28:00,45.46227,10.45757,0.83,nominal
viirs_noaa20_2026-07-25_0028_45.43170_10.99945,viirs_noaa20,N20,2026-07-25 00:28:00,45.4317,10.99945,0.86,nominal
viirs_noaa20_2026-07-25_0028_45.38433_9.56331,viirs_noaa20,N20,2026-07-25 00:28:00,45.38433,9.56331,0.65,nominal
viirs_noaa20_2026-07-25_0028_45.14760_9.93781,viirs_noaa20,N20,2026-07-25 00:28:00,45.1476,9.93781,7.66,nominal
viirs_noaa20_2026-07-25_0028_45.14744_9.94346,viirs_noaa20,N20,2026-07-25 00:28:00,45.14744,9.94346,7.81,nominal
viirs_noaa20_2026-07-25_0028_45.14690_9.94063,viirs_noaa20,N20,2026-07-25 00:28:00,45.1469,9.94063,11.45,high
viirs_noaa20_2026-07-25_0028_43.54208_16.44202,viirs_noaa20,N20,2026-07-25 00:28:00,43.54208,16.44202,0.85,nominal
viirs_noaa20_2026-07-25_0028_43.52237_6.05118,viirs_noaa20,N20,2026-07-25 00:28:00,43.52237,6.05118,5.16,nominal
viirs_noaa20_2026-07-25_0028_43.51554_6.05058,viirs_noaa20,N20,2026-07-25 00:28:00,43.51554,6.05058,5.16,nominal
viirs_noaa20_2026-07-25_0028_43.51554_6.05897,viirs_noaa20,N20,2026-07-25 00:28:00,43.51554,6.05897,5.16,nominal
viirs_noaa20_2026-07-25_0028_43.52156_6.05462,viirs_noaa20,N20,2026-07-25 00:28:00,43.52156,6.05462,11.51,high
viirs_noaa20_2026-07-25_0028_43.51475_6.05399,viirs_noaa20,N20,2026-07-25 00:28:00,43.51475,6.05399,2.36,nominal
viirs_noaa20_2026-07-25_0028_42.49186_18.57869,viirs_noaa20,N20,2026-07-25 00:28:00,42.49186,18.57869,0.75,nominal
viirs_noaa20_2026-07-25_0030_42.41973_12.24944,viirs_noaa20,N20,2026-07-25 00:30:00,42.41973,12.24944,1.24,nominal
viirs_noaa20_2026-07-25_0030_42.41997_12.24985,viirs_noaa20,N20,2026-07-25 00:30:00,42.41997,12.24985,0.92,nominal
viirs_noaa20_2026-07-25_0030_42.28967_9.06370,viirs_noaa20,N20,2026-07-25 00:30:00,42.28967,9.0637,1.62,nominal
viirs_noaa20_2026-07-25_0030_42.28388_9.06050,viirs_noaa20,N20,2026-07-25 00:30:00,42.28388,9.0605,1.62,nominal
viirs_noaa20_2026-07-25_0030_42.28371_9.06548,viirs_noaa20,N20,2026-07-25 00:30:00,42.28371,9.06548,1.62,nominal
viirs_noaa20_2026-07-25_0030_42.27095_9.09400,viirs_noaa20,N20,2026-07-25 00:30:00,42.27095,9.094,2.42,nominal
viirs_noaa20_2026-07-25_0030_42.26538_9.08407,viirs_noaa20,N20,2026-07-25 00:30:00,42.26538,9.08407,1.27,nominal
viirs_noaa20_2026-07-25_0030_41.84781_15.16356,viirs_noaa20,N20,2026-07-25 00:30:00,41.84781,15.16356,0.84,nominal
viirs_noaa20_2026-07-25_0030_41.47508_15.36005,viirs_noaa20,N20,2026-07-25 00:30:00,41.47508,15.36005,0.52,nominal
viirs_noaa20_2026-07-25_0030_41.31233_16.16286,viirs_noaa20,N20,2026-07-25 00:30:00,41.31233,16.16286,0.88,nominal
viirs_noaa20_2026-07-25_0030_41.14602_16.22313,viirs_noaa20,N20,2026-07-25 00:30:00,41.14602,16.22313,4.32,nominal
viirs_noaa20_2026-07-25_0030_41.14555_16.22784,viirs_noaa20,N20,2026-07-25 00:30:00,41.14555,16.22784,4.32,nominal
viirs_noaa20_2026-07-25_0030_41.14202_16.22238,viirs_noaa20,N20,2026-07-25 00:30:00,41.14202,16.22238,4.32,nominal
viirs_noaa20_2026-07-25_0030_41.14156_16.22705,viirs_noaa20,N20,2026-07-25 00:30:00,41.14156,16.22705,4.32,nominal
viirs_noaa20_2026-07-25_0030_41.11991_13.88039,viirs_noaa20,N20,2026-07-25 00:30:00,41.11991,13.88039,3.05,nominal
viirs_noaa20_2026-07-25_0030_41.11912_13.88015,viirs_noaa20,N20,2026-07-25 00:30:00,41.11912,13.88015,4.72,nominal
viirs_noaa20_2026-07-25_0030_41.11314_13.95246,viirs_noaa20,N20,2026-07-25 00:30:00,41.11314,13.95246,0.67,nominal
viirs_noaa20_2026-07-25_0030_40.62962_18.00062,viirs_noaa20,N20,2026-07-25 00:30:00,40.62962,18.00062,0.92,nominal
viirs_noaa20_2026-07-25_0030_40.51883_17.20918,viirs_noaa20,N20,2026-07-25 00:30:00,40.51883,17.20918,1.25,nominal
viirs_noaa20_2026-07-25_0030_40.50236_17.21833,viirs_noaa20,N20,2026-07-25 00:30:00,40.50236,17.21833,1.27,nominal
viirs_noaa20_2026-07-25_0030_40.43768_17.79639,viirs_noaa20,N20,2026-07-25 00:30:00,40.43768,17.79639,0.85,nominal
viirs_noaa20_2026-07-25_0030_40.64087_15.82919,viirs_noaa20,N20,2026-07-25 00:30:00,40.64087,15.82919,0.83,nominal
viirs_noaa20_2026-07-25_0030_40.42255_17.48433,viirs_noaa20,N20,2026-07-25 00:30:00,40.42255,17.48433,0.73,nominal
viirs_noaa20_2026-07-25_0030_40.56282_15.14996,viirs_noaa20,N20,2026-07-25 00:30:00,40.56282,15.14996,2.8,nominal
viirs_noaa20_2026-07-25_0209_45.28619_14.53282,viirs_noaa20,N20,2026-07-25 02:09:00,45.28619,14.53282,1.37,nominal
viirs_noaa20_2026-07-25_0209_45.45896_10.45529,viirs_noaa20,N20,2026-07-25 02:09:00,45.45896,10.45529,2.55,nominal
viirs_noaa20_2026-07-25_0209_45.68246_9.46770,viirs_noaa20,N20,2026-07-25 02:09:00,45.68246,9.4677,0.67,nominal
viirs_noaa20_2026-07-25_0209_45.64048_9.61043,viirs_noaa20,N20,2026-07-25 02:09:00,45.64048,9.61043,0.95,nominal
viirs_noaa20_2026-07-25_0209_45.47702_10.21129,viirs_noaa20,N20,2026-07-25 02:09:00,45.47702,10.21129,1.27,nominal
viirs_noaa20_2026-07-25_0209_45.47893_9.54912,viirs_noaa20,N20,2026-07-25 02:09:00,45.47893,9.54912,0.57,nominal
viirs_noaa20_2026-07-25_0209_45.14474_9.93958,viirs_noaa20,N20,2026-07-25 02:09:00,45.14474,9.93958,7.57,nominal
viirs_noaa20_2026-07-25_0211_43.36414_12.54610,viirs_noaa20,N20,2026-07-25 02:11:00,43.36414,12.5461,0.59,nominal
viirs_noaa20_2026-07-25_0211_41.84670_15.15987,viirs_noaa20,N20,2026-07-25 02:11:00,41.8467,15.15987,1.43,nominal
viirs_noaa20_2026-07-25_0211_41.14893_16.22204,viirs_noaa20,N20,2026-07-25 02:11:00,41.14893,16.22204,1.04,nominal
viirs_noaa20_2026-07-25_0211_41.49802_13.50260,viirs_noaa20,N20,2026-07-25 02:11:00,41.49802,13.5026,0.91,nominal
viirs_noaa20_2026-07-25_0211_43.53070_6.04569,viirs_noaa20,N20,2026-07-25 02:11:00,43.5307,6.04569,0.6,nominal
viirs_noaa20_2026-07-25_0211_43.51921_6.05733,viirs_noaa20,N20,2026-07-25 02:11:00,43.51921,6.05733,0.91,nominal
viirs_noaa20_2026-07-25_0211_43.51399_6.06084,viirs_noaa20,N20,2026-07-25 02:11:00,43.51399,6.06084,0.91,nominal
viirs_noaa20_2026-07-25_0211_43.50165_6.09533,viirs_noaa20,N20,2026-07-25 02:11:00,43.50165,6.09533,2.73,nominal
viirs_noaa20_2026-07-25_0211_43.49646_6.09865,viirs_noaa20,N20,2026-07-25 02:11:00,43.49646,6.09865,2.73,nominal
viirs_noaa20_2026-07-25_0211_43.49532_6.10355,viirs_noaa20,N20,2026-07-25 02:11:00,43.49532,6.10355,1.72,nominal
viirs_noaa20_2026-07-25_0211_41.49939_13.50276,viirs_noaa20,N20,2026-07-25 02:11:00,41.49939,13.50276,1.07,nominal
viirs_noaa20_2026-07-25_0211_43.48458_6.05412,viirs_noaa20,N20,2026-07-25 02:11:00,43.48458,6.05412,8.27,nominal
viirs_noaa20_2026-07-25_0211_43.48574_6.04911,viirs_noaa20,N20,2026-07-25 02:11:00,43.48574,6.04911,3.68,nominal
viirs_noaa20_2026-07-25_0211_43.47543_6.05546,viirs_noaa20,N20,2026-07-25 02:11:00,43.47543,6.05546,2.96,nominal
viirs_noaa20_2026-07-25_0211_40.65993_14.66469,viirs_noaa20,N20,2026-07-25 02:11:00,40.65993,14.66469,1.14,nominal
viirs_noaa20_2026-07-25_0211_42.29342_9.06601,viirs_noaa20,N20,2026-07-25 02:11:00,42.29342,9.06601,3.56,nominal
viirs_noaa20_2026-07-25_0211_42.29012_9.05829,viirs_noaa20,N20,2026-07-25 02:11:00,42.29012,9.05829,3.53,nominal
viirs_noaa20_2026-07-25_0211_42.28915_9.06197,viirs_noaa20,N20,2026-07-25 02:11:00,42.28915,9.06197,1.46,nominal
viirs_noaa20_2026-07-25_0211_42.28484_9.05806,viirs_noaa20,N20,2026-07-25 02:11:00,42.28484,9.05806,1.46,nominal
viirs_noaa20_2026-07-25_0211_42.28286_9.06555,viirs_noaa20,N20,2026-07-25 02:11:00,42.28286,9.06555,1.61,nominal
viirs_noaa20_2026-07-25_0211_42.28197_9.06890,viirs_noaa20,N20,2026-07-25 02:11:00,42.28197,9.0689,1.61,nominal
viirs_noaa20_2026-07-25_0211_42.28112_9.07214,viirs_noaa20,N20,2026-07-25 02:11:00,42.28112,9.07214,1.74,nominal
viirs_noaa20_2026-07-25_0211_39.08075_9.01802,viirs_noaa20,N20,2026-07-25 02:11:00,39.08075,9.01802,1.4,nominal
viirs_noaa20_2026-07-25_0213_36.56964_8.66849,viirs_noaa20,N20,2026-07-25 02:13:00,36.56964,8.66849,0.71,nominal
viirs_noaa20_2026-07-25_0213_36.57130_8.67200,viirs_noaa20,N20,2026-07-25 02:13:00,36.5713,8.672,0.8,nominal
viirs_noaa20_2026-07-25_0213_36.87872_6.94891,viirs_noaa20,N20,2026-07-25 02:13:00,36.87872,6.94891,4.27,nominal
viirs_noaa20_2026-07-25_0213_36.86946_6.98504,viirs_noaa20,N20,2026-07-25 02:13:00,36.86946,6.98504,3.13,nominal
viirs_noaa20_2026-07-25_0213_36.87966_6.94523,viirs_noaa20,N20,2026-07-25 02:13:00,36.87966,6.94523,3.46,nominal
viirs_noaa20_2026-07-25_0213_36.87035_6.98157,viirs_noaa20,N20,2026-07-25 02:13:00,36.87035,6.98157,2.57,nominal
viirs_noaa20_2026-07-25_0213_36.38200_8.45374,viirs_noaa20,N20,2026-07-25 02:13:00,36.382,8.45374,2.07,nominal
viirs_noaa20_2026-07-25_0213_36.38328_8.44904,viirs_noaa20,N20,2026-07-25 02:13:00,36.38328,8.44904,2.07,nominal
viirs_noaa20_2026-07-25_0213_36.27459_8.62598,viirs_noaa20,N20,2026-07-25 02:13:00,36.27459,8.62598,1.54,nominal
viirs_noaa20_2026-07-25_0213_36.27323_8.63093,viirs_noaa20,N20,2026-07-25 02:13:00,36.27323,8.63093,1.54,nominal
viirs_noaa20_2026-07-25_0213_36.26776_8.62875,viirs_noaa20,N20,2026-07-25 02:13:00,36.26776,8.62875,4.77,nominal
viirs_noaa20_2026-07-25_0213_36.26449_8.62919,viirs_noaa20,N20,2026-07-25 02:13:00,36.26449,8.62919,0.46,nominal
viirs_noaa20_2026-07-25_0213_36.26110_8.46318,viirs_noaa20,N20,2026-07-25 02:13:00,36.2611,8.46318,2.39,nominal
viirs_noaa20_2026-07-25_0213_36.25812_8.45200,viirs_noaa20,N20,2026-07-25 02:13:00,36.25812,8.452,1.25,nominal
viirs_noaa20_2026-07-25_0213_36.22328_8.53567,viirs_noaa20,N20,2026-07-25 02:13:00,36.22328,8.53567,1.06,nominal
viirs_noaa20_2026-07-25_0213_36.21679_8.53730,viirs_noaa20,N20,2026-07-25 02:13:00,36.21679,8.5373,1.3,nominal
viirs_noaa20_2026-07-25_0213_36.20227_8.52408,viirs_noaa20,N20,2026-07-25 02:13:00,36.20227,8.52408,6.08,nominal
viirs_noaa20_2026-07-25_0213_36.20085_8.52923,viirs_noaa20,N20,2026-07-25 02:13:00,36.20085,8.52923,4.05,nominal
viirs_noaa20_2026-07-25_0213_36.19925_8.53506,viirs_noaa20,N20,2026-07-25 02:13:00,36.19925,8.53506,4.05,nominal
viirs_noaa20_2026-07-25_0213_36.19205_8.53925,viirs_noaa20,N20,2026-07-25 02:13:00,36.19205,8.53925,1.08,nominal
viirs_noaa20_2026-07-25_0213_36.18504_8.54270,viirs_noaa20,N20,2026-07-25 02:13:00,36.18504,8.5427,1.08,nominal
viirs_noaa20_2026-07-25_0213_36.74696_6.25221,viirs_noaa20,N20,2026-07-25 02:13:00,36.74696,6.25221,0.7,nominal
viirs_noaa20_2026-07-25_0213_36.21297_8.22692,viirs_noaa20,N20,2026-07-25 02:13:00,36.21297,8.22692,0.7,nominal
viirs_noaa20_2026-07-25_0213_36.20893_8.21985,viirs_noaa20,N20,2026-07-25 02:13:00,36.20893,8.21985,0.7,nominal
viirs_noaa20_2026-07-25_0213_36.20773_8.22432,viirs_noaa20,N20,2026-07-25 02:13:00,36.20773,8.22432,0.7,nominal
viirs_noaa20_2026-07-25_0213_36.20620_8.20792,viirs_noaa20,N20,2026-07-25 02:13:00,36.2062,8.20792,39.75,nominal
viirs_noaa20_2026-07-25_0213_36.20504_8.21224,viirs_noaa20,N20,2026-07-25 02:13:00,36.20504,8.21224,39.75,nominal
viirs_noaa20_2026-07-25_0213_36.20383_8.21671,viirs_noaa20,N20,2026-07-25 02:13:00,36.20383,8.21671,130.64,nominal
viirs_noaa20_2026-07-25_0213_36.20264_8.22112,viirs_noaa20,N20,2026-07-25 02:13:00,36.20264,8.22112,130.64,nominal
viirs_noaa20_2026-07-25_0213_36.20145_8.22553,viirs_noaa20,N20,2026-07-25 02:13:00,36.20145,8.22553,10.99,nominal
viirs_noaa20_2026-07-25_0213_36.20023_8.23007,viirs_noaa20,N20,2026-07-25 02:13:00,36.20023,8.23007,10.99,nominal
viirs_noaa20_2026-07-25_0213_36.19899_8.23468,viirs_noaa20,N20,2026-07-25 02:13:00,36.19899,8.23468,2.09,nominal
viirs_noaa20_2026-07-25_0213_36.19774_8.23928,viirs_noaa20,N20,2026-07-25 02:13:00,36.19774,8.23928,2.09,nominal
viirs_noaa20_2026-07-25_0213_36.19993_8.20914,viirs_noaa20,N20,2026-07-25 02:13:00,36.19993,8.20914,39.75,high
viirs_noaa20_2026-07-25_0213_36.19775_8.21723,viirs_noaa20,N20,2026-07-25 02:13:00,36.19775,8.21723,130.64,high
viirs_noaa20_2026-07-25_0213_36.19651_8.22180,viirs_noaa20,N20,2026-07-25 02:13:00,36.19651,8.2218,10.99,high
viirs_noaa20_2026-07-25_0213_36.19514_8.22686,viirs_noaa20,N20,2026-07-25 02:13:00,36.19514,8.22686,10.99,nominal
viirs_noaa20_2026-07-25_0213_36.20218_8.20085,viirs_noaa20,N20,2026-07-25 02:13:00,36.20218,8.20085,2.88,nominal
viirs_noaa20_2026-07-25_0213_36.20100_8.20518,viirs_noaa20,N20,2026-07-25 02:13:00,36.201,8.20518,39.75,nominal
viirs_noaa20_2026-07-25_0213_36.19381_8.23180,viirs_noaa20,N20,2026-07-25 02:13:00,36.19381,8.2318,2.09,nominal
viirs_noaa20_2026-07-25_0213_36.19248_8.23673,viirs_noaa20,N20,2026-07-25 02:13:00,36.19248,8.23673,2.09,nominal
viirs_noaa20_2026-07-25_0213_36.19123_8.24137,viirs_noaa20,N20,2026-07-25 02:13:00,36.19123,8.24137,3.77,nominal
viirs_noaa20_2026-07-25_0213_36.19467_8.20661,viirs_noaa20,N20,2026-07-25 02:13:00,36.19467,8.20661,6.2,nominal
viirs_noaa20_2026-07-25_0213_36.19355_8.21079,viirs_noaa20,N20,2026-07-25 02:13:00,36.19355,8.21079,10.03,nominal
viirs_noaa20_2026-07-25_0213_36.19231_8.21534,viirs_noaa20,N20,2026-07-25 02:13:00,36.19231,8.21534,10.03,nominal
viirs_noaa20_2026-07-25_0213_36.19106_8.21999,viirs_noaa20,N20,2026-07-25 02:13:00,36.19106,8.21999,2.96,nominal
viirs_noaa20_2026-07-25_0213_36.18978_8.22471,viirs_noaa20,N20,2026-07-25 02:13:00,36.18978,8.22471,2.96,nominal
viirs_noaa20_2026-07-25_0213_36.19693_8.19829,viirs_noaa20,N20,2026-07-25 02:13:00,36.19693,8.19829,2,nominal
viirs_noaa20_2026-07-25_0213_36.19579_8.20250,viirs_noaa20,N20,2026-07-25 02:13:00,36.19579,8.2025,6.2,nominal
viirs_noaa20_2026-07-25_0213_36.18851_8.22942,viirs_noaa20,N20,2026-07-25 02:13:00,36.18851,8.22942,2.61,nominal
viirs_noaa20_2026-07-25_0213_36.18713_8.23449,viirs_noaa20,N20,2026-07-25 02:13:00,36.18713,8.23449,2.61,nominal
viirs_noaa20_2026-07-25_0213_36.19055_8.19989,viirs_noaa20,N20,2026-07-25 02:13:00,36.19055,8.19989,6.2,nominal
viirs_noaa20_2026-07-25_0213_36.18933_8.20439,viirs_noaa20,N20,2026-07-25 02:13:00,36.18933,8.20439,6.2,nominal
viirs_noaa20_2026-07-25_0213_36.18797_8.20944,viirs_noaa20,N20,2026-07-25 02:13:00,36.18797,8.20944,10.03,nominal
viirs_noaa20_2026-07-25_0213_36.18661_8.21446,viirs_noaa20,N20,2026-07-25 02:13:00,36.18661,8.21446,10.03,nominal
viirs_noaa20_2026-07-25_0213_36.18410_8.22371,viirs_noaa20,N20,2026-07-25 02:13:00,36.1841,8.22371,2.96,nominal
viirs_noaa20_2026-07-25_0213_36.42999_6.62188,viirs_noaa20,N20,2026-07-25 02:13:00,36.42999,6.62188,2.18,nominal
viirs_noaa20_2026-07-25_0213_36.08875_6.80452,viirs_noaa20,N20,2026-07-25 02:13:00,36.08875,6.80452,0.74,nominal
viirs_noaa20_2026-07-25_0213_35.23201_8.17047,viirs_noaa20,N20,2026-07-25 02:13:00,35.23201,8.17047,0.72,nominal
viirs_noaa20_2026-07-25_1151_37.29676_14.95797,viirs_noaa20,N20,2026-07-25 11:51:00,37.29676,14.95797,7.93,low
viirs_noaa20_2026-07-25_1151_37.28790_13.91189,viirs_noaa20,N20,2026-07-25 11:51:00,37.2879,13.91189,5.29,nominal
viirs_noaa20_2026-07-25_1151_36.27040_8.61782,viirs_noaa20,N20,2026-07-25 11:51:00,36.2704,8.61782,3.05,nominal
viirs_noaa20_2026-07-25_1151_36.26749_8.60557,viirs_noaa20,N20,2026-07-25 11:51:00,36.26749,8.60557,53.63,nominal
viirs_noaa20_2026-07-25_1151_36.27216_8.60404,viirs_noaa20,N20,2026-07-25 11:51:00,36.27216,8.60404,53.63,high
viirs_noaa20_2026-07-25_1151_36.18575_8.22070,viirs_noaa20,N20,2026-07-25 11:51:00,36.18575,8.2207,54.42,nominal
viirs_noaa20_2026-07-25_1151_36.19223_8.22625,viirs_noaa20,N20,2026-07-25 11:51:00,36.19223,8.22625,27.42,nominal
viirs_noaa20_2026-07-25_1151_36.32720_8.75271,viirs_noaa20,N20,2026-07-25 11:51:00,36.3272,8.75271,109.58,high
viirs_noaa20_2026-07-25_1151_36.33020_8.76555,viirs_noaa20,N20,2026-07-25 11:51:00,36.3302,8.76555,40.16,nominal
viirs_noaa20_2026-07-25_1151_36.32871_8.75919,viirs_noaa20,N20,2026-07-25 11:51:00,36.32871,8.75919,40.16,nominal
viirs_noaa20_2026-07-25_1151_36.33482_8.76403,viirs_noaa20,N20,2026-07-25 11:51:00,36.33482,8.76403,22.33,high
viirs_noaa20_2026-07-25_1151_36.33626_8.77016,viirs_noaa20,N20,2026-07-25 11:51:00,36.33626,8.77016,7.27,nominal
viirs_noaa20_2026-07-25_1151_36.33335_8.75773,viirs_noaa20,N20,2026-07-25 11:51:00,36.33335,8.75773,22.33,nominal
viirs_noaa20_2026-07-25_1151_36.18306_8.21845,viirs_noaa20,N20,2026-07-25 11:51:00,36.18306,8.21845,23.51,nominal
viirs_noaa20_2026-07-25_1151_36.18972_8.22447,viirs_noaa20,N20,2026-07-25 11:51:00,36.18972,8.22447,23.51,nominal
viirs_noaa20_2026-07-25_1151_36.19455_8.22316,viirs_noaa20,N20,2026-07-25 11:51:00,36.19455,8.22316,20.38,high
viirs_noaa20_2026-07-25_1151_36.32475_8.75709,viirs_noaa20,N20,2026-07-25 11:51:00,36.32475,8.75709,48.42,nominal
viirs_noaa20_2026-07-25_1151_36.32317_8.75054,viirs_noaa20,N20,2026-07-25 11:51:00,36.32317,8.75054,48.42,nominal
viirs_noaa20_2026-07-25_1151_36.33250_8.76853,viirs_noaa20,N20,2026-07-25 11:51:00,36.3325,8.76853,12.5,nominal
viirs_noaa20_2026-07-25_1151_36.33100_8.76231,viirs_noaa20,N20,2026-07-25 11:51:00,36.331,8.76231,12.5,nominal
viirs_noaa20_2026-07-25_1151_36.32946_8.75594,viirs_noaa20,N20,2026-07-25 11:51:00,36.32946,8.75594,48.42,nominal
viirs_noaa20_2026-07-25_1151_36.32790_8.74946,viirs_noaa20,N20,2026-07-25 11:51:00,36.3279,8.74946,48.42,low
viirs_noaa20_2026-07-25_1151_36.33561_8.76074,viirs_noaa20,N20,2026-07-25 11:51:00,36.33561,8.76074,9.41,high
viirs_noaa20_2026-07-25_1151_36.33709_8.76689,viirs_noaa20,N20,2026-07-25 11:51:00,36.33709,8.76689,9.41,nominal
viirs_noaa20_2026-07-25_1151_36.33409_8.75443,viirs_noaa20,N20,2026-07-25 11:51:00,36.33409,8.75443,14.41,nominal
viirs_noaa20_2026-07-25_1151_36.55367_7.76505,viirs_noaa20,N20,2026-07-25 11:51:00,36.55367,7.76505,2.97,nominal
viirs_noaa20_2026-07-25_1151_36.55992_7.76909,viirs_noaa20,N20,2026-07-25 11:51:00,36.55992,7.76909,7.72,nominal
viirs_noaa20_2026-07-25_1151_38.22627_15.74404,viirs_noaa20,N20,2026-07-25 11:51:00,38.22627,15.74404,1.53,nominal
viirs_noaa20_2026-07-25_1151_36.69035_8.21614,viirs_noaa20,N20,2026-07-25 11:51:00,36.69035,8.21614,7.32,low
viirs_noaa20_2026-07-25_1151_38.07888_14.81351,viirs_noaa20,N20,2026-07-25 11:51:00,38.07888,14.81351,4.69,nominal
viirs_noaa20_2026-07-25_1151_36.69670_8.22130,viirs_noaa20,N20,2026-07-25 11:51:00,36.6967,8.2213,7.32,low
viirs_noaa20_2026-07-25_1151_36.69504_8.21445,viirs_noaa20,N20,2026-07-25 11:51:00,36.69504,8.21445,7.32,nominal
viirs_noaa20_2026-07-25_1151_36.70637_8.24024,viirs_noaa20,N20,2026-07-25 11:51:00,36.70637,8.24024,2.81,nominal
viirs_noaa20_2026-07-25_1151_36.70472_8.23339,viirs_noaa20,N20,2026-07-25 11:51:00,36.70472,8.23339,5.57,low
viirs_noaa20_2026-07-25_1151_37.97709_13.43804,viirs_noaa20,N20,2026-07-25 11:51:00,37.97709,13.43804,3.66,nominal
viirs_noaa20_2026-07-25_1151_37.25736_9.59964,viirs_noaa20,N20,2026-07-25 11:51:00,37.25736,9.59964,4.4,nominal
viirs_noaa20_2026-07-25_1151_37.26173_9.59838,viirs_noaa20,N20,2026-07-25 11:51:00,37.26173,9.59838,4.4,nominal
viirs_noaa20_2026-07-25_1151_38.69281_16.22223,viirs_noaa20,N20,2026-07-25 11:51:00,38.69281,16.22223,5.47,low
viirs_noaa20_2026-07-25_1151_38.71661_16.20334,viirs_noaa20,N20,2026-07-25 11:51:00,38.71661,16.20334,1.75,low
viirs_noaa20_2026-07-25_1151_36.86901_6.98333,viirs_noaa20,N20,2026-07-25 11:51:00,36.86901,6.98333,7.95,nominal
viirs_noaa20_2026-07-25_1151_38.98940_16.88160,viirs_noaa20,N20,2026-07-25 11:51:00,38.9894,16.8816,133.59,high
viirs_noaa20_2026-07-25_1151_38.99009_16.88599,viirs_noaa20,N20,2026-07-25 11:51:00,38.99009,16.88599,142.22,low
viirs_noaa20_2026-07-25_1151_38.94433_16.36146,viirs_noaa20,N20,2026-07-25 11:51:00,38.94433,16.36146,2.52,nominal
viirs_noaa20_2026-07-25_1151_39.18090_17.08137,viirs_noaa20,N20,2026-07-25 11:51:00,39.1809,17.08137,5.22,nominal
viirs_noaa20_2026-07-25_1151_39.18022_17.07697,viirs_noaa20,N20,2026-07-25 11:51:00,39.18022,17.07697,5.22,nominal
viirs_noaa20_2026-07-25_1151_39.32933_17.07214,viirs_noaa20,N20,2026-07-25 11:51:00,39.32933,17.07214,12.89,nominal
viirs_noaa20_2026-07-25_1151_39.95224_18.10044,viirs_noaa20,N20,2026-07-25 11:51:00,39.95224,18.10044,3.3,low
viirs_noaa20_2026-07-25_1151_39.72868_16.31087,viirs_noaa20,N20,2026-07-25 11:51:00,39.72868,16.31087,8.01,low
viirs_noaa20_2026-07-25_1151_40.12867_18.00468,viirs_noaa20,N20,2026-07-25 11:51:00,40.12867,18.00468,23.83,nominal
viirs_noaa20_2026-07-25_1151_39.83130_15.80352,viirs_noaa20,N20,2026-07-25 11:51:00,39.8313,15.80352,6.13,nominal
viirs_noaa20_2026-07-25_1151_40.33123_18.21327,viirs_noaa20,N20,2026-07-25 11:51:00,40.33123,18.21327,3.11,nominal
viirs_noaa20_2026-07-25_1151_40.33058_18.20868,viirs_noaa20,N20,2026-07-25 11:51:00,40.33058,18.20868,5.69,nominal
viirs_noaa20_2026-07-25_1151_40.50320_17.21682,viirs_noaa20,N20,2026-07-25 11:51:00,40.5032,17.21682,4.3,low
viirs_noaa20_2026-07-25_1151_40.34793_15.30828,viirs_noaa20,N20,2026-07-25 11:51:00,40.34793,15.30828,7.1,nominal
viirs_noaa20_2026-07-25_1151_39.13160_8.46729,viirs_noaa20,N20,2026-07-25 11:51:00,39.1316,8.46729,9.16,nominal
viirs_noaa20_2026-07-25_1151_39.21560_8.39033,viirs_noaa20,N20,2026-07-25 11:51:00,39.2156,8.39033,110.18,nominal
viirs_noaa20_2026-07-25_1151_41.03907_16.88339,viirs_noaa20,N20,2026-07-25 11:51:00,41.03907,16.88339,4.01,low
viirs_noaa20_2026-07-25_1151_41.09641_16.92484,viirs_noaa20,N20,2026-07-25 11:51:00,41.09641,16.92484,9.6,low
viirs_noaa20_2026-07-25_1151_41.09968_16.92397,viirs_noaa20,N20,2026-07-25 11:51:00,41.09968,16.92397,9.6,low
viirs_noaa20_2026-07-25_1151_41.00840_13.98236,viirs_noaa20,N20,2026-07-25 11:51:00,41.0084,13.98236,8.9,nominal
viirs_noaa20_2026-07-25_1151_41.22826_14.63436,viirs_noaa20,N20,2026-07-25 11:51:00,41.22826,14.63436,2.06,nominal
viirs_noaa20_2026-07-25_1151_41.13086_13.93198,viirs_noaa20,N20,2026-07-25 11:51:00,41.13086,13.93198,3.54,nominal
viirs_noaa20_2026-07-25_1151_41.13422_13.93096,viirs_noaa20,N20,2026-07-25 11:51:00,41.13422,13.93096,31.76,low
viirs_noaa20_2026-07-25_1151_41.47472_15.90389,viirs_noaa20,N20,2026-07-25 11:51:00,41.47472,15.90389,2.16,nominal
viirs_noaa20_2026-07-25_1151_41.56257_15.74734,viirs_noaa20,N20,2026-07-25 11:51:00,41.56257,15.74734,1.98,nominal
viirs_noaa20_2026-07-25_1151_41.27135_13.78465,viirs_noaa20,N20,2026-07-25 11:51:00,41.27135,13.78465,4.61,nominal
viirs_noaa20_2026-07-25_1151_41.27049_13.77989,viirs_noaa20,N20,2026-07-25 11:51:00,41.27049,13.77989,3.69,low
viirs_noaa20_2026-07-25_1151_41.24355_13.57076,viirs_noaa20,N20,2026-07-25 11:51:00,41.24355,13.57076,3.18,nominal
viirs_noaa20_2026-07-25_1151_41.28724_13.75402,viirs_noaa20,N20,2026-07-25 11:51:00,41.28724,13.75402,3.77,low
viirs_noaa20_2026-07-25_1151_41.29149_13.75788,viirs_noaa20,N20,2026-07-25 11:51:00,41.29149,13.75788,4.91,low
viirs_noaa20_2026-07-25_1151_41.47984_13.71936,viirs_noaa20,N20,2026-07-25 11:51:00,41.47984,13.71936,2.65,low
viirs_noaa20_2026-07-25_1151_40.68849_8.64189,viirs_noaa20,N20,2026-07-25 11:51:00,40.68849,8.64189,2.89,low
viirs_noaa20_2026-07-25_1151_42.48883_18.58206,viirs_noaa20,N20,2026-07-25 11:51:00,42.48883,18.58206,3.32,nominal
viirs_noaa20_2026-07-25_1153_42.26775_9.09572,viirs_noaa20,N20,2026-07-25 11:53:00,42.26775,9.09572,17.2,high
viirs_noaa20_2026-07-25_1153_42.27952_9.07164,viirs_noaa20,N20,2026-07-25 11:53:00,42.27952,9.07164,6.11,nominal
viirs_noaa20_2026-07-25_1153_42.28230_9.06483,viirs_noaa20,N20,2026-07-25 11:53:00,42.2823,9.06483,7.76,nominal
viirs_noaa20_2026-07-25_1153_42.63416_9.33784,viirs_noaa20,N20,2026-07-25 11:53:00,42.63416,9.33784,10.7,nominal
viirs_noaa20_2026-07-25_1153_42.63266_9.33099,viirs_noaa20,N20,2026-07-25 11:53:00,42.63266,9.33099,10.47,nominal
viirs_noaa20_2026-07-25_1153_42.63652_9.32947,viirs_noaa20,N20,2026-07-25 11:53:00,42.63652,9.32947,6.01,nominal
viirs_noaa20_2026-07-25_1153_44.97468_18.34091,viirs_noaa20,N20,2026-07-25 11:53:00,44.97468,18.34091,6.08,nominal
viirs_noaa20_2026-07-25_1153_44.99556_17.42448,viirs_noaa20,N20,2026-07-25 11:53:00,44.99556,17.42448,16.24,nominal
viirs_noaa20_2026-07-25_1153_45.00967_17.39965,viirs_noaa20,N20,2026-07-25 11:53:00,45.00967,17.39965,3.45,nominal
viirs_noaa20_2026-07-25_1153_44.93687_16.04749,viirs_noaa20,N20,2026-07-25 11:53:00,44.93687,16.04749,1.58,nominal
viirs_noaa20_2026-07-25_1153_44.95403_15.81546,viirs_noaa20,N20,2026-07-25 11:53:00,44.95403,15.81546,2.55,nominal
viirs_noaa20_2026-07-25_1153_44.95331_15.81063,viirs_noaa20,N20,2026-07-25 11:53:00,44.95331,15.81063,2.55,nominal
viirs_noaa20_2026-07-25_1153_44.95658_15.80966,viirs_noaa20,N20,2026-07-25 11:53:00,44.95658,15.80966,2.55,nominal
viirs_noaa20_2026-07-25_1153_45.14390_9.94388,viirs_noaa20,N20,2026-07-25 11:53:00,45.1439,9.94388,4.76,nominal
viirs_noaa20_2026-07-25_1153_46.54268_18.68813,viirs_noaa20,N20,2026-07-25 11:53:00,46.54268,18.68813,21.68,low
viirs_noaa20_2026-07-25_1153_45.08159_9.43876,viirs_noaa20,N20,2026-07-25 11:53:00,45.08159,9.43876,4.1,nominal
viirs_noaa20_2026-07-25_1153_45.47786_10.21339,viirs_noaa20,N20,2026-07-25 11:53:00,45.47786,10.21339,3.59,low
viirs_noaa20_2026-07-25_1153_45.51063_10.24432,viirs_noaa20,N20,2026-07-25 11:53:00,45.51063,10.24432,3.41,nominal
viirs_noaa20_2026-07-25_1153_45.48981_9.41409,viirs_noaa20,N20,2026-07-25 11:53:00,45.48981,9.41409,4.65,nominal
viirs_noaa20_2026-07-25_1153_47.38869_17.58139,viirs_noaa20,N20,2026-07-25 11:53:00,47.38869,17.58139,4.21,low
viirs_noaa20_2026-07-25_1153_45.86201_8.22535,viirs_noaa20,N20,2026-07-25 11:53:00,45.86201,8.22535,6.52,nominal
viirs_noaa20_2026-07-25_1153_45.86601_8.22480,viirs_noaa20,N20,2026-07-25 11:53:00,45.86601,8.2248,6.52,nominal
viirs_noaa20_2026-07-25_1153_46.11935_8.64211,viirs_noaa20,N20,2026-07-25 11:53:00,46.11935,8.64211,7.04,nominal
viirs_noaa20_2026-07-25_1153_46.11861_8.64105,viirs_noaa20,N20,2026-07-25 11:53:00,46.11861,8.64105,12.42,nominal
viirs_noaa20_2026-07-25_1331_35.28035_8.48546,viirs_noaa20,N20,2026-07-25 13:31:00,35.28035,8.48546,29.66,nominal
viirs_noaa20_2026-07-25_1331_35.28248_8.48661,viirs_noaa20,N20,2026-07-25 13:31:00,35.28248,8.48661,26.35,high
viirs_noaa20_2026-07-25_1331_36.21552_8.54006,viirs_noaa20,N20,2026-07-25 13:31:00,36.21552,8.54006,19.43,nominal
viirs_noaa20_2026-07-25_1331_36.21530_8.53215,viirs_noaa20,N20,2026-07-25 13:31:00,36.2153,8.53215,19.43,nominal
viirs_noaa20_2026-07-25_1331_36.22918_8.53992,viirs_noaa20,N20,2026-07-25 13:31:00,36.22918,8.53992,17.17,nominal
viirs_noaa20_2026-07-25_1331_36.22899_8.53295,viirs_noaa20,N20,2026-07-25 13:31:00,36.22899,8.53295,17.17,nominal
viirs_noaa20_2026-07-25_1331_36.20942_8.52986,viirs_noaa20,N20,2026-07-25 13:31:00,36.20942,8.52986,15.91,nominal
viirs_noaa20_2026-07-25_1331_36.21645_8.53889,viirs_noaa20,N20,2026-07-25 13:31:00,36.21645,8.53889,9.99,nominal
viirs_noaa20_2026-07-25_1331_36.22331_8.53989,viirs_noaa20,N20,2026-07-25 13:31:00,36.22331,8.53989,9.99,nominal
viirs_noaa20_2026-07-25_1331_36.23012_8.53835,viirs_noaa20,N20,2026-07-25 13:31:00,36.23012,8.53835,15.4,high
viirs_noaa20_2026-07-25_1331_36.22996_8.53144,viirs_noaa20,N20,2026-07-25 13:31:00,36.22996,8.53144,27.22,nominal
viirs_noaa20_2026-07-25_1331_36.23692_8.53691,viirs_noaa20,N20,2026-07-25 13:31:00,36.23692,8.53691,15.4,high
viirs_noaa20_2026-07-25_1331_36.23708_8.54388,viirs_noaa20,N20,2026-07-25 13:31:00,36.23708,8.54388,15.4,nominal
viirs_noaa20_2026-07-25_1331_36.26628_8.62067,viirs_noaa20,N20,2026-07-25 13:31:00,36.26628,8.62067,8.55,nominal
viirs_noaa20_2026-07-25_1331_36.26589_8.60449,viirs_noaa20,N20,2026-07-25 13:31:00,36.26589,8.60449,10.86,nominal
viirs_noaa20_2026-07-25_1331_36.27274_8.60408,viirs_noaa20,N20,2026-07-25 13:31:00,36.27274,8.60408,3.6,nominal
viirs_noaa20_2026-07-25_1331_36.28056_8.64359,viirs_noaa20,N20,2026-07-25 13:31:00,36.28056,8.64359,5.65,low
viirs_noaa20_2026-07-25_1331_36.28036_8.63542,viirs_noaa20,N20,2026-07-25 13:31:00,36.28036,8.63542,5.65,low
viirs_noaa20_2026-07-25_1331_36.27911_8.32065,viirs_noaa20,N20,2026-07-25 13:31:00,36.27911,8.32065,4.4,low
viirs_noaa20_2026-07-25_1331_36.32467_8.75556,viirs_noaa20,N20,2026-07-25 13:31:00,36.32467,8.75556,43.72,high
viirs_noaa20_2026-07-25_1331_36.32484_8.76276,viirs_noaa20,N20,2026-07-25 13:31:00,36.32484,8.76276,43.72,nominal
viirs_noaa20_2026-07-25_1331_36.33191_8.76892,viirs_noaa20,N20,2026-07-25 13:31:00,36.33191,8.76892,26.61,high
viirs_noaa20_2026-07-25_1331_36.33171_8.76134,viirs_noaa20,N20,2026-07-25 13:31:00,36.33171,8.76134,22.24,nominal
viirs_noaa20_2026-07-25_1331_36.28115_8.64459,viirs_noaa20,N20,2026-07-25 13:31:00,36.28115,8.64459,5.12,low
viirs_noaa20_2026-07-25_1331_36.32466_8.75644,viirs_noaa20,N20,2026-07-25 13:31:00,36.32466,8.75644,88.21,high
viirs_noaa20_2026-07-25_1331_36.32480_8.76369,viirs_noaa20,N20,2026-07-25 13:31:00,36.3248,8.76369,12.25,nominal
viirs_noaa20_2026-07-25_1331_36.32437_8.74216,viirs_noaa20,N20,2026-07-25 13:31:00,36.32437,8.74216,44.33,low
viirs_noaa20_2026-07-25_1331_36.33184_8.76989,viirs_noaa20,N20,2026-07-25 13:31:00,36.33184,8.76989,12.25,high
viirs_noaa20_2026-07-25_1331_36.33168_8.76222,viirs_noaa20,N20,2026-07-25 13:31:00,36.33168,8.76222,12.25,nominal
viirs_noaa20_2026-07-25_1331_36.33154_8.75490,viirs_noaa20,N20,2026-07-25 13:31:00,36.33154,8.7549,88.21,nominal
viirs_noaa20_2026-07-25_1331_36.33875_8.76974,viirs_noaa20,N20,2026-07-25 13:31:00,36.33875,8.76974,4.24,nominal
viirs_noaa20_2026-07-25_1331_36.68467_8.22253,viirs_noaa20,N20,2026-07-25 13:31:00,36.68467,8.22253,33.91,high
viirs_noaa20_2026-07-25_1331_36.69141_8.22227,viirs_noaa20,N20,2026-07-25 13:31:00,36.69141,8.22227,27.85,high
viirs_noaa20_2026-07-25_1331_36.69126_8.21636,viirs_noaa20,N20,2026-07-25 13:31:00,36.69126,8.21636,27.85,nominal
viirs_noaa20_2026-07-25_1331_36.69800_8.21618,viirs_noaa20,N20,2026-07-25 13:31:00,36.698,8.21618,27.85,nominal
viirs_noaa20_2026-07-25_1331_36.68726_8.22306,viirs_noaa20,N20,2026-07-25 13:31:00,36.68726,8.22306,41.3,high
viirs_noaa20_2026-07-25_1331_36.68715_8.21744,viirs_noaa20,N20,2026-07-25 13:31:00,36.68715,8.21744,40.74,nominal
viirs_noaa20_2026-07-25_1331_36.69401_8.22321,viirs_noaa20,N20,2026-07-25 13:31:00,36.69401,8.22321,41.3,nominal
viirs_noaa20_2026-07-25_1331_36.69388_8.21693,viirs_noaa20,N20,2026-07-25 13:31:00,36.69388,8.21693,40.74,nominal
viirs_noaa20_2026-07-25_1331_36.86756_6.98927,viirs_noaa20,N20,2026-07-25 13:31:00,36.86756,6.98927,9.79,nominal
viirs_noaa20_2026-07-25_1331_36.87009_6.98885,viirs_noaa20,N20,2026-07-25 13:31:00,36.87009,6.98885,7.33,nominal
viirs_noaa20_2026-07-25_1331_37.04868_6.42814,viirs_noaa20,N20,2026-07-25 13:31:00,37.04868,6.42814,5.02,nominal
viirs_noaa20_2026-07-25_1333_39.25576_8.98707,viirs_noaa20,N20,2026-07-25 13:33:00,39.25576,8.98707,4.15,nominal
viirs_noaa20_2026-07-25_1333_39.26276_8.97842,viirs_noaa20,N20,2026-07-25 13:33:00,39.26276,8.97842,9.87,nominal
viirs_noaa20_2026-07-25_1333_39.29410_9.36278,viirs_noaa20,N20,2026-07-25 13:33:00,39.2941,9.36278,13.84,nominal
viirs_noaa20_2026-07-25_1333_39.29617_9.36324,viirs_noaa20,N20,2026-07-25 13:33:00,39.29617,9.36324,10.63,nominal
viirs_noaa20_2026-07-25_1333_43.50866_6.06613,viirs_noaa20,N20,2026-07-25 13:33:00,43.50866,6.06613,40.83,high
viirs_noaa20_2026-07-25_1333_43.51494_6.06546,viirs_noaa20,N20,2026-07-25 13:33:00,43.51494,6.06546,40.83,high
viirs_noaa20_2026-07-25_1333_43.51480_6.05823,viirs_noaa20,N20,2026-07-25 13:33:00,43.5148,6.05823,40.83,high
viirs_noaa20_2026-07-25_1333_43.52069_6.03819,viirs_noaa20,N20,2026-07-25 13:33:00,43.52069,6.03819,46.1,nominal
viirs_noaa20_2026-07-25_1333_43.52699_6.03791,viirs_noaa20,N20,2026-07-25 13:33:00,43.52699,6.03791,46.1,nominal
viirs_noaa20_2026-07-25_1333_43.52685_6.03144,viirs_noaa20,N20,2026-07-25 13:33:00,43.52685,6.03144,46.1,nominal
viirs_noaa20_2026-07-25_1333_43.52673_6.02523,viirs_noaa20,N20,2026-07-25 13:33:00,43.52673,6.02523,133.49,low
viirs_noaa20_2026-07-25_1333_43.51183_6.06623,viirs_noaa20,N20,2026-07-25 13:33:00,43.51183,6.06623,33.59,high
viirs_noaa20_2026-07-25_1333_43.51173_6.05896,viirs_noaa20,N20,2026-07-25 13:33:00,43.51173,6.05896,41.11,nominal
viirs_noaa20_2026-07-25_1333_43.51162_6.05200,viirs_noaa20,N20,2026-07-25 13:33:00,43.51162,6.052,41.11,nominal
viirs_noaa20_2026-07-25_1333_43.51802_6.05831,viirs_noaa20,N20,2026-07-25 13:33:00,43.51802,6.05831,41.11,high
viirs_noaa20_2026-07-25_1333_43.51792_6.05145,viirs_noaa20,N20,2026-07-25 13:33:00,43.51792,6.05145,41.11,nominal
viirs_noaa20_2026-07-25_1333_43.52391_6.03186,viirs_noaa20,N20,2026-07-25 13:33:00,43.52391,6.03186,74.36,high
viirs_noaa20_2026-07-25_1333_43.52402_6.03833,viirs_noaa20,N20,2026-07-25 13:33:00,43.52402,6.03833,29.57,nominal
viirs_noaa20_2026-07-25_1333_43.53020_6.03161,viirs_noaa20,N20,2026-07-25 13:33:00,43.5302,6.03161,74.36,high
viirs_noaa20_2026-07-25_1333_43.53011_6.02530,viirs_noaa20,N20,2026-07-25 13:33:00,43.53011,6.0253,74.36,nominal
viirs_noaa20_2026-07-25_1333_46.11781_8.64270,viirs_noaa20,N20,2026-07-25 13:33:00,46.11781,8.6427,13.81,nominal
viirs_noaa20_2026-07-25_1333_46.11393_8.64714,viirs_noaa20,N20,2026-07-25 13:33:00,46.11393,8.64714,11.22,nominal
viirs_noaa20_2026-07-26_0009_43.54085_16.43888,viirs_noaa20,N20,2026-07-26 00:09:00,43.54085,16.43888,0.34,nominal
viirs_noaa20_2026-07-26_0009_42.49406_18.57952,viirs_noaa20,N20,2026-07-26 00:09:00,42.49406,18.57952,0.48,nominal
viirs_noaa20_2026-07-26_0009_42.49366_18.58492,viirs_noaa20,N20,2026-07-26 00:09:00,42.49366,18.58492,0.48,nominal
viirs_noaa20_2026-07-26_0009_42.48917_18.58261,viirs_noaa20,N20,2026-07-26 00:09:00,42.48917,18.58261,0.84,nominal
viirs_noaa20_2026-07-26_0009_40.37505_16.79094,viirs_noaa20,N20,2026-07-26 00:09:00,40.37505,16.79094,0.86,nominal
viirs_noaa20_2026-07-26_0009_39.57096_15.89270,viirs_noaa20,N20,2026-07-26 00:09:00,39.57096,15.8927,3.14,nominal
viirs_noaa20_2026-07-26_0009_39.57125_15.88776,viirs_noaa20,N20,2026-07-26 00:09:00,39.57125,15.88776,2.67,nominal
viirs_noaa20_2026-07-26_0009_39.34446_16.06037,viirs_noaa20,N20,2026-07-26 00:09:00,39.34446,16.06037,3.97,nominal
viirs_noaa20_2026-07-26_0009_39.34409_16.06640,viirs_noaa20,N20,2026-07-26 00:09:00,39.34409,16.0664,3.98,nominal
viirs_noaa20_2026-07-26_0011_38.79481_15.19954,viirs_noaa20,N20,2026-07-26 00:11:00,38.79481,15.19954,1.02,nominal
viirs_noaa20_2026-07-26_0011_38.79424_15.20944,viirs_noaa20,N20,2026-07-26 00:11:00,38.79424,15.20944,0.51,nominal
viirs_noaa20_2026-07-26_0149_47.16138_18.78500,viirs_noaa20,N20,2026-07-26 01:49:00,47.16138,18.785,0.38,nominal
viirs_noaa20_2026-07-26_0149_47.11649_18.83542,viirs_noaa20,N20,2026-07-26 01:49:00,47.11649,18.83542,0.49,nominal
viirs_noaa20_2026-07-26_0149_43.53148_6.02142,viirs_noaa20,N20,2026-07-26 01:49:00,43.53148,6.02142,1.55,nominal
viirs_noaa20_2026-07-26_0149_43.53093_6.00497,viirs_noaa20,N20,2026-07-26 01:49:00,43.53093,6.00497,0.72,nominal
viirs_noaa20_2026-07-26_0149_43.52378_6.02417,viirs_noaa20,N20,2026-07-26 01:49:00,43.52378,6.02417,2.24,nominal
viirs_noaa20_2026-07-26_0149_43.52286_6.02916,viirs_noaa20,N20,2026-07-26 01:49:00,43.52286,6.02916,2.12,nominal
viirs_noaa20_2026-07-26_0152_40.52083_17.19853,viirs_noaa20,N20,2026-07-26 01:52:00,40.52083,17.19853,1.69,nominal
viirs_noaa20_2026-07-26_0152_40.51731_17.21002,viirs_noaa20,N20,2026-07-26 01:52:00,40.51731,17.21002,1.94,nominal
viirs_noaa20_2026-07-26_0152_41.82097_12.38068,viirs_noaa20,N20,2026-07-26 01:52:00,41.82097,12.38068,1.24,nominal
viirs_noaa20_2026-07-26_0152_41.82335_12.38136,viirs_noaa20,N20,2026-07-26 01:52:00,41.82335,12.38136,1.38,nominal
viirs_noaa20_2026-07-26_0152_41.38361_13.35280,viirs_noaa20,N20,2026-07-26 01:52:00,41.38361,13.3528,1.24,nominal
viirs_noaa20_2026-07-26_0152_39.57215_15.88904,viirs_noaa20,N20,2026-07-26 01:52:00,39.57215,15.88904,1.41,nominal
viirs_noaa20_2026-07-26_0152_39.34815_16.06685,viirs_noaa20,N20,2026-07-26 01:52:00,39.34815,16.06685,1.15,nominal
viirs_noaa20_2026-07-26_0152_39.34320_16.06174,viirs_noaa20,N20,2026-07-26 01:52:00,39.3432,16.06174,2.4,nominal
viirs_noaa20_2026-07-26_0152_39.34203_16.06566,viirs_noaa20,N20,2026-07-26 01:52:00,39.34203,16.06566,2.92,nominal
viirs_noaa20_2026-07-26_0152_39.34521_16.06422,viirs_noaa20,N20,2026-07-26 01:52:00,39.34521,16.06422,3.98,nominal
viirs_noaa20_2026-07-26_0152_39.34404_16.06819,viirs_noaa20,N20,2026-07-26 01:52:00,39.34404,16.06819,3.02,nominal
viirs_noaa20_2026-07-26_0152_40.55716_9.67287,viirs_noaa20,N20,2026-07-26 01:52:00,40.55716,9.67287,0.98,nominal
viirs_noaa20_2026-07-26_0152_39.83867_8.62646,viirs_noaa20,N20,2026-07-26 01:52:00,39.83867,8.62646,1.34,nominal
viirs_noaa20_2026-07-26_0152_37.04629_6.44375,viirs_noaa20,N20,2026-07-26 01:52:00,37.04629,6.44375,5.28,nominal
viirs_noaa20_2026-07-26_0152_37.04103_6.44966,viirs_noaa20,N20,2026-07-26 01:52:00,37.04103,6.44966,8.51,nominal
viirs_noaa20_2026-07-26_0152_37.03963_6.45649,viirs_noaa20,N20,2026-07-26 01:52:00,37.03963,6.45649,8.51,nominal
viirs_noaa20_2026-07-26_0152_37.04242_6.44287,viirs_noaa20,N20,2026-07-26 01:52:00,37.04242,6.44287,5.28,nominal
viirs_noaa20_2026-07-26_0152_37.03564_6.47589,viirs_noaa20,N20,2026-07-26 01:52:00,37.03564,6.47589,11.88,nominal
viirs_noaa20_2026-07-26_0152_37.03714_6.44890,viirs_noaa20,N20,2026-07-26 01:52:00,37.03714,6.4489,5.38,nominal
viirs_noaa20_2026-07-26_0152_37.03575_6.45566,viirs_noaa20,N20,2026-07-26 01:52:00,37.03575,6.45566,5.38,nominal
viirs_noaa20_2026-07-26_0152_37.03442_6.46215,viirs_noaa20,N20,2026-07-26 01:52:00,37.03442,6.46215,3.81,nominal
viirs_noaa20_2026-07-26_0152_37.03317_6.46819,viirs_noaa20,N20,2026-07-26 01:52:00,37.03317,6.46819,3.81,nominal
viirs_noaa20_2026-07-26_0152_37.03196_6.47403,viirs_noaa20,N20,2026-07-26 01:52:00,37.03196,6.47403,3.96,nominal
viirs_noaa20_2026-07-26_0152_37.03336_6.44757,viirs_noaa20,N20,2026-07-26 01:52:00,37.03336,6.44757,5.38,nominal
viirs_noaa20_2026-07-26_0152_37.03198_6.45428,viirs_noaa20,N20,2026-07-26 01:52:00,37.03198,6.45428,5.38,nominal
viirs_noaa20_2026-07-26_0152_37.03063_6.46082,viirs_noaa20,N20,2026-07-26 01:52:00,37.03063,6.46082,3.81,nominal
viirs_noaa20_2026-07-26_0152_37.02942_6.46671,viirs_noaa20,N20,2026-07-26 01:52:00,37.02942,6.46671,3.81,nominal
viirs_noaa20_2026-07-26_0152_37.03609_6.43422,viirs_noaa20,N20,2026-07-26 01:52:00,37.03609,6.43422,4.55,nominal
viirs_noaa20_2026-07-26_0152_37.03471_6.44102,viirs_noaa20,N20,2026-07-26 01:52:00,37.03471,6.44102,4.55,nominal
viirs_noaa20_2026-07-26_0152_37.02827_6.47227,viirs_noaa20,N20,2026-07-26 01:52:00,37.02827,6.47227,3.96,nominal
viirs_noaa20_2026-07-26_0152_37.02960_6.44613,viirs_noaa20,N20,2026-07-26 01:52:00,37.0296,6.44613,3.45,nominal
viirs_noaa20_2026-07-26_0152_37.03089_6.43987,viirs_noaa20,N20,2026-07-26 01:52:00,37.03089,6.43987,8.57,nominal
viirs_noaa20_2026-07-26_0152_37.02822_6.45285,viirs_noaa20,N20,2026-07-26 01:52:00,37.02822,6.45285,3.45,nominal
viirs_noaa20_2026-07-26_0152_37.02691_6.45920,viirs_noaa20,N20,2026-07-26 01:52:00,37.02691,6.4592,3.03,nominal
viirs_noaa20_2026-07-26_0152_37.02573_6.46490,viirs_noaa20,N20,2026-07-26 01:52:00,37.02573,6.4649,3.03,nominal
viirs_noaa20_2026-07-26_0152_37.02459_6.47039,viirs_noaa20,N20,2026-07-26 01:52:00,37.02459,6.47039,4.63,nominal
viirs_noaa20_2026-07-26_0152_37.02445_6.45143,viirs_noaa20,N20,2026-07-26 01:52:00,37.02445,6.45143,3.45,nominal
viirs_noaa20_2026-07-26_0152_37.02584_6.44470,viirs_noaa20,N20,2026-07-26 01:52:00,37.02584,6.4447,3.45,nominal
viirs_noaa20_2026-07-26_0152_37.02317_6.45764,viirs_noaa20,N20,2026-07-26 01:52:00,37.02317,6.45764,3.03,nominal
viirs_noaa20_2026-07-26_0152_37.02205_6.46309,viirs_noaa20,N20,2026-07-26 01:52:00,37.02205,6.46309,3.03,nominal
viirs_noaa20_2026-07-26_0152_37.02092_6.46854,viirs_noaa20,N20,2026-07-26 01:52:00,37.02092,6.46854,4.63,nominal
viirs_noaa20_2026-07-26_0152_37.02211_6.44312,viirs_noaa20,N20,2026-07-26 01:52:00,37.02211,6.44312,4.93,nominal
viirs_noaa20_2026-07-26_0152_37.02071_6.44996,viirs_noaa20,N20,2026-07-26 01:52:00,37.02071,6.44996,4.93,nominal
viirs_noaa20_2026-07-26_0152_37.01942_6.45617,viirs_noaa20,N20,2026-07-26 01:52:00,37.01942,6.45617,6.46,nominal
viirs_noaa20_2026-07-26_0152_36.86449_6.95740,viirs_noaa20,N20,2026-07-26 01:52:00,36.86449,6.9574,3.18,nominal
viirs_noaa20_2026-07-26_0152_36.74526_6.25524,viirs_noaa20,N20,2026-07-26 01:52:00,36.74526,6.25524,1.28,nominal
viirs_noaa20_2026-07-26_0152_35.86728_6.02715,viirs_noaa20,N20,2026-07-26 01:52:00,35.86728,6.02715,4.43,nominal
viirs_noaa20_2026-07-26_1132_37.09899_15.29304,viirs_noaa20,N20,2026-07-26 11:32:00,37.09899,15.29304,8.83,nominal
viirs_noaa20_2026-07-26_1132_37.09797_15.28841,viirs_noaa20,N20,2026-07-26 11:32:00,37.09797,15.28841,8.83,nominal
viirs_noaa20_2026-07-26_1132_37.18356_15.15330,viirs_noaa20,N20,2026-07-26 11:32:00,37.18356,15.1533,6.74,nominal
viirs_noaa20_2026-07-26_1132_37.18253_15.14858,viirs_noaa20,N20,2026-07-26 11:32:00,37.18253,15.14858,6.74,nominal
viirs_noaa20_2026-07-26_1132_37.64132_15.13599,viirs_noaa20,N20,2026-07-26 11:32:00,37.64132,15.13599,6.45,nominal
viirs_noaa20_2026-07-26_1132_37.64032_15.13143,viirs_noaa20,N20,2026-07-26 11:32:00,37.64032,15.13143,7.8,nominal
viirs_noaa20_2026-07-26_1132_36.19238_8.52450,viirs_noaa20,N20,2026-07-26 11:32:00,36.19238,8.5245,7.59,nominal
viirs_noaa20_2026-07-26_1132_36.19583_8.51356,viirs_noaa20,N20,2026-07-26 11:32:00,36.19583,8.51356,11.66,high
viirs_noaa20_2026-07-26_1132_36.19434_8.50836,viirs_noaa20,N20,2026-07-26 11:32:00,36.19434,8.50836,14.8,high
viirs_noaa20_2026-07-26_1132_36.19730_8.51871,viirs_noaa20,N20,2026-07-26 11:32:00,36.1973,8.51871,11.66,nominal
viirs_noaa20_2026-07-26_1132_36.20466_8.52148,viirs_noaa20,N20,2026-07-26 11:32:00,36.20466,8.52148,5.7,nominal
viirs_noaa20_2026-07-26_1132_36.20446_8.51810,viirs_noaa20,N20,2026-07-26 11:32:00,36.20446,8.5181,2.04,low
viirs_noaa20_2026-07-26_1132_36.27254_8.61726,viirs_noaa20,N20,2026-07-26 11:32:00,36.27254,8.61726,2.47,low
viirs_noaa20_2026-07-26_1132_36.76870_10.04660,viirs_noaa20,N20,2026-07-26 11:32:00,36.7687,10.0466,1.12,low
viirs_noaa20_2026-07-26_1132_36.76748_10.04859,viirs_noaa20,N20,2026-07-26 11:32:00,36.76748,10.04859,2.26,nominal
viirs_noaa20_2026-07-26_1134_37.91782_13.80557,viirs_noaa20,N20,2026-07-26 11:34:00,37.91782,13.80557,6.05,nominal
viirs_noaa20_2026-07-26_1134_38.43568_15.93560,viirs_noaa20,N20,2026-07-26 11:34:00,38.43568,15.9356,6.67,nominal
viirs_noaa20_2026-07-26_1134_37.91291_12.78876,viirs_noaa20,N20,2026-07-26 11:34:00,37.91291,12.78876,5.32,nominal
viirs_noaa20_2026-07-26_1134_37.91897_12.79320,viirs_noaa20,N20,2026-07-26 11:34:00,37.91897,12.7932,16.37,nominal
viirs_noaa20_2026-07-26_1134_37.91746_12.78687,viirs_noaa20,N20,2026-07-26 11:34:00,37.91746,12.78687,23.94,nominal
viirs_noaa20_2026-07-26_1134_37.91510_12.79176,viirs_noaa20,N20,2026-07-26 11:34:00,37.9151,12.79176,19.68,nominal
viirs_noaa20_2026-07-26_1134_37.91355_12.78539,viirs_noaa20,N20,2026-07-26 11:34:00,37.91355,12.78539,19.68,nominal
viirs_noaa20_2026-07-26_1134_36.86752_6.98279,viirs_noaa20,N20,2026-07-26 11:34:00,36.86752,6.98279,6.14,nominal
viirs_noaa20_2026-07-26_1134_39.38693_17.05399,viirs_noaa20,N20,2026-07-26 11:34:00,39.38693,17.05399,7.97,nominal
viirs_noaa20_2026-07-26_1134_39.38584_17.04841,viirs_noaa20,N20,2026-07-26 11:34:00,39.38584,17.04841,7.97,nominal
viirs_noaa20_2026-07-26_1134_39.39053_17.05263,viirs_noaa20,N20,2026-07-26 11:34:00,39.39053,17.05263,7.97,nominal
viirs_noaa20_2026-07-26_1134_39.38943_17.04703,viirs_noaa20,N20,2026-07-26 11:34:00,39.38943,17.04703,7.97,nominal
viirs_noaa20_2026-07-26_1134_39.38832_17.04134,viirs_noaa20,N20,2026-07-26 11:34:00,39.38832,17.04134,9.39,nominal
viirs_noaa20_2026-07-26_1134_39.39409_17.05106,viirs_noaa20,N20,2026-07-26 11:34:00,39.39409,17.05106,26.99,nominal
viirs_noaa20_2026-07-26_1134_39.39299_17.04540,viirs_noaa20,N20,2026-07-26 11:34:00,39.39299,17.0454,26.99,nominal
viirs_noaa20_2026-07-26_1134_39.39190_17.03981,viirs_noaa20,N20,2026-07-26 11:34:00,39.3919,17.03981,38.68,nominal
viirs_noaa20_2026-07-26_1134_39.39875_17.05516,viirs_noaa20,N20,2026-07-26 11:34:00,39.39875,17.05516,6.58,nominal
viirs_noaa20_2026-07-26_1134_39.39766_17.04956,viirs_noaa20,N20,2026-07-26 11:34:00,39.39766,17.04956,26.99,nominal
viirs_noaa20_2026-07-26_1134_39.39658_17.04398,viirs_noaa20,N20,2026-07-26 11:34:00,39.39658,17.04398,26.99,nominal
viirs_noaa20_2026-07-26_1134_39.39550_17.03845,viirs_noaa20,N20,2026-07-26 11:34:00,39.3955,17.03845,38.68,nominal
viirs_noaa20_2026-07-26_1134_39.40236_17.05378,viirs_noaa20,N20,2026-07-26 11:34:00,39.40236,17.05378,15.49,nominal
viirs_noaa20_2026-07-26_1134_39.40128_17.04828,viirs_noaa20,N20,2026-07-26 11:34:00,39.40128,17.04828,62.93,low
viirs_noaa20_2026-07-26_1134_39.40020_17.04271,viirs_noaa20,N20,2026-07-26 11:34:00,39.4002,17.04271,62.93,low
viirs_noaa20_2026-07-26_1134_39.39909_17.03704,viirs_noaa20,N20,2026-07-26 11:34:00,39.39909,17.03704,275.6,low
viirs_noaa20_2026-07-26_1134_39.40595_17.05242,viirs_noaa20,N20,2026-07-26 11:34:00,39.40595,17.05242,15.49,nominal
viirs_noaa20_2026-07-26_1134_39.40490_17.04701,viirs_noaa20,N20,2026-07-26 11:34:00,39.4049,17.04701,62.93,nominal
viirs_noaa20_2026-07-26_1134_39.39690_17.05336,viirs_noaa20,N20,2026-07-26 11:34:00,39.3969,17.05336,50.18,nominal
viirs_noaa20_2026-07-26_1134_39.39581_17.04791,viirs_noaa20,N20,2026-07-26 11:34:00,39.39581,17.04791,50.18,nominal
viirs_noaa20_2026-07-26_1134_39.39469_17.04230,viirs_noaa20,N20,2026-07-26 11:34:00,39.39469,17.0423,95.25,nominal
viirs_noaa20_2026-07-26_1134_39.39357_17.03668,viirs_noaa20,N20,2026-07-26 11:34:00,39.39357,17.03668,95.25,nominal
viirs_noaa20_2026-07-26_1134_39.39941_17.04653,viirs_noaa20,N20,2026-07-26 11:34:00,39.39941,17.04653,50.18,high
viirs_noaa20_2026-07-26_1134_39.39715_17.03526,viirs_noaa20,N20,2026-07-26 11:34:00,39.39715,17.03526,95.25,high
viirs_noaa20_2026-07-26_1134_39.40050_17.05199,viirs_noaa20,N20,2026-07-26 11:34:00,39.4005,17.05199,50.18,nominal
viirs_noaa20_2026-07-26_1134_39.39828_17.04093,viirs_noaa20,N20,2026-07-26 11:34:00,39.39828,17.04093,95.25,nominal
viirs_noaa20_2026-07-26_1134_39.40411_17.05073,viirs_noaa20,N20,2026-07-26 11:34:00,39.40411,17.05073,39.29,nominal
viirs_noaa20_2026-07-26_1134_39.40302_17.04527,viirs_noaa20,N20,2026-07-26 11:34:00,39.40302,17.04527,39.29,nominal
viirs_noaa20_2026-07-26_1134_39.40189_17.03960,viirs_noaa20,N20,2026-07-26 11:34:00,39.40189,17.0396,15.73,nominal
viirs_noaa20_2026-07-26_1134_37.03388_6.45891,viirs_noaa20,N20,2026-07-26 11:34:00,37.03388,6.45891,11.42,nominal
viirs_noaa20_2026-07-26_1134_37.04091_6.45851,viirs_noaa20,N20,2026-07-26 11:34:00,37.04091,6.45851,7.2,nominal
viirs_noaa20_2026-07-26_1134_37.03227_6.43028,viirs_noaa20,N20,2026-07-26 11:34:00,37.03227,6.43028,4.3,nominal
viirs_noaa20_2026-07-26_1134_39.61046_16.35207,viirs_noaa20,N20,2026-07-26 11:34:00,39.61046,16.35207,2.61,nominal
viirs_noaa20_2026-07-26_1134_40.37390_17.81315,viirs_noaa20,N20,2026-07-26 11:34:00,40.3739,17.81315,2.9,nominal
viirs_noaa20_2026-07-26_1134_40.55290_17.96520,viirs_noaa20,N20,2026-07-26 11:34:00,40.5529,17.9652,1.85,low
viirs_noaa20_2026-07-26_1134_40.54023_17.62323,viirs_noaa20,N20,2026-07-26 11:34:00,40.54023,17.62323,3.78,nominal
viirs_noaa20_2026-07-26_1134_40.50419_17.25796,viirs_noaa20,N20,2026-07-26 11:34:00,40.50419,17.25796,1.87,nominal
viirs_noaa20_2026-07-26_1134_40.88155_16.65072,viirs_noaa20,N20,2026-07-26 11:34:00,40.88155,16.65072,1.18,nominal
viirs_noaa20_2026-07-26_1134_40.84889_16.21568,viirs_noaa20,N20,2026-07-26 11:34:00,40.84889,16.21568,34.99,nominal
viirs_noaa20_2026-07-26_1134_40.85253_16.21432,viirs_noaa20,N20,2026-07-26 11:34:00,40.85253,16.21432,34.99,nominal
viirs_noaa20_2026-07-26_1134_40.85735_16.21886,viirs_noaa20,N20,2026-07-26 11:34:00,40.85735,16.21886,10.36,nominal
viirs_noaa20_2026-07-26_1134_40.78566_14.66245,viirs_noaa20,N20,2026-07-26 11:34:00,40.78566,14.66245,8.43,nominal
viirs_noaa20_2026-07-26_1134_41.06478_15.71964,viirs_noaa20,N20,2026-07-26 11:34:00,41.06478,15.71964,8.68,nominal
viirs_noaa20_2026-07-26_1134_41.03933_14.88903,viirs_noaa20,N20,2026-07-26 11:34:00,41.03933,14.88903,6.37,nominal
viirs_noaa20_2026-07-26_1134_41.44178_15.97489,viirs_noaa20,N20,2026-07-26 11:34:00,41.44178,15.97489,4.3,low
viirs_noaa20_2026-07-26_1134_41.83400_15.75981,viirs_noaa20,N20,2026-07-26 11:34:00,41.834,15.75981,18.39,nominal
viirs_noaa20_2026-07-26_1134_41.83280_15.75394,viirs_noaa20,N20,2026-07-26 11:34:00,41.8328,15.75394,7.88,nominal
viirs_noaa20_2026-07-26_1134_41.83764_15.75842,viirs_noaa20,N20,2026-07-26 11:34:00,41.83764,15.75842,18.39,nominal
viirs_noaa20_2026-07-26_1134_41.83646_15.75260,viirs_noaa20,N20,2026-07-26 11:34:00,41.83646,15.7526,7.88,nominal
viirs_noaa20_2026-07-26_1134_41.93026_16.04452,viirs_noaa20,N20,2026-07-26 11:34:00,41.93026,16.04452,80.65,nominal
viirs_noaa20_2026-07-26_1134_41.93385_16.04312,viirs_noaa20,N20,2026-07-26 11:34:00,41.93385,16.04312,80.65,high
viirs_noaa20_2026-07-26_1134_41.93274_16.03754,viirs_noaa20,N20,2026-07-26 11:34:00,41.93274,16.03754,80.65,nominal
viirs_noaa20_2026-07-26_1134_41.93495_16.04861,viirs_noaa20,N20,2026-07-26 11:34:00,41.93495,16.04861,255.24,low
viirs_noaa20_2026-07-26_1134_41.93852_16.04712,viirs_noaa20,N20,2026-07-26 11:34:00,41.93852,16.04712,15.94,nominal
viirs_noaa20_2026-07-26_1134_41.93743_16.04164,viirs_noaa20,N20,2026-07-26 11:34:00,41.93743,16.04164,20.87,nominal
viirs_noaa20_2026-07-26_1134_41.86607_15.66581,viirs_noaa20,N20,2026-07-26 11:34:00,41.86607,15.66581,7.3,nominal
viirs_noaa20_2026-07-26_1134_41.86965_15.66399,viirs_noaa20,N20,2026-07-26 11:34:00,41.86965,15.66399,16,nominal
viirs_noaa20_2026-07-26_1134_41.86851_15.65837,viirs_noaa20,N20,2026-07-26 11:34:00,41.86851,15.65837,16,nominal
viirs_noaa20_2026-07-26_1134_41.93987_15.06040,viirs_noaa20,N20,2026-07-26 11:34:00,41.93987,15.0604,9.04,nominal
viirs_noaa20_2026-07-26_1134_41.94362_15.05895,viirs_noaa20,N20,2026-07-26 11:34:00,41.94362,15.05895,45.61,nominal
viirs_noaa20_2026-07-26_1134_41.94737_15.05751,viirs_noaa20,N20,2026-07-26 11:34:00,41.94737,15.05751,45.61,nominal
viirs_noaa20_2026-07-26_1134_41.94609_15.05136,viirs_noaa20,N20,2026-07-26 11:34:00,41.94609,15.05136,28.43,low
viirs_noaa20_2026-07-26_1134_41.79247_12.48129,viirs_noaa20,N20,2026-07-26 11:34:00,41.79247,12.48129,41.01,nominal
viirs_noaa20_2026-07-26_1134_41.79668_12.47949,viirs_noaa20,N20,2026-07-26 11:34:00,41.79668,12.47949,41.01,nominal
viirs_noaa20_2026-07-26_1134_42.26518_9.09293,viirs_noaa20,N20,2026-07-26 11:34:00,42.26518,9.09293,4.44,nominal
viirs_noaa20_2026-07-26_1134_42.62164_9.39771,viirs_noaa20,N20,2026-07-26 11:34:00,42.62164,9.39771,16.74,high
viirs_noaa20_2026-07-26_1134_42.62571_9.39289,viirs_noaa20,N20,2026-07-26 11:34:00,42.62571,9.39289,16.74,nominal
viirs_noaa20_2026-07-26_1134_44.80099_11.57401,viirs_noaa20,N20,2026-07-26 11:34:00,44.80099,11.57401,4.13,nominal
viirs_noaa20_2026-07-26_1134_44.79986_11.57087,viirs_noaa20,N20,2026-07-26 11:34:00,44.79986,11.57087,3.68,nominal
viirs_noaa20_2026-07-26_1134_43.51843_6.03098,viirs_noaa20,N20,2026-07-26 11:34:00,43.51843,6.03098,22.66,high
viirs_noaa20_2026-07-26_1134_43.52378_6.02814,viirs_noaa20,N20,2026-07-26 11:34:00,43.52378,6.02814,22.66,high
viirs_noaa20_2026-07-26_1134_44.81854_10.88604,viirs_noaa20,N20,2026-07-26 11:34:00,44.81854,10.88604,3.98,nominal
viirs_noaa20_2026-07-26_1134_43.52209_6.02237,viirs_noaa20,N20,2026-07-26 11:34:00,43.52209,6.02237,24.26,nominal
viirs_noaa20_2026-07-26_1136_45.14359_9.94241,viirs_noaa20,N20,2026-07-26 11:36:00,45.14359,9.94241,6.88,nominal
viirs_noaa20_2026-07-26_1136_47.45030_18.96109,viirs_noaa20,N20,2026-07-26 11:36:00,47.4503,18.96109,2.82,nominal
viirs_noaa20_2026-07-26_1136_45.81035_8.77974,viirs_noaa20,N20,2026-07-26 11:36:00,45.81035,8.77974,5.01,nominal
viirs_noaa20_2026-07-26_1314_35.76524_6.42039,viirs_noaa20,N20,2026-07-26 13:14:00,35.76524,6.42039,14.8,high
viirs_noaa20_2026-07-26_1314_35.76992_6.41973,viirs_noaa20,N20,2026-07-26 13:14:00,35.76992,6.41973,14.8,nominal
viirs_noaa20_2026-07-26_1314_36.64431_9.25050,viirs_noaa20,N20,2026-07-26 13:14:00,36.64431,9.2505,7.09,nominal
viirs_noaa20_2026-07-26_1314_36.64346_9.25121,viirs_noaa20,N20,2026-07-26 13:14:00,36.64346,9.25121,5.15,nominal
viirs_noaa20_2026-07-26_1314_36.86718_9.89712,viirs_noaa20,N20,2026-07-26 13:14:00,36.86718,9.89712,4.94,nominal
viirs_noaa20_2026-07-26_1314_36.86692_9.89214,viirs_noaa20,N20,2026-07-26 13:14:00,36.86692,9.89214,6.78,nominal
viirs_noaa20_2026-07-26_1314_37.03388_6.46571,viirs_noaa20,N20,2026-07-26 13:14:00,37.03388,6.46571,20.89,nominal
viirs_noaa20_2026-07-26_1314_37.03335_6.45875,viirs_noaa20,N20,2026-07-26 13:14:00,37.03335,6.45875,20.89,nominal
viirs_noaa20_2026-07-26_1314_37.03218_6.44342,viirs_noaa20,N20,2026-07-26 13:14:00,37.03218,6.44342,12.86,nominal
viirs_noaa20_2026-07-26_1314_37.03164_6.43638,viirs_noaa20,N20,2026-07-26 13:14:00,37.03164,6.43638,22.96,nominal
viirs_noaa20_2026-07-26_1314_37.03862_6.46474,viirs_noaa20,N20,2026-07-26 13:14:00,37.03862,6.46474,20.89,nominal
viirs_noaa20_2026-07-26_1314_37.03807_6.45762,viirs_noaa20,N20,2026-07-26 13:14:00,37.03807,6.45762,20.89,nominal
viirs_noaa20_2026-07-26_1314_37.03749_6.45017,viirs_noaa20,N20,2026-07-26 13:14:00,37.03749,6.45017,12.86,nominal
viirs_noaa20_2026-07-26_1314_37.04213_6.44801,viirs_noaa20,N20,2026-07-26 13:14:00,37.04213,6.44801,10.06,nominal
viirs_noaa20_2026-07-26_1314_37.04157_6.44079,viirs_noaa20,N20,2026-07-26 13:14:00,37.04157,6.44079,10.06,nominal
viirs_noaa20_2026-07-26_1314_37.89210_12.73657,viirs_noaa20,N20,2026-07-26 13:14:00,37.8921,12.73657,12.98,nominal
viirs_noaa20_2026-07-26_1314_37.89197_12.73096,viirs_noaa20,N20,2026-07-26 13:14:00,37.89197,12.73096,9.65,nominal
viirs_noaa20_2026-07-26_1314_37.91859_13.80099,viirs_noaa20,N20,2026-07-26 13:14:00,37.91859,13.80099,14.87,high
viirs_noaa20_2026-07-26_1314_37.91869_13.80774,viirs_noaa20,N20,2026-07-26 13:14:00,37.91869,13.80774,14.87,nominal
viirs_noaa20_2026-07-26_1314_37.92574_13.80730,viirs_noaa20,N20,2026-07-26 13:14:00,37.92574,13.8073,18.83,high
viirs_noaa20_2026-07-26_1314_37.92565_13.80069,viirs_noaa20,N20,2026-07-26 13:14:00,37.92565,13.80069,18.83,nominal
viirs_noaa20_2026-07-26_1314_37.92704_12.79408,viirs_noaa20,N20,2026-07-26 13:14:00,37.92704,12.79408,6.06,nominal
viirs_noaa20_2026-07-26_1314_37.96737_13.76259,viirs_noaa20,N20,2026-07-26 13:14:00,37.96737,13.76259,7.12,nominal
viirs_noaa20_2026-07-26_1314_37.92321_13.80923,viirs_noaa20,N20,2026-07-26 13:14:00,37.92321,13.80923,33.12,nominal
viirs_noaa20_2026-07-26_1314_37.92316_13.80257,viirs_noaa20,N20,2026-07-26 13:14:00,37.92316,13.80257,64.52,nominal
viirs_noaa20_2026-07-26_1314_37.96509_13.76439,viirs_noaa20,N20,2026-07-26 13:14:00,37.96509,13.76439,13.67,nominal
viirs_noaa20_2026-07-26_1314_42.26335_9.08800,viirs_noaa20,N20,2026-07-26 13:14:00,42.26335,9.088,8.25,nominal
viirs_noaa20_2026-07-26_1316_42.61813_9.41846,viirs_noaa20,N20,2026-07-26 13:16:00,42.61813,9.41846,26.61,nominal
viirs_noaa20_2026-07-26_1316_42.61778_9.40867,viirs_noaa20,N20,2026-07-26 13:16:00,42.61778,9.40867,29.31,nominal
viirs_noaa20_2026-07-26_1316_42.61746_9.39968,viirs_noaa20,N20,2026-07-26 13:16:00,42.61746,9.39968,29.31,nominal
viirs_noaa20_2026-07-26_1316_42.62353_9.40541,viirs_noaa20,N20,2026-07-26 13:16:00,42.62353,9.40541,14.77,nominal
viirs_noaa20_2026-07-26_1316_42.62394_9.41684,viirs_noaa20,N20,2026-07-26 13:16:00,42.62394,9.41684,13.27,low
viirs_noaa20_2026-07-26_1316_42.61698_9.41717,viirs_noaa20,N20,2026-07-26 13:16:00,42.61698,9.41717,24.75,nominal
viirs_noaa20_2026-07-26_1316_42.61670_9.40751,viirs_noaa20,N20,2026-07-26 13:16:00,42.6167,9.40751,24.75,nominal
viirs_noaa20_2026-07-26_1316_42.61645_9.39914,viirs_noaa20,N20,2026-07-26 13:16:00,42.61645,9.39914,18.2,nominal
viirs_noaa20_2026-07-26_1316_42.62278_9.41470,viirs_noaa20,N20,2026-07-26 13:16:00,42.62278,9.4147,14.99,high
viirs_noaa20_2026-07-26_1316_42.62244_9.40326,viirs_noaa20,N20,2026-07-26 13:16:00,42.62244,9.40326,14.99,high
viirs_noaa20_2026-07-26_1316_43.51690_6.02923,viirs_noaa20,N20,2026-07-26 13:16:00,43.5169,6.02923,6.11,nominal
viirs_noaa20_2026-07-26_1316_43.52185_6.02845,viirs_noaa20,N20,2026-07-26 13:16:00,43.52185,6.02845,27.24,high
viirs_noaa20_2026-07-26_1316_43.51744_6.02801,viirs_noaa20,N20,2026-07-26 13:16:00,43.51744,6.02801,16.91,nominal
viirs_noaa20_2026-07-26_1316_43.52240_6.02725,viirs_noaa20,N20,2026-07-26 13:16:00,43.5224,6.02725,16.91,nominal
viirs_noaa20_2026-07-26_1316_45.14747_7.04367,viirs_noaa20,N20,2026-07-26 13:16:00,45.14747,7.04367,6.78,nominal
viirs_noaa20_2026-07-26_1316_45.15277_7.04332,viirs_noaa20,N20,2026-07-26 13:16:00,45.15277,7.04332,4.78,nominal
viirs_noaa20_2026-07-26_1316_45.15120_7.04349,viirs_noaa20,N20,2026-07-26 13:16:00,45.1512,7.04349,6.72,nominal
viirs_noaa20_2026-07-26_1316_45.15104_7.03948,viirs_noaa20,N20,2026-07-26 13:16:00,45.15104,7.03948,7.33,nominal
viirs_noaa20_2026-07-26_2352_38.66444_16.10440,viirs_noaa20,N20,2026-07-26 23:52:00,38.66444,16.1044,1.31,nominal
viirs_noaa20_2026-07-26_2352_38.66429_16.11026,viirs_noaa20,N20,2026-07-26 23:52:00,38.66429,16.11026,1.71,nominal
viirs_noaa20_2026-07-27_0132_46.06726_13.62955,viirs_noaa20,N20,2026-07-27 01:32:00,46.06726,13.62955,0.58,nominal
viirs_noaa20_2026-07-27_0132_45.68372_9.46551,viirs_noaa20,N20,2026-07-27 01:32:00,45.68372,9.46551,0.88,nominal
viirs_noaa20_2026-07-27_0132_45.51627_10.34585,viirs_noaa20,N20,2026-07-27 01:32:00,45.51627,10.34585,1.08,nominal
viirs_noaa20_2026-07-27_0132_45.46141_10.45899,viirs_noaa20,N20,2026-07-27 01:32:00,45.46141,10.45899,1.71,nominal
viirs_noaa20_2026-07-27_0132_45.46229_10.45400,viirs_noaa20,N20,2026-07-27 01:32:00,45.46229,10.454,0.77,nominal
viirs_noaa20_2026-07-27_0132_45.14556_9.94178,viirs_noaa20,N20,2026-07-27 01:32:00,45.14556,9.94178,13.64,nominal
viirs_noaa20_2026-07-27_0132_43.36536_12.54587,viirs_noaa20,N20,2026-07-27 01:32:00,43.36536,12.54587,1.45,nominal
viirs_noaa20_2026-07-27_0132_43.79512_7.37584,viirs_noaa20,N20,2026-07-27 01:32:00,43.79512,7.37584,0.62,nominal
viirs_noaa20_2026-07-27_0132_42.56554_12.66667,viirs_noaa20,N20,2026-07-27 01:32:00,42.56554,12.66667,1.66,nominal
viirs_noaa20_2026-07-27_0132_43.52107_6.02846,viirs_noaa20,N20,2026-07-27 01:32:00,43.52107,6.02846,1.18,nominal
viirs_noaa20_2026-07-27_0132_43.47328_6.05840,viirs_noaa20,N20,2026-07-27 01:32:00,43.47328,6.0584,1.12,nominal
viirs_noaa20_2026-07-27_0132_42.26612_9.08561,viirs_noaa20,N20,2026-07-27 01:32:00,42.26612,9.08561,0.94,nominal
viirs_noaa20_2026-07-27_0132_42.26527_9.09052,viirs_noaa20,N20,2026-07-27 01:32:00,42.26527,9.09052,1.1,nominal
viirs_noaa20_2026-07-27_0132_42.25634_9.06204,viirs_noaa20,N20,2026-07-27 01:32:00,42.25634,9.06204,6.31,nominal
viirs_noaa20_2026-07-27_0132_40.55817_9.67323,viirs_noaa20,N20,2026-07-27 01:32:00,40.55817,9.67323,1.04,nominal
viirs_noaa20_2026-07-27_0132_38.79117_15.21139,viirs_noaa20,N20,2026-07-27 01:32:00,38.79117,15.21139,1,nominal
viirs_noaa20_2026-07-27_0134_39.08236_9.01914,viirs_noaa20,N20,2026-07-27 01:34:00,39.08236,9.01914,1.81,nominal
viirs_noaa20_2026-07-27_0134_37.96753_13.76590,viirs_noaa20,N20,2026-07-27 01:34:00,37.96753,13.7659,2.23,nominal
viirs_noaa20_2026-07-27_0134_37.04265_6.46468,viirs_noaa20,N20,2026-07-27 01:34:00,37.04265,6.46468,0.58,nominal
viirs_noaa20_2026-07-27_0134_37.03789_6.47268,viirs_noaa20,N20,2026-07-27 01:34:00,37.03789,6.47268,0.98,nominal
viirs_noaa20_2026-07-27_0134_37.03717_6.47704,viirs_noaa20,N20,2026-07-27 01:34:00,37.03717,6.47704,0.98,nominal
viirs_noaa20_2026-07-27_0134_37.03312_6.43963,viirs_noaa20,N20,2026-07-27 01:34:00,37.03312,6.43963,0.84,nominal
viirs_noaa20_2026-07-27_0134_37.03240_6.44398,viirs_noaa20,N20,2026-07-27 01:34:00,37.0324,6.44398,1.26,nominal
viirs_noaa20_2026-07-27_0134_37.02912_6.44313,viirs_noaa20,N20,2026-07-27 01:34:00,37.02912,6.44313,1.08,nominal
viirs_noaa20_2026-07-27_0134_37.02800_6.42926,viirs_noaa20,N20,2026-07-27 01:34:00,37.028,6.42926,4.47,nominal
viirs_noaa20_2026-07-27_0134_36.87014_6.98300,viirs_noaa20,N20,2026-07-27 01:34:00,36.87014,6.983,2.85,nominal
viirs_noaa20_2026-07-27_0134_36.87608_6.94815,viirs_noaa20,N20,2026-07-27 01:34:00,36.87608,6.94815,0.95,nominal
viirs_noaa20_2026-07-27_0134_36.86393_6.95862,viirs_noaa20,N20,2026-07-27 01:34:00,36.86393,6.95862,2.33,nominal
viirs_noaa20_2026-07-27_0134_36.76205_7.30821,viirs_noaa20,N20,2026-07-27 01:34:00,36.76205,7.30821,1.71,nominal
viirs_noaa20_2026-07-27_0134_36.74575_6.25534,viirs_noaa20,N20,2026-07-27 01:34:00,36.74575,6.25534,2.52,nominal
viirs_noaa20_2026-07-27_0134_36.08492_6.80630,viirs_noaa20,N20,2026-07-27 01:34:00,36.08492,6.8063,0.87,nominal
viirs_noaa20_2026-07-27_0134_35.86781_6.02495,viirs_noaa20,N20,2026-07-27 01:34:00,35.86781,6.02495,0.76,nominal
viirs_noaa20_2026-07-27_0134_35.86711_6.02919,viirs_noaa20,N20,2026-07-27 01:34:00,35.86711,6.02919,0.76,nominal
viirs_noaa20_2026-07-27_1113_37.83959_13.95848,viirs_noaa20,N20,2026-07-27 11:13:00,37.83959,13.95848,4.73,nominal
viirs_noaa20_2026-07-27_1113_37.76267_13.54502,viirs_noaa20,N20,2026-07-27 11:13:00,37.76267,13.54502,7.28,high
viirs_noaa20_2026-07-27_1113_37.77495_13.56634,viirs_noaa20,N20,2026-07-27 11:13:00,37.77495,13.56634,14.84,high
viirs_noaa20_2026-07-27_1113_37.77351_13.56125,viirs_noaa20,N20,2026-07-27 11:13:00,37.77351,13.56125,14.84,high
viirs_noaa20_2026-07-27_1113_37.77221_13.55666,viirs_noaa20,N20,2026-07-27 11:13:00,37.77221,13.55666,8.98,nominal
viirs_noaa20_2026-07-27_1113_37.76793_13.54153,viirs_noaa20,N20,2026-07-27 11:13:00,37.76793,13.54153,7.28,nominal
viirs_noaa20_2026-07-27_1113_37.78176_13.56837,viirs_noaa20,N20,2026-07-27 11:13:00,37.78176,13.56837,14.39,nominal
viirs_noaa20_2026-07-27_1113_37.78012_13.56257,viirs_noaa20,N20,2026-07-27 11:13:00,37.78012,13.56257,15.05,nominal
viirs_noaa20_2026-07-27_1113_37.77867_13.55742,viirs_noaa20,N20,2026-07-27 11:13:00,37.77867,13.55742,15.05,nominal
viirs_noaa20_2026-07-27_1113_37.77468_13.54330,viirs_noaa20,N20,2026-07-27 11:13:00,37.77468,13.5433,2.87,nominal
viirs_noaa20_2026-07-27_1113_37.77314_13.53784,viirs_noaa20,N20,2026-07-27 11:13:00,37.77314,13.53784,2.87,nominal
viirs_noaa20_2026-07-27_1113_37.78255_13.54902,viirs_noaa20,N20,2026-07-27 11:13:00,37.78255,13.54902,9.69,nominal
viirs_noaa20_2026-07-27_1113_38.46090_16.01120,viirs_noaa20,N20,2026-07-27 11:13:00,38.4609,16.0112,2.82,nominal
viirs_noaa20_2026-07-27_1113_38.66639_15.95864,viirs_noaa20,N20,2026-07-27 11:13:00,38.66639,15.95864,4.12,nominal
viirs_noaa20_2026-07-27_1113_39.04129_17.11295,viirs_noaa20,N20,2026-07-27 11:13:00,39.04129,17.11295,5.52,nominal
viirs_noaa20_2026-07-27_1113_38.93091_16.47960,viirs_noaa20,N20,2026-07-27 11:13:00,38.93091,16.4796,5.07,nominal
viirs_noaa20_2026-07-27_1113_38.92912_16.47236,viirs_noaa20,N20,2026-07-27 11:13:00,38.92912,16.47236,5.07,nominal
viirs_noaa20_2026-07-27_1113_38.06852_12.62173,viirs_noaa20,N20,2026-07-27 11:13:00,38.06852,12.62173,7.02,nominal
viirs_noaa20_2026-07-27_1113_40.43290_17.84389,viirs_noaa20,N20,2026-07-27 11:13:00,40.4329,17.84389,2.81,nominal
viirs_noaa20_2026-07-27_1113_40.29561_16.74374,viirs_noaa20,N20,2026-07-27 11:13:00,40.29561,16.74374,2.52,nominal
viirs_noaa20_2026-07-27_1113_40.80529_16.61130,viirs_noaa20,N20,2026-07-27 11:13:00,40.80529,16.6113,10.55,nominal
viirs_noaa20_2026-07-27_1113_40.80868_16.60849,viirs_noaa20,N20,2026-07-27 11:13:00,40.80868,16.60849,5.72,nominal
viirs_noaa20_2026-07-27_1115_41.48728_15.86836,viirs_noaa20,N20,2026-07-27 11:15:00,41.48728,15.86836,8.35,nominal
viirs_noaa20_2026-07-27_1115_41.79553_12.48018,viirs_noaa20,N20,2026-07-27 11:15:00,41.79553,12.48018,1.44,low
viirs_noaa20_2026-07-27_1115_46.03807_11.12918,viirs_noaa20,N20,2026-07-27 11:15:00,46.03807,11.12918,2.47,nominal
viirs_noaa20_2026-07-27_1253_36.17750_10.13991,viirs_noaa20,N20,2026-07-27 12:53:00,36.1775,10.13991,10.64,nominal
viirs_noaa20_2026-07-27_1253_35.86642_6.02852,viirs_noaa20,N20,2026-07-27 12:53:00,35.86642,6.02852,4.73,low
viirs_noaa20_2026-07-27_1253_36.29255_6.51146,viirs_noaa20,N20,2026-07-27 12:53:00,36.29255,6.51146,2.73,low
viirs_noaa20_2026-07-27_1253_37.23734_14.57515,viirs_noaa20,N20,2026-07-27 12:53:00,37.23734,14.57515,2.62,nominal
viirs_noaa20_2026-07-27_1253_36.86810_6.98374,viirs_noaa20,N20,2026-07-27 12:53:00,36.8681,6.98374,5.47,nominal
viirs_noaa20_2026-07-27_1253_37.02996_6.42559,viirs_noaa20,N20,2026-07-27 12:53:00,37.02996,6.42559,3.07,nominal
viirs_noaa20_2026-07-27_1253_37.78120_13.54929,viirs_noaa20,N20,2026-07-27 12:53:00,37.7812,13.54929,4.06,nominal
viirs_noaa20_2026-07-27_1253_37.78096_13.54485,viirs_noaa20,N20,2026-07-27 12:53:00,37.78096,13.54485,4.06,nominal
viirs_noaa20_2026-07-27_1253_37.83628_13.96159,viirs_noaa20,N20,2026-07-27 12:53:00,37.83628,13.96159,2.8,nominal
viirs_noaa20_2026-07-27_1253_38.16420_15.66786,viirs_noaa20,N20,2026-07-27 12:53:00,38.1642,15.66786,4.07,nominal
viirs_noaa20_2026-07-27_1255_38.66561_15.96566,viirs_noaa20,N20,2026-07-27 12:55:00,38.66561,15.96566,8.54,nominal
viirs_noaa20_2026-07-27_1255_38.66540_15.95922,viirs_noaa20,N20,2026-07-27 12:55:00,38.6654,15.95922,8.54,nominal
viirs_noaa20_2026-07-27_1255_38.66520_15.95302,viirs_noaa20,N20,2026-07-27 12:55:00,38.6652,15.95302,6.1,low
viirs_noaa20_2026-07-27_1255_39.01651_16.17562,viirs_noaa20,N20,2026-07-27 12:55:00,39.01651,16.17562,19.37,high
viirs_noaa20_2026-07-27_1255_39.01636_16.17079,viirs_noaa20,N20,2026-07-27 12:55:00,39.01636,16.17079,19.37,nominal
viirs_noaa20_2026-07-27_1255_39.01279_16.17418,viirs_noaa20,N20,2026-07-27 12:55:00,39.01279,16.17418,30.59,high
viirs_noaa20_2026-07-27_1255_39.01266_16.16931,viirs_noaa20,N20,2026-07-27 12:55:00,39.01266,16.16931,19.5,nominal
viirs_noaa20_2026-07-27_1255_40.57437_9.01702,viirs_noaa20,N20,2026-07-27 12:55:00,40.57437,9.01702,14.39,nominal
viirs_noaa20_2026-07-27_1255_40.57878_9.01672,viirs_noaa20,N20,2026-07-27 12:55:00,40.57878,9.01672,14.39,nominal
viirs_noaa20_2026-07-27_1255_41.58759_12.57149,viirs_noaa20,N20,2026-07-27 12:55:00,41.58759,12.57149,4.19,nominal
viirs_noaa20_2026-07-27_1255_41.58498_12.57237,viirs_noaa20,N20,2026-07-27 12:55:00,41.58498,12.57237,2.86,nominal
viirs_noaa20_2026-07-27_1255_41.66930_13.49356,viirs_noaa20,N20,2026-07-27 12:55:00,41.6693,13.49356,10.93,high
viirs_noaa20_2026-07-27_1255_41.67492_13.49287,viirs_noaa20,N20,2026-07-27 12:55:00,41.67492,13.49287,10.93,nominal
viirs_noaa20_2026-07-27_1255_41.74512_15.46290,viirs_noaa20,N20,2026-07-27 12:55:00,41.74512,15.4629,1.55,nominal
viirs_noaa20_2026-07-27_1255_45.14999_7.04526,viirs_noaa20,N20,2026-07-27 12:55:00,45.14999,7.04526,3.27,nominal
viirs_noaa20_2026-07-27_1255_45.71586_11.39570,viirs_noaa20,N20,2026-07-27 12:55:00,45.71586,11.3957,5.07,nominal
viirs_noaa20_2026-07-27_1255_45.71564_11.39115,viirs_noaa20,N20,2026-07-27 12:55:00,45.71564,11.39115,6.47,nominal
viirs_noaa20_2026-07-28_0111_46.87265_17.34704,viirs_noaa20,N20,2026-07-28 01:11:00,46.87265,17.34704,1.13,nominal
viirs_noaa20_2026-07-28_0111_47.46682_12.63281,viirs_noaa20,N20,2026-07-28 01:11:00,47.46682,12.63281,0.32,nominal
viirs_noaa20_2026-07-28_0111_46.06900_13.62694,viirs_noaa20,N20,2026-07-28 01:11:00,46.069,13.62694,1.11,nominal
viirs_noaa20_2026-07-28_0111_46.17623_12.74027,viirs_noaa20,N20,2026-07-28 01:11:00,46.17623,12.74027,0.55,nominal
viirs_noaa20_2026-07-28_0111_45.85991_8.10130,viirs_noaa20,N20,2026-07-28 01:11:00,45.85991,8.1013,0.63,nominal
viirs_noaa20_2026-07-28_0111_45.78200_8.68653,viirs_noaa20,N20,2026-07-28 01:11:00,45.782,8.68653,1.03,nominal
viirs_noaa20_2026-07-28_0111_45.51665_10.34591,viirs_noaa20,N20,2026-07-28 01:11:00,45.51665,10.34591,1.14,nominal
viirs_noaa20_2026-07-28_0111_45.50892_10.24469,viirs_noaa20,N20,2026-07-28 01:11:00,45.50892,10.24469,1.09,nominal
viirs_noaa20_2026-07-28_0111_45.45974_10.45569,viirs_noaa20,N20,2026-07-28 01:11:00,45.45974,10.45569,1.49,nominal
viirs_noaa20_2026-07-28_0111_45.47757_10.21426,viirs_noaa20,N20,2026-07-28 01:11:00,45.47757,10.21426,2.82,nominal
viirs_noaa20_2026-07-28_0111_45.47826_10.20894,viirs_noaa20,N20,2026-07-28 01:11:00,45.47826,10.20894,2.82,nominal
viirs_noaa20_2026-07-28_0111_45.14521_9.94105,viirs_noaa20,N20,2026-07-28 01:11:00,45.14521,9.94105,10.94,nominal
viirs_noaa20_2026-07-28_0113_43.36395_12.54817,viirs_noaa20,N20,2026-07-28 01:13:00,43.36395,12.54817,1.27,nominal
viirs_noaa20_2026-07-28_0113_43.48551_6.05537,viirs_noaa20,N20,2026-07-28 01:13:00,43.48551,6.05537,2.6,nominal
viirs_noaa20_2026-07-28_0113_43.48226_6.04780,viirs_noaa20,N20,2026-07-28 01:13:00,43.48226,6.0478,1.37,nominal
viirs_noaa20_2026-07-28_0113_43.48156_6.05485,viirs_noaa20,N20,2026-07-28 01:13:00,43.48156,6.05485,1.61,nominal
viirs_noaa20_2026-07-28_0113_43.48087_6.06160,viirs_noaa20,N20,2026-07-28 01:13:00,43.48087,6.0616,1.61,nominal
viirs_noaa20_2026-07-28_0113_41.73664_13.00517,viirs_noaa20,N20,2026-07-28 01:13:00,41.73664,13.00517,0.8,nominal
viirs_noaa20_2026-07-28_0113_40.55818_9.67204,viirs_noaa20,N20,2026-07-28 01:13:00,40.55818,9.67204,1.24,nominal
viirs_noaa20_2026-07-28_0113_38.79451_15.21237,viirs_noaa20,N20,2026-07-28 01:13:00,38.79451,15.21237,3.98,nominal
viirs_noaa20_2026-07-28_0113_38.79424_15.21051,viirs_noaa20,N20,2026-07-28 01:13:00,38.79424,15.21051,3.09,nominal
viirs_noaa20_2026-07-28_0113_39.21349_8.40669,viirs_noaa20,N20,2026-07-28 01:13:00,39.21349,8.40669,1.05,nominal
viirs_noaa20_2026-07-28_0113_39.08041_9.01953,viirs_noaa20,N20,2026-07-28 01:13:00,39.08041,9.01953,2.16,nominal
viirs_noaa20_2026-07-28_0113_38.05188_14.86038,viirs_noaa20,N20,2026-07-28 01:13:00,38.05188,14.86038,0.56,nominal
viirs_noaa20_2026-07-28_0113_38.04837_14.85898,viirs_noaa20,N20,2026-07-28 01:13:00,38.04837,14.85898,0.56,nominal
viirs_noaa20_2026-07-28_0115_36.77726_10.20244,viirs_noaa20,N20,2026-07-28 01:15:00,36.77726,10.20244,0.89,nominal
viirs_noaa20_2026-07-28_0115_36.67844_9.92076,viirs_noaa20,N20,2026-07-28 01:15:00,36.67844,9.92076,1.02,nominal
viirs_noaa20_2026-07-28_0115_36.86405_6.95665,viirs_noaa20,N20,2026-07-28 01:15:00,36.86405,6.95665,2.16,nominal
viirs_noaa20_2026-07-28_0115_36.86399_6.95429,viirs_noaa20,N20,2026-07-28 01:15:00,36.86399,6.95429,1.94,nominal
viirs_noaa20_2026-07-28_0115_36.76324_7.31018,viirs_noaa20,N20,2026-07-28 01:15:00,36.76324,7.31018,1.17,nominal
viirs_noaa20_2026-07-28_0115_36.74670_6.25386,viirs_noaa20,N20,2026-07-28 01:15:00,36.7467,6.25386,1.57,nominal
viirs_noaa20_2026-07-28_0115_36.43141_6.62034,viirs_noaa20,N20,2026-07-28 01:15:00,36.43141,6.62034,0.81,nominal
viirs_noaa20_2026-07-28_0115_36.43076_6.62538,viirs_noaa20,N20,2026-07-28 01:15:00,36.43076,6.62538,0.85,nominal
viirs_noaa20_2026-07-28_0115_35.77599_9.89009,viirs_noaa20,N20,2026-07-28 01:15:00,35.77599,9.89009,1.25,nominal
viirs_noaa20_2026-07-28_0115_35.55177_10.64598,viirs_noaa20,N20,2026-07-28 01:15:00,35.55177,10.64598,3.02,nominal
viirs_noaa20_2026-07-28_0115_35.54848_10.64517,viirs_noaa20,N20,2026-07-28 01:15:00,35.54848,10.64517,0.48,nominal
viirs_noaa20_2026-07-28_0115_36.08674_6.80379,viirs_noaa20,N20,2026-07-28 01:15:00,36.08674,6.80379,0.98,nominal
viirs_noaa20_2026-07-28_0115_35.76715_7.36213,viirs_noaa20,N20,2026-07-28 01:15:00,35.76715,7.36213,0.51,nominal
viirs_noaa20_2026-07-28_0115_35.86992_6.02308,viirs_noaa20,N20,2026-07-28 01:15:00,35.86992,6.02308,1.19,nominal
viirs_noaa20_2026-07-28_0115_35.86928_6.02815,viirs_noaa20,N20,2026-07-28 01:15:00,35.86928,6.02815,1.19,nominal
viirs_noaa20_2026-07-28_0115_35.23305_8.17296,viirs_noaa20,N20,2026-07-28 01:15:00,35.23305,8.17296,1.55,nominal
viirs_noaa20_2026-07-28_1056_38.68349_16.17590,viirs_noaa20,N20,2026-07-28 10:56:00,38.68349,16.1759,5.88,nominal
viirs_noaa20_2026-07-28_1056_39.88208_18.26263,viirs_noaa20,N20,2026-07-28 10:56:00,39.88208,18.26263,2.75,nominal
viirs_noaa20_2026-07-28_1056_40.13646_18.40609,viirs_noaa20,N20,2026-07-28 10:56:00,40.13646,18.40609,5.41,nominal
viirs_noaa20_2026-07-28_1056_40.53706_17.96265,viirs_noaa20,N20,2026-07-28 10:56:00,40.53706,17.96265,5.55,nominal
viirs_noaa20_2026-07-28_1056_40.53582_17.95816,viirs_noaa20,N20,2026-07-28 10:56:00,40.53582,17.95816,5.3,nominal
viirs_noaa20_2026-07-28_1056_40.51477_17.62799,viirs_noaa20,N20,2026-07-28 10:56:00,40.51477,17.62799,8.57,nominal
viirs_noaa20_2026-07-28_1056_41.44015_15.91304,viirs_noaa20,N20,2026-07-28 10:56:00,41.44015,15.91304,10.31,high
viirs_noaa20_2026-07-28_1056_41.44571_15.91014,viirs_noaa20,N20,2026-07-28 10:56:00,41.44571,15.91014,16.8,high
viirs_noaa20_2026-07-28_1056_41.43961_15.91565,viirs_noaa20,N20,2026-07-28 10:56:00,41.43961,15.91565,5.76,nominal
viirs_noaa20_2026-07-28_1056_41.43800_15.91028,viirs_noaa20,N20,2026-07-28 10:56:00,41.438,15.91028,5.76,nominal
viirs_noaa20_2026-07-28_1056_41.44518_15.91275,viirs_noaa20,N20,2026-07-28 10:56:00,41.44518,15.91275,10.11,high
viirs_noaa20_2026-07-28_1056_41.44357_15.90740,viirs_noaa20,N20,2026-07-28 10:56:00,41.44357,15.9074,10.11,nominal
viirs_noaa20_2026-07-28_1056_41.44521_15.61068,viirs_noaa20,N20,2026-07-28 10:56:00,41.44521,15.61068,2.31,nominal
viirs_noaa20_2026-07-28_1056_41.59573_15.62430,viirs_noaa20,N20,2026-07-28 10:56:00,41.59573,15.6243,12.65,high
viirs_noaa20_2026-07-28_1056_41.59408_15.61875,viirs_noaa20,N20,2026-07-28 10:56:00,41.59408,15.61875,12.65,nominal
viirs_noaa20_2026-07-28_1056_41.59966_15.61568,viirs_noaa20,N20,2026-07-28 10:56:00,41.59966,15.61568,38.32,nominal
viirs_noaa20_2026-07-28_1056_41.59354_15.62493,viirs_noaa20,N20,2026-07-28 10:56:00,41.59354,15.62493,13.42,high
viirs_noaa20_2026-07-28_1056_41.59187_15.61943,viirs_noaa20,N20,2026-07-28 10:56:00,41.59187,15.61943,12.02,nominal
viirs_noaa20_2026-07-28_1056_41.59911_15.62188,viirs_noaa20,N20,2026-07-28 10:56:00,41.59911,15.62188,22.35,nominal
viirs_noaa20_2026-07-28_1056_41.59744_15.61636,viirs_noaa20,N20,2026-07-28 10:56:00,41.59744,15.61636,49.53,nominal
viirs_noaa20_2026-07-28_1056_43.04484_17.71909,viirs_noaa20,N20,2026-07-28 10:56:00,43.04484,17.71909,2.87,nominal
viirs_noaa20_2026-07-28_1056_42.03374_12.24694,viirs_noaa20,N20,2026-07-28 10:56:00,42.03374,12.24694,8.21,nominal
viirs_noaa20_2026-07-28_1056_42.03115_12.23913,viirs_noaa20,N20,2026-07-28 10:56:00,42.03115,12.23913,8.21,nominal
viirs_noaa20_2026-07-28_1058_45.40685_17.68542,viirs_noaa20,N20,2026-07-28 10:58:00,45.40685,17.68542,5.8,nominal
viirs_noaa20_2026-07-28_1058_45.41148_17.68301,viirs_noaa20,N20,2026-07-28 10:58:00,45.41148,17.68301,29.66,nominal
viirs_noaa20_2026-07-28_1058_47.38099_15.07221,viirs_noaa20,N20,2026-07-28 10:58:00,47.38099,15.07221,3.17,low
viirs_noaa20_2026-07-28_1236_38.60813_15.96327,viirs_noaa20,N20,2026-07-28 12:36:00,38.60813,15.96327,7.47,low
viirs_noaa20_2026-07-28_1236_38.89288_16.26435,viirs_noaa20,N20,2026-07-28 12:36:00,38.89288,16.26435,26.96,high
viirs_noaa20_2026-07-28_1236_38.89241_16.25730,viirs_noaa20,N20,2026-07-28 12:36:00,38.89241,16.2573,39.03,nominal
viirs_noaa20_2026-07-28_1236_39.40699_8.87231,viirs_noaa20,N20,2026-07-28 12:36:00,39.40699,8.87231,1.48,low
viirs_noaa20_2026-07-28_1236_40.35651_17.79346,viirs_noaa20,N20,2026-07-28 12:36:00,40.35651,17.79346,4.83,nominal
viirs_noaa20_2026-07-28_1236_40.30274_16.68935,viirs_noaa20,N20,2026-07-28 12:36:00,40.30274,16.68935,2.62,nominal
viirs_noaa20_2026-07-28_1236_41.02833_13.99722,viirs_noaa20,N20,2026-07-28 12:36:00,41.02833,13.99722,24,nominal
viirs_noaa20_2026-07-28_1236_41.03089_13.99557,viirs_noaa20,N20,2026-07-28 12:36:00,41.03089,13.99557,4.84,nominal
viirs_noaa20_2026-07-28_1236_41.34088_16.22184,viirs_noaa20,N20,2026-07-28 12:36:00,41.34088,16.22184,2.36,nominal
viirs_noaa20_2026-07-28_1236_41.43806_15.91581,viirs_noaa20,N20,2026-07-28 12:36:00,41.43806,15.91581,7.56,low
viirs_noaa20_2026-07-28_1236_41.43759_15.90833,viirs_noaa20,N20,2026-07-28 12:36:00,41.43759,15.90833,7.56,nominal
viirs_noaa20_2026-07-28_1236_41.44256_15.90781,viirs_noaa20,N20,2026-07-28 12:36:00,41.44256,15.90781,7.86,nominal
viirs_noaa20_2026-07-28_1236_41.43370_15.39591,viirs_noaa20,N20,2026-07-28 12:36:00,41.4337,15.39591,6.36,nominal
viirs_noaa20_2026-07-28_1236_41.59328_15.60917,viirs_noaa20,N20,2026-07-28 12:36:00,41.59328,15.60917,6.77,nominal
viirs_noaa20_2026-07-28_1236_41.59556_15.60914,viirs_noaa20,N20,2026-07-28 12:36:00,41.59556,15.60914,11.33,nominal
viirs_noaa20_2026-07-28_1236_35.39362_10.98960,viirs_noaa20,N20,2026-07-28 12:36:00,35.39362,10.9896,1.48,low
viirs_noaa20_2026-07-28_1236_36.22762_7.66682,viirs_noaa20,N20,2026-07-28 12:36:00,36.22762,7.66682,19.62,nominal
viirs_noaa20_2026-07-28_1236_37.39506_14.19913,viirs_noaa20,N20,2026-07-28 12:36:00,37.39506,14.19913,4.02,nominal
viirs_noaa20_2026-07-28_1236_36.74390_6.25725,viirs_noaa20,N20,2026-07-28 12:36:00,36.7439,6.25725,4.59,low
viirs_noaa20_2026-07-28_1238_43.04467_17.71661,viirs_noaa20,N20,2026-07-28 12:38:00,43.04467,17.71661,2.43,nominal
viirs_noaa20_2026-07-28_1236_36.74718_6.25644,viirs_noaa20,N20,2026-07-28 12:36:00,36.74718,6.25644,23.91,low
viirs_noaa20_2026-07-28_1236_37.72514_12.92287,viirs_noaa20,N20,2026-07-28 12:36:00,37.72514,12.92287,2.51,low
viirs_noaa20_2026-07-28_1238_42.92403_11.46515,viirs_noaa20,N20,2026-07-28 12:38:00,42.92403,11.46515,5.37,nominal
viirs_noaa20_2026-07-28_1238_43.48272_6.06043,viirs_noaa20,N20,2026-07-28 12:38:00,43.48272,6.06043,9.59,nominal
viirs_noaa20_2026-07-28_1238_45.40868_17.68172,viirs_noaa20,N20,2026-07-28 12:38:00,45.40868,17.68172,8.97,nominal
viirs_noaa20_2026-07-28_1238_45.14289_9.94250,viirs_noaa20,N20,2026-07-28 12:38:00,45.14289,9.9425,8.1,nominal
viirs_noaa20_2026-07-28_1238_45.02443_7.59356,viirs_noaa20,N20,2026-07-28 12:38:00,45.02443,7.59356,3.87,low
viirs_noaa20_2026-07-28_1238_45.12088_7.73557,viirs_noaa20,N20,2026-07-28 12:38:00,45.12088,7.73557,3.8,low
viirs_noaa20_2026-07-28_1238_45.50759_10.24555,viirs_noaa20,N20,2026-07-28 12:38:00,45.50759,10.24555,4.46,low
viirs_noaa20_2026-07-28_1238_45.56421_10.77160,viirs_noaa20,N20,2026-07-28 12:38:00,45.56421,10.7716,1.77,nominal
viirs_noaa20_2026-07-28_1238_45.71469_11.38983,viirs_noaa20,N20,2026-07-28 12:38:00,45.71469,11.38983,4.11,nominal
viirs_noaa20_2026-07-28_1238_45.49508_8.94552,viirs_noaa20,N20,2026-07-28 12:38:00,45.49508,8.94552,2.48,nominal
viirs_noaa20_2026-07-28_1238_46.37762_6.23366,viirs_noaa20,N20,2026-07-28 12:38:00,46.37762,6.23366,2.29,low
viirs_noaa20_2026-07-28_1238_46.62222_7.03564,viirs_noaa20,N20,2026-07-28 12:38:00,46.62222,7.03564,2.04,low
viirs_noaa20_2026-07-29_0052_47.34376_18.91031,viirs_noaa20,N20,2026-07-29 00:52:00,47.34376,18.91031,1.72,nominal
viirs_noaa20_2026-07-29_0054_47.46828_12.63288,viirs_noaa20,N20,2026-07-29 00:54:00,47.46828,12.63288,0.41,nominal
viirs_noaa20_2026-07-29_0054_46.73650_15.57046,viirs_noaa20,N20,2026-07-29 00:54:00,46.7365,15.57046,0.86,nominal
viirs_noaa20_2026-07-29_0054_47.38579_9.09317,viirs_noaa20,N20,2026-07-29 00:54:00,47.38579,9.09317,0.56,nominal
viirs_noaa20_2026-07-29_0054_46.06843_13.62449,viirs_noaa20,N20,2026-07-29 00:54:00,46.06843,13.62449,1.11,nominal
viirs_noaa20_2026-07-29_0054_45.45345_18.03447,viirs_noaa20,N20,2026-07-29 00:54:00,45.45345,18.03447,0.52,nominal
viirs_noaa20_2026-07-29_0054_46.00668_13.25364,viirs_noaa20,N20,2026-07-29 00:54:00,46.00668,13.25364,1.43,nominal
viirs_noaa20_2026-07-29_0054_45.80520_10.06904,viirs_noaa20,N20,2026-07-29 00:54:00,45.8052,10.06904,0.68,nominal
viirs_noaa20_2026-07-29_0054_44.52581_18.52802,viirs_noaa20,N20,2026-07-29 00:54:00,44.52581,18.52802,0.83,nominal
viirs_noaa20_2026-07-29_0054_45.51188_10.24467,viirs_noaa20,N20,2026-07-29 00:54:00,45.51188,10.24467,1.78,nominal
viirs_noaa20_2026-07-29_0054_45.46339_10.45634,viirs_noaa20,N20,2026-07-29 00:54:00,45.46339,10.45634,1.94,nominal
viirs_noaa20_2026-07-29_0054_45.48109_10.21162,viirs_noaa20,N20,2026-07-29 00:54:00,45.48109,10.21162,4.31,nominal
viirs_noaa20_2026-07-29_0054_45.15428_9.94429,viirs_noaa20,N20,2026-07-29 00:54:00,45.15428,9.94429,1.57,nominal
viirs_noaa20_2026-07-29_0054_45.14590_9.94276,viirs_noaa20,N20,2026-07-29 00:54:00,45.1459,9.94276,4.91,nominal
viirs_noaa20_2026-07-29_0054_43.54276_16.44110,viirs_noaa20,N20,2026-07-29 00:54:00,43.54276,16.4411,1.23,nominal
viirs_noaa20_2026-07-29_0054_43.65913_11.83842,viirs_noaa20,N20,2026-07-29 00:54:00,43.65913,11.83842,0.81,nominal
viirs_noaa20_2026-07-29_0054_42.28457_13.36459,viirs_noaa20,N20,2026-07-29 00:54:00,42.28457,13.36459,1.62,nominal
viirs_noaa20_2026-07-29_0054_40.99206_17.11397,viirs_noaa20,N20,2026-07-29 00:54:00,40.99206,17.11397,0.85,nominal
viirs_noaa20_2026-07-29_0054_40.62865_17.99966,viirs_noaa20,N20,2026-07-29 00:54:00,40.62865,17.99966,1.5,nominal
viirs_noaa20_2026-07-29_0054_40.95139_15.66924,viirs_noaa20,N20,2026-07-29 00:54:00,40.95139,15.66924,0.78,nominal
viirs_noaa20_2026-07-29_0056_41.03043_13.98298,viirs_noaa20,N20,2026-07-29 00:56:00,41.03043,13.98298,0.9,nominal
viirs_noaa20_2026-07-29_0056_41.02639_13.98700,viirs_noaa20,N20,2026-07-29 00:56:00,41.02639,13.987,1.66,nominal
viirs_noaa20_2026-07-29_0056_41.02705_13.98217,viirs_noaa20,N20,2026-07-29 00:56:00,41.02705,13.98217,1.66,nominal
viirs_noaa20_2026-07-29_0056_41.02367_13.98136,viirs_noaa20,N20,2026-07-29 00:56:00,41.02367,13.98136,1.66,nominal
viirs_noaa20_2026-07-29_0056_41.02296_13.98511,viirs_noaa20,N20,2026-07-29 00:56:00,41.02296,13.98511,0.78,nominal
viirs_noaa20_2026-07-29_0056_40.50378_17.20851,viirs_noaa20,N20,2026-07-29 00:56:00,40.50378,17.20851,1.53,nominal
viirs_noaa20_2026-07-29_0056_40.50227_17.21755,viirs_noaa20,N20,2026-07-29 00:56:00,40.50227,17.21755,2.86,nominal
viirs_noaa20_2026-07-29_0056_40.42110_17.47432,viirs_noaa20,N20,2026-07-29 00:56:00,40.4211,17.47432,0.66,nominal
viirs_noaa20_2026-07-29_0056_40.31614_15.89513,viirs_noaa20,N20,2026-07-29 00:56:00,40.31614,15.89513,0.7,nominal
viirs_noaa20_2026-07-29_0056_40.31544_15.89959,viirs_noaa20,N20,2026-07-29 00:56:00,40.31544,15.89959,0.7,nominal
viirs_noaa20_2026-07-29_0056_40.17109_15.39710,viirs_noaa20,N20,2026-07-29 00:56:00,40.17109,15.3971,1.78,nominal
viirs_noaa20_2026-07-29_0056_40.17041_15.40155,viirs_noaa20,N20,2026-07-29 00:56:00,40.17041,15.40155,1.78,nominal
viirs_noaa20_2026-07-29_0056_40.55676_9.67263,viirs_noaa20,N20,2026-07-29 00:56:00,40.55676,9.67263,1.37,nominal
viirs_noaa20_2026-07-29_0056_39.54785_15.96064,viirs_noaa20,N20,2026-07-29 00:56:00,39.54785,15.96064,1.64,nominal
viirs_noaa20_2026-07-29_0056_39.54529_15.95537,viirs_noaa20,N20,2026-07-29 00:56:00,39.54529,15.95537,4.23,nominal
viirs_noaa20_2026-07-29_0056_39.54458_15.95978,viirs_noaa20,N20,2026-07-29 00:56:00,39.54458,15.95978,4.23,nominal
viirs_noaa20_2026-07-29_0056_39.54202_15.95450,viirs_noaa20,N20,2026-07-29 00:56:00,39.54202,15.9545,4.23,nominal
viirs_noaa20_2026-07-29_0056_39.48132_15.99068,viirs_noaa20,N20,2026-07-29 00:56:00,39.48132,15.99068,4.79,nominal
viirs_noaa20_2026-07-29_0056_39.45377_15.99257,viirs_noaa20,N20,2026-07-29 00:56:00,39.45377,15.99257,5,nominal
viirs_noaa20_2026-07-29_0056_39.45447_15.98818,viirs_noaa20,N20,2026-07-29 00:56:00,39.45447,15.98818,5,nominal
viirs_noaa20_2026-07-29_0056_39.45050_15.99172,viirs_noaa20,N20,2026-07-29 00:56:00,39.4505,15.99172,3.89,nominal
viirs_noaa20_2026-07-29_0056_39.40627_16.03253,viirs_noaa20,N20,2026-07-29 00:56:00,39.40627,16.03253,1.9,nominal
viirs_noaa20_2026-07-29_0056_38.99699_17.12285,viirs_noaa20,N20,2026-07-29 00:56:00,38.99699,17.12285,0.84,nominal
viirs_noaa20_2026-07-29_0056_38.98434_16.23300,viirs_noaa20,N20,2026-07-29 00:56:00,38.98434,16.233,0.69,nominal
viirs_noaa20_2026-07-29_0056_38.98363_16.23735,viirs_noaa20,N20,2026-07-29 00:56:00,38.98363,16.23735,1.26,nominal
viirs_noaa20_2026-07-29_0056_38.98106_16.23218,viirs_noaa20,N20,2026-07-29 00:56:00,38.98106,16.23218,6.57,nominal
viirs_noaa20_2026-07-29_0056_38.79511_15.21091,viirs_noaa20,N20,2026-07-29 00:56:00,38.79511,15.21091,2.25,nominal
viirs_noaa20_2026-07-29_0056_39.21355_8.40728,viirs_noaa20,N20,2026-07-29 00:56:00,39.21355,8.40728,1.17,nominal
viirs_noaa20_2026-07-29_0056_39.08161_9.01866,viirs_noaa20,N20,2026-07-29 00:56:00,39.08161,9.01866,2.57,nominal
viirs_noaa20_2026-07-29_0056_37.75471_14.99428,viirs_noaa20,N20,2026-07-29 00:56:00,37.75471,14.99428,0.41,nominal
viirs_noaa20_2026-07-29_0056_37.75404_14.99856,viirs_noaa20,N20,2026-07-29 00:56:00,37.75404,14.99856,0.41,nominal
viirs_noaa20_2026-07-29_0056_37.43823_15.03206,viirs_noaa20,N20,2026-07-29 00:56:00,37.43823,15.03206,5.69,nominal
viirs_noaa20_2026-07-29_0056_37.21165_15.17054,viirs_noaa20,N20,2026-07-29 00:56:00,37.21165,15.17054,2.69,nominal
viirs_noaa20_2026-07-29_0056_36.82771_14.50815,viirs_noaa20,N20,2026-07-29 00:56:00,36.82771,14.50815,5.82,nominal
viirs_noaa20_2026-07-29_0056_36.67966_9.92165,viirs_noaa20,N20,2026-07-29 00:56:00,36.67966,9.92165,0.94,nominal
viirs_noaa20_2026-07-29_0056_36.87687_6.94336,viirs_noaa20,N20,2026-07-29 00:56:00,36.87687,6.94336,1.82,nominal
viirs_noaa20_2026-07-29_0056_36.86908_6.98149,viirs_noaa20,N20,2026-07-29 00:56:00,36.86908,6.98149,3.04,nominal
viirs_noaa20_2026-07-29_0056_36.87073_6.98079,viirs_noaa20,N20,2026-07-29 00:56:00,36.87073,6.98079,2.69,nominal
viirs_noaa20_2026-07-29_0056_36.76484_7.30660,viirs_noaa20,N20,2026-07-29 00:56:00,36.76484,7.3066,0.64,nominal
viirs_noaa20_2026-07-29_0056_36.74487_6.25655,viirs_noaa20,N20,2026-07-29 00:56:00,36.74487,6.25655,5.71,nominal
viirs_noaa20_2026-07-29_0056_36.43127_6.62340,viirs_noaa20,N20,2026-07-29 00:56:00,36.43127,6.6234,1.79,nominal
viirs_noaa20_2026-07-29_0056_36.12297_8.97032,viirs_noaa20,N20,2026-07-29 00:56:00,36.12297,8.97032,1.48,nominal
viirs_noaa20_2026-07-29_0056_36.12403_8.96957,viirs_noaa20,N20,2026-07-29 00:56:00,36.12403,8.96957,2.52,nominal
viirs_noaa20_2026-07-29_0056_35.77605_9.88878,viirs_noaa20,N20,2026-07-29 00:56:00,35.77605,9.88878,1.08,nominal
viirs_noaa20_2026-07-29_0056_36.08613_6.80328,viirs_noaa20,N20,2026-07-29 00:56:00,36.08613,6.80328,1.2,nominal
viirs_noaa20_2026-07-29_0056_35.66844_10.59241,viirs_noaa20,N20,2026-07-29 00:56:00,35.66844,10.59241,1.32,nominal
viirs_noaa20_2026-07-29_0056_35.76804_7.36260,viirs_noaa20,N20,2026-07-29 00:56:00,35.76804,7.3626,0.98,nominal
viirs_noaa20_2026-07-29_0056_35.87083_6.02627,viirs_noaa20,N20,2026-07-29 00:56:00,35.87083,6.02627,1.71,nominal
viirs_noaa20_2026-07-29_0056_35.76592_7.36074,viirs_noaa20,N20,2026-07-29 00:56:00,35.76592,7.36074,0.87,nominal
viirs_noaa20_2026-07-29_0056_35.86792_6.02545,viirs_noaa20,N20,2026-07-29 00:56:00,35.86792,6.02545,2.78,nominal
viirs_noaa20_2026-07-29_0056_35.23264_8.17183,viirs_noaa20,N20,2026-07-29 00:56:00,35.23264,8.17183,2.17,nominal
viirs_noaa20_2026-07-29_0236_36.87030_6.98110,viirs_noaa20,N20,2026-07-29 02:36:00,36.8703,6.9811,3.16,nominal
viirs_noaa20_2026-07-29_0236_36.86803_6.98814,viirs_noaa20,N20,2026-07-29 02:36:00,36.86803,6.98814,2.01,nominal
viirs_noaa20_2026-07-29_0236_36.74744_6.25101,viirs_noaa20,N20,2026-07-29 02:36:00,36.74744,6.25101,2.95,nominal
viirs_noaa20_2026-07-29_0236_36.43312_6.62159,viirs_noaa20,N20,2026-07-29 02:36:00,36.43312,6.62159,1.5,nominal
viirs_noaa20_2026-07-29_0236_35.86770_6.02555,viirs_noaa20,N20,2026-07-29 02:36:00,35.8677,6.02555,1.49,nominal
viirs_noaa20_2026-07-29_0236_35.86624_6.02573,viirs_noaa20,N20,2026-07-29 02:36:00,35.86624,6.02573,1.39,nominal
viirs_noaa20_2026-07-29_0234_47.46684_12.62678,viirs_noaa20,N20,2026-07-29 02:34:00,47.46684,12.62678,0.5,nominal
viirs_noaa20_2026-07-29_0234_47.46642_12.62589,viirs_noaa20,N20,2026-07-29 02:34:00,47.46642,12.62589,0.52,nominal
viirs_noaa20_2026-07-29_0234_45.46401_10.45672,viirs_noaa20,N20,2026-07-29 02:34:00,45.46401,10.45672,2.32,nominal
viirs_noaa20_2026-07-29_0234_45.51360_10.24478,viirs_noaa20,N20,2026-07-29 02:34:00,45.5136,10.24478,2.58,nominal
viirs_noaa20_2026-07-29_0234_45.52458_8.95221,viirs_noaa20,N20,2026-07-29 02:34:00,45.52458,8.95221,2.52,nominal
viirs_noaa20_2026-07-29_0234_45.51905_8.94871,viirs_noaa20,N20,2026-07-29 02:34:00,45.51905,8.94871,6.07,nominal
viirs_noaa20_2026-07-29_0234_45.52204_8.95018,viirs_noaa20,N20,2026-07-29 02:34:00,45.52204,8.95018,8.66,nominal
viirs_noaa20_2026-07-29_0234_45.14687_9.93893,viirs_noaa20,N20,2026-07-29 02:34:00,45.14687,9.93893,4.48,nominal
viirs_noaa20_2026-07-29_0234_45.14469_9.94549,viirs_noaa20,N20,2026-07-29 02:34:00,45.14469,9.94549,4.48,nominal
viirs_noaa20_2026-07-29_1038_40.91313_16.94272,viirs_noaa20,N20,2026-07-29 10:38:00,40.91313,16.94272,5.1,nominal
viirs_noaa20_2026-07-29_1038_40.91052_16.93782,viirs_noaa20,N20,2026-07-29 10:38:00,40.91052,16.93782,6.67,nominal
viirs_noaa20_2026-07-29_1041_47.15617_18.14487,viirs_noaa20,N20,2026-07-29 10:41:00,47.15617,18.14487,4.54,high
viirs_noaa20_2026-07-29_1217_41.01882_13.98662,viirs_noaa20,N20,2026-07-29 12:17:00,41.01882,13.98662,6.99,nominal
viirs_noaa20_2026-07-29_1217_41.45687_15.90954,viirs_noaa20,N20,2026-07-29 12:17:00,41.45687,15.90954,17.18,nominal
viirs_noaa20_2026-07-29_1217_41.45621_15.90308,viirs_noaa20,N20,2026-07-29 12:17:00,41.45621,15.90308,26.66,low
viirs_noaa20_2026-07-29_1217_41.45554_15.89662,viirs_noaa20,N20,2026-07-29 12:17:00,41.45554,15.89662,26.66,nominal
viirs_noaa20_2026-07-29_1217_41.46075_15.90885,viirs_noaa20,N20,2026-07-29 12:17:00,41.46075,15.90885,4.05,nominal
viirs_noaa20_2026-07-29_1217_41.46008_15.90238,viirs_noaa20,N20,2026-07-29 12:17:00,41.46008,15.90238,9.52,nominal
viirs_noaa20_2026-07-29_1217_41.23532_13.81147,viirs_noaa20,N20,2026-07-29 12:17:00,41.23532,13.81147,11.82,nominal
viirs_noaa20_2026-07-29_1217_41.28991_13.67047,viirs_noaa20,N20,2026-07-29 12:17:00,41.28991,13.67047,5.26,nominal
viirs_noaa20_2026-07-29_1217_41.54523_15.57950,viirs_noaa20,N20,2026-07-29 12:17:00,41.54523,15.5795,11.54,nominal
viirs_noaa20_2026-07-29_1217_41.54905_15.57881,viirs_noaa20,N20,2026-07-29 12:17:00,41.54905,15.57881,15.95,nominal
viirs_noaa20_2026-07-29_1217_41.49604_13.53028,viirs_noaa20,N20,2026-07-29 12:17:00,41.49604,13.53028,2.41,low
viirs_noaa20_2026-07-29_1217_41.47628_12.65823,viirs_noaa20,N20,2026-07-29 12:17:00,41.47628,12.65823,3.28,low
viirs_noaa20_2026-07-29_1217_41.63914_12.78102,viirs_noaa20,N20,2026-07-29 12:17:00,41.63914,12.78102,2.55,nominal
viirs_noaa20_2026-07-29_1217_41.80708_12.32922,viirs_noaa20,N20,2026-07-29 12:17:00,41.80708,12.32922,2.06,low
viirs_noaa20_2026-07-29_1217_42.29094_9.09946,viirs_noaa20,N20,2026-07-29 12:17:00,42.29094,9.09946,4.71,nominal
viirs_noaa20_2026-07-29_1217_43.91151_11.03206,viirs_noaa20,N20,2026-07-29 12:17:00,43.91151,11.03206,2.54,low
viirs_noaa20_2026-07-29_1217_44.82845_17.16026,viirs_noaa20,N20,2026-07-29 12:17:00,44.82845,17.16026,6.26,nominal
viirs_noaa20_2026-07-29_1217_44.83034_17.15757,viirs_noaa20,N20,2026-07-29 12:17:00,44.83034,17.15757,2.89,nominal
viirs_noaa20_2026-07-29_1217_44.38012_11.73330,viirs_noaa20,N20,2026-07-29 12:17:00,44.38012,11.7333,3.87,low
viirs_noaa20_2026-07-29_1219_44.52702_11.41236,viirs_noaa20,N20,2026-07-29 12:19:00,44.52702,11.41236,5.74,nominal
viirs_noaa20_2026-07-29_1219_45.19044_15.91824,viirs_noaa20,N20,2026-07-29 12:19:00,45.19044,15.91824,1.96,low
viirs_noaa20_2026-07-29_1219_44.70753_10.59717,viirs_noaa20,N20,2026-07-29 12:19:00,44.70753,10.59717,2.99,nominal
viirs_noaa20_2026-07-29_1219_44.71154_10.60122,viirs_noaa20,N20,2026-07-29 12:19:00,44.71154,10.60122,2.96,nominal
viirs_noaa20_2026-07-29_1219_44.78567_10.37813,viirs_noaa20,N20,2026-07-29 12:19:00,44.78567,10.37813,4.39,nominal
viirs_noaa20_2026-07-29_1219_44.93512_9.89786,viirs_noaa20,N20,2026-07-29 12:19:00,44.93512,9.89786,2.61,low
viirs_noaa20_2026-07-29_1219_44.95066_9.67734,viirs_noaa20,N20,2026-07-29 12:19:00,44.95066,9.67734,3.03,nominal
viirs_noaa20_2026-07-29_1219_45.14752_10.86200,viirs_noaa20,N20,2026-07-29 12:19:00,45.14752,10.862,3.6,nominal
viirs_noaa20_2026-07-29_1219_45.15087_10.86110,viirs_noaa20,N20,2026-07-29 12:19:00,45.15087,10.8611,2.12,nominal
viirs_noaa20_2026-07-29_1219_45.00703_9.78269,viirs_noaa20,N20,2026-07-29 12:19:00,45.00703,9.78269,3.68,low
viirs_noaa20_2026-07-29_1219_45.14599_9.94363,viirs_noaa20,N20,2026-07-29 12:19:00,45.14599,9.94363,8.88,nominal
viirs_noaa20_2026-07-29_1219_45.28698_10.88504,viirs_noaa20,N20,2026-07-29 12:19:00,45.28698,10.88504,2.57,nominal
viirs_noaa20_2026-07-29_1219_45.30830_10.83703,viirs_noaa20,N20,2026-07-29 12:19:00,45.3083,10.83703,1.94,low
viirs_noaa20_2026-07-29_1219_45.32902_10.57175,viirs_noaa20,N20,2026-07-29 12:19:00,45.32902,10.57175,1.62,low
viirs_noaa20_2026-07-29_1219_45.37094_10.42446,viirs_noaa20,N20,2026-07-29 12:19:00,45.37094,10.42446,2.21,low
viirs_noaa20_2026-07-29_1219_45.47643_10.21299,viirs_noaa20,N20,2026-07-29 12:19:00,45.47643,10.21299,2.5,low
viirs_noaa20_2026-07-29_1219_45.47974_10.21206,viirs_noaa20,N20,2026-07-29 12:19:00,45.47974,10.21206,2.5,nominal
viirs_noaa20_2026-07-29_1219_45.50851_10.24549,viirs_noaa20,N20,2026-07-29 12:19:00,45.50851,10.24549,2.82,low
viirs_noaa20_2026-07-29_1219_45.20674_7.89572,viirs_noaa20,N20,2026-07-29 12:19:00,45.20674,7.89572,3.44,low
viirs_noaa20_2026-07-29_1219_45.50354_9.07837,viirs_noaa20,N20,2026-07-29 12:19:00,45.50354,9.07837,3.26,low
viirs_noaa20_2026-07-29_1219_45.49876_8.95540,viirs_noaa20,N20,2026-07-29 12:19:00,45.49876,8.9554,2.93,nominal
viirs_noaa20_2026-07-29_1219_45.56264_9.29250,viirs_noaa20,N20,2026-07-29 12:19:00,45.56264,9.2925,2.4,nominal
viirs_noaa20_2026-07-29_1219_45.65442_9.17522,viirs_noaa20,N20,2026-07-29 12:19:00,45.65442,9.17522,3.54,nominal
viirs_noaa20_2026-07-29_1219_45.78523_8.70392,viirs_noaa20,N20,2026-07-29 12:19:00,45.78523,8.70392,5.07,nominal
viirs_noaa20_2026-07-29_1219_46.78924_11.92755,viirs_noaa20,N20,2026-07-29 12:19:00,46.78924,11.92755,5.71,low
viirs_noaa20_2026-07-29_1217_36.87815_14.94868,viirs_noaa20,N20,2026-07-29 12:17:00,36.87815,14.94868,7.73,nominal
viirs_noaa20_2026-07-29_1217_36.93117_14.50726,viirs_noaa20,N20,2026-07-29 12:17:00,36.93117,14.50726,5.79,low
viirs_noaa20_2026-07-29_1217_36.99488_14.36795,viirs_noaa20,N20,2026-07-29 12:17:00,36.99488,14.36795,4.62,low
viirs_noaa20_2026-07-29_1217_35.66582_6.13321,viirs_noaa20,N20,2026-07-29 12:17:00,35.66582,6.13321,151.06,high
viirs_noaa20_2026-07-29_1217_35.66459_6.12727,viirs_noaa20,N20,2026-07-29 12:17:00,35.66459,6.12727,97.55,low
viirs_noaa20_2026-07-29_1217_35.66962_6.13179,viirs_noaa20,N20,2026-07-29 12:17:00,35.66962,6.13179,31.01,nominal
viirs_noaa20_2026-07-29_1217_37.30834_14.33746,viirs_noaa20,N20,2026-07-29 12:17:00,37.30834,14.33746,3.27,nominal
viirs_noaa20_2026-07-29_1217_37.31181_14.33690,viirs_noaa20,N20,2026-07-29 12:17:00,37.31181,14.3369,3.75,nominal
viirs_noaa20_2026-07-29_1217_37.84248_14.91102,viirs_noaa20,N20,2026-07-29 12:17:00,37.84248,14.91102,2.28,nominal
viirs_noaa20_2026-07-29_1217_37.84132_14.90884,viirs_noaa20,N20,2026-07-29 12:17:00,37.84132,14.90884,2.29,low
viirs_noaa20_2026-07-29_1217_37.84489_14.90830,viirs_noaa20,N20,2026-07-29 12:17:00,37.84489,14.9083,5.06,low
viirs_noaa20_2026-07-29_1217_37.86919_15.01982,viirs_noaa20,N20,2026-07-29 12:17:00,37.86919,15.01982,2.81,low
viirs_noaa20_2026-07-29_1217_36.86834_6.98070,viirs_noaa20,N20,2026-07-29 12:17:00,36.86834,6.9807,8.93,low
viirs_noaa20_2026-07-29_1217_37.91058_13.04182,viirs_noaa20,N20,2026-07-29 12:17:00,37.91058,13.04182,6.32,nominal
viirs_noaa20_2026-07-29_1217_38.58464_16.17086,viirs_noaa20,N20,2026-07-29 12:17:00,38.58464,16.17086,6.56,nominal
viirs_noaa20_2026-07-29_1217_38.58398_16.16491,viirs_noaa20,N20,2026-07-29 12:17:00,38.58398,16.16491,6.56,nominal
viirs_noaa20_2026-07-29_1217_38.62150_15.98156,viirs_noaa20,N20,2026-07-29 12:17:00,38.6215,15.98156,6.51,low
viirs_noaa20_2026-07-29_1217_38.65933_16.04702,viirs_noaa20,N20,2026-07-29 12:17:00,38.65933,16.04702,2.36,low
viirs_noaa20_2026-07-29_1217_38.67923_16.15844,viirs_noaa20,N20,2026-07-29 12:17:00,38.67923,16.15844,3.81,nominal
viirs_noaa20_2026-07-29_1217_38.79379_16.48123,viirs_noaa20,N20,2026-07-29 12:17:00,38.79379,16.48123,11.11,low
viirs_noaa20_2026-07-29_1217_38.79314_16.47497,viirs_noaa20,N20,2026-07-29 12:17:00,38.79314,16.47497,28.34,nominal
viirs_noaa20_2026-07-29_1217_38.79247_16.46861,viirs_noaa20,N20,2026-07-29 12:17:00,38.79247,16.46861,28.34,nominal
viirs_noaa20_2026-07-29_1219_39.53602_15.95359,viirs_noaa20,N20,2026-07-29 12:19:00,39.53602,15.95359,22.17,nominal
viirs_noaa20_2026-07-29_1219_39.53979_15.95278,viirs_noaa20,N20,2026-07-29 12:19:00,39.53979,15.95278,6.97,nominal
viirs_noaa20_2026-07-29_1219_39.95163_18.10678,viirs_noaa20,N20,2026-07-29 12:19:00,39.95163,18.10678,2.31,low
viirs_noaa20_2026-07-29_1219_40.42120_17.44623,viirs_noaa20,N20,2026-07-29 12:19:00,40.4212,17.44623,1.36,nominal
viirs_noaa20_2026-07-29_1219_40.45636_16.82153,viirs_noaa20,N20,2026-07-29 12:19:00,40.45636,16.82153,6.16,nominal
viirs_noaa20_2026-07-29_1219_40.46391_16.81564,viirs_noaa20,N20,2026-07-29 12:19:00,40.46391,16.81564,3,low
viirs_noaa20_2026-07-29_1219_40.50611_17.21082,viirs_noaa20,N20,2026-07-29 12:19:00,40.50611,17.21082,5.49,nominal
viirs_noaa20_2026-07-29_1219_40.47255_16.27049,viirs_noaa20,N20,2026-07-29 12:19:00,40.47255,16.27049,6.66,nominal
viirs_noaa20_2026-07-29_1219_40.47248_16.26787,viirs_noaa20,N20,2026-07-29 12:19:00,40.47248,16.26787,7.51,nominal
viirs_noaa20_2026-07-29_1219_40.53620_16.83578,viirs_noaa20,N20,2026-07-29 12:19:00,40.5362,16.83578,5.76,nominal
viirs_noaa20_2026-07-29_1219_40.53575_16.83119,viirs_noaa20,N20,2026-07-29 12:19:00,40.53575,16.83119,3.44,nominal
viirs_noaa20_2026-07-29_1219_40.86551_16.87882,viirs_noaa20,N20,2026-07-29 12:19:00,40.86551,16.87882,0.94,low
viirs_noaa20_2026-07-29_1219_40.93095_16.83547,viirs_noaa20,N20,2026-07-29 12:19:00,40.93095,16.83547,2.75,low
viirs_noaa20_2026-07-29_1219_40.94316_16.87617,viirs_noaa20,N20,2026-07-29 12:19:00,40.94316,16.87617,2.99,nominal
viirs_noaa20_2026-07-29_1219_40.93244_15.91577,viirs_noaa20,N20,2026-07-29 12:19:00,40.93244,15.91577,4.07,low
viirs_noaa20_2026-07-29_1219_40.93026_15.71243,viirs_noaa20,N20,2026-07-29 12:19:00,40.93026,15.71243,9.34,nominal
viirs_noaa20_2026-07-29_1219_40.91998_14.27818,viirs_noaa20,N20,2026-07-29 12:19:00,40.91998,14.27818,2.81,low
viirs_noaa20_2026-07-30_0035_41.23609_13.80879,viirs_noaa20,N20,2026-07-30 00:35:00,41.23609,13.80879,0.63,nominal
viirs_noaa20_2026-07-30_0035_40.63048_18.00047,viirs_noaa20,N20,2026-07-30 00:35:00,40.63048,18.00047,1.33,nominal
viirs_noaa20_2026-07-30_0035_40.58638_17.91635,viirs_noaa20,N20,2026-07-30 00:35:00,40.58638,17.91635,0.59,nominal
viirs_noaa20_2026-07-30_0035_40.66800_16.65136,viirs_noaa20,N20,2026-07-30 00:35:00,40.668,16.65136,1.06,nominal
viirs_noaa20_2026-07-30_0035_40.66371_16.65633,viirs_noaa20,N20,2026-07-30 00:35:00,40.66371,16.65633,1.03,nominal
viirs_noaa20_2026-07-30_0035_40.66726_16.65583,viirs_noaa20,N20,2026-07-30 00:35:00,40.66726,16.65583,0.81,nominal
viirs_noaa20_2026-07-30_0035_40.66362_16.65524,viirs_noaa20,N20,2026-07-30 00:35:00,40.66362,16.65524,0.81,nominal
viirs_noaa20_2026-07-30_0035_40.57807_16.99248,viirs_noaa20,N20,2026-07-30 00:35:00,40.57807,16.99248,1.02,nominal
viirs_noaa20_2026-07-30_0035_40.51851_17.20877,viirs_noaa20,N20,2026-07-30 00:35:00,40.51851,17.20877,2.94,nominal
viirs_noaa20_2026-07-30_0035_40.50307_17.21618,viirs_noaa20,N20,2026-07-30 00:35:00,40.50307,17.21618,2.57,nominal
viirs_noaa20_2026-07-30_0035_40.58275_15.03717,viirs_noaa20,N20,2026-07-30 00:35:00,40.58275,15.03717,1.13,nominal
viirs_noaa20_2026-07-30_0035_40.55719_9.67133,viirs_noaa20,N20,2026-07-30 00:35:00,40.55719,9.67133,0.75,nominal
viirs_noaa20_2026-07-30_0035_38.79369_15.21313,viirs_noaa20,N20,2026-07-30 00:35:00,38.79369,15.21313,5.37,nominal
viirs_noaa20_2026-07-30_0035_38.61803_16.03175,viirs_noaa20,N20,2026-07-30 00:35:00,38.61803,16.03175,3.36,nominal
viirs_noaa20_2026-07-30_0035_39.08264_9.01771,viirs_noaa20,N20,2026-07-30 00:35:00,39.08264,9.01771,2.04,nominal
viirs_noaa20_2026-07-30_0037_37.75409_14.99354,viirs_noaa20,N20,2026-07-30 00:37:00,37.75409,14.99354,0.63,nominal
viirs_noaa20_2026-07-30_0037_37.43852_15.02842,viirs_noaa20,N20,2026-07-30 00:37:00,37.43852,15.02842,2.22,nominal
viirs_noaa20_2026-07-30_0037_37.04710_15.14797,viirs_noaa20,N20,2026-07-30 00:37:00,37.0471,15.14797,0.85,nominal
viirs_noaa20_2026-07-30_0035_47.34350_18.91080,viirs_noaa20,N20,2026-07-30 00:35:00,47.3435,18.9108,1.22,nominal
viirs_noaa20_2026-07-30_0037_36.88329_6.95806,viirs_noaa20,N20,2026-07-30 00:37:00,36.88329,6.95806,1.57,nominal
viirs_noaa20_2026-07-30_0037_36.87824_6.94234,viirs_noaa20,N20,2026-07-30 00:37:00,36.87824,6.94234,2.67,nominal
viirs_noaa20_2026-07-30_0035_45.45375_18.03354,viirs_noaa20,N20,2026-07-30 00:35:00,45.45375,18.03354,0.55,nominal
viirs_noaa20_2026-07-30_0037_36.87059_6.97789,viirs_noaa20,N20,2026-07-30 00:37:00,36.87059,6.97789,3.57,nominal
viirs_noaa20_2026-07-30_0037_36.76164_7.30801,viirs_noaa20,N20,2026-07-30 00:37:00,36.76164,7.30801,1.38,nominal
viirs_noaa20_2026-07-30_0037_36.76572_7.30737,viirs_noaa20,N20,2026-07-30 00:37:00,36.76572,7.30737,1.67,nominal
viirs_noaa20_2026-07-30_0037_36.74614_6.25160,viirs_noaa20,N20,2026-07-30 00:37:00,36.74614,6.2516,3.04,nominal
viirs_noaa20_2026-07-30_0037_36.74591_6.25714,viirs_noaa20,N20,2026-07-30 00:37:00,36.74591,6.25714,1.81,nominal
viirs_noaa20_2026-07-30_0037_36.43346_6.62129,viirs_noaa20,N20,2026-07-30 00:37:00,36.43346,6.62129,1.49,nominal
viirs_noaa20_2026-07-30_0037_36.08671_6.80474,viirs_noaa20,N20,2026-07-30 00:37:00,36.08671,6.80474,1.57,nominal
viirs_noaa20_2026-07-30_0037_35.86933_6.02390,viirs_noaa20,N20,2026-07-30 00:37:00,35.86933,6.0239,1.46,nominal
viirs_noaa20_2026-07-30_0037_35.76557_7.35918,viirs_noaa20,N20,2026-07-30 00:37:00,35.76557,7.35918,0.96,nominal
viirs_noaa20_2026-07-30_0035_45.28477_14.53054,viirs_noaa20,N20,2026-07-30 00:35:00,45.28477,14.53054,2.13,nominal
viirs_noaa20_2026-07-30_0037_35.23314_8.17157,viirs_noaa20,N20,2026-07-30 00:37:00,35.23314,8.17157,1.47,nominal
viirs_noaa20_2026-07-30_0035_45.28550_14.52952,viirs_noaa20,N20,2026-07-30 00:35:00,45.2855,14.52952,1.89,nominal
viirs_noaa20_2026-07-30_0035_45.46167_10.45359,viirs_noaa20,N20,2026-07-30 00:35:00,45.46167,10.45359,1.98,nominal
viirs_noaa20_2026-07-30_0035_45.46146_10.45810,viirs_noaa20,N20,2026-07-30 00:35:00,45.46146,10.4581,1.62,nominal
viirs_noaa20_2026-07-30_0035_45.42963_10.99968,viirs_noaa20,N20,2026-07-30 00:35:00,45.42963,10.99968,0.49,nominal
viirs_noaa20_2026-07-30_0035_45.14812_9.93956,viirs_noaa20,N20,2026-07-30 00:35:00,45.14812,9.93956,1.86,nominal
viirs_noaa20_2026-07-30_0035_45.14450_9.94116,viirs_noaa20,N20,2026-07-30 00:35:00,45.1445,9.94116,0.73,nominal
viirs_noaa20_2026-07-30_0035_44.98236_8.52166,viirs_noaa20,N20,2026-07-30 00:35:00,44.98236,8.52166,1.25,nominal
viirs_noaa20_2026-07-30_0035_44.04094_17.98125,viirs_noaa20,N20,2026-07-30 00:35:00,44.04094,17.98125,0.39,nominal
viirs_noaa20_2026-07-30_0037_43.32833_10.51940,viirs_noaa20,N20,2026-07-30 00:37:00,43.32833,10.5194,0.72,nominal
viirs_noaa20_2026-07-30_0037_43.32325_10.51881,viirs_noaa20,N20,2026-07-30 00:37:00,43.32325,10.51881,3.37,nominal
viirs_noaa20_2026-07-30_0037_41.94698_14.30004,viirs_noaa20,N20,2026-07-30 00:37:00,41.94698,14.30004,1.04,nominal
viirs_noaa20_2026-07-30_0213_47.46949_12.62951,viirs_noaa20,N20,2026-07-30 02:13:00,47.46949,12.62951,0.84,nominal
viirs_noaa20_2026-07-30_0213_46.06960_13.62507,viirs_noaa20,N20,2026-07-30 02:13:00,46.0696,13.62507,0.65,nominal
viirs_noaa20_2026-07-30_0213_46.18020_12.73935,viirs_noaa20,N20,2026-07-30 02:13:00,46.1802,12.73935,0.57,nominal
viirs_noaa20_2026-07-30_0215_45.51553_10.34351,viirs_noaa20,N20,2026-07-30 02:15:00,45.51553,10.34351,0.81,nominal
viirs_noaa20_2026-07-30_0215_45.46113_10.45607,viirs_noaa20,N20,2026-07-30 02:15:00,45.46113,10.45607,1.04,nominal
viirs_noaa20_2026-07-30_0215_45.50953_10.24429,viirs_noaa20,N20,2026-07-30 02:15:00,45.50953,10.24429,0.93,nominal
viirs_noaa20_2026-07-30_0215_45.47902_10.21266,viirs_noaa20,N20,2026-07-30 02:15:00,45.47902,10.21266,0.54,nominal
viirs_noaa20_2026-07-30_0215_45.37039_10.33121,viirs_noaa20,N20,2026-07-30 02:15:00,45.37039,10.33121,0.62,nominal
viirs_noaa20_2026-07-30_0215_45.14635_9.94323,viirs_noaa20,N20,2026-07-30 02:15:00,45.14635,9.94323,6.26,nominal
viirs_noaa20_2026-07-30_0215_43.36500_12.54308,viirs_noaa20,N20,2026-07-30 02:15:00,43.365,12.54308,1.24,nominal
viirs_noaa20_2026-07-30_0215_43.36368_12.54242,viirs_noaa20,N20,2026-07-30 02:15:00,43.36368,12.54242,0.79,nominal
viirs_noaa20_2026-07-30_0215_40.55896_9.66852,viirs_noaa20,N20,2026-07-30 02:15:00,40.55896,9.66852,1.33,nominal
viirs_noaa20_2026-07-30_0215_40.55912_9.66476,viirs_noaa20,N20,2026-07-30 02:15:00,40.55912,9.66476,1.13,nominal
viirs_noaa20_2026-07-30_0215_39.08232_9.01715,viirs_noaa20,N20,2026-07-30 02:15:00,39.08232,9.01715,2.09,nominal
viirs_noaa20_2026-07-30_0217_36.88160_6.96186,viirs_noaa20,N20,2026-07-30 02:17:00,36.8816,6.96186,0.74,nominal
viirs_noaa20_2026-07-30_0217_36.86922_6.98552,viirs_noaa20,N20,2026-07-30 02:17:00,36.86922,6.98552,1.11,nominal
viirs_noaa20_2026-07-30_0217_36.76266_7.30839,viirs_noaa20,N20,2026-07-30 02:17:00,36.76266,7.30839,1.35,nominal
viirs_noaa20_2026-07-30_0217_36.74628_6.25396,viirs_noaa20,N20,2026-07-30 02:17:00,36.74628,6.25396,3.13,nominal
viirs_noaa20_2026-07-30_0217_36.43004_6.62220,viirs_noaa20,N20,2026-07-30 02:17:00,36.43004,6.6222,1.51,nominal
viirs_noaa20_2026-07-30_0217_36.08511_6.80276,viirs_noaa20,N20,2026-07-30 02:17:00,36.08511,6.80276,1.34,nominal
viirs_noaa20_2026-07-30_0217_36.04256_6.82585,viirs_noaa20,N20,2026-07-30 02:17:00,36.04256,6.82585,0.22,nominal
viirs_noaa20_2026-07-30_0217_35.86937_6.02689,viirs_noaa20,N20,2026-07-30 02:17:00,35.86937,6.02689,1.43,nominal
viirs_noaa20_2026-07-30_1019_47.24553_16.74237,viirs_noaa20,N20,2026-07-30 10:19:00,47.24553,16.74237,16.18,nominal
viirs_noaa20_2026-07-30_1019_47.24223_16.73352,viirs_noaa20,N20,2026-07-30 10:19:00,47.24223,16.73352,14.78,nominal
viirs_noaa20_2026-07-30_1019_47.24160_16.73608,viirs_noaa20,N20,2026-07-30 10:19:00,47.2416,16.73608,17.64,high
viirs_noaa20_2026-07-30_1157_37.14543_15.19408,viirs_noaa20,N20,2026-07-30 11:57:00,37.14543,15.19408,5.36,low
viirs_noaa20_2026-07-30_1157_37.17447_14.26241,viirs_noaa20,N20,2026-07-30 11:57:00,37.17447,14.26241,29.64,low
viirs_noaa20_2026-07-30_1157_36.19612_8.52328,viirs_noaa20,N20,2026-07-30 11:57:00,36.19612,8.52328,11.74,nominal
viirs_noaa20_2026-07-30_1157_37.24925_13.77510,viirs_noaa20,N20,2026-07-30 11:57:00,37.24925,13.7751,11.04,nominal
viirs_noaa20_2026-07-30_1157_36.70534_10.74115,viirs_noaa20,N20,2026-07-30 11:57:00,36.70534,10.74115,7.36,nominal
viirs_noaa20_2026-07-30_1157_37.41183_13.77391,viirs_noaa20,N20,2026-07-30 11:57:00,37.41183,13.77391,3.45,nominal
viirs_noaa20_2026-07-30_1157_37.61603_14.91743,viirs_noaa20,N20,2026-07-30 11:57:00,37.61603,14.91743,9.56,nominal
viirs_noaa20_2026-07-30_1157_37.67207_14.84433,viirs_noaa20,N20,2026-07-30 11:57:00,37.67207,14.84433,3.67,low
viirs_noaa20_2026-07-30_1157_36.42363_7.67542,viirs_noaa20,N20,2026-07-30 11:57:00,36.42363,7.67542,6.33,nominal
viirs_noaa20_2026-07-30_1157_38.03621_15.75338,viirs_noaa20,N20,2026-07-30 11:57:00,38.03621,15.75338,5.43,nominal
viirs_noaa20_2026-07-30_1157_38.20683_16.22425,viirs_noaa20,N20,2026-07-30 11:57:00,38.20683,16.22425,5.23,low
viirs_noaa20_2026-07-30_1157_37.69257_12.58825,viirs_noaa20,N20,2026-07-30 11:57:00,37.69257,12.58825,4.82,low
viirs_noaa20_2026-07-30_1157_38.34632_15.93134,viirs_noaa20,N20,2026-07-30 11:57:00,38.34632,15.93134,2.67,nominal
viirs_noaa20_2026-07-30_1157_37.91160_12.52346,viirs_noaa20,N20,2026-07-30 11:57:00,37.9116,12.52346,1.98,nominal
viirs_noaa20_2026-07-30_1157_37.93832_12.63011,viirs_noaa20,N20,2026-07-30 11:57:00,37.93832,12.63011,12.41,nominal
viirs_noaa20_2026-07-30_1157_37.93743_12.62519,viirs_noaa20,N20,2026-07-30 11:57:00,37.93743,12.62519,12.41,low
viirs_noaa20_2026-07-30_1157_37.94178_12.62906,viirs_noaa20,N20,2026-07-30 11:57:00,37.94178,12.62906,4.17,nominal
viirs_noaa20_2026-07-30_1157_37.94089_12.62415,viirs_noaa20,N20,2026-07-30 11:57:00,37.94089,12.62415,4.17,nominal
viirs_noaa20_2026-07-30_1157_37.94173_12.62625,viirs_noaa20,N20,2026-07-30 11:57:00,37.94173,12.62625,2.43,low
viirs_noaa20_2026-07-30_1157_38.53669_16.08531,viirs_noaa20,N20,2026-07-30 11:57:00,38.53669,16.08531,1.81,nominal
viirs_noaa20_2026-07-30_1157_38.56884_16.11819,viirs_noaa20,N20,2026-07-30 11:57:00,38.56884,16.11819,1.86,low
viirs_noaa20_2026-07-30_1157_38.56818_16.11382,viirs_noaa20,N20,2026-07-30 11:57:00,38.56818,16.11382,1.86,low
viirs_noaa20_2026-07-30_1157_36.86753_6.98571,viirs_noaa20,N20,2026-07-30 11:57:00,36.86753,6.98571,6.97,nominal
viirs_noaa20_2026-07-30_1157_36.86604_6.97938,viirs_noaa20,N20,2026-07-30 11:57:00,36.86604,6.97938,5.83,low
viirs_noaa20_2026-07-30_1157_36.86937_6.98437,viirs_noaa20,N20,2026-07-30 11:57:00,36.86937,6.98437,10.96,nominal
viirs_noaa20_2026-07-30_1157_38.63458_15.87709,viirs_noaa20,N20,2026-07-30 11:57:00,38.63458,15.87709,18.4,nominal
viirs_noaa20_2026-07-30_1157_38.63786_15.87627,viirs_noaa20,N20,2026-07-30 11:57:00,38.63786,15.87627,18.4,nominal
viirs_noaa20_2026-07-30_1157_38.79034_16.37099,viirs_noaa20,N20,2026-07-30 11:57:00,38.79034,16.37099,15.87,nominal
viirs_noaa20_2026-07-30_1157_39.98569_18.10476,viirs_noaa20,N20,2026-07-30 11:57:00,39.98569,18.10476,7.12,low
viirs_noaa20_2026-07-30_1157_39.98913_18.10402,viirs_noaa20,N20,2026-07-30 11:57:00,39.98913,18.10402,12.36,nominal
viirs_noaa20_2026-07-30_1157_40.49327_17.97961,viirs_noaa20,N20,2026-07-30 11:57:00,40.49327,17.97961,2.56,nominal
viirs_noaa20_2026-07-30_1157_40.60585_17.93169,viirs_noaa20,N20,2026-07-30 11:57:00,40.60585,17.93169,8.48,nominal
viirs_noaa20_2026-07-30_1157_40.60929_17.93093,viirs_noaa20,N20,2026-07-30 11:57:00,40.60929,17.93093,17.94,nominal
viirs_noaa20_2026-07-30_1157_40.60366_17.78034,viirs_noaa20,N20,2026-07-30 11:57:00,40.60366,17.78034,2.83,low
viirs_noaa20_2026-07-30_1157_40.65669_16.65304,viirs_noaa20,N20,2026-07-30 11:57:00,40.65669,16.65304,12.97,low
viirs_noaa20_2026-07-30_1157_40.66002_16.65224,viirs_noaa20,N20,2026-07-30 11:57:00,40.66002,16.65224,6.96,low
viirs_noaa20_2026-07-30_1157_40.66334_16.65144,viirs_noaa20,N20,2026-07-30 11:57:00,40.66334,16.65144,6.96,low
viirs_noaa20_2026-07-30_1157_40.67000_16.64993,viirs_noaa20,N20,2026-07-30 11:57:00,40.67,16.64993,10.44,nominal
viirs_noaa20_2026-07-30_1157_40.68621_16.52901,viirs_noaa20,N20,2026-07-30 11:57:00,40.68621,16.52901,5.49,nominal
viirs_noaa20_2026-07-30_1157_40.76163_16.60127,viirs_noaa20,N20,2026-07-30 11:57:00,40.76163,16.60127,13.63,low
viirs_noaa20_2026-07-30_1157_39.57177_8.81307,viirs_noaa20,N20,2026-07-30 11:57:00,39.57177,8.81307,4.88,nominal
viirs_noaa20_2026-07-30_1157_39.57081_8.80858,viirs_noaa20,N20,2026-07-30 11:57:00,39.57081,8.80858,4.88,nominal
viirs_noaa20_2026-07-30_1157_40.91701_15.74621,viirs_noaa20,N20,2026-07-30 11:57:00,40.91701,15.74621,4.48,low
viirs_noaa20_2026-07-30_1157_41.05805_15.82512,viirs_noaa20,N20,2026-07-30 11:57:00,41.05805,15.82512,2.7,nominal
viirs_noaa20_2026-07-30_1157_41.23283_16.23556,viirs_noaa20,N20,2026-07-30 11:57:00,41.23283,16.23556,5.87,nominal
viirs_noaa20_2026-07-30_1157_41.26808_13.91384,viirs_noaa20,N20,2026-07-30 11:57:00,41.26808,13.91384,7.22,nominal
viirs_noaa20_2026-07-30_1200_41.50403_13.91280,viirs_noaa20,N20,2026-07-30 12:00:00,41.50403,13.9128,40.78,low
viirs_noaa20_2026-07-30_1200_42.15554_14.59772,viirs_noaa20,N20,2026-07-30 12:00:00,42.15554,14.59772,1.71,nominal
viirs_noaa20_2026-07-30_1200_42.19640_14.42028,viirs_noaa20,N20,2026-07-30 12:00:00,42.1964,14.42028,4.37,nominal
viirs_noaa20_2026-07-30_1200_42.19967_14.41937,viirs_noaa20,N20,2026-07-30 12:00:00,42.19967,14.41937,4.37,nominal
viirs_noaa20_2026-07-30_1200_42.28343_13.38142,viirs_noaa20,N20,2026-07-30 12:00:00,42.28343,13.38142,3.43,nominal
viirs_noaa20_2026-07-30_1200_42.28671_13.38047,viirs_noaa20,N20,2026-07-30 12:00:00,42.28671,13.38047,3.43,low
viirs_noaa20_2026-07-30_1200_42.15583_12.54180,viirs_noaa20,N20,2026-07-30 12:00:00,42.15583,12.5418,4.17,low
viirs_noaa20_2026-07-30_1200_42.15915_12.54076,viirs_noaa20,N20,2026-07-30 12:00:00,42.15915,12.54076,4.17,low
viirs_noaa20_2026-07-30_1200_42.16087_12.51016,viirs_noaa20,N20,2026-07-30 12:00:00,42.16087,12.51016,47.14,low
viirs_noaa20_2026-07-30_1200_42.16419_12.50911,viirs_noaa20,N20,2026-07-30 12:00:00,42.16419,12.50911,14.45,low
viirs_noaa20_2026-07-30_1200_43.27177_16.77249,viirs_noaa20,N20,2026-07-30 12:00:00,43.27177,16.77249,6.69,nominal
viirs_noaa20_2026-07-30_1200_45.20474_17.03279,viirs_noaa20,N20,2026-07-30 12:00:00,45.20474,17.03279,5.11,nominal
viirs_noaa20_2026-07-30_1200_44.51461_11.02721,viirs_noaa20,N20,2026-07-30 12:00:00,44.51461,11.02721,1.86,low
viirs_noaa20_2026-07-30_1200_45.08072_13.87599,viirs_noaa20,N20,2026-07-30 12:00:00,45.08072,13.87599,2.27,nominal
viirs_noaa20_2026-07-30_1200_44.37769_7.52560,viirs_noaa20,N20,2026-07-30 12:00:00,44.37769,7.5256,1.32,low
viirs_noaa20_2026-07-30_1200_44.86675_8.81249,viirs_noaa20,N20,2026-07-30 12:00:00,44.86675,8.81249,2.8,nominal
viirs_noaa20_2026-07-30_1200_44.86560_8.80668,viirs_noaa20,N20,2026-07-30 12:00:00,44.8656,8.80668,2.8,nominal
viirs_noaa20_2026-07-30_1200_45.14426_9.94332,viirs_noaa20,N20,2026-07-30 12:00:00,45.14426,9.94332,9.58,low
viirs_noaa20_2026-07-30_1200_45.57896_12.04827,viirs_noaa20,N20,2026-07-30 12:00:00,45.57896,12.04827,2.42,low
viirs_noaa20_2026-07-30_1200_45.75329_12.61210,viirs_noaa20,N20,2026-07-30 12:00:00,45.75329,12.6121,6.88,low
viirs_noaa20_2026-07-30_1200_45.76334_12.41851,viirs_noaa20,N20,2026-07-30 12:00:00,45.76334,12.41851,1.42,nominal
viirs_noaa20_2026-07-30_1200_45.76660_12.41743,viirs_noaa20,N20,2026-07-30 12:00:00,45.7666,12.41743,2.72,low
viirs_noaa20_2026-07-30_1200_45.77134_12.25592,viirs_noaa20,N20,2026-07-30 12:00:00,45.77134,12.25592,3.4,low
viirs_noaa20_2026-07-30_1200_45.69652_11.74035,viirs_noaa20,N20,2026-07-30 12:00:00,45.69652,11.74035,1.75,low
viirs_noaa20_2026-07-30_1200_45.78281_12.24176,viirs_noaa20,N20,2026-07-30 12:00:00,45.78281,12.24176,1.24,nominal
viirs_noaa20_2026-07-30_1200_45.96481_13.26315,viirs_noaa20,N20,2026-07-30 12:00:00,45.96481,13.26315,3.69,low
viirs_noaa20_2026-07-30_1200_45.77232_12.01358,viirs_noaa20,N20,2026-07-30 12:00:00,45.77232,12.01358,5.16,low
viirs_noaa20_2026-07-30_1200_44.93692_7.51044,viirs_noaa20,N20,2026-07-30 12:00:00,44.93692,7.51044,4.6,low
viirs_noaa20_2026-07-30_1200_45.47911_10.21462,viirs_noaa20,N20,2026-07-30 12:00:00,45.47911,10.21462,1.7,low
viirs_noaa20_2026-07-30_1200_45.85344_12.27661,viirs_noaa20,N20,2026-07-30 12:00:00,45.85344,12.27661,2.67,nominal
viirs_noaa20_2026-07-30_1200_45.96280_12.94079,viirs_noaa20,N20,2026-07-30 12:00:00,45.9628,12.94079,5.74,nominal
viirs_noaa20_2026-07-30_1200_45.96605_12.93975,viirs_noaa20,N20,2026-07-30 12:00:00,45.96605,12.93975,12.1,nominal
viirs_noaa20_2026-07-30_1200_45.87358_12.33709,viirs_noaa20,N20,2026-07-30 12:00:00,45.87358,12.33709,3.15,nominal
viirs_noaa20_2026-07-30_1200_44.77058_6.54965,viirs_noaa20,N20,2026-07-30 12:00:00,44.77058,6.54965,2.46,nominal
viirs_noaa20_2026-07-30_1200_45.92712_12.64928,viirs_noaa20,N20,2026-07-30 12:00:00,45.92712,12.64928,2.99,nominal
viirs_noaa20_2026-07-30_1200_45.93038_12.64821,viirs_noaa20,N20,2026-07-30 12:00:00,45.93038,12.64821,2.99,low
viirs_noaa20_2026-07-30_1200_45.90207_12.34313,viirs_noaa20,N20,2026-07-30 12:00:00,45.90207,12.34313,1.79,low
viirs_noaa20_2026-07-30_1200_45.97165_12.62722,viirs_noaa20,N20,2026-07-30 12:00:00,45.97165,12.62722,3.03,low
viirs_noaa20_2026-07-30_1200_45.97086_12.62233,viirs_noaa20,N20,2026-07-30 12:00:00,45.97086,12.62233,3.03,nominal
viirs_noaa20_2026-07-30_1200_46.06818_13.22300,viirs_noaa20,N20,2026-07-30 12:00:00,46.06818,13.223,2.54,low
viirs_noaa20_2026-07-30_1200_46.06742_13.21811,viirs_noaa20,N20,2026-07-30 12:00:00,46.06742,13.21811,2.54,low
viirs_noaa20_2026-07-30_1200_45.44564_9.56005,viirs_noaa20,N20,2026-07-30 12:00:00,45.44564,9.56005,5.52,low
viirs_noaa20_2026-07-30_1200_45.93774_12.24622,viirs_noaa20,N20,2026-07-30 12:00:00,45.93774,12.24622,1.45,low
viirs_noaa20_2026-07-30_1200_46.14151_12.66166,viirs_noaa20,N20,2026-07-30 12:00:00,46.14151,12.66166,1.8,low
viirs_noaa20_2026-07-30_1200_46.13217_12.32373,viirs_noaa20,N20,2026-07-30 12:00:00,46.13217,12.32373,2.12,nominal
viirs_noaa20_2026-07-30_1200_45.76466_9.06259,viirs_noaa20,N20,2026-07-30 12:00:00,45.76466,9.06259,3.5,nominal
viirs_noaa20_2026-07-30_1200_45.78376_8.70310,viirs_noaa20,N20,2026-07-30 12:00:00,45.78376,8.7031,4.04,low
viirs_noaa20_2026-07-30_1200_47.09656_16.08296,viirs_noaa20,N20,2026-07-30 12:00:00,47.09656,16.08296,2.72,nominal
viirs_noaa20_2026-07-30_1200_47.09586_16.07738,viirs_noaa20,N20,2026-07-30 12:00:00,47.09586,16.07738,2.72,nominal
viirs_noaa20_2026-07-30_1200_46.72808_11.66271,viirs_noaa20,N20,2026-07-30 12:00:00,46.72808,11.66271,4.26,low
viirs_noaa20_2026-07-30_1202_46.95561_7.47421,viirs_noaa20,N20,2026-07-30 12:02:00,46.95561,7.47421,2.72,low
viirs_noaa20_2026-07-30_1338_36.74444_6.25840,viirs_noaa20,N20,2026-07-30 13:38:00,36.74444,6.2584,6.96,nominal
viirs_noaa20_2026-07-30_1338_36.74224_6.25555,viirs_noaa20,N20,2026-07-30 13:38:00,36.74224,6.25555,7.16,low
viirs_noaa20_2026-07-30_1338_36.86877_6.99194,viirs_noaa20,N20,2026-07-30 13:38:00,36.86877,6.99194,12.7,nominal
viirs_noaa20_2026-07-30_1338_36.86906_6.99073,viirs_noaa20,N20,2026-07-30 13:38:00,36.86906,6.99073,6.74,nominal
modis_2026-07-24_0349_36.31560_8.52652,modis,A,2026-07-24 03:49:00,36.3156,8.52652,14.9,49
modis_2026-07-24_0349_36.31984_8.52076,modis,A,2026-07-24 03:49:00,36.31984,8.52076,11.26,46
modis_2026-07-24_0349_36.31250_8.49774,modis,A,2026-07-24 03:49:00,36.3125,8.49774,16.29,76
modis_2026-07-24_0349_36.30870_8.51622,modis,A,2026-07-24 03:49:00,36.3087,8.51622,26.07,88
modis_2026-07-24_0349_36.20591_8.43918,modis,A,2026-07-24 03:49:00,36.20591,8.43918,23.6,84
modis_2026-07-24_0349_36.34613_6.47198,modis,A,2026-07-24 03:49:00,36.34613,6.47198,20.42,93
modis_2026-07-24_0349_36.34320_6.48762,modis,A,2026-07-24 03:49:00,36.3432,6.48762,7.48,58
modis_2026-07-24_0349_36.32608_6.46633,modis,A,2026-07-24 03:49:00,36.32608,6.46633,19.67,94
modis_2026-07-24_0349_36.32311_6.48206,modis,A,2026-07-24 03:49:00,36.32311,6.48206,43.21,100
modis_2026-07-24_0349_36.31593_6.46416,modis,A,2026-07-24 03:49:00,36.31593,6.46416,18.34,91
modis_2026-07-24_0349_36.31300_6.47965,modis,A,2026-07-24 03:49:00,36.313,6.47965,38.64,100
modis_2026-07-24_0349_37.59512_13.58923,modis,A,2026-07-24 03:49:00,37.59512,13.58923,47.57,72
modis_2026-07-24_0349_37.60019_13.58192,modis,A,2026-07-24 03:49:00,37.60019,13.58192,42.35,65
modis_2026-07-24_0349_36.87866_6.95097,modis,A,2026-07-24 03:49:00,36.87866,6.95097,9.92,73
modis_2026-07-24_1314_41.44791_15.43616,modis,A,2026-07-24 13:14:00,41.44791,15.43616,65.5,76
modis_2026-07-24_1314_45.54445_13.72429,modis,A,2026-07-24 13:14:00,45.54445,13.72429,19.35,31
modis_2026-07-24_1450_36.19336_8.55145,modis,A,2026-07-24 14:50:00,36.19336,8.55145,166.16,100
modis_2026-07-24_1450_36.19165_8.53670,modis,A,2026-07-24 14:50:00,36.19165,8.5367,92.46,98
modis_2026-07-24_1450_36.19347_8.56078,modis,A,2026-07-24 14:50:00,36.19347,8.56078,24.85,78
modis_2026-07-24_1450_36.19186_8.54609,modis,A,2026-07-24 14:50:00,36.19186,8.54609,123.97,100
modis_2026-07-24_1450_36.20346_8.55875,modis,A,2026-07-24 14:50:00,36.20346,8.55875,69.11,95
modis_2026-07-24_1450_36.20181_8.54382,modis,A,2026-07-24 14:50:00,36.20181,8.54382,255.56,100
modis_2026-07-24_1450_36.20011_8.52849,modis,A,2026-07-24 14:50:00,36.20011,8.52849,24.98,65
modis_2026-07-24_1450_36.21346_8.55686,modis,A,2026-07-24 14:50:00,36.21346,8.55686,91.79,99
modis_2026-07-24_1450_36.21175_8.54155,modis,A,2026-07-24 14:50:00,36.21175,8.54155,307.9,100
modis_2026-07-24_1450_36.21012_8.52696,modis,A,2026-07-24 14:50:00,36.21012,8.52696,50.41,90
modis_2026-07-24_1450_36.22343_8.55479,modis,A,2026-07-24 14:50:00,36.22343,8.55479,18.04,76
modis_2026-07-24_1450_36.22182_8.54038,modis,A,2026-07-24 14:50:00,36.22182,8.54038,107.53,100
modis_2026-07-24_1450_36.22016_8.52553,modis,A,2026-07-24 14:50:00,36.22016,8.52553,24.71,61
modis_2026-07-24_1450_36.18480_8.21369,modis,A,2026-07-24 14:50:00,36.1848,8.21369,364.42,100
modis_2026-07-24_1450_36.18318_8.19957,modis,A,2026-07-24 14:50:00,36.18318,8.19957,118.29,100
modis_2026-07-24_1450_36.23177_8.53813,modis,A,2026-07-24 14:50:00,36.23177,8.53813,26.93,76
modis_2026-07-24_1450_36.25177_8.62504,modis,A,2026-07-24 14:50:00,36.25177,8.62504,14.29,46
modis_2026-07-24_1450_36.25510_8.47472,modis,A,2026-07-24 14:50:00,36.2551,8.47472,65.5,93
modis_2026-07-24_1450_36.25339_8.45986,modis,A,2026-07-24 14:50:00,36.25339,8.45986,54.25,90
modis_2026-07-24_1450_36.32917_8.76879,modis,A,2026-07-24 14:50:00,36.32917,8.76879,31.33,80
modis_2026-07-24_1450_36.32757_8.75418,modis,A,2026-07-24 14:50:00,36.32757,8.75418,42.55,86
modis_2026-07-24_1450_36.29986_8.50296,modis,A,2026-07-24 14:50:00,36.29986,8.50296,15.15,47
modis_2026-07-24_1450_36.29532_6.47193,modis,A,2026-07-24 14:50:00,36.29532,6.47193,10.83,30
modis_2026-07-24_1450_36.30589_6.48171,modis,A,2026-07-24 14:50:00,36.30589,6.48171,16.71,60
modis_2026-07-24_1450_36.30434_6.46996,modis,A,2026-07-24 14:50:00,36.30434,6.46996,12.38,29
modis_2026-07-24_1450_36.31443_6.48618,modis,A,2026-07-24 14:50:00,36.31443,6.48618,55.47,95
modis_2026-07-24_1450_36.31292_6.47435,modis,A,2026-07-24 14:50:00,36.31292,6.47435,32.82,87
modis_2026-07-24_1450_36.32193_6.47225,modis,A,2026-07-24 14:50:00,36.32193,6.47225,54.31,95
modis_2026-07-24_1450_36.33841_6.45619,modis,A,2026-07-24 14:50:00,36.33841,6.45619,12.38,64
modis_2026-07-24_1450_36.33697_6.44507,modis,A,2026-07-24 14:50:00,36.33697,6.44507,17.97,78
modis_2026-07-24_1450_36.68590_8.22530,modis,A,2026-07-24 14:50:00,36.6859,8.2253,27.47,69
modis_2026-07-24_1450_36.86554_6.97947,modis,A,2026-07-24 14:50:00,36.86554,6.97947,12.47,52
modis_2026-07-24_1452_42.27864_9.05163,modis,A,2026-07-24 14:52:00,42.27864,9.05163,35.49,69
modis_2026-07-24_1452_43.49770_6.10630,modis,A,2026-07-24 14:52:00,43.4977,6.1063,11.75,54
modis_2026-07-24_1452_43.51195_6.05679,modis,A,2026-07-24 14:52:00,43.51195,6.05679,23.34,72
modis_2026-07-24_1452_43.52162_6.05456,modis,A,2026-07-24 14:52:00,43.52162,6.05456,40.75,88
modis_2026-07-24_1452_43.51993_6.03981,modis,A,2026-07-24 14:52:00,43.51993,6.03981,49.77,90
modis_2026-07-24_1452_43.52398_6.04709,modis,A,2026-07-24 14:52:00,43.52398,6.04709,24.22,80
modis_2026-07-24_1452_43.52236_6.03239,modis,A,2026-07-24 14:52:00,43.52236,6.03239,7.04,27
modis_2026-07-24_1452_43.55637_6.07064,modis,A,2026-07-24 14:52:00,43.55637,6.07064,72.42,94
modis_2026-07-24_1452_43.55471_6.05567,modis,A,2026-07-24 14:52:00,43.55471,6.05567,23.99,78
modis_2026-07-24_1452_44.74058_6.57134,modis,A,2026-07-24 14:52:00,44.74058,6.57134,25.37,73
modis_2026-07-24_1452_44.73853_6.55200,modis,A,2026-07-24 14:52:00,44.73853,6.552,40.03,83
modis_2026-07-24_1452_44.75063_6.56868,modis,A,2026-07-24 14:52:00,44.75063,6.56868,42.76,85
modis_2026-07-24_1452_44.74875_6.55092,modis,A,2026-07-24 14:52:00,44.74875,6.55092,75.58,93
modis_2026-07-24_1934_36.18657_8.53991,modis,T,2026-07-24 19:34:00,36.18657,8.53991,25.22,100
modis_2026-07-24_1934_36.19849_8.55086,modis,T,2026-07-24 19:34:00,36.19849,8.55086,9.19,52
modis_2026-07-24_1934_36.19628_8.53787,modis,T,2026-07-24 19:34:00,36.19628,8.53787,40.69,100
modis_2026-07-24_1934_36.19407_8.52496,modis,T,2026-07-24 19:34:00,36.19407,8.52496,11.66,90
modis_2026-07-24_1934_36.20817_8.54872,modis,T,2026-07-24 19:34:00,36.20817,8.54872,10.65,66
modis_2026-07-24_1934_36.20601_8.53601,modis,T,2026-07-24 19:34:00,36.20601,8.53601,47.14,100
modis_2026-07-24_1934_36.20378_8.52294,modis,T,2026-07-24 19:34:00,36.20378,8.52294,21.03,100
modis_2026-07-24_1934_36.21778_8.54619,modis,T,2026-07-24 19:34:00,36.21778,8.54619,53.44,100
modis_2026-07-24_1934_36.21558_8.53321,modis,T,2026-07-24 19:34:00,36.21558,8.53321,214.9,100
modis_2026-07-24_1934_36.22743_8.54384,modis,T,2026-07-24 19:34:00,36.22743,8.54384,12.26,87
modis_2026-07-24_1934_36.22516_8.53042,modis,T,2026-07-24 19:34:00,36.22516,8.53042,16.88,98
modis_2026-07-24_1934_36.19405_8.22855,modis,T,2026-07-24 19:34:00,36.19405,8.22855,6.94,32
modis_2026-07-24_1934_36.19173_8.21498,modis,T,2026-07-24 19:34:00,36.19173,8.21498,40.93,100
modis_2026-07-24_1934_36.33866_8.76965,modis,T,2026-07-24 19:34:00,36.33866,8.76965,7.33,70
modis_2026-07-24_1934_37.20319_14.78167,modis,T,2026-07-24 19:34:00,37.20319,14.78167,7.35,66
modis_2026-07-24_1934_37.20171_14.76884,modis,T,2026-07-24 19:34:00,37.20171,14.76884,8.37,71
modis_2026-07-24_1934_37.29228_13.97929,modis,T,2026-07-24 19:34:00,37.29228,13.97929,6.44,68
modis_2026-07-24_1934_40.18298_16.49842,modis,T,2026-07-24 19:34:00,40.18298,16.49842,10.32,58
modis_2026-07-24_1934_40.18133_16.48025,modis,T,2026-07-24 19:34:00,40.18133,16.48025,12.68,67
modis_2026-07-24_1934_40.10753_15.59037,modis,T,2026-07-24 19:34:00,40.10753,15.59037,7.45,57
modis_2026-07-24_1934_40.11758_15.58768,modis,T,2026-07-24 19:34:00,40.11758,15.58768,10.09,70
modis_2026-07-24_1934_41.49588_13.50230,modis,T,2026-07-24 19:34:00,41.49588,13.5023,16.91,95
modis_2026-07-24_1934_41.50518_13.50035,modis,T,2026-07-24 19:34:00,41.50518,13.50035,8.35,73
modis_2026-07-24_1934_41.79750_12.45692,modis,T,2026-07-24 19:34:00,41.7975,12.45692,6.13,76
modis_2026-07-24_1934_42.27862_9.06158,modis,T,2026-07-24 19:34:00,42.27862,9.06158,7.01,26
modis_2026-07-24_1934_42.28735_9.05885,modis,T,2026-07-24 19:34:00,42.28735,9.05885,12.6,69
modis_2026-07-24_1934_43.48097_6.05396,modis,T,2026-07-24 19:34:00,43.48097,6.05396,5.95,59
modis_2026-07-24_1934_43.51664_6.06660,modis,T,2026-07-24 19:34:00,43.51664,6.0666,7.72,71
modis_2026-07-24_1934_45.14720_9.94344,modis,T,2026-07-24 19:34:00,45.1472,9.94344,13.41,92
modis_2026-07-25_0249_36.20632_8.22439,modis,A,2026-07-25 02:49:00,36.20632,8.22439,51.66,90
modis_2026-07-25_0249_36.19258_8.22455,modis,A,2026-07-25 02:49:00,36.19258,8.22455,69.59,99
modis_2026-07-25_0249_39.51813_15.98342,modis,A,2026-07-25 02:49:00,39.51813,15.98342,7.69,64
modis_2026-07-25_0909_45.87511_12.35176,modis,T,2026-07-25 09:09:00,45.87511,12.35176,18.23,71
modis_2026-07-25_0909_45.59434_9.62310,modis,T,2026-07-25 09:09:00,45.59434,9.6231,11.53,49
modis_2026-07-25_0909_45.55697_8.24249,modis,T,2026-07-25 09:09:00,45.55697,8.24249,10.66,57
modis_2026-07-25_0909_45.50205_8.15492,modis,T,2026-07-25 09:09:00,45.50205,8.15492,10.84,54
modis_2026-07-25_0909_36.32900_8.76447,modis,T,2026-07-25 09:09:00,36.329,8.76447,93.49,82
modis_2026-07-25_0909_36.33804_8.76052,modis,T,2026-07-25 09:09:00,36.33804,8.76052,53.25,72
modis_2026-07-25_0909_36.19643_8.51814,modis,T,2026-07-25 09:09:00,36.19643,8.51814,119.2,86
modis_2026-07-25_0909_36.18912_8.55026,modis,T,2026-07-25 09:09:00,36.18912,8.55026,55.21,74
modis_2026-07-25_0909_36.20442_8.51322,modis,T,2026-07-25 09:09:00,36.20442,8.51322,79.89,80
modis_2026-07-25_0909_36.19742_8.54505,modis,T,2026-07-25 09:09:00,36.19742,8.54505,87.53,81
modis_2026-07-25_1350_35.28525_8.49656,modis,A,2026-07-25 13:50:00,35.28525,8.49656,54.03,20
modis_2026-07-25_1350_35.27602_8.46000,modis,A,2026-07-25 13:50:00,35.27602,8.46,69.83,56
modis_2026-07-25_1353_36.19698_8.53466,modis,A,2026-07-25 13:53:00,36.19698,8.53466,470.67,94
modis_2026-07-25_1353_36.22673_8.52412,modis,A,2026-07-25 13:53:00,36.22673,8.52412,64.09,50
modis_2026-07-25_1353_36.25812_8.58667,modis,A,2026-07-25 13:53:00,36.25812,8.58667,72.88,69
modis_2026-07-25_1353_36.32856_8.74658,modis,A,2026-07-25 13:53:00,36.32856,8.74658,133.34,73
modis_2026-07-25_1353_38.21875_15.73784,modis,A,2026-07-25 13:53:00,38.21875,15.73784,14.03,70
modis_2026-07-25_1353_36.68931_8.22436,modis,A,2026-07-25 13:53:00,36.68931,8.22436,44.27,36
modis_2026-07-25_1353_38.41304_15.94832,modis,A,2026-07-25 13:53:00,38.41304,15.94832,11.24,74
modis_2026-07-25_1353_38.69118_16.21703,modis,A,2026-07-25 13:53:00,38.69118,16.21703,8.65,47
modis_2026-07-25_1353_38.98993_16.88299,modis,A,2026-07-25 13:53:00,38.98993,16.88299,13.44,59
modis_2026-07-25_1353_39.07025_16.92209,modis,A,2026-07-25 13:53:00,39.07025,16.92209,6.95,67
modis_2026-07-25_1353_39.18006_17.07927,modis,A,2026-07-25 13:53:00,39.18006,17.07927,12.06,78
modis_2026-07-25_1353_39.17820_17.06772,modis,A,2026-07-25 13:53:00,39.1782,17.06772,5.74,71
modis_2026-07-25_1353_39.32011_17.07796,modis,A,2026-07-25 13:53:00,39.32011,17.07796,9.58,77
modis_2026-07-25_1353_39.94326_18.21818,modis,A,2026-07-25 13:53:00,39.94326,18.21818,10.22,75
modis_2026-07-25_1353_39.82640_15.80509,modis,A,2026-07-25 13:53:00,39.8264,15.80509,10.86,55
modis_2026-07-25_1353_40.36930_17.84192,modis,A,2026-07-25 13:53:00,40.3693,17.84192,15.7,77
modis_2026-07-25_1353_40.36758_17.83058,modis,A,2026-07-25 13:53:00,40.36758,17.83058,4.6,55
modis_2026-07-25_1353_40.48632_18.00645,modis,A,2026-07-25 13:53:00,40.48632,18.00645,7.5,68
modis_2026-07-25_1353_39.29456_9.34481,modis,A,2026-07-25 13:53:00,39.29456,9.34481,58.72,62
modis_2026-07-25_1353_39.29674_9.36814,modis,A,2026-07-25 13:53:00,39.29674,9.36814,52.47,75
modis_2026-07-25_1353_39.28984_9.33889,modis,A,2026-07-25 13:53:00,39.28984,9.33889,42.52,63
modis_2026-07-25_1353_39.26160_8.97661,modis,A,2026-07-25 13:53:00,39.2616,8.97661,24.11,50
modis_2026-07-25_1353_40.92083_14.48815,modis,A,2026-07-25 13:53:00,40.92083,14.48815,7.01,61
modis_2026-07-25_1353_40.91834_14.47450,modis,A,2026-07-25 13:53:00,40.91834,14.4745,10.25,67
modis_2026-07-25_1353_41.95716_14.83034,modis,A,2026-07-25 13:53:00,41.95716,14.83034,10.71,75
modis_2026-07-25_1353_41.96622_14.82724,modis,A,2026-07-25 13:53:00,41.96622,14.82724,10.56,75
modis_2026-07-25_1353_42.88390_13.82703,modis,A,2026-07-25 13:53:00,42.8839,13.82703,7.88,67
modis_2026-07-25_1353_42.26284_9.08778,modis,A,2026-07-25 13:53:00,42.26284,9.08778,20.83,60
modis_2026-07-25_1353_44.78587_15.90953,modis,A,2026-07-25 13:53:00,44.78587,15.90953,13.84,77
modis_2026-07-25_1353_44.43312_11.88833,modis,A,2026-07-25 13:53:00,44.43312,11.88833,9.65,67
modis_2026-07-25_1353_43.51734_6.06972,modis,A,2026-07-25 13:53:00,43.51734,6.06972,81.68,82
modis_2026-07-25_1353_43.50851_6.03484,modis,A,2026-07-25 13:53:00,43.50851,6.03484,199.34,92
modis_2026-07-25_1353_43.52219_6.02834,modis,A,2026-07-25 13:53:00,43.52219,6.02834,1956.85,100
modis_2026-07-25_1353_43.53598_6.02226,modis,A,2026-07-25 13:53:00,43.53598,6.02226,39.31,72
modis_2026-07-25_1353_43.51982_6.06463,modis,A,2026-07-25 13:53:00,43.51982,6.06463,70.43,77
modis_2026-07-25_1353_43.51066_6.02930,modis,A,2026-07-25 13:53:00,43.51066,6.0293,130.8,88
modis_2026-07-25_1353_43.52435_6.02283,modis,A,2026-07-25 13:53:00,43.52435,6.02283,2197.33,100
modis_2026-07-25_1355_45.55358_13.74340,modis,A,2026-07-25 13:55:00,45.55358,13.7434,6.99,50
modis_2026-07-25_1355_45.37372_11.27712,modis,A,2026-07-25 13:55:00,45.37372,11.27712,19.83,76
modis_2026-07-25_1355_45.40461_11.22202,modis,A,2026-07-25 13:55:00,45.40461,11.22202,12.01,69
modis_2026-07-25_1355_45.42112_11.14294,modis,A,2026-07-25 13:55:00,45.42112,11.14294,8.83,33
modis_2026-07-25_1355_45.50402_11.35627,modis,A,2026-07-25 13:55:00,45.50402,11.35627,14.78,56
modis_2026-07-25_1355_45.75945_12.42546,modis,A,2026-07-25 13:55:00,45.75945,12.42546,6.96,58
modis_2026-07-25_1355_45.75673_12.41068,modis,A,2026-07-25 13:55:00,45.75673,12.41068,12.61,70
modis_2026-07-25_1355_45.76064_11.00003,modis,A,2026-07-25 13:55:00,45.76064,11.00003,12.24,53
modis_2026-07-25_1355_45.86539_8.22847,modis,A,2026-07-25 13:55:00,45.86539,8.22847,12.63,37
modis_2026-07-25_1355_46.10772_8.62649,modis,A,2026-07-25 13:55:00,46.10772,8.62649,15.59,64
modis_2026-07-25_2012_36.12729_7.41009,modis,T,2026-07-25 20:12:00,36.12729,7.41009,25.88,78
modis_2026-07-25_2012_36.12584_7.39486,modis,T,2026-07-25 20:12:00,36.12584,7.39486,31.15,100
modis_2026-07-25_2012_36.13643_7.39330,modis,T,2026-07-25 20:12:00,36.13643,7.3933,25.75,89
modis_2026-07-26_0325_45.48415_10.21662,modis,A,2026-07-26 03:25:00,45.48415,10.21662,4.04,28
modis_2026-07-26_0325_45.15296_9.94101,modis,A,2026-07-26 03:25:00,45.15296,9.94101,6.88,44
modis_2026-07-26_0325_45.15116_9.95327,modis,A,2026-07-26 03:25:00,45.15116,9.95327,6.2,36
modis_2026-07-26_0328_42.63226_9.39853,modis,A,2026-07-26 03:28:00,42.63226,9.39853,41.58,100
modis_2026-07-26_0328_42.63051_9.41019,modis,A,2026-07-26 03:28:00,42.63051,9.41019,9.32,75
modis_2026-07-26_0809_43.18460_17.47569,modis,T,2026-07-26 08:09:00,43.1846,17.47569,8.45,71
modis_2026-07-26_0809_39.93230_15.77909,modis,T,2026-07-26 08:09:00,39.9323,15.77909,31.77,78
modis_2026-07-26_0809_39.93063_15.79036,modis,T,2026-07-26 08:09:00,39.93063,15.79036,16.08,78
modis_2026-07-26_1429_42.25846_9.08813,modis,A,2026-07-26 14:29:00,42.25846,9.08813,16.39,76
modis_2026-07-26_1429_42.25511_9.06422,modis,A,2026-07-26 14:29:00,42.25511,9.06422,10.66,50
modis_2026-07-26_1429_42.61808_9.40822,modis,A,2026-07-26 14:29:00,42.61808,9.40822,344.56,100
modis_2026-07-26_1429_42.61639_9.39575,modis,A,2026-07-26 14:29:00,42.61639,9.39575,134.56,100
modis_2026-07-26_1429_42.62684_9.40568,modis,A,2026-07-26 14:29:00,42.62684,9.40568,112,87
modis_2026-07-26_1429_42.62512_9.39299,modis,A,2026-07-26 14:29:00,42.62512,9.39299,36.34,68
modis_2026-07-26_1429_43.50223_6.04572,modis,A,2026-07-26 14:29:00,43.50223,6.04572,9.77,65
modis_2026-07-26_1429_43.51099_6.04301,modis,A,2026-07-26 14:29:00,43.51099,6.04301,874.67,100
modis_2026-07-26_1429_43.50896_6.03055,modis,A,2026-07-26 14:29:00,43.50896,6.03055,247.71,100
modis_2026-07-26_1429_43.51976_6.04031,modis,A,2026-07-26 14:29:00,43.51976,6.04031,38.92,91
modis_2026-07-26_1429_43.51774_6.02787,modis,A,2026-07-26 14:29:00,43.51774,6.02787,59.38,96
modis_2026-07-26_1431_45.14779_7.03881,modis,A,2026-07-26 14:31:00,45.14779,7.03881,13.63,51
modis_2026-07-26_1429_35.39810_6.37299,modis,A,2026-07-26 14:29:00,35.3981,6.37299,82.67,95
modis_2026-07-26_1429_35.39568_6.35951,modis,A,2026-07-26 14:29:00,35.39568,6.35951,60.36,91
modis_2026-07-26_1429_36.73708_6.25326,modis,A,2026-07-26 14:29:00,36.73708,6.25326,10.94,70
modis_2026-07-26_1429_37.02722_6.47113,modis,A,2026-07-26 14:29:00,37.02722,6.47113,86,91
modis_2026-07-26_1429_37.02489_6.45810,modis,A,2026-07-26 14:29:00,37.02489,6.4581,39.27,41
modis_2026-07-26_1429_37.03866_6.48013,modis,A,2026-07-26 14:29:00,37.03866,6.48013,154.41,100
modis_2026-07-26_1429_37.03643_6.46762,modis,A,2026-07-26 14:29:00,37.03643,6.46762,1222.43,100
modis_2026-07-26_1429_37.03424_6.45528,modis,A,2026-07-26 14:29:00,37.03424,6.45528,191.58,100
modis_2026-07-26_1429_37.02987_6.43078,modis,A,2026-07-26 14:29:00,37.02987,6.43078,76.51,91
modis_2026-07-26_1429_37.04604_6.46629,modis,A,2026-07-26 14:29:00,37.04604,6.46629,28.43,62
modis_2026-07-26_1429_37.04381_6.45372,modis,A,2026-07-26 14:29:00,37.04381,6.45372,20.74,31
modis_2026-07-26_1429_37.04160_6.44130,modis,A,2026-07-26 14:29:00,37.0416,6.4413,17.27,44
modis_2026-07-26_1915_39.23698_16.25766,modis,T,2026-07-26 19:15:00,39.23698,16.25766,5.41,67
modis_2026-07-26_1915_39.27900_16.21891,modis,T,2026-07-26 19:15:00,39.279,16.21891,9.68,15
modis_2026-07-26_1915_39.95338_15.75251,modis,T,2026-07-26 19:15:00,39.95338,15.75251,6.47,75
modis_2026-07-26_1915_45.14213_9.94306,modis,T,2026-07-26 19:15:00,45.14213,9.94306,10.23,74
modis_2026-07-27_0404_45.14594_9.95181,modis,A,2026-07-27 04:04:00,45.14594,9.95181,14.94,27
modis_2026-07-27_0850_45.84963_12.51382,modis,T,2026-07-27 08:50:00,45.84963,12.51382,6.93,57
modis_2026-07-27_0850_45.69340_11.55657,modis,T,2026-07-27 08:50:00,45.6934,11.55657,16.78,79
modis_2026-07-27_0850_45.46033_11.85790,modis,T,2026-07-27 08:50:00,45.46033,11.8579,7.19,65
modis_2026-07-27_0850_45.42659_11.36053,modis,T,2026-07-27 08:50:00,45.42659,11.36053,6.04,59
modis_2026-07-27_0850_37.76461_13.54669,modis,T,2026-07-27 08:50:00,37.76461,13.54669,33.13,50
modis_2026-07-27_0850_45.41926_11.15947,modis,T,2026-07-27 08:50:00,45.41926,11.15947,9.59,61
modis_2026-07-27_0850_45.40596_11.23424,modis,T,2026-07-27 08:50:00,45.40596,11.23424,6.06,44
modis_2026-07-27_0850_45.79012_8.70633,modis,T,2026-07-27 08:50:00,45.79012,8.70633,6.86,59
modis_2026-07-27_0850_45.14259_9.93660,modis,T,2026-07-27 08:50:00,45.14259,9.9366,22.06,0
modis_2026-07-27_0850_45.14030_9.95018,modis,T,2026-07-27 08:50:00,45.1403,9.95018,22.14,62
modis_2026-07-27_0850_44.36674_11.72361,modis,T,2026-07-27 08:50:00,44.36674,11.72361,8.76,41
modis_2026-07-27_0850_44.40496_11.34857,modis,T,2026-07-27 08:50:00,44.40496,11.34857,7.33,54
modis_2026-07-27_0850_43.90826_11.03942,modis,T,2026-07-27 08:50:00,43.90826,11.03942,8.52,64
modis_2026-07-27_0850_43.84407_11.16392,modis,T,2026-07-27 08:50:00,43.84407,11.16392,9.13,29
modis_2026-07-27_1329_37.75716_13.56420,modis,A,2026-07-27 13:29:00,37.75716,13.5642,108.99,82
modis_2026-07-27_1329_37.77118_13.55588,modis,A,2026-07-27 13:29:00,37.77118,13.55588,164.12,87
modis_2026-07-27_1329_37.77839_13.58745,modis,A,2026-07-27 13:29:00,37.77839,13.58745,66.52,51
modis_2026-07-27_1329_37.76876_13.54972,modis,A,2026-07-27 13:29:00,37.76876,13.54972,86.89,63
modis_2026-07-27_1329_37.78263_13.54083,modis,A,2026-07-27 13:29:00,37.78263,13.54083,55.96,47
modis_2026-07-27_1329_38.66352_15.95211,modis,A,2026-07-27 13:29:00,38.66352,15.95211,27.45,65
modis_2026-07-27_1509_43.47259_6.05095,modis,A,2026-07-27 15:09:00,43.47259,6.05095,424.63,100
modis_2026-07-27_1509_43.48474_6.04954,modis,A,2026-07-27 15:09:00,43.48474,6.04954,352.23,100
modis_2026-07-27_1509_43.47965_6.06753,modis,A,2026-07-27 15:09:00,43.47965,6.06753,208.67,100
modis_2026-07-27_1509_43.47778_6.04287,modis,A,2026-07-27 15:09:00,43.47778,6.04287,380.68,100
modis_2026-07-27_1951_36.75022_6.25593,modis,T,2026-07-27 19:51:00,36.75022,6.25593,6.32,75
modis_2026-07-27_1951_36.87270_6.98342,modis,T,2026-07-27 19:51:00,36.8727,6.98342,6.4,76
modis_2026-07-27_1951_38.04988_14.87161,modis,T,2026-07-27 19:51:00,38.04988,14.87161,14.18,52
modis_2026-07-27_1951_38.04935_14.86516,modis,T,2026-07-27 19:51:00,38.04935,14.86516,20.07,70
modis_2026-07-27_1953_43.48121_6.05746,modis,T,2026-07-27 19:53:00,43.48121,6.05746,15.6,99
modis_2026-07-27_1953_43.47964_6.04535,modis,T,2026-07-27 19:53:00,43.47964,6.04535,12.42,93
modis_2026-07-27_1953_43.48999_6.05534,modis,T,2026-07-27 19:53:00,43.48999,6.05534,7.37,76
modis_2026-07-27_1953_43.48840_6.04318,modis,T,2026-07-27 19:53:00,43.4884,6.04318,6.32,71
modis_2026-07-27_1953_45.14389_9.94245,modis,T,2026-07-27 19:53:00,45.14389,9.94245,13.29,80
modis_2026-07-27_1953_45.87593_8.01994,modis,T,2026-07-27 19:53:00,45.87593,8.01994,7.42,38
modis_2026-07-28_0926_44.94682_7.66643,modis,T,2026-07-28 09:26:00,44.94682,7.66643,21.47,66
modis_2026-07-28_1408_36.74276_6.26580,modis,A,2026-07-28 14:08:00,36.74276,6.2658,27.39,51
modis_2026-07-28_1408_36.73647_6.23856,modis,A,2026-07-28 14:08:00,36.73647,6.23856,31.56,43
modis_2026-07-28_1408_38.89239_16.26038,modis,A,2026-07-28 14:08:00,38.89239,16.26038,6.84,54
modis_2026-07-28_1408_41.22623_15.62212,modis,A,2026-07-28 14:08:00,41.22623,15.62212,21.7,82
modis_2026-07-28_1408_41.03112_13.98720,modis,A,2026-07-28 14:08:00,41.03112,13.9872,7.75,60
modis_2026-07-28_1408_40.27368_8.79379,modis,A,2026-07-28 14:08:00,40.27368,8.79379,16.22,77
modis_2026-07-28_1408_41.59395_15.61004,modis,A,2026-07-28 14:08:00,41.59395,15.61004,13.51,79
modis_2026-07-28_1408_41.73566_12.35845,modis,A,2026-07-28 14:08:00,41.73566,12.35845,14.22,79
modis_2026-07-28_1410_43.67151_16.07100,modis,A,2026-07-28 14:10:00,43.67151,16.071,8.55,70
modis_2026-07-28_1410_44.40738_7.81133,modis,A,2026-07-28 14:10:00,44.40738,7.81133,11.96,52
modis_2026-07-28_1410_44.68771_7.89938,modis,A,2026-07-28 14:10:00,44.68771,7.89938,11.17,61
modis_2026-07-28_1410_44.64368_7.61712,modis,A,2026-07-28 14:10:00,44.64368,7.61712,11.09,33
modis_2026-07-28_1410_45.14462_9.93738,modis,A,2026-07-28 14:10:00,45.14462,9.93738,11.48,59
modis_2026-07-28_1410_44.96638_7.92833,modis,A,2026-07-28 14:10:00,44.96638,7.92833,31.76,83
modis_2026-07-28_1410_44.92686_7.62373,modis,A,2026-07-28 14:10:00,44.92686,7.62373,11.79,36
modis_2026-07-28_1410_45.97475_12.61780,modis,A,2026-07-28 14:10:00,45.97475,12.6178,8.06,60
modis_2026-07-28_1410_45.19055_7.78845,modis,A,2026-07-28 14:10:00,45.19055,7.78845,11.27,36
modis_2026-07-28_1410_45.21981_7.61403,modis,A,2026-07-28 14:10:00,45.21981,7.61403,12.65,67
modis_2026-07-28_1410_45.46826_7.91780,modis,A,2026-07-28 14:10:00,45.46826,7.9178,12.27,72
modis_2026-07-28_1853_40.17493_15.39444,modis,T,2026-07-28 18:53:00,40.17493,15.39444,10.97,72
modis_2026-07-28_1853_41.03431_15.93279,modis,T,2026-07-28 18:53:00,41.03431,15.93279,17.58,87
modis_2026-07-28_1853_41.03149_15.91716,modis,T,2026-07-28 18:53:00,41.03149,15.91716,13.67,79
modis_2026-07-29_0342_45.14927_9.93855,modis,A,2026-07-29 03:42:00,45.14927,9.93855,6.88,61
modis_2026-07-29_0342_45.14673_9.95257,modis,A,2026-07-29 03:42:00,45.14673,9.95257,9.63,74
modis_2026-07-29_0345_36.74526_6.25310,modis,A,2026-07-29 03:45:00,36.74526,6.2531,7.14,66
modis_2026-07-29_0826_46.16876_16.82647,modis,T,2026-07-29 08:26:00,46.16876,16.82647,9.79,67
modis_2026-07-29_0828_45.48103_10.21475,modis,T,2026-07-29 08:28:00,45.48103,10.21475,12.17,72
modis_2026-07-29_0828_44.13815_17.38855,modis,T,2026-07-29 08:28:00,44.13815,17.38855,9.95,60
modis_2026-07-29_0828_44.13474_17.40630,modis,T,2026-07-29 08:28:00,44.13474,17.4063,10.31,61
modis_2026-07-29_0828_45.14594_9.94546,modis,T,2026-07-29 08:28:00,45.14594,9.94546,9.61,65
modis_2026-07-29_0828_44.80273_11.57082,modis,T,2026-07-29 08:28:00,44.80273,11.57082,4.59,43
modis_2026-07-29_0828_44.04459_10.47375,modis,T,2026-07-29 08:28:00,44.04459,10.47375,7.32,61
modis_2026-07-29_0828_42.31120_14.36892,modis,T,2026-07-29 08:28:00,42.3112,14.36892,7.89,66
modis_2026-07-29_0830_37.37287_13.70062,modis,T,2026-07-29 08:30:00,37.37287,13.70062,21.16,76
modis_2026-07-29_0830_36.74409_6.25232,modis,T,2026-07-29 08:30:00,36.74409,6.25232,12.97,70
modis_2026-07-29_1306_40.92509_16.14237,modis,A,2026-07-29 13:06:00,40.92509,16.14237,50.14,72
modis_2026-07-29_1444_35.66301_6.12992,modis,A,2026-07-29 14:44:00,35.66301,6.12992,156.29,100
modis_2026-07-29_1444_35.66143_6.11929,modis,A,2026-07-29 14:44:00,35.66143,6.11929,210.41,100
modis_2026-07-29_1444_36.86856_6.97989,modis,A,2026-07-29 14:44:00,36.86856,6.97989,8.57,37
modis_2026-07-29_1444_38.54241_14.33558,modis,A,2026-07-29 14:44:00,38.54241,14.33558,24.56,36
modis_2026-07-29_1446_43.38934_6.09777,modis,A,2026-07-29 14:46:00,43.38934,6.09777,17.83,77
modis_2026-07-29_1446_43.38767_6.08490,modis,A,2026-07-29 14:46:00,43.38767,6.0849,18.51,77
modis_2026-07-29_1932_40.66395_16.66795,modis,T,2026-07-29 19:32:00,40.66395,16.66795,20.48,87
modis_2026-07-29_1932_40.66233_16.65008,modis,T,2026-07-29 19:32:00,40.66233,16.65008,14.69,78
modis_2026-07-29_1934_43.39972_6.08843,modis,T,2026-07-29 19:34:00,43.39972,6.08843,12.45,83
modis_2026-07-29_1934_43.39714_6.07388,modis,T,2026-07-29 19:34:00,43.39714,6.07388,8.15,69
modis_2026-07-29_1934_45.14597_9.94281,modis,T,2026-07-29 19:34:00,45.14597,9.94281,12.4,95
modis_2026-07-30_0907_47.34930_8.25276,modis,T,2026-07-30 09:07:00,47.3493,8.25276,11.45,54
modis_2026-07-30_0907_47.31211_7.78019,modis,T,2026-07-30 09:07:00,47.31211,7.78019,9.74,42
modis_2026-07-30_0907_45.87380_12.35025,modis,T,2026-07-30 09:07:00,45.8738,12.35025,28.49,74
modis_2026-07-30_0907_45.86325_11.01663,modis,T,2026-07-30 09:07:00,45.86325,11.01663,15.17,22
modis_2026-07-30_0907_45.76467_9.06592,modis,T,2026-07-30 09:07:00,45.76467,9.06592,32.65,82
modis_2026-07-30_0907_45.61854_9.32206,modis,T,2026-07-30 09:07:00,45.61854,9.32206,12.63,51
modis_2026-07-30_0907_45.78062_8.27911,modis,T,2026-07-30 09:07:00,45.78062,8.27911,9.55,41
modis_2026-07-30_0907_45.76017_8.27131,modis,T,2026-07-30 09:07:00,45.76017,8.27131,9.36,37
modis_2026-07-30_0907_45.49243_9.41871,modis,T,2026-07-30 09:07:00,45.49243,9.41871,16.69,65
modis_2026-07-30_0907_45.55572_8.23780,modis,T,2026-07-30 09:07:00,45.55572,8.2378,8.12,42
modis_2026-07-30_0907_45.49993_8.15227,modis,T,2026-07-30 09:07:00,45.49993,8.15227,19.51,74
modis_2026-07-30_0907_45.01772_7.94587,modis,T,2026-07-30 09:07:00,45.01772,7.94587,13.61,71
modis_2026-07-30_0907_44.97483_7.73556,modis,T,2026-07-30 09:07:00,44.97483,7.73556,12.73,70
modis_2026-07-30_1344_37.31932_13.96184,modis,A,2026-07-30 13:44:00,37.31932,13.96184,29.34,80
modis_2026-07-30_1344_38.56313_16.11430,modis,A,2026-07-30 13:44:00,38.56313,16.1143,12.58,74
modis_2026-07-30_1344_38.78909_16.37816,modis,A,2026-07-30 13:44:00,38.78909,16.37816,30.94,81
modis_2026-07-30_1344_38.78657_16.36434,modis,A,2026-07-30 13:44:00,38.78657,16.36434,33.35,83
modis_2026-07-30_1344_38.78925_16.37304,modis,A,2026-07-30 13:44:00,38.78925,16.37304,42.67,86
modis_2026-07-30_1344_38.78662_16.35898,modis,A,2026-07-30 13:44:00,38.78662,16.35898,9.12,50
modis_2026-07-30_1344_39.96840_18.17116,modis,A,2026-07-30 13:44:00,39.9684,18.17116,6.42,55
modis_2026-07-30_1344_39.70693_16.10047,modis,A,2026-07-30 13:44:00,39.70693,16.10047,15.39,67
modis_2026-07-30_1344_39.75104_16.11858,modis,A,2026-07-30 13:44:00,39.75104,16.11858,35.15,84
modis_2026-07-30_1344_39.74866_16.10569,modis,A,2026-07-30 13:44:00,39.74866,16.10569,16.65,52
modis_2026-07-30_1344_40.66898_16.64253,modis,A,2026-07-30 13:44:00,40.66898,16.64253,9,38
modis_2026-07-30_1346_42.16220_12.51784,modis,A,2026-07-30 13:46:00,42.1622,12.51784,41.95,82
modis_2026-07-30_1346_42.15809_12.49823,modis,A,2026-07-30 13:46:00,42.15809,12.49823,61.6,87
modis_2026-07-30_1346_42.15601_12.49432,modis,A,2026-07-30 13:46:00,42.15601,12.49432,26.35,76
modis_2026-07-30_1346_44.64355_15.38522,modis,A,2026-07-30 13:46:00,44.64355,15.38522,12.76,70
modis_2026-07-30_1346_45.54557_13.74644,modis,A,2026-07-30 13:46:00,45.54557,13.74644,6.66,32
modis_2026-07-30_1346_45.55511_13.74272,modis,A,2026-07-30 13:46:00,45.55511,13.74272,10.08,36
modis_2026-07-30_1346_45.53403_12.28976,modis,A,2026-07-30 13:46:00,45.53403,12.28976,11.24,51
modis_2026-07-30_1346_45.93024_12.64936,modis,A,2026-07-30 13:46:00,45.93024,12.64936,12.92,46
modis_2026-07-30_1834_44.62697_17.80707,modis,T,2026-07-30 18:34:00,44.62697,17.80707,63.91,100
modis_2026-07-30_1834_44.62286_17.78693,modis,T,2026-07-30 18:34:00,44.62286,17.78693,32.17,97
modis_2026-07-30_2012_37.76761_15.09284,modis,T,2026-07-30 20:12:00,37.76761,15.09284,107.52,80
modis_2026-07-31_0319_41.79495_15.76036,modis,A,2026-07-31 03:19:00,41.79495,15.76036,9.93,55
modis_2026-07-31_0319_41.79191_15.77584,modis,A,2026-07-31 03:19:00,41.79191,15.77584,16.97,80
modis_2026-07-31_0319_41.79419_15.76984,modis,A,2026-07-31 03:19:00,41.79419,15.76984,24.42,93
modis_2026-07-31_0321_36.74582_6.25733,modis,A,2026-07-31 03:21:00,36.74582,6.25733,8.36,68
modis_2026-07-31_0319_46.42931_13.61713,modis,A,2026-07-31 03:19:00,46.42931,13.61713,8.29,69
modis_2026-07-31_0319_44.62990_17.80498,modis,A,2026-07-31 03:19:00,44.6299,17.80498,94.42,100
modis_2026-07-31_0319_44.62623_17.82286,modis,A,2026-07-31 03:19:00,44.62623,17.82286,33.83,98
modis_2026-07-31_0809_37.97163_15.70888,modis,T,2026-07-31 08:09:00,37.97163,15.70888,8.15,49
modis_2026-07-31_0809_37.25594_14.00077,modis,T,2026-07-31 08:09:00,37.25594,14.00077,13.41,75
modis_2026-07-31_0809_44.62000_17.79493,modis,T,2026-07-31 08:09:00,44.62,17.79493,16.34,79
modis_2026-07-31_0809_44.61816_17.80720,modis,T,2026-07-31 08:09:00,44.61816,17.8072,34.17,89
modis_2026-07-31_0809_41.81661_15.71306,modis,T,2026-07-31 08:09:00,41.81661,15.71306,6.81,52
modis_2026-07-31_0809_41.79102_15.76693,modis,T,2026-07-31 08:09:00,41.79102,15.76693,6.55,58
modis_2026-07-31_0809_41.43599_15.59477,modis,T,2026-07-31 08:09:00,41.43599,15.59477,20.86,83
viirs_snpp_2026-07-31_0134_47.28153_18.89341,viirs_snpp,N,2026-07-31 01:34:00,47.28153,18.89341,1.54,nominal
viirs_snpp_2026-07-31_0137_47.46731_12.63073,viirs_snpp,N,2026-07-31 01:37:00,47.46731,12.63073,0.73,nominal
viirs_snpp_2026-07-31_0137_46.42667_13.61520,viirs_snpp,N,2026-07-31 01:37:00,46.42667,13.6152,2.89,nominal
viirs_snpp_2026-07-31_0137_47.17603_7.56531,viirs_snpp,N,2026-07-31 01:37:00,47.17603,7.56531,1.06,nominal
viirs_snpp_2026-07-31_0137_47.17345_7.55915,viirs_snpp,N,2026-07-31 01:37:00,47.17345,7.55915,1.49,nominal
viirs_snpp_2026-07-31_0137_47.17271_7.56429,viirs_snpp,N,2026-07-31 01:37:00,47.17271,7.56429,1.49,nominal
viirs_snpp_2026-07-31_0137_46.17689_12.73750,viirs_snpp,N,2026-07-31 01:37:00,46.17689,12.7375,0.99,nominal
viirs_snpp_2026-07-31_0137_44.62394_17.80141,viirs_snpp,N,2026-07-31 01:37:00,44.62394,17.80141,94.01,nominal
viirs_snpp_2026-07-31_0137_44.62237_17.80767,viirs_snpp,N,2026-07-31 01:37:00,44.62237,17.80767,31.14,nominal
viirs_snpp_2026-07-31_0137_44.61954_17.79961,viirs_snpp,N,2026-07-31 01:37:00,44.61954,17.79961,2.54,nominal
viirs_snpp_2026-07-31_0137_45.51508_10.34551,viirs_snpp,N,2026-07-31 01:37:00,45.51508,10.34551,1.2,nominal
viirs_snpp_2026-07-31_0137_45.51102_10.24884,viirs_snpp,N,2026-07-31 01:37:00,45.51102,10.24884,1.31,nominal
viirs_snpp_2026-07-31_0137_45.46074_10.45395,viirs_snpp,N,2026-07-31 01:37:00,45.46074,10.45395,3.22,nominal
viirs_snpp_2026-07-31_0137_45.45959_10.45737,viirs_snpp,N,2026-07-31 01:37:00,45.45959,10.45737,2.37,nominal
viirs_snpp_2026-07-31_0137_45.47839_10.20941,viirs_snpp,N,2026-07-31 01:37:00,45.47839,10.20941,1.22,nominal
viirs_snpp_2026-07-31_0137_45.14656_9.94071,viirs_snpp,N,2026-07-31 01:37:00,45.14656,9.94071,7.99,nominal
viirs_snpp_2026-07-31_0137_45.14571_9.94563,viirs_snpp,N,2026-07-31 01:37:00,45.14571,9.94563,3.46,nominal
viirs_snpp_2026-07-31_0137_45.14326_9.93957,viirs_snpp,N,2026-07-31 01:37:00,45.14326,9.93957,2.88,nominal
viirs_snpp_2026-07-31_0137_43.54193_16.44162,viirs_snpp,N,2026-07-31 01:37:00,43.54193,16.44162,1.03,nominal
viirs_snpp_2026-07-31_0137_44.37923_8.29187,viirs_snpp,N,2026-07-31 01:37:00,44.37923,8.29187,1.06,nominal
viirs_snpp_2026-07-31_0137_43.79383_7.37519,viirs_snpp,N,2026-07-31 01:37:00,43.79383,7.37519,1.46,nominal
viirs_snpp_2026-07-31_0137_41.79219_15.76096,viirs_snpp,N,2026-07-31 01:37:00,41.79219,15.76096,2.23,nominal
viirs_snpp_2026-07-31_0137_41.78808_15.75858,viirs_snpp,N,2026-07-31 01:37:00,41.78808,15.75858,1.65,nominal
viirs_snpp_2026-07-31_0137_41.70314_15.08907,viirs_snpp,N,2026-07-31 01:37:00,41.70314,15.08907,0.81,nominal
viirs_snpp_2026-07-31_0137_41.39613_15.74159,viirs_snpp,N,2026-07-31 01:37:00,41.39613,15.74159,1.71,nominal
viirs_snpp_2026-07-31_0137_41.49219_15.11547,viirs_snpp,N,2026-07-31 01:37:00,41.49219,15.11547,0.88,nominal
viirs_snpp_2026-07-31_0137_40.93630_16.96142,viirs_snpp,N,2026-07-31 01:37:00,40.9363,16.96142,2.38,nominal
viirs_snpp_2026-07-31_0137_40.62688_18.00118,viirs_snpp,N,2026-07-31 01:37:00,40.62688,18.00118,0.8,nominal
viirs_snpp_2026-07-31_0137_40.55811_9.67089,viirs_snpp,N,2026-07-31 01:37:00,40.55811,9.67089,1.79,nominal
viirs_snpp_2026-07-31_0139_38.79659_15.21131,viirs_snpp,N,2026-07-31 01:39:00,38.79659,15.21131,1.66,nominal
viirs_snpp_2026-07-31_0139_38.79532_15.21659,viirs_snpp,N,2026-07-31 01:39:00,38.79532,15.21659,1.66,nominal
viirs_snpp_2026-07-31_0139_38.79226_15.20899,viirs_snpp,N,2026-07-31 01:39:00,38.79226,15.20899,1.66,nominal
viirs_snpp_2026-07-31_0139_38.79112_15.21375,viirs_snpp,N,2026-07-31 01:39:00,38.79112,15.21375,1.66,nominal
viirs_snpp_2026-07-31_0139_38.03057_15.71903,viirs_snpp,N,2026-07-31 01:39:00,38.03057,15.71903,2.13,nominal
viirs_snpp_2026-07-31_0139_38.03101_15.71954,viirs_snpp,N,2026-07-31 01:39:00,38.03101,15.71954,2.1,nominal
viirs_snpp_2026-07-31_0139_37.97589_15.71510,viirs_snpp,N,2026-07-31 01:39:00,37.97589,15.7151,3.57,nominal
viirs_snpp_2026-07-31_0139_37.97093_15.71447,viirs_snpp,N,2026-07-31 01:39:00,37.97093,15.71447,3.57,nominal
viirs_snpp_2026-07-31_0139_37.76186_15.00225,viirs_snpp,N,2026-07-31 01:39:00,37.76186,15.00225,8.76,nominal
viirs_snpp_2026-07-31_0139_37.75344_15.01649,viirs_snpp,N,2026-07-31 01:39:00,37.75344,15.01649,7.95,nominal
viirs_snpp_2026-07-31_0139_37.75148_15.00432,viirs_snpp,N,2026-07-31 01:39:00,37.75148,15.00432,7.95,nominal
viirs_snpp_2026-07-31_0139_37.74883_14.99501,viirs_snpp,N,2026-07-31 01:39:00,37.74883,14.99501,2.75,nominal
viirs_snpp_2026-07-31_0139_37.74699_15.00251,viirs_snpp,N,2026-07-31 01:39:00,37.74699,15.00251,1.48,nominal
viirs_snpp_2026-07-31_0139_37.44082_15.02827,viirs_snpp,N,2026-07-31 01:39:00,37.44082,15.02827,1.01,nominal
viirs_snpp_2026-07-31_0139_36.67755_9.91990,viirs_snpp,N,2026-07-31 01:39:00,36.67755,9.9199,1.14,nominal
viirs_snpp_2026-07-31_0139_36.46156_10.05574,viirs_snpp,N,2026-07-31 01:39:00,36.46156,10.05574,0.74,nominal
viirs_snpp_2026-07-31_0139_36.88290_6.96057,viirs_snpp,N,2026-07-31 01:39:00,36.8829,6.96057,1.58,nominal
viirs_snpp_2026-07-31_0139_36.86843_6.98414,viirs_snpp,N,2026-07-31 01:39:00,36.86843,6.98414,2.09,nominal
viirs_snpp_2026-07-31_0139_36.86751_6.98165,viirs_snpp,N,2026-07-31 01:39:00,36.86751,6.98165,2.69,nominal
viirs_snpp_2026-07-31_0139_36.76230_7.30909,viirs_snpp,N,2026-07-31 01:39:00,36.7623,7.30909,1.57,nominal
viirs_snpp_2026-07-31_0139_36.74688_6.25646,viirs_snpp,N,2026-07-31 01:39:00,36.74688,6.25646,3.6,nominal
viirs_snpp_2026-07-31_0139_36.74429_6.25132,viirs_snpp,N,2026-07-31 01:39:00,36.74429,6.25132,1.7,nominal
viirs_snpp_2026-07-31_0139_36.42963_6.62318,viirs_snpp,N,2026-07-31 01:39:00,36.42963,6.62318,1.11,nominal
viirs_snpp_2026-07-31_0139_35.14496_11.00791,viirs_snpp,N,2026-07-31 01:39:00,35.14496,11.00791,0.34,nominal
viirs_snpp_2026-07-31_0139_35.76596_7.36186,viirs_snpp,N,2026-07-31 01:39:00,35.76596,7.36186,0.84,nominal
viirs_snpp_2026-07-31_0139_35.86899_6.02558,viirs_snpp,N,2026-07-31 01:39:00,35.86899,6.02558,1.7,nominal
viirs_snpp_2026-07-31_0139_35.86828_6.02984,viirs_snpp,N,2026-07-31 01:39:00,35.86828,6.02984,1.7,nominal
viirs_snpp_2026-07-31_0139_35.23288_8.17296,viirs_snpp,N,2026-07-31 01:39:00,35.23288,8.17296,1.71,nominal
viirs_snpp_2026-07-31_0139_35.23292_8.17084,viirs_snpp,N,2026-07-31 01:39:00,35.23292,8.17084,1.3,nominal
viirs_snpp_2026-07-31_1119_36.68569_15.07788,viirs_snpp,N,2026-07-31 11:19:00,36.68569,15.07788,3.94,nominal
viirs_snpp_2026-07-31_1119_37.08016_14.38004,viirs_snpp,N,2026-07-31 11:19:00,37.08016,14.38004,16.6,high
viirs_snpp_2026-07-31_1119_37.12232_14.53530,viirs_snpp,N,2026-07-31 11:19:00,37.12232,14.5353,4.7,nominal
viirs_snpp_2026-07-31_1119_37.07884_14.37521,viirs_snpp,N,2026-07-31 11:19:00,37.07884,14.37521,10.25,nominal
viirs_snpp_2026-07-31_1119_37.12789_14.53357,viirs_snpp,N,2026-07-31 11:19:00,37.12789,14.53357,9.87,high
viirs_snpp_2026-07-31_1119_37.12910_14.53803,viirs_snpp,N,2026-07-31 11:19:00,37.1291,14.53803,10.79,nominal
viirs_snpp_2026-07-31_1119_37.23207_13.93909,viirs_snpp,N,2026-07-31 11:19:00,37.23207,13.93909,11.57,high
viirs_snpp_2026-07-31_1119_37.23340_13.94386,viirs_snpp,N,2026-07-31 11:19:00,37.2334,13.94386,11.57,nominal
viirs_snpp_2026-07-31_1119_37.26431_14.01003,viirs_snpp,N,2026-07-31 11:19:00,37.26431,14.01003,14.48,nominal
viirs_snpp_2026-07-31_1119_37.26298_14.00524,viirs_snpp,N,2026-07-31 11:19:00,37.26298,14.00524,12.84,nominal
viirs_snpp_2026-07-31_1119_38.32140_15.88509,viirs_snpp,N,2026-07-31 11:19:00,38.3214,15.88509,1.55,nominal
viirs_snpp_2026-07-31_1119_37.58931_12.76333,viirs_snpp,N,2026-07-31 11:19:00,37.58931,12.76333,6.13,low
viirs_snpp_2026-07-31_1119_37.75272_12.66560,viirs_snpp,N,2026-07-31 11:19:00,37.75272,12.6656,3.95,low
viirs_snpp_2026-07-31_1119_37.75357_12.66753,viirs_snpp,N,2026-07-31 11:19:00,37.75357,12.66753,3.39,nominal
viirs_snpp_2026-07-31_1119_37.93142_12.66534,viirs_snpp,N,2026-07-31 11:19:00,37.93142,12.66534,8.1,nominal
viirs_snpp_2026-07-31_1119_36.95161_9.44316,viirs_snpp,N,2026-07-31 11:19:00,36.95161,9.44316,73.92,high
viirs_snpp_2026-07-31_1119_36.94928_9.43595,viirs_snpp,N,2026-07-31 11:19:00,36.94928,9.43595,57.97,nominal
viirs_snpp_2026-07-31_1119_36.94670_9.42800,viirs_snpp,N,2026-07-31 11:19:00,36.9467,9.428,57.97,nominal
viirs_snpp_2026-07-31_1119_36.94456_9.43701,viirs_snpp,N,2026-07-31 11:19:00,36.94456,9.43701,14.29,high
viirs_snpp_2026-07-31_1119_36.94680_9.44379,viirs_snpp,N,2026-07-31 11:19:00,36.9468,9.44379,14.29,nominal
viirs_snpp_2026-07-31_1119_36.95379_9.44117,viirs_snpp,N,2026-07-31 11:19:00,36.95379,9.44117,54.33,high
viirs_snpp_2026-07-31_1119_36.95134_9.43375,viirs_snpp,N,2026-07-31 11:19:00,36.95134,9.43375,54.33,high
viirs_snpp_2026-07-31_1119_36.94859_9.42541,viirs_snpp,N,2026-07-31 11:19:00,36.94859,9.42541,27.4,nominal
viirs_snpp_2026-07-31_1119_40.04026_18.34404,viirs_snpp,N,2026-07-31 11:19:00,40.04026,18.34404,2.75,nominal
viirs_snpp_2026-07-31_1119_40.04446_18.34241,viirs_snpp,N,2026-07-31 11:19:00,40.04446,18.34241,1.35,low
viirs_snpp_2026-07-31_1119_40.03729_18.31117,viirs_snpp,N,2026-07-31 11:19:00,40.03729,18.31117,3.12,nominal
viirs_snpp_2026-07-31_1119_40.04150_18.30954,viirs_snpp,N,2026-07-31 11:19:00,40.0415,18.30954,3.12,nominal
viirs_snpp_2026-07-31_1119_40.04810_18.31840,viirs_snpp,N,2026-07-31 11:19:00,40.0481,18.3184,11.51,nominal
viirs_snpp_2026-07-31_1119_40.26233_18.16264,viirs_snpp,N,2026-07-31 11:19:00,40.26233,18.16264,5.04,nominal
viirs_snpp_2026-07-31_1119_40.33189_17.98206,viirs_snpp,N,2026-07-31 11:19:00,40.33189,17.98206,1.73,low
viirs_snpp_2026-07-31_1119_39.87879_15.89316,viirs_snpp,N,2026-07-31 11:19:00,39.87879,15.89316,2.78,nominal
viirs_snpp_2026-07-31_1119_40.53088_17.52224,viirs_snpp,N,2026-07-31 11:19:00,40.53088,17.52224,6.22,nominal
viirs_snpp_2026-07-31_1119_40.62688_17.75348,viirs_snpp,N,2026-07-31 11:19:00,40.62688,17.75348,4.34,low
viirs_snpp_2026-07-31_1119_40.34366_16.22524,viirs_snpp,N,2026-07-31 11:19:00,40.34366,16.22524,7.49,nominal
viirs_snpp_2026-07-31_1119_40.34846_16.22408,viirs_snpp,N,2026-07-31 11:19:00,40.34846,16.22408,68.8,nominal
viirs_snpp_2026-07-31_1121_40.85440_16.82747,viirs_snpp,N,2026-07-31 11:21:00,40.8544,16.82747,2.73,low
viirs_snpp_2026-07-31_1121_40.90889_15.63624,viirs_snpp,N,2026-07-31 11:21:00,40.90889,15.63624,12.16,nominal
viirs_snpp_2026-07-31_1121_40.90731_15.62992,viirs_snpp,N,2026-07-31 11:21:00,40.90731,15.62992,5.47,nominal
viirs_snpp_2026-07-31_1121_40.90715_15.63585,viirs_snpp,N,2026-07-31 11:21:00,40.90715,15.63585,7.51,nominal
viirs_snpp_2026-07-31_1121_40.90553_15.62954,viirs_snpp,N,2026-07-31 11:21:00,40.90553,15.62954,7.51,nominal
viirs_snpp_2026-07-31_1121_40.91197_15.63442,viirs_snpp,N,2026-07-31 11:21:00,40.91197,15.63442,8.94,nominal
viirs_snpp_2026-07-31_1121_41.00544_15.94213,viirs_snpp,N,2026-07-31 11:21:00,41.00544,15.94213,32.99,nominal
viirs_snpp_2026-07-31_1121_41.32687_15.62015,viirs_snpp,N,2026-07-31 11:21:00,41.32687,15.62015,12.52,nominal
viirs_snpp_2026-07-31_1121_41.32983_15.61149,viirs_snpp,N,2026-07-31 11:21:00,41.32983,15.61149,2.91,nominal
viirs_snpp_2026-07-31_1121_41.33610_15.61604,viirs_snpp,N,2026-07-31 11:21:00,41.3361,15.61604,5.88,nominal
viirs_snpp_2026-07-31_1121_41.39037_15.75245,viirs_snpp,N,2026-07-31 11:21:00,41.39037,15.75245,12.05,nominal
viirs_snpp_2026-07-31_1121_41.33550_15.61507,viirs_snpp,N,2026-07-31 11:21:00,41.3355,15.61507,1.71,low
viirs_snpp_2026-07-31_1121_41.42832_15.92056,viirs_snpp,N,2026-07-31 11:21:00,41.42832,15.92056,7.77,low
viirs_snpp_2026-07-31_1121_41.39059_15.75108,viirs_snpp,N,2026-07-31 11:21:00,41.39059,15.75108,13.57,nominal
viirs_snpp_2026-07-31_1121_41.45558_15.90869,viirs_snpp,N,2026-07-31 11:21:00,41.45558,15.90869,20.03,nominal
viirs_snpp_2026-07-31_1121_41.69583_15.46759,viirs_snpp,N,2026-07-31 11:21:00,41.69583,15.46759,5.62,nominal
viirs_snpp_2026-07-31_1121_41.88689_16.15521,viirs_snpp,N,2026-07-31 11:21:00,41.88689,16.15521,10.2,nominal
viirs_snpp_2026-07-31_1121_41.88540_16.14911,viirs_snpp,N,2026-07-31 11:21:00,41.8854,16.14911,10.2,nominal
viirs_snpp_2026-07-31_1121_41.89130_16.15318,viirs_snpp,N,2026-07-31 11:21:00,41.8913,16.15318,10.2,nominal
viirs_snpp_2026-07-31_1121_41.88982_16.14711,viirs_snpp,N,2026-07-31 11:21:00,41.88982,16.14711,10.2,nominal
viirs_snpp_2026-07-31_1121_41.74472_15.11506,viirs_snpp,N,2026-07-31 11:21:00,41.74472,15.11506,5.75,low
viirs_snpp_2026-07-31_1121_41.84643_15.35413,viirs_snpp,N,2026-07-31 11:21:00,41.84643,15.35413,0.84,low
viirs_snpp_2026-07-31_1121_41.84559_15.35530,viirs_snpp,N,2026-07-31 11:21:00,41.84559,15.3553,1.54,nominal
viirs_snpp_2026-07-31_1121_41.82780_15.18526,viirs_snpp,N,2026-07-31 11:21:00,41.8278,15.18526,2.55,low
viirs_snpp_2026-07-31_1121_42.67581_18.31153,viirs_snpp,N,2026-07-31 11:21:00,42.67581,18.31153,12.72,high
viirs_snpp_2026-07-31_1121_42.67680_18.31595,viirs_snpp,N,2026-07-31 11:21:00,42.6768,18.31595,17.87,nominal
viirs_snpp_2026-07-31_1121_42.68074_18.31429,viirs_snpp,N,2026-07-31 11:21:00,42.68074,18.31429,12.51,nominal
viirs_snpp_2026-07-31_1121_42.67972_18.30972,viirs_snpp,N,2026-07-31 11:21:00,42.67972,18.30972,7.05,nominal
viirs_snpp_2026-07-31_1121_41.93910_14.74584,viirs_snpp,N,2026-07-31 11:21:00,41.9391,14.74584,4,low
viirs_snpp_2026-07-31_1121_40.68884_9.43722,viirs_snpp,N,2026-07-31 11:21:00,40.68884,9.43722,27.08,high
viirs_snpp_2026-07-31_1121_40.69559_9.43595,viirs_snpp,N,2026-07-31 11:21:00,40.69559,9.43595,97.93,high
viirs_snpp_2026-07-31_1121_40.69369_9.42996,viirs_snpp,N,2026-07-31 11:21:00,40.69369,9.42996,39.9,nominal
viirs_snpp_2026-07-31_1121_40.69633_9.43762,viirs_snpp,N,2026-07-31 11:21:00,40.69633,9.43762,47.67,high
viirs_snpp_2026-07-31_1121_40.69443_9.43173,viirs_snpp,N,2026-07-31 11:21:00,40.69443,9.43173,47.67,nominal
viirs_snpp_2026-07-31_1121_43.28497_17.57550,viirs_snpp,N,2026-07-31 11:21:00,43.28497,17.5755,7.56,nominal
viirs_snpp_2026-07-31_1121_43.28788_17.56896,viirs_snpp,N,2026-07-31 11:21:00,43.28788,17.56896,7.56,nominal
viirs_snpp_2026-07-31_1121_42.28876_13.37504,viirs_snpp,N,2026-07-31 11:21:00,42.28876,13.37504,7.84,low
viirs_snpp_2026-07-31_1121_42.28597_13.36475,viirs_snpp,N,2026-07-31 11:21:00,42.28597,13.36475,7.32,nominal
viirs_snpp_2026-07-31_1121_43.40884_17.58949,viirs_snpp,N,2026-07-31 11:21:00,43.40884,17.58949,8.31,nominal
viirs_snpp_2026-07-31_1121_43.40766_17.58431,viirs_snpp,N,2026-07-31 11:21:00,43.40766,17.58431,5.8,nominal
viirs_snpp_2026-07-31_1121_44.62399_17.80576,viirs_snpp,N,2026-07-31 11:21:00,44.62399,17.80576,18.97,nominal
viirs_snpp_2026-07-31_1121_44.98114_16.15022,viirs_snpp,N,2026-07-31 11:21:00,44.98114,16.15022,5.66,nominal
viirs_snpp_2026-07-31_1121_45.71177_16.04889,viirs_snpp,N,2026-07-31 11:21:00,45.71177,16.04889,2.47,nominal
viirs_snpp_2026-07-31_1121_45.71145_16.04661,viirs_snpp,N,2026-07-31 11:21:00,45.71145,16.04661,2.88,nominal
viirs_snpp_2026-07-31_1121_45.46172_10.45704,viirs_snpp,N,2026-07-31 11:21:00,45.46172,10.45704,2.06,nominal
viirs_snpp_2026-07-31_1121_46.42148_13.61714,viirs_snpp,N,2026-07-31 11:21:00,46.42148,13.61714,10,nominal
viirs_snpp_2026-07-31_1121_46.42632_13.61660,viirs_snpp,N,2026-07-31 11:21:00,46.42632,13.6166,10,nominal
viirs_snpp_2026-07-31_1121_46.63424_14.31171,viirs_snpp,N,2026-07-31 11:21:00,46.63424,14.31171,3.12,nominal
viirs_snpp_2026-07-31_1121_46.06294_9.48199,viirs_snpp,N,2026-07-31 11:21:00,46.06294,9.48199,9.57,nominal
viirs_snpp_2026-07-31_1121_46.06049_9.47383,viirs_snpp,N,2026-07-31 11:21:00,46.06049,9.47383,5.35,nominal
viirs_snpp_2026-07-31_1259_35.34847_6.43349,viirs_snpp,N,2026-07-31 12:59:00,35.34847,6.43349,9.47,nominal
viirs_snpp_2026-07-31_1259_37.07864_14.38453,viirs_snpp,N,2026-07-31 12:59:00,37.07864,14.38453,5.09,nominal
viirs_snpp_2026-07-31_1259_37.07837_14.37939,viirs_snpp,N,2026-07-31 12:59:00,37.07837,14.37939,4.09,nominal
viirs_snpp_2026-07-31_1259_37.07813_14.37465,viirs_snpp,N,2026-07-31 12:59:00,37.07813,14.37465,4.09,nominal
viirs_snpp_2026-07-31_1259_37.14354_15.18549,viirs_snpp,N,2026-07-31 12:59:00,37.14354,15.18549,2.17,nominal
viirs_snpp_2026-07-31_1259_37.24112_13.93990,viirs_snpp,N,2026-07-31 12:59:00,37.24112,13.9399,3.62,nominal
viirs_snpp_2026-07-31_1259_37.24086_13.93516,viirs_snpp,N,2026-07-31 12:59:00,37.24086,13.93516,3.62,nominal
viirs_snpp_2026-07-31_1259_37.26182_14.01052,viirs_snpp,N,2026-07-31 12:59:00,37.26182,14.01052,2.98,low
viirs_snpp_2026-07-31_1259_36.94897_9.44163,viirs_snpp,N,2026-07-31 12:59:00,36.94897,9.44163,8.3,high
viirs_snpp_2026-07-31_1259_36.94950_9.44735,viirs_snpp,N,2026-07-31 12:59:00,36.9495,9.44735,8.3,nominal
viirs_snpp_2026-07-31_1259_36.94846_9.43617,viirs_snpp,N,2026-07-31 12:59:00,36.94846,9.43617,1.49,nominal
viirs_snpp_2026-07-31_1259_37.29962_14.03095,viirs_snpp,N,2026-07-31 12:59:00,37.29962,14.03095,2.84,nominal
viirs_snpp_2026-07-31_1259_36.77608_6.67337,viirs_snpp,N,2026-07-31 12:59:00,36.77608,6.67337,4.74,nominal
viirs_snpp_2026-07-31_1259_36.74445_6.25736,viirs_snpp,N,2026-07-31 12:59:00,36.74445,6.25736,9.1,low
viirs_snpp_2026-07-31_1259_37.36706_13.51751,viirs_snpp,N,2026-07-31 12:59:00,37.36706,13.51751,2.07,low
viirs_snpp_2026-07-31_1259_36.86930_6.98528,viirs_snpp,N,2026-07-31 12:59:00,36.8693,6.98528,8.24,nominal
viirs_snpp_2026-07-31_1259_37.57859_13.65141,viirs_snpp,N,2026-07-31 12:59:00,37.57859,13.65141,25.22,high
viirs_snpp_2026-07-31_1259_37.57825_13.64545,viirs_snpp,N,2026-07-31 12:59:00,37.57825,13.64545,34.49,high
viirs_snpp_2026-07-31_1259_37.58409_13.65063,viirs_snpp,N,2026-07-31 12:59:00,37.58409,13.65063,25.22,high
viirs_snpp_2026-07-31_1259_37.58443_13.65636,viirs_snpp,N,2026-07-31 12:59:00,37.58443,13.65636,25.22,nominal
viirs_snpp_2026-07-31_1259_37.58379_13.64530,viirs_snpp,N,2026-07-31 12:59:00,37.58379,13.6453,34.49,nominal
viirs_snpp_2026-07-31_1259_37.58934_13.64545,viirs_snpp,N,2026-07-31 12:59:00,37.58934,13.64545,10.36,high
viirs_snpp_2026-07-31_1259_37.58903_13.63997,viirs_snpp,N,2026-07-31 12:59:00,37.58903,13.63997,10.36,nominal
viirs_snpp_2026-07-31_1259_37.29098_9.64246,viirs_snpp,N,2026-07-31 12:59:00,37.29098,9.64246,3.86,low
viirs_snpp_2026-07-31_1259_37.29050_9.63719,viirs_snpp,N,2026-07-31 12:59:00,37.2905,9.63719,3.86,nominal
viirs_snpp_2026-07-31_1259_37.58377_13.65154,viirs_snpp,N,2026-07-31 12:59:00,37.58377,13.65154,10.63,high
viirs_snpp_2026-07-31_1259_37.58350_13.64610,viirs_snpp,N,2026-07-31 12:59:00,37.5835,13.6461,21.7,high
viirs_snpp_2026-07-31_1259_37.58408_13.65748,viirs_snpp,N,2026-07-31 12:59:00,37.58408,13.65748,10.63,nominal
viirs_snpp_2026-07-31_1259_37.58323_13.64085,viirs_snpp,N,2026-07-31 12:59:00,37.58323,13.64085,21.7,nominal
viirs_snpp_2026-07-31_1259_37.58905_13.64627,viirs_snpp,N,2026-07-31 12:59:00,37.58905,13.64627,21.7,high
viirs_snpp_2026-07-31_1259_37.58931_13.65125,viirs_snpp,N,2026-07-31 12:59:00,37.58931,13.65125,10.63,nominal
viirs_snpp_2026-07-31_1259_37.58877_13.64082,viirs_snpp,N,2026-07-31 12:59:00,37.58877,13.64082,21.7,nominal
viirs_snpp_2026-07-31_1259_37.59275_12.76013,viirs_snpp,N,2026-07-31 12:59:00,37.59275,12.76013,4.78,nominal
viirs_snpp_2026-07-31_1259_37.75072_15.03703,viirs_snpp,N,2026-07-31 12:59:00,37.75072,15.03703,62.92,high
viirs_snpp_2026-07-31_1259_37.75014_12.67193,viirs_snpp,N,2026-07-31 12:59:00,37.75014,12.67193,4.2,nominal
viirs_snpp_2026-07-31_1301_37.74986_12.66997,viirs_snpp,N,2026-07-31 13:01:00,37.74986,12.66997,3.57,nominal
viirs_snpp_2026-07-31_1301_37.91792_12.66941,viirs_snpp,N,2026-07-31 13:01:00,37.91792,12.66941,4.5,nominal
viirs_snpp_2026-07-31_1301_37.92865_12.67216,viirs_snpp,N,2026-07-31 13:01:00,37.92865,12.67216,2.93,nominal
viirs_snpp_2026-07-31_1301_38.95311_17.11435,viirs_snpp,N,2026-07-31 13:01:00,38.95311,17.11435,2.93,low
viirs_snpp_2026-07-31_1301_39.75639_15.81762,viirs_snpp,N,2026-07-31 13:01:00,39.75639,15.81762,5.39,nominal
viirs_snpp_2026-07-31_1301_40.04105_18.31039,viirs_snpp,N,2026-07-31 13:01:00,40.04105,18.31039,4.04,nominal
viirs_snpp_2026-07-31_1301_40.25979_18.16605,viirs_snpp,N,2026-07-31 13:01:00,40.25979,18.16605,14.16,nominal
viirs_snpp_2026-07-31_1301_40.25974_18.15748,viirs_snpp,N,2026-07-31 13:01:00,40.25974,18.15748,11.32,nominal
viirs_snpp_2026-07-31_1301_40.34111_16.22130,viirs_snpp,N,2026-07-31 13:01:00,40.34111,16.2213,5.92,nominal
viirs_snpp_2026-07-31_1301_40.34766_16.22646,viirs_snpp,N,2026-07-31 13:01:00,40.34766,16.22646,5.92,low
viirs_snpp_2026-07-31_1301_40.34750_16.21965,viirs_snpp,N,2026-07-31 13:01:00,40.3475,16.21965,5.92,low
viirs_snpp_2026-07-31_1301_40.90136_15.63192,viirs_snpp,N,2026-07-31 13:01:00,40.90136,15.63192,7.95,high
viirs_snpp_2026-07-31_1301_40.90760_15.63069,viirs_snpp,N,2026-07-31 13:01:00,40.9076,15.63069,8.88,nominal
viirs_snpp_2026-07-31_1301_40.92832_16.16211,viirs_snpp,N,2026-07-31 13:01:00,40.92832,16.16211,5.5,nominal
viirs_snpp_2026-07-31_1301_40.93475_16.16184,viirs_snpp,N,2026-07-31 13:01:00,40.93475,16.16184,33.68,high
viirs_snpp_2026-07-31_1301_40.93455_16.15409,viirs_snpp,N,2026-07-31 13:01:00,40.93455,16.15409,20.63,nominal
viirs_snpp_2026-07-31_1301_40.90416_15.62809,viirs_snpp,N,2026-07-31 13:01:00,40.90416,15.62809,8.05,high
viirs_snpp_2026-07-31_1301_40.90433_15.63557,viirs_snpp,N,2026-07-31 13:01:00,40.90433,15.63557,8.05,nominal
viirs_snpp_2026-07-31_1301_40.91040_15.62667,viirs_snpp,N,2026-07-31 13:01:00,40.9104,15.62667,8.03,nominal
viirs_snpp_2026-07-31_1301_40.92836_16.15929,viirs_snpp,N,2026-07-31 13:01:00,40.92836,16.15929,8.77,high
viirs_snpp_2026-07-31_1301_40.93479_16.15889,viirs_snpp,N,2026-07-31 13:01:00,40.93479,16.15889,31.69,high
viirs_snpp_2026-07-31_1301_40.95320_15.58338,viirs_snpp,N,2026-07-31 13:01:00,40.9532,15.58338,3.79,nominal
viirs_snpp_2026-07-31_1301_40.92820_14.25816,viirs_snpp,N,2026-07-31 13:01:00,40.9282,14.25816,6.81,high
viirs_snpp_2026-07-31_1301_40.98758_15.94060,viirs_snpp,N,2026-07-31 13:01:00,40.98758,15.9406,7.68,nominal
viirs_snpp_2026-07-31_1301_40.99396_15.94068,viirs_snpp,N,2026-07-31 13:01:00,40.99396,15.94068,6.72,nominal
viirs_snpp_2026-07-31_1301_41.00033_15.94060,viirs_snpp,N,2026-07-31 13:01:00,41.00033,15.9406,6.72,high
viirs_snpp_2026-07-31_1301_41.00017_15.93412,viirs_snpp,N,2026-07-31 13:01:00,41.00017,15.93412,6.72,nominal
viirs_snpp_2026-07-31_1301_40.69080_9.43281,viirs_snpp,N,2026-07-31 13:01:00,40.6908,9.43281,15.72,nominal
viirs_snpp_2026-07-31_1301_40.69027_9.42651,viirs_snpp,N,2026-07-31 13:01:00,40.69027,9.42651,10.57,nominal
viirs_snpp_2026-07-31_1301_40.99570_15.93988,viirs_snpp,N,2026-07-31 13:01:00,40.9957,15.93988,11,nominal
viirs_snpp_2026-07-31_1301_41.00207_15.93975,viirs_snpp,N,2026-07-31 13:01:00,41.00207,15.93975,11,nominal
viirs_snpp_2026-07-31_1301_40.69158_9.43071,viirs_snpp,N,2026-07-31 13:01:00,40.69158,9.43071,16.76,nominal
viirs_snpp_2026-07-31_1301_40.69109_9.42439,viirs_snpp,N,2026-07-31 13:01:00,40.69109,9.42439,16.76,nominal
viirs_snpp_2026-07-31_1301_41.07664_15.61126,viirs_snpp,N,2026-07-31 13:01:00,41.07664,15.61126,4.43,nominal
viirs_snpp_2026-07-31_1301_41.12365_15.61573,viirs_snpp,N,2026-07-31 13:01:00,41.12365,15.61573,4.82,nominal
viirs_snpp_2026-07-31_1301_41.15840_15.75195,viirs_snpp,N,2026-07-31 13:01:00,41.1584,15.75195,2.59,low
viirs_snpp_2026-07-31_1301_41.39615_15.97288,viirs_snpp,N,2026-07-31 13:01:00,41.39615,15.97288,1.91,low
viirs_snpp_2026-07-31_1301_41.42698_15.92468,viirs_snpp,N,2026-07-31 13:01:00,41.42698,15.92468,5.9,nominal
viirs_snpp_2026-07-31_1301_41.42862_15.92299,viirs_snpp,N,2026-07-31 13:01:00,41.42862,15.92299,5.75,nominal
viirs_snpp_2026-07-31_1301_41.45387_15.90865,viirs_snpp,N,2026-07-31 13:01:00,41.45387,15.90865,3.65,nominal
viirs_snpp_2026-07-31_1301_41.73338_15.11538,viirs_snpp,N,2026-07-31 13:01:00,41.73338,15.11538,2.5,low
viirs_snpp_2026-07-31_1301_41.81706_15.72200,viirs_snpp,N,2026-07-31 13:01:00,41.81706,15.722,7.21,nominal
viirs_snpp_2026-07-31_1301_41.79412_12.47667,viirs_snpp,N,2026-07-31 13:01:00,41.79412,12.47667,5.64,high
viirs_snpp_2026-07-31_1301_41.93713_14.74480,viirs_snpp,N,2026-07-31 13:01:00,41.93713,14.7448,2.67,nominal
viirs_snpp_2026-07-31_1301_41.99454_14.64722,viirs_snpp,N,2026-07-31 13:01:00,41.99454,14.64722,7.33,nominal
viirs_snpp_2026-07-31_1301_42.00060_14.64826,viirs_snpp,N,2026-07-31 13:01:00,42.0006,14.64826,7.33,high
viirs_snpp_2026-07-31_1301_42.00239_14.64949,viirs_snpp,N,2026-07-31 13:01:00,42.00239,14.64949,3.84,nominal
viirs_snpp_2026-07-31_1301_42.00224_14.64373,viirs_snpp,N,2026-07-31 13:01:00,42.00224,14.64373,3.84,nominal
viirs_snpp_2026-07-31_1301_42.10361_13.08951,viirs_snpp,N,2026-07-31 13:01:00,42.10361,13.08951,3.64,nominal
viirs_snpp_2026-07-31_1301_42.28852_13.38129,viirs_snpp,N,2026-07-31 13:01:00,42.28852,13.38129,5.46,low
viirs_snpp_2026-07-31_1301_42.28777_13.36412,viirs_snpp,N,2026-07-31 13:01:00,42.28777,13.36412,7.24,nominal
viirs_snpp_2026-07-31_1301_42.28426_13.36547,viirs_snpp,N,2026-07-31 13:01:00,42.28426,13.36547,7.35,low
viirs_snpp_2026-07-31_1301_42.29040_13.37760,viirs_snpp,N,2026-07-31 13:01:00,42.2904,13.3776,6.54,low
viirs_snpp_2026-07-31_1301_43.19678_17.44666,viirs_snpp,N,2026-07-31 13:01:00,43.19678,17.44666,3.2,low
viirs_snpp_2026-07-31_1301_43.19592_17.44532,viirs_snpp,N,2026-07-31 13:01:00,43.19592,17.44532,6.81,nominal
viirs_snpp_2026-07-31_1301_43.28589_17.56712,viirs_snpp,N,2026-07-31 13:01:00,43.28589,17.56712,6.25,nominal
viirs_snpp_2026-07-31_1301_43.28509_17.56693,viirs_snpp,N,2026-07-31 13:01:00,43.28509,17.56693,4.56,nominal
viirs_snpp_2026-07-31_1301_44.08142_16.30388,viirs_snpp,N,2026-07-31 13:01:00,44.08142,16.30388,14.81,nominal
viirs_snpp_2026-07-31_1301_44.08134_16.29574,viirs_snpp,N,2026-07-31 13:01:00,44.08134,16.29574,8,nominal
viirs_snpp_2026-07-31_1301_44.08798_16.30314,viirs_snpp,N,2026-07-31 13:01:00,44.08798,16.30314,9.89,nominal
viirs_snpp_2026-07-31_1301_44.62114_17.80672,viirs_snpp,N,2026-07-31 13:01:00,44.62114,17.80672,6.93,nominal
viirs_snpp_2026-07-31_1301_44.62502_17.80564,viirs_snpp,N,2026-07-31 13:01:00,44.62502,17.80564,6.01,nominal
viirs_snpp_2026-07-31_1301_45.08957_13.87550,viirs_snpp,N,2026-07-31 13:01:00,45.08957,13.8755,4.78,nominal
viirs_snpp_2026-07-31_1304_45.14610_9.94321,viirs_snpp,N,2026-07-31 13:04:00,45.1461,9.94321,9.36,nominal
viirs_snpp_2026-07-31_1304_45.14352_9.94295,viirs_snpp,N,2026-07-31 13:04:00,45.14352,9.94295,8.49,nominal
viirs_snpp_2026-07-31_1304_45.46229_10.45503,viirs_snpp,N,2026-07-31 13:04:00,45.46229,10.45503,13.6,nominal
viirs_snpp_2026-07-31_1304_45.71513_11.39097,viirs_snpp,N,2026-07-31 13:04:00,45.71513,11.39097,3.51,nominal
viirs_snpp_2026-08-01_0117_46.52494_11.62806,viirs_snpp,N,2026-08-01 01:17:00,46.52494,11.62806,0.66,nominal
viirs_snpp_2026-08-01_0117_46.06874_13.62773,viirs_snpp,N,2026-08-01 01:17:00,46.06874,13.62773,1.27,nominal
viirs_snpp_2026-08-01_0117_45.76635_11.44993,viirs_snpp,N,2026-08-01 01:17:00,45.76635,11.44993,2.25,nominal
viirs_snpp_2026-08-01_0117_44.62273_17.80358,viirs_snpp,N,2026-08-01 01:17:00,44.62273,17.80358,2.21,nominal
viirs_snpp_2026-08-01_0117_44.41692_18.62289,viirs_snpp,N,2026-08-01 01:17:00,44.41692,18.62289,2.58,nominal
viirs_snpp_2026-08-01_0117_45.78139_8.68152,viirs_snpp,N,2026-08-01 01:17:00,45.78139,8.68152,1.15,nominal
viirs_snpp_2026-08-01_0120_45.14611_9.94326,viirs_snpp,N,2026-08-01 01:20:00,45.14611,9.94326,3.4,nominal
viirs_snpp_2026-08-01_0120_43.33636_17.70435,viirs_snpp,N,2026-08-01 01:20:00,43.33636,17.70435,1.01,nominal
viirs_snpp_2026-08-01_0120_43.60574_16.21348,viirs_snpp,N,2026-08-01 01:20:00,43.60574,16.21348,6.04,nominal
viirs_snpp_2026-08-01_0120_43.60228_16.21224,viirs_snpp,N,2026-08-01 01:20:00,43.60228,16.21224,6.04,nominal
viirs_snpp_2026-08-01_0120_43.29075_17.58304,viirs_snpp,N,2026-08-01 01:20:00,43.29075,17.58304,2.5,nominal
viirs_snpp_2026-08-01_0120_43.28711_17.58171,viirs_snpp,N,2026-08-01 01:20:00,43.28711,17.58171,6.36,nominal
viirs_snpp_2026-08-01_0120_42.53565_18.94911,viirs_snpp,N,2026-08-01 01:20:00,42.53565,18.94911,0.54,nominal
viirs_snpp_2026-08-01_0120_42.67467_18.29958,viirs_snpp,N,2026-08-01 01:20:00,42.67467,18.29958,2.51,nominal
viirs_snpp_2026-08-01_0120_42.66950_18.30452,viirs_snpp,N,2026-08-01 01:20:00,42.6695,18.30452,2.51,nominal
viirs_snpp_2026-08-01_0120_42.67442_18.29959,viirs_snpp,N,2026-08-01 01:20:00,42.67442,18.29959,2.16,nominal
viirs_snpp_2026-08-01_0120_42.66928_18.30456,viirs_snpp,N,2026-08-01 01:20:00,42.66928,18.30456,3.81,nominal
viirs_snpp_2026-08-01_0120_43.36501_12.54820,viirs_snpp,N,2026-08-01 01:20:00,43.36501,12.5482,0.49,nominal
viirs_snpp_2026-08-01_0120_43.79214_7.37462,viirs_snpp,N,2026-08-01 01:20:00,43.79214,7.37462,1.88,nominal
viirs_snpp_2026-08-01_0120_43.50803_6.06433,viirs_snpp,N,2026-08-01 01:20:00,43.50803,6.06433,2.87,nominal
viirs_snpp_2026-08-01_0120_43.50735_6.07118,viirs_snpp,N,2026-08-01 01:20:00,43.50735,6.07118,2.87,nominal
viirs_snpp_2026-08-01_0120_43.50476_6.05663,viirs_snpp,N,2026-08-01 01:20:00,43.50476,6.05663,3.07,nominal
viirs_snpp_2026-08-01_0120_43.50409_6.06343,viirs_snpp,N,2026-08-01 01:20:00,43.50409,6.06343,4.36,nominal
viirs_snpp_2026-08-01_0120_43.50341_6.07026,viirs_snpp,N,2026-08-01 01:20:00,43.50341,6.07026,4.36,nominal
viirs_snpp_2026-08-01_0120_43.50083_6.05557,viirs_snpp,N,2026-08-01 01:20:00,43.50083,6.05557,3.07,nominal
viirs_snpp_2026-08-01_0120_43.49824_6.04082,viirs_snpp,N,2026-08-01 01:20:00,43.49824,6.04082,5.64,nominal
viirs_snpp_2026-08-01_0120_43.49281_6.09623,viirs_snpp,N,2026-08-01 01:20:00,43.49281,6.09623,4.36,nominal
viirs_snpp_2026-08-01_0120_43.49210_6.10341,viirs_snpp,N,2026-08-01 01:20:00,43.4921,6.10341,1.04,nominal
viirs_snpp_2026-08-01_0120_43.49141_6.11040,viirs_snpp,N,2026-08-01 01:20:00,43.49141,6.1104,1.04,nominal
viirs_snpp_2026-08-01_0120_43.49075_6.11716,viirs_snpp,N,2026-08-01 01:20:00,43.49075,6.11716,2.78,nominal
viirs_snpp_2026-08-01_0120_43.49429_6.03993,viirs_snpp,N,2026-08-01 01:20:00,43.49429,6.03993,5.64,nominal
viirs_snpp_2026-08-01_0120_43.48549_6.12973,viirs_snpp,N,2026-08-01 01:20:00,43.48549,6.12973,1.1,nominal
viirs_snpp_2026-08-01_0120_43.50623_6.06479,viirs_snpp,N,2026-08-01 01:20:00,43.50623,6.06479,10.58,nominal
viirs_snpp_2026-08-01_0120_43.50552_6.07163,viirs_snpp,N,2026-08-01 01:20:00,43.50552,6.07163,3.01,nominal
viirs_snpp_2026-08-01_0120_43.50301_6.05705,viirs_snpp,N,2026-08-01 01:20:00,43.50301,6.05705,8.1,nominal
viirs_snpp_2026-08-01_0120_43.50050_6.04230,viirs_snpp,N,2026-08-01 01:20:00,43.5005,6.0423,5.69,nominal
viirs_snpp_2026-08-01_0120_43.49478_6.09756,viirs_snpp,N,2026-08-01 01:20:00,43.49478,6.09756,2.03,nominal
viirs_snpp_2026-08-01_0120_43.49263_6.11830,viirs_snpp,N,2026-08-01 01:20:00,43.49263,6.1183,1.76,nominal
viirs_snpp_2026-08-01_0120_43.49656_6.04130,viirs_snpp,N,2026-08-01 01:20:00,43.49656,6.0413,9.39,nominal
viirs_snpp_2026-08-01_0120_43.49085_6.09665,viirs_snpp,N,2026-08-01 01:20:00,43.49085,6.09665,1.57,nominal
viirs_snpp_2026-08-01_0120_43.49010_6.10384,viirs_snpp,N,2026-08-01 01:20:00,43.4901,6.10384,1.57,nominal
viirs_snpp_2026-08-01_0120_43.48405_6.12346,viirs_snpp,N,2026-08-01 01:20:00,43.48405,6.12346,1.27,nominal
viirs_snpp_2026-08-01_0120_43.48336_6.13013,viirs_snpp,N,2026-08-01 01:20:00,43.48336,6.13013,1.27,nominal
viirs_snpp_2026-08-01_0120_43.48792_6.04686,viirs_snpp,N,2026-08-01 01:20:00,43.48792,6.04686,2.21,nominal
viirs_snpp_2026-08-01_0120_43.47829_6.10128,viirs_snpp,N,2026-08-01 01:20:00,43.47829,6.10128,5.18,nominal
viirs_snpp_2026-08-01_0120_43.47757_6.10830,viirs_snpp,N,2026-08-01 01:20:00,43.47757,6.1083,2.27,nominal
viirs_snpp_2026-08-01_0120_43.47619_6.12169,viirs_snpp,N,2026-08-01 01:20:00,43.47619,6.12169,3.5,nominal
viirs_snpp_2026-08-01_0120_42.93245_10.53671,viirs_snpp,N,2026-08-01 01:20:00,42.93245,10.53671,1.4,nominal
viirs_snpp_2026-08-01_0120_43.47508_6.09334,viirs_snpp,N,2026-08-01 01:20:00,43.47508,6.09334,2.15,nominal
viirs_snpp_2026-08-01_0120_43.47437_6.10029,viirs_snpp,N,2026-08-01 01:20:00,43.47437,6.10029,2.15,nominal
viirs_snpp_2026-08-01_0120_43.47366_6.10720,viirs_snpp,N,2026-08-01 01:20:00,43.47366,6.1072,2.33,nominal
viirs_snpp_2026-08-01_0120_43.47390_6.06560,viirs_snpp,N,2026-08-01 01:20:00,43.4739,6.0656,3.2,nominal
viirs_snpp_2026-08-01_0120_43.46924_6.07175,viirs_snpp,N,2026-08-01 01:20:00,43.46924,6.07175,3.24,nominal
viirs_snpp_2026-08-01_0120_43.46994_6.06489,viirs_snpp,N,2026-08-01 01:20:00,43.46994,6.06489,3.24,nominal
viirs_snpp_2026-08-01_0120_43.46457_6.07802,viirs_snpp,N,2026-08-01 01:20:00,43.46457,6.07802,3.54,nominal
viirs_snpp_2026-08-01_0120_43.46387_6.08486,viirs_snpp,N,2026-08-01 01:20:00,43.46387,6.08486,3.54,nominal
viirs_snpp_2026-08-01_0120_43.46318_6.09164,viirs_snpp,N,2026-08-01 01:20:00,43.46318,6.09164,2.42,nominal
viirs_snpp_2026-08-01_0120_43.46250_6.09830,viirs_snpp,N,2026-08-01 01:20:00,43.4625,6.0983,2.42,nominal
viirs_snpp_2026-08-01_0120_43.45856_6.09746,viirs_snpp,N,2026-08-01 01:20:00,43.45856,6.09746,11.03,nominal
viirs_snpp_2026-08-01_0120_43.45789_6.10411,viirs_snpp,N,2026-08-01 01:20:00,43.45789,6.10411,13.04,nominal
viirs_snpp_2026-08-01_0120_43.46062_6.07729,viirs_snpp,N,2026-08-01 01:20:00,43.46062,6.07729,1.26,nominal
viirs_snpp_2026-08-01_0120_43.45993_6.08408,viirs_snpp,N,2026-08-01 01:20:00,43.45993,6.08408,1.26,nominal
viirs_snpp_2026-08-01_0120_43.45924_6.09082,viirs_snpp,N,2026-08-01 01:20:00,43.45924,6.09082,11.03,nominal
viirs_snpp_2026-08-01_0120_43.45463_6.09659,viirs_snpp,N,2026-08-01 01:20:00,43.45463,6.09659,11.03,nominal
viirs_snpp_2026-08-01_0120_41.45191_15.88892,viirs_snpp,N,2026-08-01 01:20:00,41.45191,15.88892,7.67,nominal
viirs_snpp_2026-08-01_0120_41.45086_15.89431,viirs_snpp,N,2026-08-01 01:20:00,41.45086,15.89431,8.64,nominal
viirs_snpp_2026-08-01_0120_41.44733_15.89308,viirs_snpp,N,2026-08-01 01:20:00,41.44733,15.89308,0.58,nominal
viirs_snpp_2026-08-01_0120_41.44064_15.90802,viirs_snpp,N,2026-08-01 01:20:00,41.44064,15.90802,1.12,nominal
viirs_snpp_2026-08-01_0120_41.44409_15.39975,viirs_snpp,N,2026-08-01 01:20:00,41.44409,15.39975,3.54,nominal
viirs_snpp_2026-08-01_0120_41.44062_15.39859,viirs_snpp,N,2026-08-01 01:20:00,41.44062,15.39859,2.13,nominal
viirs_snpp_2026-08-01_0120_42.29220_9.06491,viirs_snpp,N,2026-08-01 01:20:00,42.2922,9.06491,1.27,nominal
viirs_snpp_2026-08-01_0120_42.29073_9.06755,viirs_snpp,N,2026-08-01 01:20:00,42.29073,9.06755,0.74,nominal
viirs_snpp_2026-08-01_0120_40.62891_18.00212,viirs_snpp,N,2026-08-01 01:20:00,40.62891,18.00212,1.05,nominal
viirs_snpp_2026-08-01_0120_40.62777_17.99936,viirs_snpp,N,2026-08-01 01:20:00,40.62777,17.99936,1.17,nominal
viirs_snpp_2026-08-01_0120_41.01162_15.94272,viirs_snpp,N,2026-08-01 01:20:00,41.01162,15.94272,1.57,nominal
viirs_snpp_2026-08-01_0120_41.51670_12.67497,viirs_snpp,N,2026-08-01 01:20:00,41.5167,12.67497,1.03,nominal
viirs_snpp_2026-08-01_0120_41.51593_12.67956,viirs_snpp,N,2026-08-01 01:20:00,41.51593,12.67956,1.03,nominal
viirs_snpp_2026-08-01_0120_41.51341_12.67400,viirs_snpp,N,2026-08-01 01:20:00,41.51341,12.674,1.03,nominal
viirs_snpp_2026-08-01_0120_41.51265_12.67860,viirs_snpp,N,2026-08-01 01:20:00,41.51265,12.6786,1.03,nominal
viirs_snpp_2026-08-01_0120_40.95098_15.67197,viirs_snpp,N,2026-08-01 01:20:00,40.95098,15.67197,0.56,nominal
viirs_snpp_2026-08-01_0120_40.95305_15.60363,viirs_snpp,N,2026-08-01 01:20:00,40.95305,15.60363,1.49,nominal
viirs_snpp_2026-08-01_0120_40.95208_15.60861,viirs_snpp,N,2026-08-01 01:20:00,40.95208,15.60861,1.49,nominal
viirs_snpp_2026-08-01_0120_40.94953_15.60250,viirs_snpp,N,2026-08-01 01:20:00,40.94953,15.6025,1.49,nominal
viirs_snpp_2026-08-01_0120_40.66248_16.75709,viirs_snpp,N,2026-08-01 01:20:00,40.66248,16.75709,0.47,nominal
viirs_snpp_2026-08-01_0120_40.65900_16.75495,viirs_snpp,N,2026-08-01 01:20:00,40.659,16.75495,1.83,nominal
viirs_snpp_2026-08-01_0120_40.51764_17.20492,viirs_snpp,N,2026-08-01 01:20:00,40.51764,17.20492,2.96,nominal
viirs_snpp_2026-08-01_0120_40.50241_17.21937,viirs_snpp,N,2026-08-01 01:20:00,40.50241,17.21937,3.88,nominal
viirs_snpp_2026-08-01_0120_39.76102_15.90064,viirs_snpp,N,2026-08-01 01:20:00,39.76102,15.90064,0.54,nominal
viirs_snpp_2026-08-01_0120_40.55645_9.67199,viirs_snpp,N,2026-08-01 01:20:00,40.55645,9.67199,2.01,nominal
viirs_snpp_2026-08-01_0120_38.79666_15.21265,viirs_snpp,N,2026-08-01 01:20:00,38.79666,15.21265,6.16,nominal
viirs_snpp_2026-08-01_0120_38.79315_15.21115,viirs_snpp,N,2026-08-01 01:20:00,38.79315,15.21115,6.16,nominal
viirs_snpp_2026-08-01_0120_39.08136_9.01913,viirs_snpp,N,2026-08-01 01:20:00,39.08136,9.01913,2.76,nominal
viirs_snpp_2026-08-01_0120_37.75705_15.01998,viirs_snpp,N,2026-08-01 01:20:00,37.75705,15.01998,5.92,nominal
viirs_snpp_2026-08-01_0120_37.75576_15.02647,viirs_snpp,N,2026-08-01 01:20:00,37.75576,15.02647,7.3,nominal
viirs_snpp_2026-08-01_0120_37.75447_15.03296,viirs_snpp,N,2026-08-01 01:20:00,37.75447,15.03296,7.3,nominal
viirs_snpp_2026-08-01_0120_37.75324_15.03914,viirs_snpp,N,2026-08-01 01:20:00,37.75324,15.03914,4.55,nominal
viirs_snpp_2026-08-01_0120_37.75827_15.01384,viirs_snpp,N,2026-08-01 01:20:00,37.75827,15.01384,5.92,nominal
viirs_snpp_2026-08-01_0120_37.75079_15.03218,viirs_snpp,N,2026-08-01 01:20:00,37.75079,15.03218,7.3,nominal
viirs_snpp_2026-08-01_0120_37.74954_15.03842,viirs_snpp,N,2026-08-01 01:20:00,37.74954,15.03842,4.55,nominal
viirs_snpp_2026-08-01_0120_37.75209_15.02559,viirs_snpp,N,2026-08-01 01:20:00,37.75209,15.02559,7.3,nominal
viirs_snpp_2026-08-01_0120_37.75367_14.99841,viirs_snpp,N,2026-08-01 01:20:00,37.75367,14.99841,1.97,nominal
viirs_snpp_2026-08-01_0120_37.75005_14.99740,viirs_snpp,N,2026-08-01 01:20:00,37.75005,14.9974,1.97,nominal
viirs_snpp_2026-08-01_0120_37.45095_14.97605,viirs_snpp,N,2026-08-01 01:20:00,37.45095,14.97605,2.25,nominal
viirs_snpp_2026-08-01_0120_37.57744_13.65122,viirs_snpp,N,2026-08-01 01:20:00,37.57744,13.65122,7.28,nominal
viirs_snpp_2026-08-01_0120_37.55503_13.63474,viirs_snpp,N,2026-08-01 01:20:00,37.55503,13.63474,1.49,nominal
viirs_snpp_2026-08-01_0120_37.55252_13.62873,viirs_snpp,N,2026-08-01 01:20:00,37.55252,13.62873,0.11,nominal
viirs_snpp_2026-08-01_0120_37.54911_13.62749,viirs_snpp,N,2026-08-01 01:20:00,37.54911,13.62749,2.78,nominal
viirs_snpp_2026-08-01_0120_37.53985_13.67670,viirs_snpp,N,2026-08-01 01:20:00,37.53985,13.6767,2.37,nominal
viirs_snpp_2026-08-01_0120_37.54570_13.62628,viirs_snpp,N,2026-08-01 01:20:00,37.5457,13.62628,2.78,nominal
viirs_snpp_2026-08-01_0120_37.21144_15.17081,viirs_snpp,N,2026-08-01 01:20:00,37.21144,15.17081,2.36,nominal
viirs_snpp_2026-08-01_0122_36.67770_9.92051,viirs_snpp,N,2026-08-01 01:22:00,36.6777,9.92051,1.15,nominal
viirs_snpp_2026-08-01_0122_36.59079_10.31974,viirs_snpp,N,2026-08-01 01:22:00,36.59079,10.31974,1.06,nominal
viirs_snpp_2026-08-01_0122_36.77975_8.70325,viirs_snpp,N,2026-08-01 01:22:00,36.77975,8.70325,0.62,nominal
viirs_snpp_2026-08-01_0122_36.46339_10.05391,viirs_snpp,N,2026-08-01 01:22:00,36.46339,10.05391,0.95,nominal
viirs_snpp_2026-08-01_0122_36.46009_10.05311,viirs_snpp,N,2026-08-01 01:22:00,36.46009,10.05311,0.49,nominal
viirs_snpp_2026-08-01_0122_36.88263_6.96310,viirs_snpp,N,2026-08-01 01:22:00,36.88263,6.9631,1.7,nominal
viirs_snpp_2026-08-01_0122_36.87812_6.94198,viirs_snpp,N,2026-08-01 01:22:00,36.87812,6.94198,1.66,nominal
viirs_snpp_2026-08-01_0122_36.76154_7.30864,viirs_snpp,N,2026-08-01 01:22:00,36.76154,7.30864,1.57,nominal
viirs_snpp_2026-08-01_0122_36.74566_6.25363,viirs_snpp,N,2026-08-01 01:22:00,36.74566,6.25363,3.22,nominal
viirs_snpp_2026-08-01_0122_36.74502_6.25882,viirs_snpp,N,2026-08-01 01:22:00,36.74502,6.25882,3.22,nominal
viirs_snpp_2026-08-01_0122_36.43126_6.62229,viirs_snpp,N,2026-08-01 01:22:00,36.43126,6.62229,1.81,nominal
viirs_snpp_2026-08-01_0122_35.77575_9.89141,viirs_snpp,N,2026-08-01 01:22:00,35.77575,9.89141,1.62,nominal
viirs_snpp_2026-08-01_0122_35.76567_7.36143,viirs_snpp,N,2026-08-01 01:22:00,35.76567,7.36143,0.82,nominal
viirs_snpp_2026-08-01_0122_35.86878_6.02755,viirs_snpp,N,2026-08-01 01:22:00,35.86878,6.02755,2.5,nominal
viirs_snpp_2026-08-01_0122_35.23333_8.17219,viirs_snpp,N,2026-08-01 01:22:00,35.23333,8.17219,2.33,nominal
viirs_snpp_2026-08-01_0300_43.50493_6.06247,viirs_snpp,N,2026-08-01 03:00:00,43.50493,6.06247,3.15,nominal
viirs_snpp_2026-08-01_0300_43.49324_6.09566,viirs_snpp,N,2026-08-01 03:00:00,43.49324,6.09566,2.44,nominal
viirs_snpp_2026-08-01_0300_43.50142_6.05053,viirs_snpp,N,2026-08-01 03:00:00,43.50142,6.05053,2.25,nominal
viirs_snpp_2026-08-01_0300_43.48668_6.09231,viirs_snpp,N,2026-08-01 03:00:00,43.48668,6.09231,1.27,nominal
viirs_snpp_2026-08-01_0300_43.49764_6.03935,viirs_snpp,N,2026-08-01 03:00:00,43.49764,6.03935,2.09,nominal
viirs_snpp_2026-08-01_0300_43.47749_6.09642,viirs_snpp,N,2026-08-01 03:00:00,43.47749,6.09642,1.29,nominal
viirs_snpp_2026-08-01_0300_43.47491_6.10375,viirs_snpp,N,2026-08-01 03:00:00,43.47491,6.10375,1.29,nominal
viirs_snpp_2026-08-01_0300_43.50255_6.06546,viirs_snpp,N,2026-08-01 03:00:00,43.50255,6.06546,2.05,nominal
viirs_snpp_2026-08-01_0300_43.49130_6.09792,viirs_snpp,N,2026-08-01 03:00:00,43.4913,6.09792,1.57,nominal
viirs_snpp_2026-08-01_0300_43.49897_6.05359,viirs_snpp,N,2026-08-01 03:00:00,43.49897,6.05359,3.43,nominal
viirs_snpp_2026-08-01_0300_43.48472_6.09467,viirs_snpp,N,2026-08-01 03:00:00,43.48472,6.09467,1.57,nominal
viirs_snpp_2026-08-01_0300_43.49539_6.04171,viirs_snpp,N,2026-08-01 03:00:00,43.49539,6.04171,1.26,nominal
viirs_snpp_2026-08-01_0300_43.46669_6.07994,viirs_snpp,N,2026-08-01 03:00:00,43.46669,6.07994,1.71,nominal
viirs_snpp_2026-08-01_0300_43.46058_6.07534,viirs_snpp,N,2026-08-01 03:00:00,43.46058,6.07534,1.71,nominal
viirs_noaa20_2026-07-31_0018_38.03114_15.71740,viirs_noaa20,N20,2026-07-31 00:18:00,38.03114,15.7174,2.51,nominal
viirs_noaa20_2026-07-31_0018_38.02969_15.71756,viirs_noaa20,N20,2026-07-31 00:18:00,38.02969,15.71756,2.33,nominal
viirs_noaa20_2026-07-31_0018_37.97762_15.71423,viirs_noaa20,N20,2026-07-31 00:18:00,37.97762,15.71423,3.07,nominal
viirs_noaa20_2026-07-31_0018_37.77414_15.01481,viirs_noaa20,N20,2026-07-31 00:18:00,37.77414,15.01481,0.41,nominal
viirs_noaa20_2026-07-31_0018_37.77376_15.02019,viirs_noaa20,N20,2026-07-31 00:18:00,37.77376,15.02019,0.46,nominal
viirs_noaa20_2026-07-31_0018_37.76957_15.00997,viirs_noaa20,N20,2026-07-31 00:18:00,37.76957,15.00997,0.41,nominal
viirs_noaa20_2026-07-31_0018_37.76916_15.01577,viirs_noaa20,N20,2026-07-31 00:18:00,37.76916,15.01577,0.41,nominal
viirs_noaa20_2026-07-31_0018_37.76840_15.02626,viirs_noaa20,N20,2026-07-31 00:18:00,37.7684,15.02626,0.46,nominal
viirs_noaa20_2026-07-31_0018_37.76804_15.03132,viirs_noaa20,N20,2026-07-31 00:18:00,37.76804,15.03132,0.47,nominal
viirs_noaa20_2026-07-31_0018_37.76767_15.03644,viirs_noaa20,N20,2026-07-31 00:18:00,37.76767,15.03644,0.47,nominal
viirs_noaa20_2026-07-31_0018_37.76502_15.00474,viirs_noaa20,N20,2026-07-31 00:18:00,37.76502,15.00474,0.69,nominal
viirs_noaa20_2026-07-31_0018_37.76008_15.00510,viirs_noaa20,N20,2026-07-31 00:18:00,37.76008,15.0051,0.69,nominal
viirs_noaa20_2026-07-31_0018_37.77647_15.01383,viirs_noaa20,N20,2026-07-31 00:18:00,37.77647,15.01383,0.52,nominal
viirs_noaa20_2026-07-31_0018_37.77606_15.01918,viirs_noaa20,N20,2026-07-31 00:18:00,37.77606,15.01918,0.52,nominal
viirs_noaa20_2026-07-31_0018_37.77065_15.02550,viirs_noaa20,N20,2026-07-31 00:18:00,37.77065,15.0255,0.57,nominal
viirs_noaa20_2026-07-31_0018_37.77026_15.03059,viirs_noaa20,N20,2026-07-31 00:18:00,37.77026,15.03059,0.57,nominal
viirs_noaa20_2026-07-31_0018_37.76986_15.03577,viirs_noaa20,N20,2026-07-31 00:18:00,37.76986,15.03577,1.59,nominal
viirs_noaa20_2026-07-31_0018_37.76693_15.00975,viirs_noaa20,N20,2026-07-31 00:18:00,37.76693,15.00975,14.53,nominal
viirs_noaa20_2026-07-31_0018_37.76199_15.00994,viirs_noaa20,N20,2026-07-31 00:18:00,37.76199,15.00994,14.53,nominal
viirs_noaa20_2026-07-31_0018_37.76240_15.00455,viirs_noaa20,N20,2026-07-31 00:18:00,37.7624,15.00455,14.53,nominal
viirs_noaa20_2026-07-31_0018_37.75746_15.00471,viirs_noaa20,N20,2026-07-31 00:18:00,37.75746,15.00471,0.96,nominal
viirs_noaa20_2026-07-31_0018_37.75709_15.00966,viirs_noaa20,N20,2026-07-31 00:18:00,37.75709,15.00966,0.96,nominal
viirs_noaa20_2026-07-31_0018_37.75434_15.04571,viirs_noaa20,N20,2026-07-31 00:18:00,37.75434,15.04571,1.74,nominal
viirs_noaa20_2026-07-31_0018_37.75414_14.98354,viirs_noaa20,N20,2026-07-31 00:18:00,37.75414,14.98354,14.87,nominal
viirs_noaa20_2026-07-31_0018_37.75219_15.00926,viirs_noaa20,N20,2026-07-31 00:18:00,37.75219,15.00926,0.96,nominal
viirs_noaa20_2026-07-31_0018_37.74954_15.04419,viirs_noaa20,N20,2026-07-31 00:18:00,37.74954,15.04419,1.74,nominal
viirs_noaa20_2026-07-31_0018_37.74696_15.01331,viirs_noaa20,N20,2026-07-31 00:18:00,37.74696,15.01331,3.87,nominal
viirs_noaa20_2026-07-31_0018_37.74661_15.01791,viirs_noaa20,N20,2026-07-31 00:18:00,37.74661,15.01791,3.87,nominal
viirs_noaa20_2026-07-31_0018_37.74859_14.99174,viirs_noaa20,N20,2026-07-31 00:18:00,37.74859,14.99174,0.73,nominal
viirs_noaa20_2026-07-31_0018_37.74809_14.99837,viirs_noaa20,N20,2026-07-31 00:18:00,37.74809,14.99837,0.73,nominal
viirs_noaa20_2026-07-31_0018_37.74627_15.02242,viirs_noaa20,N20,2026-07-31 00:18:00,37.74627,15.02242,1.1,nominal
viirs_noaa20_2026-07-31_0018_37.74593_15.02693,viirs_noaa20,N20,2026-07-31 00:18:00,37.74593,15.02693,1.1,nominal
viirs_noaa20_2026-07-31_0018_37.74557_15.03170,viirs_noaa20,N20,2026-07-31 00:18:00,37.74557,15.0317,0.98,nominal
viirs_noaa20_2026-07-31_0018_37.74517_15.03693,viirs_noaa20,N20,2026-07-31 00:18:00,37.74517,15.03693,0.98,nominal
viirs_noaa20_2026-07-31_0018_37.74178_15.01679,viirs_noaa20,N20,2026-07-31 00:18:00,37.74178,15.01679,3.87,nominal
viirs_noaa20_2026-07-31_0018_37.74211_15.01234,viirs_noaa20,N20,2026-07-31 00:18:00,37.74211,15.01234,3.87,nominal
viirs_noaa20_2026-07-31_0018_37.74145_15.02113,viirs_noaa20,N20,2026-07-31 00:18:00,37.74145,15.02113,1.1,nominal
viirs_noaa20_2026-07-31_0018_37.73693_15.01569,viirs_noaa20,N20,2026-07-31 00:18:00,37.73693,15.01569,1.07,nominal
viirs_noaa20_2026-07-31_0018_37.78565_12.62756,viirs_noaa20,N20,2026-07-31 00:18:00,37.78565,12.62756,0.44,nominal
viirs_noaa20_2026-07-31_0018_37.13816_14.44222,viirs_noaa20,N20,2026-07-31 00:18:00,37.13816,14.44222,1.19,nominal
viirs_noaa20_2026-07-31_0018_37.12917_14.13131,viirs_noaa20,N20,2026-07-31 00:18:00,37.12917,14.13131,0.85,nominal
viirs_noaa20_2026-07-31_0018_36.98295_15.03878,viirs_noaa20,N20,2026-07-31 00:18:00,36.98295,15.03878,0.69,nominal
viirs_noaa20_2026-07-31_0018_36.98245_15.04534,viirs_noaa20,N20,2026-07-31 00:18:00,36.98245,15.04534,0.88,nominal
viirs_noaa20_2026-07-31_0018_36.76231_7.30315,viirs_noaa20,N20,2026-07-31 00:18:00,36.76231,7.30315,1.75,nominal
viirs_noaa20_2026-07-31_0156_44.62841_17.80200,viirs_noaa20,N20,2026-07-31 01:56:00,44.62841,17.802,27.45,nominal
viirs_noaa20_2026-07-31_0156_44.62648_17.80807,viirs_noaa20,N20,2026-07-31 01:56:00,44.62648,17.80807,23.38,nominal
viirs_noaa20_2026-07-31_0156_44.62270_17.79914,viirs_noaa20,N20,2026-07-31 01:56:00,44.6227,17.79914,27.45,high
viirs_noaa20_2026-07-31_0156_44.62083_17.80500,viirs_noaa20,N20,2026-07-31 01:56:00,44.62083,17.805,23.38,nominal
viirs_noaa20_2026-07-31_0156_44.62573_17.80001,viirs_noaa20,N20,2026-07-31 01:56:00,44.62573,17.80001,40.46,high
viirs_noaa20_2026-07-31_0156_44.62384_17.80605,viirs_noaa20,N20,2026-07-31 01:56:00,44.62384,17.80605,40.46,nominal
viirs_noaa20_2026-07-31_0156_44.62190_17.81228,viirs_noaa20,N20,2026-07-31 01:56:00,44.6219,17.81228,10.7,nominal
viirs_noaa20_2026-07-31_0156_47.17618_7.56342,viirs_noaa20,N20,2026-07-31 01:56:00,47.17618,7.56342,1.54,nominal
viirs_noaa20_2026-07-31_0156_47.17269_7.56188,viirs_noaa20,N20,2026-07-31 01:56:00,47.17269,7.56188,1.54,nominal
viirs_noaa20_2026-07-31_0156_45.42874_11.00304,viirs_noaa20,N20,2026-07-31 01:56:00,45.42874,11.00304,1.26,nominal
viirs_noaa20_2026-07-31_0156_45.46009_10.45596,viirs_noaa20,N20,2026-07-31 01:56:00,45.46009,10.45596,1.42,nominal
viirs_noaa20_2026-07-31_0156_45.41863_9.66266,viirs_noaa20,N20,2026-07-31 01:56:00,45.41863,9.66266,0.41,nominal
viirs_noaa20_2026-07-31_0156_43.54322_16.43934,viirs_noaa20,N20,2026-07-31 01:56:00,43.54322,16.43934,0.92,nominal
viirs_noaa20_2026-07-31_0156_45.14654_9.94427,viirs_noaa20,N20,2026-07-31 01:56:00,45.14654,9.94427,6.23,nominal
viirs_noaa20_2026-07-31_0158_41.78959_15.75973,viirs_noaa20,N20,2026-07-31 01:58:00,41.78959,15.75973,2.29,nominal
viirs_noaa20_2026-07-31_0158_41.79169_15.76040,viirs_noaa20,N20,2026-07-31 01:58:00,41.79169,15.7604,1.46,nominal
viirs_noaa20_2026-07-31_0158_43.79432_7.37094,viirs_noaa20,N20,2026-07-31 01:58:00,43.79432,7.37094,1.2,nominal
viirs_noaa20_2026-07-31_0158_41.62278_15.15511,viirs_noaa20,N20,2026-07-31 01:58:00,41.62278,15.15511,0.55,nominal
viirs_noaa20_2026-07-31_0158_41.62137_15.15746,viirs_noaa20,N20,2026-07-31 01:58:00,41.62137,15.15746,0.63,nominal
viirs_noaa20_2026-07-31_0158_41.39457_15.74455,viirs_noaa20,N20,2026-07-31 01:58:00,41.39457,15.74455,0.72,nominal
viirs_noaa20_2026-07-31_0158_40.93929_16.96149,viirs_noaa20,N20,2026-07-31 01:58:00,40.93929,16.96149,1.37,nominal
viirs_noaa20_2026-07-31_0158_40.93744_16.96049,viirs_noaa20,N20,2026-07-31 01:58:00,40.93744,16.96049,1.09,nominal
viirs_noaa20_2026-07-31_0158_41.49373_15.11820,viirs_noaa20,N20,2026-07-31 01:58:00,41.49373,15.1182,0.86,nominal
viirs_noaa20_2026-07-31_0158_40.55748_9.66996,viirs_noaa20,N20,2026-07-31 01:58:00,40.55748,9.66996,1.88,nominal
viirs_noaa20_2026-07-31_0158_38.79258_15.20977,viirs_noaa20,N20,2026-07-31 01:58:00,38.79258,15.20977,0.96,nominal
viirs_noaa20_2026-07-31_0158_38.03217_15.71554,viirs_noaa20,N20,2026-07-31 01:58:00,38.03217,15.71554,1.5,nominal
viirs_noaa20_2026-07-31_0158_38.03091_15.71971,viirs_noaa20,N20,2026-07-31 01:58:00,38.03091,15.71971,0.94,nominal
viirs_noaa20_2026-07-31_0158_37.97566_15.71424,viirs_noaa20,N20,2026-07-31 01:58:00,37.97566,15.71424,3.55,nominal
viirs_noaa20_2026-07-31_0158_37.75732_15.03892,viirs_noaa20,N20,2026-07-31 01:58:00,37.75732,15.03892,29.28,nominal
viirs_noaa20_2026-07-31_0158_37.75054_15.03848,viirs_noaa20,N20,2026-07-31 01:58:00,37.75054,15.03848,29.28,nominal
viirs_noaa20_2026-07-31_0158_37.74693_15.05041,viirs_noaa20,N20,2026-07-31 01:58:00,37.74693,15.05041,29.28,nominal
viirs_noaa20_2026-07-31_0158_37.31843_13.96704,viirs_noaa20,N20,2026-07-31 01:58:00,37.31843,13.96704,0.97,nominal
viirs_noaa20_2026-07-31_0158_37.31875_13.96596,viirs_noaa20,N20,2026-07-31 01:58:00,37.31875,13.96596,0.42,nominal
viirs_noaa20_2026-07-31_0158_36.67829_9.92083,viirs_noaa20,N20,2026-07-31 01:58:00,36.67829,9.92083,0.65,nominal
viirs_noaa20_2026-07-31_0158_36.86696_6.98563,viirs_noaa20,N20,2026-07-31 01:58:00,36.86696,6.98563,2.35,nominal
viirs_noaa20_2026-07-31_0158_36.87599_6.94558,viirs_noaa20,N20,2026-07-31 01:58:00,36.87599,6.94558,2.08,nominal
viirs_noaa20_2026-07-31_0158_36.86804_6.98082,viirs_noaa20,N20,2026-07-31 01:58:00,36.86804,6.98082,2.35,nominal
viirs_noaa20_2026-07-31_0158_36.76113_7.30754,viirs_noaa20,N20,2026-07-31 01:58:00,36.76113,7.30754,1.17,nominal
viirs_noaa20_2026-07-31_0200_36.74575_6.25604,viirs_noaa20,N20,2026-07-31 02:00:00,36.74575,6.25604,4.44,nominal
viirs_noaa20_2026-07-31_0200_36.43241_6.62070,viirs_noaa20,N20,2026-07-31 02:00:00,36.43241,6.6207,2.17,nominal
viirs_noaa20_2026-07-31_0200_35.86838_6.02619,viirs_noaa20,N20,2026-07-31 02:00:00,35.86838,6.02619,2.03,nominal
viirs_noaa20_2026-07-31_0200_35.23116_8.17275,viirs_noaa20,N20,2026-07-31 02:00:00,35.23116,8.17275,1.32,nominal
viirs_noaa20_2026-07-31_0016_47.28101_18.89271,viirs_noaa20,N20,2026-07-31 00:16:00,47.28101,18.89271,2.32,nominal
viirs_noaa20_2026-07-31_0016_46.74023_15.57214,viirs_noaa20,N20,2026-07-31 00:16:00,46.74023,15.57214,0.47,nominal
viirs_noaa20_2026-07-31_0016_46.42995_13.60958,viirs_noaa20,N20,2026-07-31 00:16:00,46.42995,13.60958,6.13,nominal
viirs_noaa20_2026-07-31_0016_46.42977_13.61516,viirs_noaa20,N20,2026-07-31 00:16:00,46.42977,13.61516,4.98,nominal
viirs_noaa20_2026-07-31_0016_46.42439_13.60577,viirs_noaa20,N20,2026-07-31 00:16:00,46.42439,13.60577,11.05,nominal
viirs_noaa20_2026-07-31_0016_46.42418_13.61220,viirs_noaa20,N20,2026-07-31 00:16:00,46.42418,13.6122,11.87,nominal
viirs_noaa20_2026-07-31_0016_46.07027_13.62754,viirs_noaa20,N20,2026-07-31 00:16:00,46.07027,13.62754,0.81,nominal
viirs_noaa20_2026-07-31_0016_46.06748_13.62560,viirs_noaa20,N20,2026-07-31 00:16:00,46.06748,13.6256,1.06,nominal
viirs_noaa20_2026-07-31_0016_45.48354_10.20905,viirs_noaa20,N20,2026-07-31 00:16:00,45.48354,10.20905,0.79,nominal
viirs_noaa20_2026-07-31_0016_45.47861_10.20929,viirs_noaa20,N20,2026-07-31 00:16:00,45.47861,10.20929,0.71,nominal
viirs_noaa20_2026-07-31_0016_45.46378_10.45192,viirs_noaa20,N20,2026-07-31 00:16:00,45.46378,10.45192,1.53,nominal
viirs_noaa20_2026-07-31_0016_45.14985_9.93828,viirs_noaa20,N20,2026-07-31 00:16:00,45.14985,9.93828,2.05,nominal
viirs_noaa20_2026-07-31_0016_44.62608_17.80226,viirs_noaa20,N20,2026-07-31 00:16:00,44.62608,17.80226,89.79,nominal
viirs_noaa20_2026-07-31_0016_44.62561_17.80851,viirs_noaa20,N20,2026-07-31 00:16:00,44.62561,17.80851,12.01,nominal
viirs_noaa20_2026-07-31_0016_44.62157_17.80129,viirs_noaa20,N20,2026-07-31 00:16:00,44.62157,17.80129,54.21,nominal
viirs_noaa20_2026-07-31_0016_43.66155_11.83531,viirs_noaa20,N20,2026-07-31 00:16:00,43.66155,11.83531,0.74,nominal
viirs_noaa20_2026-07-31_0016_41.79108_15.75873,viirs_noaa20,N20,2026-07-31 00:16:00,41.79108,15.75873,1.05,nominal
viirs_noaa20_2026-07-31_0016_41.62294_15.15610,viirs_noaa20,N20,2026-07-31 00:16:00,41.62294,15.1561,0.72,nominal
viirs_noaa20_2026-07-31_0016_41.58028_15.10490,viirs_noaa20,N20,2026-07-31 00:16:00,41.58028,15.1049,0.82,nominal
viirs_noaa20_2026-07-31_0016_41.58123_15.10779,viirs_noaa20,N20,2026-07-31 00:16:00,41.58123,15.10779,0.63,nominal
viirs_noaa20_2026-07-31_0016_41.39818_15.74439,viirs_noaa20,N20,2026-07-31 00:16:00,41.39818,15.74439,4.07,nominal
viirs_noaa20_2026-07-31_0016_41.34230_15.37185,viirs_noaa20,N20,2026-07-31 00:16:00,41.3423,15.37185,0.77,nominal
viirs_noaa20_2026-07-31_0018_40.63039_18.00148,viirs_noaa20,N20,2026-07-31 00:18:00,40.63039,18.00148,1.12,nominal
viirs_noaa20_2026-07-31_0018_40.52028_17.20866,viirs_noaa20,N20,2026-07-31 00:18:00,40.52028,17.20866,3.94,nominal
viirs_noaa20_2026-07-31_0018_38.79738_15.21076,viirs_noaa20,N20,2026-07-31 00:18:00,38.79738,15.21076,1.39,nominal
viirs_noaa20_2026-07-31_1140_37.07734_14.37796,viirs_noaa20,N20,2026-07-31 11:40:00,37.07734,14.37796,11.6,high
viirs_noaa20_2026-07-31_1140_37.07826_14.38235,viirs_noaa20,N20,2026-07-31 11:40:00,37.07826,14.38235,11.6,nominal
viirs_noaa20_2026-07-31_1140_37.07637_14.37343,viirs_noaa20,N20,2026-07-31 11:40:00,37.07637,14.37343,7.65,nominal
viirs_noaa20_2026-07-31_1140_37.08226_14.38113,viirs_noaa20,N20,2026-07-31 11:40:00,37.08226,14.38113,11.6,nominal
viirs_noaa20_2026-07-31_1140_37.08133_14.37669,viirs_noaa20,N20,2026-07-31 11:40:00,37.08133,14.37669,11.6,nominal
viirs_noaa20_2026-07-31_1140_37.12370_14.53788,viirs_noaa20,N20,2026-07-31 11:40:00,37.1237,14.53788,3.54,nominal
viirs_noaa20_2026-07-31_1140_37.12280_14.53362,viirs_noaa20,N20,2026-07-31 11:40:00,37.1228,14.53362,3.54,low
viirs_noaa20_2026-07-31_1140_37.12679_14.53249,viirs_noaa20,N20,2026-07-31 11:40:00,37.12679,14.53249,8.33,nominal
viirs_noaa20_2026-07-31_1140_37.10178_14.41311,viirs_noaa20,N20,2026-07-31 11:40:00,37.10178,14.41311,23.54,nominal
viirs_noaa20_2026-07-31_1140_37.10669_14.41622,viirs_noaa20,N20,2026-07-31 11:40:00,37.10669,14.41622,15.24,low
viirs_noaa20_2026-07-31_1140_37.10576_14.41183,viirs_noaa20,N20,2026-07-31 11:40:00,37.10576,14.41183,23.54,nominal
viirs_noaa20_2026-07-31_1140_36.46655_10.76008,viirs_noaa20,N20,2026-07-31 11:40:00,36.46655,10.76008,1.61,low
viirs_noaa20_2026-07-31_1140_37.22786_13.94316,viirs_noaa20,N20,2026-07-31 11:40:00,37.22786,13.94316,5.75,nominal
viirs_noaa20_2026-07-31_1140_37.23195_13.94189,viirs_noaa20,N20,2026-07-31 11:40:00,37.23195,13.94189,9.98,nominal
viirs_noaa20_2026-07-31_1140_37.23602_13.94061,viirs_noaa20,N20,2026-07-31 11:40:00,37.23602,13.94061,9.98,nominal
viirs_noaa20_2026-07-31_1140_37.22974_13.94323,viirs_noaa20,N20,2026-07-31 11:40:00,37.22974,13.94323,9.95,nominal
viirs_noaa20_2026-07-31_1140_37.22875_13.93874,viirs_noaa20,N20,2026-07-31 11:40:00,37.22875,13.93874,5.61,nominal
viirs_noaa20_2026-07-31_1140_37.23383_13.94198,viirs_noaa20,N20,2026-07-31 11:40:00,37.23383,13.94198,9.95,nominal
viirs_noaa20_2026-07-31_1140_37.23283_13.93743,viirs_noaa20,N20,2026-07-31 11:40:00,37.23283,13.93743,5.61,nominal
viirs_noaa20_2026-07-31_1140_37.26189_14.01052,viirs_noaa20,N20,2026-07-31 11:40:00,37.26189,14.01052,5.25,nominal
viirs_noaa20_2026-07-31_1140_37.36670_13.51807,viirs_noaa20,N20,2026-07-31 11:40:00,37.3667,13.51807,3.39,low
viirs_noaa20_2026-07-31_1140_37.36687_13.52001,viirs_noaa20,N20,2026-07-31 11:40:00,37.36687,13.52001,4.13,low
viirs_noaa20_2026-07-31_1140_37.37096_13.51839,viirs_noaa20,N20,2026-07-31 11:40:00,37.37096,13.51839,4.13,nominal
viirs_noaa20_2026-07-31_1140_37.37299_13.50755,viirs_noaa20,N20,2026-07-31 11:40:00,37.37299,13.50755,7.67,high
viirs_noaa20_2026-07-31_1140_37.97009_15.71142,viirs_noaa20,N20,2026-07-31 11:40:00,37.97009,15.71142,5.66,low
viirs_noaa20_2026-07-31_1140_37.59447_13.64773,viirs_noaa20,N20,2026-07-31 11:40:00,37.59447,13.64773,67.61,low
viirs_noaa20_2026-07-31_1140_37.59542_13.65209,viirs_noaa20,N20,2026-07-31 11:40:00,37.59542,13.65209,67.61,low
viirs_noaa20_2026-07-31_1140_36.89130_10.31093,viirs_noaa20,N20,2026-07-31 11:40:00,36.8913,10.31093,1.63,low
viirs_noaa20_2026-07-31_1140_37.59359_12.76268,viirs_noaa20,N20,2026-07-31 11:40:00,37.59359,12.76268,5.13,low
viirs_noaa20_2026-07-31_1140_36.94945_9.44290,viirs_noaa20,N20,2026-07-31 11:40:00,36.94945,9.4429,18.55,high
viirs_noaa20_2026-07-31_1140_36.95034_9.44637,viirs_noaa20,N20,2026-07-31 11:40:00,36.95034,9.44637,4.78,nominal
viirs_noaa20_2026-07-31_1140_36.94854_9.43940,viirs_noaa20,N20,2026-07-31 11:40:00,36.94854,9.4394,18.55,nominal
viirs_noaa20_2026-07-31_1140_36.94760_9.43571,viirs_noaa20,N20,2026-07-31 11:40:00,36.9476,9.43571,14.44,nominal
viirs_noaa20_2026-07-31_1140_36.94820_9.44110,viirs_noaa20,N20,2026-07-31 11:40:00,36.9482,9.4411,12.15,high
viirs_noaa20_2026-07-31_1140_36.94910_9.44455,viirs_noaa20,N20,2026-07-31 11:40:00,36.9491,9.44455,12.15,nominal
viirs_noaa20_2026-07-31_1140_36.94726_9.43753,viirs_noaa20,N20,2026-07-31 11:40:00,36.94726,9.43753,12.28,nominal
viirs_noaa20_2026-07-31_1140_36.94628_9.43381,viirs_noaa20,N20,2026-07-31 11:40:00,36.94628,9.43381,12.28,low
viirs_noaa20_2026-07-31_1140_38.50829_16.06529,viirs_noaa20,N20,2026-07-31 11:40:00,38.50829,16.06529,3.31,nominal
viirs_noaa20_2026-07-31_1140_37.92655_12.74025,viirs_noaa20,N20,2026-07-31 11:40:00,37.92655,12.74025,7.95,nominal
viirs_noaa20_2026-07-31_1140_37.92928_12.67086,viirs_noaa20,N20,2026-07-31 11:40:00,37.92928,12.67086,6.72,nominal
viirs_noaa20_2026-07-31_1140_38.68764_16.12676,viirs_noaa20,N20,2026-07-31 11:40:00,38.68764,16.12676,5.86,low
viirs_noaa20_2026-07-31_1140_36.86557_6.98521,viirs_noaa20,N20,2026-07-31 11:40:00,36.86557,6.98521,11.03,high
viirs_noaa20_2026-07-31_1140_36.74361_6.26340,viirs_noaa20,N20,2026-07-31 11:40:00,36.74361,6.2634,7.29,nominal
viirs_noaa20_2026-07-31_1140_36.74191_6.25752,viirs_noaa20,N20,2026-07-31 11:40:00,36.74191,6.25752,12.48,nominal
viirs_noaa20_2026-07-31_1140_36.74832_6.26121,viirs_noaa20,N20,2026-07-31 11:40:00,36.74832,6.26121,7.96,low
viirs_noaa20_2026-07-31_1140_36.74659_6.25537,viirs_noaa20,N20,2026-07-31 11:40:00,36.74659,6.25537,7.96,nominal
viirs_noaa20_2026-07-31_1140_40.03966_18.30988,viirs_noaa20,N20,2026-07-31 11:40:00,40.03966,18.30988,11.12,nominal
viirs_noaa20_2026-07-31_1140_40.04784_18.31717,viirs_noaa20,N20,2026-07-31 11:40:00,40.04784,18.31717,4.77,nominal
viirs_noaa20_2026-07-31_1140_40.26033_18.16387,viirs_noaa20,N20,2026-07-31 11:40:00,40.26033,18.16387,10.01,nominal
viirs_noaa20_2026-07-31_1140_39.87922_15.89161,viirs_noaa20,N20,2026-07-31 11:40:00,39.87922,15.89161,2.7,nominal
viirs_noaa20_2026-07-31_1140_40.52759_17.52092,viirs_noaa20,N20,2026-07-31 11:40:00,40.52759,17.52092,2.95,nominal
viirs_noaa20_2026-07-31_1140_40.34391_16.22399,viirs_noaa20,N20,2026-07-31 11:40:00,40.34391,16.22399,33.08,low
viirs_noaa20_2026-07-31_1140_40.34742_16.22310,viirs_noaa20,N20,2026-07-31 11:40:00,40.34742,16.2231,77.48,low
viirs_noaa20_2026-07-31_1140_40.62441_17.75506,viirs_noaa20,N20,2026-07-31 11:40:00,40.62441,17.75506,3.47,low
viirs_noaa20_2026-07-31_1140_40.34654_16.22075,viirs_noaa20,N20,2026-07-31 11:40:00,40.34654,16.22075,46.7,high
viirs_noaa20_2026-07-31_1140_40.34753_16.22597,viirs_noaa20,N20,2026-07-31 11:40:00,40.34753,16.22597,41.84,nominal
viirs_noaa20_2026-07-31_1140_40.86073_16.49318,viirs_noaa20,N20,2026-07-31 11:40:00,40.86073,16.49318,18.15,low
viirs_noaa20_2026-07-31_1140_40.90456_15.63530,viirs_noaa20,N20,2026-07-31 11:40:00,40.90456,15.6353,9.72,nominal
viirs_noaa20_2026-07-31_1140_40.90811_15.63428,viirs_noaa20,N20,2026-07-31 11:40:00,40.90811,15.63428,9.72,nominal
viirs_noaa20_2026-07-31_1140_40.92585_14.25814,viirs_noaa20,N20,2026-07-31 11:40:00,40.92585,14.25814,5.44,low
viirs_noaa20_2026-07-31_1140_41.01051_14.24591,viirs_noaa20,N20,2026-07-31 11:40:00,41.01051,14.24591,11.59,nominal
viirs_noaa20_2026-07-31_1140_41.45415_15.90938,viirs_noaa20,N20,2026-07-31 11:40:00,41.45415,15.90938,16.77,nominal
viirs_noaa20_2026-07-31_1140_41.45761_15.90824,viirs_noaa20,N20,2026-07-31 11:40:00,41.45761,15.90824,5.93,nominal
viirs_noaa20_2026-07-31_1140_41.21426_14.02097,viirs_noaa20,N20,2026-07-31 11:40:00,41.21426,14.02097,7.01,nominal
viirs_noaa20_2026-07-31_1140_41.69872_15.46915,viirs_noaa20,N20,2026-07-31 11:40:00,41.69872,15.46915,4.31,low
viirs_noaa20_2026-07-31_1140_41.88657_16.15509,viirs_noaa20,N20,2026-07-31 11:40:00,41.88657,16.15509,2.96,low
viirs_noaa20_2026-07-31_1140_41.88563_16.15001,viirs_noaa20,N20,2026-07-31 11:40:00,41.88563,16.15001,8.95,nominal
viirs_noaa20_2026-07-31_1140_41.88998_16.15393,viirs_noaa20,N20,2026-07-31 11:40:00,41.88998,16.15393,2.96,nominal
viirs_noaa20_2026-07-31_1140_41.88904_16.14886,viirs_noaa20,N20,2026-07-31 11:40:00,41.88904,16.14886,8.95,nominal
viirs_noaa20_2026-07-31_1140_41.82431_15.18661,viirs_noaa20,N20,2026-07-31 11:40:00,41.82431,15.18661,11.99,low
viirs_noaa20_2026-07-31_1140_41.53589_13.44858,viirs_noaa20,N20,2026-07-31 11:40:00,41.53589,13.44858,3.98,nominal
viirs_noaa20_2026-07-31_1140_40.69223_9.44242,viirs_noaa20,N20,2026-07-31 11:40:00,40.69223,9.44242,44.13,nominal
viirs_noaa20_2026-07-31_1140_40.69061_9.43597,viirs_noaa20,N20,2026-07-31 11:40:00,40.69061,9.43597,44.13,nominal
viirs_noaa20_2026-07-31_1140_40.69391_9.42868,viirs_noaa20,N20,2026-07-31 11:40:00,40.69391,9.42868,63.16,low
viirs_noaa20_2026-07-31_1140_41.93610_14.74545,viirs_noaa20,N20,2026-07-31 11:40:00,41.9361,14.74545,6.6,low
viirs_noaa20_2026-07-31_1140_42.67707_18.31370,viirs_noaa20,N20,2026-07-31 11:40:00,42.67707,18.3137,13.6,nominal
viirs_noaa20_2026-07-31_1140_42.67632_18.30906,viirs_noaa20,N20,2026-07-31 11:40:00,42.67632,18.30906,13.6,nominal
viirs_noaa20_2026-07-31_1140_42.68034_18.31270,viirs_noaa20,N20,2026-07-31 11:40:00,42.68034,18.3127,7.3,nominal
viirs_noaa20_2026-07-31_1140_41.90320_12.44342,viirs_noaa20,N20,2026-07-31 11:40:00,41.9032,12.44342,4.9,nominal
viirs_noaa20_2026-07-31_1140_42.28493_13.36852,viirs_noaa20,N20,2026-07-31 11:40:00,42.28493,13.36852,9.61,low
viirs_noaa20_2026-07-31_1140_43.18866_17.44301,viirs_noaa20,N20,2026-07-31 11:40:00,43.18866,17.44301,7.81,nominal
viirs_noaa20_2026-07-31_1140_43.28501_17.57051,viirs_noaa20,N20,2026-07-31 11:40:00,43.28501,17.57051,68.03,low
viirs_noaa20_2026-07-31_1140_43.41075_17.58323,viirs_noaa20,N20,2026-07-31 11:40:00,43.41075,17.58323,7.47,low
viirs_noaa20_2026-07-31_1140_42.88296_13.82245,viirs_noaa20,N20,2026-07-31 11:40:00,42.88296,13.82245,2.11,low
viirs_noaa20_2026-07-31_1140_42.52000_8.77186,viirs_noaa20,N20,2026-07-31 11:40:00,42.52,8.77186,15.11,nominal
viirs_noaa20_2026-07-31_1140_42.51844_8.76577,viirs_noaa20,N20,2026-07-31 11:40:00,42.51844,8.76577,15.11,nominal
viirs_noaa20_2026-07-31_1142_43.87747_11.05472,viirs_noaa20,N20,2026-07-31 11:42:00,43.87747,11.05472,1.8,low
viirs_noaa20_2026-07-31_1142_44.51748_11.41070,viirs_noaa20,N20,2026-07-31 11:42:00,44.51748,11.4107,4.44,nominal
viirs_noaa20_2026-07-31_1142_43.48685_6.06487,viirs_noaa20,N20,2026-07-31 11:42:00,43.48685,6.06487,95.66,high
viirs_noaa20_2026-07-31_1142_43.48474_6.05718,viirs_noaa20,N20,2026-07-31 11:42:00,43.48474,6.05718,63.92,nominal
viirs_noaa20_2026-07-31_1142_43.48579_6.06102,viirs_noaa20,N20,2026-07-31 11:42:00,43.48579,6.06102,63.92,low
viirs_noaa20_2026-07-31_1142_44.05035_8.16783,viirs_noaa20,N20,2026-07-31 11:42:00,44.05035,8.16783,5.8,nominal
viirs_noaa20_2026-07-31_1142_43.48637_6.06303,viirs_noaa20,N20,2026-07-31 11:42:00,43.48637,6.06303,83.51,high
viirs_noaa20_2026-07-31_1142_43.48530_6.05920,viirs_noaa20,N20,2026-07-31 11:42:00,43.4853,6.0592,83.51,low
viirs_noaa20_2026-07-31_1142_44.79493_10.57176,viirs_noaa20,N20,2026-07-31 11:42:00,44.79493,10.57176,9.19,nominal
viirs_noaa20_2026-07-31_1142_44.79890_10.56998,viirs_noaa20,N20,2026-07-31 11:42:00,44.7989,10.56998,9.19,nominal
viirs_noaa20_2026-07-31_1142_44.79775_10.56493,viirs_noaa20,N20,2026-07-31 11:42:00,44.79775,10.56493,8.51,nominal
viirs_noaa20_2026-07-31_1142_45.67669_14.11497,viirs_noaa20,N20,2026-07-31 11:42:00,45.67669,14.11497,1.5,low
viirs_noaa20_2026-07-31_1142_46.17180_16.82599,viirs_noaa20,N20,2026-07-31 11:42:00,46.1718,16.82599,2.34,low
viirs_noaa20_2026-07-31_1142_45.62777_12.59601,viirs_noaa20,N20,2026-07-31 11:42:00,45.62777,12.59601,4.6,nominal
viirs_noaa20_2026-07-31_1142_45.62907_12.59408,viirs_noaa20,N20,2026-07-31 11:42:00,45.62907,12.59408,7.06,nominal
viirs_noaa20_2026-07-31_1142_45.63757_12.59724,viirs_noaa20,N20,2026-07-31 11:42:00,45.63757,12.59724,3.68,low
viirs_noaa20_2026-07-31_1142_45.89320_13.46993,viirs_noaa20,N20,2026-07-31 11:42:00,45.8932,13.46993,5.93,nominal
viirs_noaa20_2026-07-31_1142_45.14434_9.94166,viirs_noaa20,N20,2026-07-31 11:42:00,45.14434,9.94166,3.96,low
viirs_noaa20_2026-07-31_1142_45.66958_12.21507,viirs_noaa20,N20,2026-07-31 11:42:00,45.66958,12.21507,4.6,low
viirs_noaa20_2026-07-31_1142_45.67323_12.21352,viirs_noaa20,N20,2026-07-31 11:42:00,45.67323,12.21352,4.85,low
viirs_noaa20_2026-07-31_1142_45.80747_12.53777,viirs_noaa20,N20,2026-07-31 11:42:00,45.80747,12.53777,5.57,nominal
viirs_noaa20_2026-07-31_1142_45.86168_12.76701,viirs_noaa20,N20,2026-07-31 11:42:00,45.86168,12.76701,4.93,nominal
viirs_noaa20_2026-07-31_1142_45.31344_9.62443,viirs_noaa20,N20,2026-07-31 11:42:00,45.31344,9.62443,2.41,nominal
viirs_noaa20_2026-07-31_1142_45.95300_12.31300,viirs_noaa20,N20,2026-07-31 11:42:00,45.953,12.313,2.39,low
viirs_noaa20_2026-07-31_1142_46.42124_13.61700,viirs_noaa20,N20,2026-07-31 11:42:00,46.42124,13.617,11.37,nominal
viirs_noaa20_2026-07-31_1142_46.42479_13.61616,viirs_noaa20,N20,2026-07-31 11:42:00,46.42479,13.61616,7.72,nominal
viirs_noaa20_2026-07-31_1321_35.34756_6.43540,viirs_noaa20,N20,2026-07-31 13:21:00,35.34756,6.4354,3.47,nominal
viirs_noaa20_2026-07-31_1321_36.17369_8.34146,viirs_noaa20,N20,2026-07-31 13:21:00,36.17369,8.34146,3.93,nominal
viirs_noaa20_2026-07-31_1321_36.65376_6.00657,viirs_noaa20,N20,2026-07-31 13:21:00,36.65376,6.00657,4.51,nominal
viirs_noaa20_2026-07-31_1321_36.74606_6.25745,viirs_noaa20,N20,2026-07-31 13:21:00,36.74606,6.25745,6.28,nominal
viirs_noaa20_2026-07-31_1321_36.77862_6.67784,viirs_noaa20,N20,2026-07-31 13:21:00,36.77862,6.67784,4.99,high
viirs_noaa20_2026-07-31_1321_36.77839_6.67421,viirs_noaa20,N20,2026-07-31 13:21:00,36.77839,6.67421,4.99,nominal
viirs_noaa20_2026-07-31_1321_36.94662_9.44883,viirs_noaa20,N20,2026-07-31 13:21:00,36.94662,9.44883,5.31,nominal
viirs_noaa20_2026-07-31_1321_36.94646_9.44517,viirs_noaa20,N20,2026-07-31 13:21:00,36.94646,9.44517,5.03,nominal
viirs_noaa20_2026-07-31_1321_36.86528_6.98504,viirs_noaa20,N20,2026-07-31 13:21:00,36.86528,6.98504,3.13,low
viirs_noaa20_2026-07-31_1321_37.75140_12.67361,viirs_noaa20,N20,2026-07-31 13:21:00,37.7514,12.67361,5.21,nominal
viirs_noaa20_2026-07-31_1321_37.92150_12.67567,viirs_noaa20,N20,2026-07-31 13:21:00,37.9215,12.67567,3.33,low
viirs_noaa20_2026-07-31_1321_39.17495_8.73293,viirs_noaa20,N20,2026-07-31 13:21:00,39.17495,8.73293,7.08,nominal
viirs_noaa20_2026-07-31_1321_40.68833_9.43177,viirs_noaa20,N20,2026-07-31 13:21:00,40.68833,9.43177,4.71,nominal
viirs_noaa20_2026-07-31_1321_40.69451_9.42857,viirs_noaa20,N20,2026-07-31 13:21:00,40.69451,9.42857,12.37,high
viirs_noaa20_2026-07-31_2356_46.06838_13.62433,viirs_noaa20,N20,2026-07-31 23:56:00,46.06838,13.62433,1.33,nominal
viirs_noaa20_2026-07-31_2358_44.62673_17.80184,viirs_noaa20,N20,2026-07-31 23:58:00,44.62673,17.80184,1.09,nominal
viirs_noaa20_2026-07-31_2358_44.62578_17.80261,viirs_noaa20,N20,2026-07-31 23:58:00,44.62578,17.80261,1.61,nominal
viirs_noaa20_2026-07-31_2358_43.60469_16.21209,viirs_noaa20,N20,2026-07-31 23:58:00,43.60469,16.21209,4.47,nominal
viirs_noaa20_2026-07-31_2358_43.60484_16.20601,viirs_noaa20,N20,2026-07-31 23:58:00,43.60484,16.20601,4.47,nominal
viirs_noaa20_2026-07-31_2358_43.29158_17.58031,viirs_noaa20,N20,2026-07-31 23:58:00,43.29158,17.58031,1.74,nominal
viirs_noaa20_2026-07-31_2358_43.29140_17.58584,viirs_noaa20,N20,2026-07-31 23:58:00,43.2914,17.58584,1.74,nominal
viirs_noaa20_2026-07-31_2358_43.28583_17.57952,viirs_noaa20,N20,2026-07-31 23:58:00,43.28583,17.57952,3.61,nominal
viirs_noaa20_2026-07-31_2358_43.29107_17.57994,viirs_noaa20,N20,2026-07-31 23:58:00,43.29107,17.57994,4.24,nominal
viirs_noaa20_2026-07-31_2358_43.29086_17.58540,viirs_noaa20,N20,2026-07-31 23:58:00,43.29086,17.5854,4.53,nominal
viirs_noaa20_2026-07-31_2358_43.28532_17.57919,viirs_noaa20,N20,2026-07-31 23:58:00,43.28532,17.57919,0.71,nominal
viirs_noaa20_2026-07-31_2358_42.66930_18.30466,viirs_noaa20,N20,2026-07-31 23:58:00,42.6693,18.30466,6.66,nominal
viirs_noaa20_2026-07-31_2358_42.66948_18.30040,viirs_noaa20,N20,2026-07-31 23:58:00,42.66948,18.3004,3.83,nominal
viirs_noaa20_2026-07-31_2358_41.51723_12.67270,viirs_noaa20,N20,2026-07-31 23:58:00,41.51723,12.6727,1.39,nominal
viirs_noaa20_2026-07-31_2358_41.45555_15.89036,viirs_noaa20,N20,2026-07-31 23:58:00,41.45555,15.89036,4.57,nominal
viirs_noaa20_2026-07-31_2358_41.44936_15.89001,viirs_noaa20,N20,2026-07-31 23:58:00,41.44936,15.89001,4.57,nominal
viirs_noaa20_2026-07-31_2358_41.45064_15.89077,viirs_noaa20,N20,2026-07-31 23:58:00,41.45064,15.89077,8.26,nominal
viirs_noaa20_2026-07-31_2358_41.44511_15.39834,viirs_noaa20,N20,2026-07-31 23:58:00,41.44511,15.39834,1.52,nominal
viirs_noaa20_2026-07-31_2358_41.27402_16.04394,viirs_noaa20,N20,2026-07-31 23:58:00,41.27402,16.04394,2.43,nominal
viirs_noaa20_2026-07-31_2358_41.20987_15.47560,viirs_noaa20,N20,2026-07-31 23:58:00,41.20987,15.4756,0.94,nominal
viirs_noaa20_2026-07-31_2358_41.13115_16.28562,viirs_noaa20,N20,2026-07-31 23:58:00,41.13115,16.28562,0.46,nominal
viirs_noaa20_2026-07-31_2358_41.01378_15.93764,viirs_noaa20,N20,2026-07-31 23:58:00,41.01378,15.93764,0.83,nominal
viirs_noaa20_2026-07-31_2358_41.01359_15.94385,viirs_noaa20,N20,2026-07-31 23:58:00,41.01359,15.94385,0.83,nominal
viirs_noaa20_2026-07-31_2358_40.95467_15.60073,viirs_noaa20,N20,2026-07-31 23:58:00,40.95467,15.60073,0.94,nominal
viirs_noaa20_2026-07-31_2358_40.62856_17.87509,viirs_noaa20,N20,2026-07-31 23:58:00,40.62856,17.87509,0.33,nominal
viirs_noaa20_2026-07-31_2358_40.56868_17.01491,viirs_noaa20,N20,2026-07-31 23:58:00,40.56868,17.01491,0.99,nominal
viirs_noaa20_2026-07-31_2358_40.54160_17.61996,viirs_noaa20,N20,2026-07-31 23:58:00,40.5416,17.61996,0.69,nominal
viirs_noaa20_2026-07-31_2358_40.54137_17.62491,viirs_noaa20,N20,2026-07-31 23:58:00,40.54137,17.62491,0.69,nominal
viirs_noaa20_2026-07-31_2358_39.93270_18.07920,viirs_noaa20,N20,2026-07-31 23:58:00,39.9327,18.0792,0.69,nominal
viirs_noaa20_2026-07-31_2358_39.83023_18.34536,viirs_noaa20,N20,2026-07-31 23:58:00,39.83023,18.34536,0.69,nominal
viirs_noaa20_2026-07-31_2358_37.76173_15.01492,viirs_noaa20,N20,2026-07-31 23:58:00,37.76173,15.01492,18.69,high
viirs_noaa20_2026-07-31_2358_37.76157_15.01980,viirs_noaa20,N20,2026-07-31 23:58:00,37.76157,15.0198,18.69,nominal
viirs_noaa20_2026-07-31_2358_37.76188_15.01037,viirs_noaa20,N20,2026-07-31 23:58:00,37.76188,15.01037,8.91,nominal
viirs_noaa20_2026-07-31_2358_37.76143_15.02417,viirs_noaa20,N20,2026-07-31 23:58:00,37.76143,15.02417,4.8,nominal
viirs_noaa20_2026-07-31_2358_37.75517_15.02213,viirs_noaa20,N20,2026-07-31 23:58:00,37.75517,15.02213,9.64,nominal
viirs_noaa20_2026-07-31_2358_37.75504_15.02594,viirs_noaa20,N20,2026-07-31 23:58:00,37.75504,15.02594,9.64,nominal
viirs_noaa20_2026-07-31_2358_37.75492_15.02977,viirs_noaa20,N20,2026-07-31 23:58:00,37.75492,15.02977,13.65,nominal
viirs_noaa20_2026-07-31_2358_37.75478_15.03386,viirs_noaa20,N20,2026-07-31 23:58:00,37.75478,15.03386,13.65,nominal
viirs_noaa20_2026-07-31_2358_37.75463_15.03816,viirs_noaa20,N20,2026-07-31 23:58:00,37.75463,15.03816,6.96,nominal
viirs_noaa20_2026-07-31_2358_37.75714_14.95922,viirs_noaa20,N20,2026-07-31 23:58:00,37.75714,14.95922,2.19,nominal
viirs_noaa20_2026-07-31_2358_37.75615_14.99196,viirs_noaa20,N20,2026-07-31 23:58:00,37.75615,14.99196,2.19,nominal
viirs_noaa20_2026-07-31_2358_37.74839_15.03575,viirs_noaa20,N20,2026-07-31 23:58:00,37.74839,15.03575,6.96,nominal
viirs_noaa20_2026-07-31_2358_37.75181_15.03314,viirs_noaa20,N20,2026-07-31 23:58:00,37.75181,15.03314,9.46,nominal
viirs_noaa20_2026-07-31_2358_37.75165_15.03742,viirs_noaa20,N20,2026-07-31 23:58:00,37.75165,15.03742,9.46,nominal
viirs_noaa20_2026-07-31_2358_37.75447_14.96175,viirs_noaa20,N20,2026-07-31 23:58:00,37.75447,14.96175,2.67,nominal
viirs_noaa20_2026-07-31_2358_37.75328_14.99383,viirs_noaa20,N20,2026-07-31 23:58:00,37.75328,14.99383,2.49,nominal
viirs_noaa20_2026-07-31_2358_37.75196_15.02912,viirs_noaa20,N20,2026-07-31 23:58:00,37.75196,15.02912,5.66,nominal
viirs_noaa20_2026-07-31_2358_37.75147_15.04216,viirs_noaa20,N20,2026-07-31 23:58:00,37.75147,15.04216,1.99,nominal
viirs_noaa20_2026-08-01_0001_37.58350_13.65172,viirs_noaa20,N20,2026-08-01 00:01:00,37.5835,13.65172,2.65,nominal
viirs_noaa20_2026-08-01_0001_37.58338_13.65717,viirs_noaa20,N20,2026-08-01 00:01:00,37.58338,13.65717,2.65,nominal
viirs_noaa20_2026-08-01_0001_37.57675_13.65108,viirs_noaa20,N20,2026-08-01 00:01:00,37.57675,13.65108,2.65,nominal
viirs_noaa20_2026-08-01_0001_37.54331_14.92989,viirs_noaa20,N20,2026-08-01 00:01:00,37.54331,14.92989,0.86,nominal
viirs_noaa20_2026-08-01_0001_37.58122_13.65560,viirs_noaa20,N20,2026-08-01 00:01:00,37.58122,13.6556,3.83,nominal
viirs_noaa20_2026-08-01_0001_37.58136_13.65029,viirs_noaa20,N20,2026-08-01 00:01:00,37.58136,13.65029,3.83,nominal
viirs_noaa20_2026-08-01_0001_37.54070_14.93338,viirs_noaa20,N20,2026-08-01 00:01:00,37.5407,14.93338,0.94,nominal
viirs_noaa20_2026-08-01_0139_43.47674_6.12802,viirs_noaa20,N20,2026-08-01 01:39:00,43.47674,6.12802,1.24,nominal
viirs_noaa20_2026-08-01_0139_46.52532_11.62956,viirs_noaa20,N20,2026-08-01 01:39:00,46.52532,11.62956,0.88,nominal
viirs_noaa20_2026-08-01_0139_46.06985_13.62782,viirs_noaa20,N20,2026-08-01 01:39:00,46.06985,13.62782,0.8,nominal
viirs_noaa20_2026-08-01_0139_44.42036_18.62159,viirs_noaa20,N20,2026-08-01 01:39:00,44.42036,18.62159,2.26,nominal
viirs_noaa20_2026-08-01_0139_44.62349_17.80027,viirs_noaa20,N20,2026-08-01 01:39:00,44.62349,17.80027,1.39,nominal
viirs_noaa20_2026-08-01_0139_44.42102_18.62354,viirs_noaa20,N20,2026-08-01 01:39:00,44.42102,18.62354,2.11,nominal
viirs_noaa20_2026-08-01_0139_44.62458_17.80134,viirs_noaa20,N20,2026-08-01 01:39:00,44.62458,17.80134,2.07,nominal
viirs_noaa20_2026-08-01_0139_45.14707_9.94536,viirs_noaa20,N20,2026-08-01 01:39:00,45.14707,9.94536,4.86,nominal
viirs_noaa20_2026-08-01_0139_45.14370_9.94410,viirs_noaa20,N20,2026-08-01 01:39:00,45.1437,9.9441,4.86,nominal
viirs_noaa20_2026-08-01_0139_45.14468_9.93886,viirs_noaa20,N20,2026-08-01 01:39:00,45.14468,9.93886,4.86,nominal
viirs_noaa20_2026-08-01_0139_43.33587_17.70272,viirs_noaa20,N20,2026-08-01 01:39:00,43.33587,17.70272,0.6,nominal
viirs_noaa20_2026-08-01_0139_43.29215_17.58284,viirs_noaa20,N20,2026-08-01 01:39:00,43.29215,17.58284,1,nominal
viirs_noaa20_2026-08-01_0139_43.29116_17.58655,viirs_noaa20,N20,2026-08-01 01:39:00,43.29116,17.58655,1,nominal
viirs_noaa20_2026-08-01_0139_43.28737_17.58068,viirs_noaa20,N20,2026-08-01 01:39:00,43.28737,17.58068,1,nominal
viirs_noaa20_2026-08-01_0139_43.28635_17.58448,viirs_noaa20,N20,2026-08-01 01:39:00,43.28635,17.58448,1,nominal
viirs_noaa20_2026-08-01_0139_43.60386_16.20844,viirs_noaa20,N20,2026-08-01 01:39:00,43.60386,16.20844,6.68,nominal
viirs_noaa20_2026-08-01_0139_43.60218_16.21501,viirs_noaa20,N20,2026-08-01 01:39:00,43.60218,16.21501,3.38,nominal
viirs_noaa20_2026-08-01_0139_42.67124_18.30150,viirs_noaa20,N20,2026-08-01 01:39:00,42.67124,18.3015,2.13,nominal
viirs_noaa20_2026-08-01_0139_42.67255_18.29684,viirs_noaa20,N20,2026-08-01 01:39:00,42.67255,18.29684,2.37,nominal
viirs_noaa20_2026-08-01_0139_42.66998_18.30601,viirs_noaa20,N20,2026-08-01 01:39:00,42.66998,18.30601,2.13,nominal
viirs_noaa20_2026-08-01_0139_42.67561_18.30444,viirs_noaa20,N20,2026-08-01 01:39:00,42.67561,18.30444,2.11,nominal
viirs_noaa20_2026-08-01_0139_42.67091_18.30096,viirs_noaa20,N20,2026-08-01 01:39:00,42.67091,18.30096,2.11,nominal
viirs_noaa20_2026-08-01_0139_42.66966_18.30553,viirs_noaa20,N20,2026-08-01 01:39:00,42.66966,18.30553,2.79,nominal
viirs_noaa20_2026-08-01_0139_44.37841_8.29265,viirs_noaa20,N20,2026-08-01 01:39:00,44.37841,8.29265,0.97,nominal
viirs_noaa20_2026-08-01_0139_43.98737_10.14057,viirs_noaa20,N20,2026-08-01 01:39:00,43.98737,10.14057,2.13,nominal
viirs_noaa20_2026-08-01_0139_43.36591_12.54799,viirs_noaa20,N20,2026-08-01 01:39:00,43.36591,12.54799,0.83,nominal
viirs_noaa20_2026-08-01_0139_43.79399_7.37349,viirs_noaa20,N20,2026-08-01 01:39:00,43.79399,7.37349,1.44,nominal
viirs_noaa20_2026-08-01_0139_43.50739_6.06367,viirs_noaa20,N20,2026-08-01 01:39:00,43.50739,6.06367,3.64,nominal
viirs_noaa20_2026-08-01_0139_43.50666_6.06832,viirs_noaa20,N20,2026-08-01 01:39:00,43.50666,6.06832,3.64,nominal
viirs_noaa20_2026-08-01_0139_43.50593_6.07300,viirs_noaa20,N20,2026-08-01 01:39:00,43.50593,6.073,1.59,nominal
viirs_noaa20_2026-08-01_0139_43.50488_6.05799,viirs_noaa20,N20,2026-08-01 01:39:00,43.50488,6.05799,1.64,nominal
viirs_noaa20_2026-08-01_0139_43.50414_6.06267,viirs_noaa20,N20,2026-08-01 01:39:00,43.50414,6.06267,2.77,nominal
viirs_noaa20_2026-08-01_0139_43.50162_6.05702,viirs_noaa20,N20,2026-08-01 01:39:00,43.50162,6.05702,1.64,nominal
viirs_noaa20_2026-08-01_0139_43.50235_6.05237,viirs_noaa20,N20,2026-08-01 01:39:00,43.50235,6.05237,1.64,nominal
viirs_noaa20_2026-08-01_0139_43.49497_6.09915,viirs_noaa20,N20,2026-08-01 01:39:00,43.49497,6.09915,1.22,nominal
viirs_noaa20_2026-08-01_0139_43.49201_6.11787,viirs_noaa20,N20,2026-08-01 01:39:00,43.49201,6.11787,1.37,nominal
viirs_noaa20_2026-08-01_0139_43.50056_6.04204,viirs_noaa20,N20,2026-08-01 01:39:00,43.50056,6.04204,2.97,nominal
viirs_noaa20_2026-08-01_0139_43.49171_6.09818,viirs_noaa20,N20,2026-08-01 01:39:00,43.49171,6.09818,0.95,nominal
viirs_noaa20_2026-08-01_0139_43.49982_6.04672,viirs_noaa20,N20,2026-08-01 01:39:00,43.49982,6.04672,2.97,nominal
viirs_noaa20_2026-08-01_0139_43.49097_6.10286,viirs_noaa20,N20,2026-08-01 01:39:00,43.49097,6.10286,0.95,nominal
viirs_noaa20_2026-08-01_0139_43.49731_6.04107,viirs_noaa20,N20,2026-08-01 01:39:00,43.49731,6.04107,2.97,nominal
viirs_noaa20_2026-08-01_0139_43.49657_6.04575,viirs_noaa20,N20,2026-08-01 01:39:00,43.49657,6.04575,2.97,nominal
viirs_noaa20_2026-08-01_0139_43.48326_6.12997,viirs_noaa20,N20,2026-08-01 01:39:00,43.48326,6.12997,1.55,nominal
viirs_noaa20_2026-08-01_0139_43.48518_6.09623,viirs_noaa20,N20,2026-08-01 01:39:00,43.48518,6.09623,2.67,nominal
viirs_noaa20_2026-08-01_0139_43.48931_6.04849,viirs_noaa20,N20,2026-08-01 01:39:00,43.48931,6.04849,3.34,nominal
viirs_noaa20_2026-08-01_0139_43.48119_6.09994,viirs_noaa20,N20,2026-08-01 01:39:00,43.48119,6.09994,2.67,nominal
viirs_noaa20_2026-08-01_0139_43.47749_6.12334,viirs_noaa20,N20,2026-08-01 01:39:00,43.47749,6.12334,1.24,nominal
viirs_noaa20_2026-08-01_0139_43.47718_6.10365,viirs_noaa20,N20,2026-08-01 01:39:00,43.47718,6.10365,1.44,nominal
viirs_noaa20_2026-08-01_0139_43.47792_6.09897,viirs_noaa20,N20,2026-08-01 01:39:00,43.47792,6.09897,1.76,nominal
viirs_noaa20_2026-08-01_0139_43.47644_6.10833,viirs_noaa20,N20,2026-08-01 01:39:00,43.47644,6.10833,1.44,nominal
viirs_noaa20_2026-08-01_0139_43.47466_6.09800,viirs_noaa20,N20,2026-08-01 01:39:00,43.47466,6.098,1.76,nominal
viirs_noaa20_2026-08-01_0139_41.45412_15.89491,viirs_noaa20,N20,2026-08-01 01:39:00,41.45412,15.89491,2.24,nominal
viirs_noaa20_2026-08-01_0139_43.47392_6.10268,viirs_noaa20,N20,2026-08-01 01:39:00,43.47392,6.10268,1.44,nominal
viirs_noaa20_2026-08-01_0139_43.47318_6.10736,viirs_noaa20,N20,2026-08-01 01:39:00,43.47318,6.10736,1.44,nominal
viirs_noaa20_2026-08-01_0139_41.45585_15.88817,viirs_noaa20,N20,2026-08-01 01:39:00,41.45585,15.88817,2.24,nominal
viirs_noaa20_2026-08-01_0139_41.44951_15.89282,viirs_noaa20,N20,2026-08-01 01:39:00,41.44951,15.89282,3.72,nominal
viirs_noaa20_2026-08-01_0139_43.47657_6.06427,viirs_noaa20,N20,2026-08-01 01:39:00,43.47657,6.06427,2.19,nominal
viirs_noaa20_2026-08-01_0139_43.47214_6.09235,viirs_noaa20,N20,2026-08-01 01:39:00,43.47214,6.09235,1.11,nominal
viirs_noaa20_2026-08-01_0139_41.45124_15.88607,viirs_noaa20,N20,2026-08-01 01:39:00,41.45124,15.88607,3.72,nominal
viirs_noaa20_2026-08-01_0139_43.47331_6.06330,viirs_noaa20,N20,2026-08-01 01:39:00,43.47331,6.0633,2.19,nominal
viirs_noaa20_2026-08-01_0139_43.46740_6.10073,viirs_noaa20,N20,2026-08-01 01:39:00,43.4674,6.10073,1.14,nominal
viirs_noaa20_2026-08-01_0139_43.46931_6.06701,viirs_noaa20,N20,2026-08-01 01:39:00,43.46931,6.06701,1.25,nominal
viirs_noaa20_2026-08-01_0139_43.46858_6.07169,viirs_noaa20,N20,2026-08-01 01:39:00,43.46858,6.07169,2.41,nominal
viirs_noaa20_2026-08-01_0139_43.46784_6.07636,viirs_noaa20,N20,2026-08-01 01:39:00,43.46784,6.07636,2.41,nominal
viirs_noaa20_2026-08-01_0139_43.46458_6.07539,viirs_noaa20,N20,2026-08-01 01:39:00,43.46458,6.07539,2.41,nominal
viirs_noaa20_2026-08-01_0139_43.46384_6.08007,viirs_noaa20,N20,2026-08-01 01:39:00,43.46384,6.08007,2.89,nominal
viirs_noaa20_2026-08-01_0139_43.46162_6.09411,viirs_noaa20,N20,2026-08-01 01:39:00,43.46162,6.09411,5.39,nominal
viirs_noaa20_2026-08-01_0139_43.46088_6.09879,viirs_noaa20,N20,2026-08-01 01:39:00,43.46088,6.09879,3.3,nominal
viirs_noaa20_2026-08-01_0139_43.46014_6.10347,viirs_noaa20,N20,2026-08-01 01:39:00,43.46014,6.10347,3.3,nominal
viirs_noaa20_2026-08-01_0139_43.46310_6.08475,viirs_noaa20,N20,2026-08-01 01:39:00,43.4631,6.08475,2.89,nominal
viirs_noaa20_2026-08-01_0139_43.45762_6.09782,viirs_noaa20,N20,2026-08-01 01:39:00,43.45762,6.09782,39.15,nominal
viirs_noaa20_2026-08-01_0139_43.45688_6.10249,viirs_noaa20,N20,2026-08-01 01:39:00,43.45688,6.10249,39.15,nominal
viirs_noaa20_2026-08-01_0139_41.44253_15.39685,viirs_noaa20,N20,2026-08-01 01:39:00,41.44253,15.39685,2.98,nominal
viirs_noaa20_2026-08-01_0139_41.44088_15.40339,viirs_noaa20,N20,2026-08-01 01:39:00,41.44088,15.40339,1.67,nominal
viirs_noaa20_2026-08-01_0139_41.34690_15.31005,viirs_noaa20,N20,2026-08-01 01:39:00,41.3469,15.31005,0.76,nominal
viirs_noaa20_2026-08-01_0139_40.62900_18.00021,viirs_noaa20,N20,2026-08-01 01:39:00,40.629,18.00021,0.83,nominal
viirs_noaa20_2026-08-01_0139_41.01178_15.94208,viirs_noaa20,N20,2026-08-01 01:39:00,41.01178,15.94208,1.81,nominal
viirs_noaa20_2026-08-01_0139_40.73296_16.64181,viirs_noaa20,N20,2026-08-01 01:39:00,40.73296,16.64181,0.39,nominal
viirs_noaa20_2026-08-01_0139_40.65959_16.75323,viirs_noaa20,N20,2026-08-01 01:39:00,40.65959,16.75323,0.53,nominal
viirs_noaa20_2026-08-01_0139_40.95402_15.60552,viirs_noaa20,N20,2026-08-01 01:39:00,40.95402,15.60552,1.27,nominal
viirs_noaa20_2026-08-01_0139_42.29253_9.06628,viirs_noaa20,N20,2026-08-01 01:39:00,42.29253,9.06628,1.33,nominal
viirs_noaa20_2026-08-01_0139_41.51530_12.67445,viirs_noaa20,N20,2026-08-01 01:39:00,41.5153,12.67445,3.55,nominal
viirs_noaa20_2026-08-01_0139_40.82197_14.72893,viirs_noaa20,N20,2026-08-01 01:39:00,40.82197,14.72893,1.93,nominal
viirs_noaa20_2026-08-01_0141_40.55651_9.67301,viirs_noaa20,N20,2026-08-01 01:41:00,40.55651,9.67301,1.31,nominal
viirs_noaa20_2026-08-01_0141_38.79468_15.21052,viirs_noaa20,N20,2026-08-01 01:41:00,38.79468,15.21052,4.51,nominal
viirs_noaa20_2026-08-01_0141_38.79398_15.21326,viirs_noaa20,N20,2026-08-01 01:41:00,38.79398,15.21326,4.51,high
viirs_noaa20_2026-08-01_0141_37.76090_15.01215,viirs_noaa20,N20,2026-08-01 01:41:00,37.7609,15.01215,9.81,high
viirs_noaa20_2026-08-01_0141_37.75965_15.01708,viirs_noaa20,N20,2026-08-01 01:41:00,37.75965,15.01708,9.81,nominal
viirs_noaa20_2026-08-01_0141_37.75829_15.02238,viirs_noaa20,N20,2026-08-01 01:41:00,37.75829,15.02238,3.01,nominal
viirs_noaa20_2026-08-01_0141_37.75497_15.03541,viirs_noaa20,N20,2026-08-01 01:41:00,37.75497,15.03541,2.8,nominal
viirs_noaa20_2026-08-01_0141_37.75655_15.02923,viirs_noaa20,N20,2026-08-01 01:41:00,37.75655,15.02923,3.01,nominal
viirs_noaa20_2026-08-01_0141_37.75134_15.02857,viirs_noaa20,N20,2026-08-01 01:41:00,37.75134,15.02857,3.01,nominal
viirs_noaa20_2026-08-01_0141_37.74973_15.03489,viirs_noaa20,N20,2026-08-01 01:41:00,37.74973,15.03489,2.8,nominal
viirs_noaa20_2026-08-01_0141_37.75319_15.02131,viirs_noaa20,N20,2026-08-01 01:41:00,37.75319,15.02131,3.01,nominal
viirs_noaa20_2026-08-01_0141_37.74835_15.04027,viirs_noaa20,N20,2026-08-01 01:41:00,37.74835,15.04027,2.8,nominal
viirs_noaa20_2026-08-01_0141_37.57796_13.64839,viirs_noaa20,N20,2026-08-01 01:41:00,37.57796,13.64839,0.54,nominal
viirs_noaa20_2026-08-01_0141_37.57486_13.65526,viirs_noaa20,N20,2026-08-01 01:41:00,37.57486,13.65526,2.12,nominal
viirs_noaa20_2026-08-01_0141_37.55503_13.63378,viirs_noaa20,N20,2026-08-01 01:41:00,37.55503,13.63378,0.76,nominal
viirs_noaa20_2026-08-01_0141_37.55059_13.63143,viirs_noaa20,N20,2026-08-01 01:41:00,37.55059,13.63143,0.76,nominal
viirs_noaa20_2026-08-01_0141_37.54780_13.62233,viirs_noaa20,N20,2026-08-01 01:41:00,37.5478,13.62233,3.55,nominal
viirs_noaa20_2026-08-01_0141_37.54626_13.62864,viirs_noaa20,N20,2026-08-01 01:41:00,37.54626,13.62864,3.55,nominal
viirs_noaa20_2026-08-01_0141_37.50609_13.33195,viirs_noaa20,N20,2026-08-01 01:41:00,37.50609,13.33195,1.67,nominal
viirs_noaa20_2026-08-01_0141_36.90068_14.72419,viirs_noaa20,N20,2026-08-01 01:41:00,36.90068,14.72419,0.77,nominal
viirs_noaa20_2026-08-01_0141_36.67634_9.92053,viirs_noaa20,N20,2026-08-01 01:41:00,36.67634,9.92053,0.91,nominal
viirs_noaa20_2026-08-01_0141_36.59133_10.31628,viirs_noaa20,N20,2026-08-01 01:41:00,36.59133,10.31628,0.65,nominal
viirs_noaa20_2026-08-01_0141_36.88223_6.96117,viirs_noaa20,N20,2026-08-01 01:41:00,36.88223,6.96117,1.4,nominal
viirs_noaa20_2026-08-01_0141_36.86759_6.98182,viirs_noaa20,N20,2026-08-01 01:41:00,36.86759,6.98182,1.93,nominal
viirs_noaa20_2026-08-01_0141_36.76329_7.30688,viirs_noaa20,N20,2026-08-01 01:41:00,36.76329,7.30688,0.83,nominal
viirs_noaa20_2026-08-01_0141_36.74776_6.25462,viirs_noaa20,N20,2026-08-01 01:41:00,36.74776,6.25462,3.36,nominal
viirs_noaa20_2026-08-01_0141_36.42884_6.62385,viirs_noaa20,N20,2026-08-01 01:41:00,36.42884,6.62385,1.2,nominal
viirs_noaa20_2026-08-01_0141_36.20886_7.05387,viirs_noaa20,N20,2026-08-01 01:41:00,36.20886,7.05387,0.65,nominal
viirs_noaa20_2026-08-01_0141_36.08679_6.80636,viirs_noaa20,N20,2026-08-01 01:41:00,36.08679,6.80636,1.34,nominal
viirs_noaa20_2026-08-01_0141_35.76581_7.35978,viirs_noaa20,N20,2026-08-01 01:41:00,35.76581,7.35978,1.12,nominal
viirs_noaa20_2026-08-01_0141_35.86787_6.02569,viirs_noaa20,N20,2026-08-01 01:41:00,35.86787,6.02569,2.73,nominal
viirs_noaa20_2026-08-01_0141_35.86705_6.03021,viirs_noaa20,N20,2026-08-01 01:41:00,35.86705,6.03021,0.71,nominal
viirs_noaa20_2026-08-01_0141_35.23299_8.17306,viirs_noaa20,N20,2026-08-01 01:41:00,35.23299,8.17306,1.83,nominal
viirs_noaa20_2026-08-01_0141_35.23196_8.17217,viirs_noaa20,N20,2026-08-01 01:41:00,35.23196,8.17217,2.31,nominal
modis_2026-07-31_1422_37.27232_14.34035,modis,A,2026-07-31 14:22:00,37.27232,14.34035,15.39,55
modis_2026-07-31_1422_37.23989_13.92923,modis,A,2026-07-31 14:22:00,37.23989,13.92923,6.64,63
modis_2026-07-31_1422_37.37022_14.82712,modis,A,2026-07-31 14:22:00,37.37022,14.82712,43.71,89
modis_2026-07-31_1422_37.26917_14.01129,modis,A,2026-07-31 14:22:00,37.26917,14.01129,30.03,86
modis_2026-07-31_1422_36.94527_9.44195,modis,A,2026-07-31 14:22:00,36.94527,9.44195,17.51,77
modis_2026-07-31_1422_37.57276_13.65072,modis,A,2026-07-31 14:22:00,37.57276,13.65072,65.97,96
modis_2026-07-31_1422_37.57114_13.63823,modis,A,2026-07-31 14:22:00,37.57114,13.63823,42.98,90
modis_2026-07-31_1422_37.58181_13.64854,modis,A,2026-07-31 14:22:00,37.58181,13.64854,29.9,84
modis_2026-07-31_1422_37.58022_13.63626,modis,A,2026-07-31 14:22:00,37.58022,13.63626,70.87,97
modis_2026-07-31_1422_37.74723_12.67614,modis,A,2026-07-31 14:22:00,37.74723,12.67614,41.41,92
modis_2026-07-31_1422_37.74568_12.66479,modis,A,2026-07-31 14:22:00,37.74568,12.66479,23.87,84
modis_2026-07-31_1425_40.90060_15.62800,modis,A,2026-07-31 14:25:00,40.9006,15.628,39.26,82
modis_2026-07-31_1425_40.60923_8.33022,modis,A,2026-07-31 14:25:00,40.60923,8.33022,57.31,95
modis_2026-07-31_1425_40.61813_8.32764,modis,A,2026-07-31 14:25:00,40.61813,8.32764,135.98,100
modis_2026-07-31_1425_40.61613_8.31553,modis,A,2026-07-31 14:25:00,40.61613,8.31553,16.5,72
modis_2026-07-31_1425_41.51270_12.68101,modis,A,2026-07-31 14:25:00,41.5127,12.68101,164.35,100
modis_2026-07-31_1425_41.51107_12.66812,modis,A,2026-07-31 14:25:00,41.51107,12.66812,88.43,100
modis_2026-07-31_1425_42.28516_13.37944,modis,A,2026-07-31 14:25:00,42.28516,13.37944,16.38,59
modis_2026-07-31_1425_42.28365_13.36637,modis,A,2026-07-31 14:25:00,42.28365,13.36637,20.48,66
modis_2026-07-31_1425_42.94346_11.05825,modis,A,2026-07-31 14:25:00,42.94346,11.05825,6.41,69
modis_2026-07-31_1425_42.94181_11.04605,modis,A,2026-07-31 14:25:00,42.94181,11.04605,37.48,91
modis_2026-07-31_1425_43.47391_6.11828,modis,A,2026-07-31 14:25:00,43.47391,6.11828,273.97,94
modis_2026-07-31_1425_43.47148_6.10465,modis,A,2026-07-31 14:25:00,43.47148,6.10465,165.86,100
modis_2026-07-31_1425_43.46907_6.09119,modis,A,2026-07-31 14:25:00,43.46907,6.09119,40.63,84
modis_2026-07-31_1425_43.46666_6.07768,modis,A,2026-07-31 14:25:00,43.46666,6.07768,213.16,100
modis_2026-07-31_1425_43.48318_6.11555,modis,A,2026-07-31 14:25:00,43.48318,6.11555,201.45,75
modis_2026-07-31_1425_43.48072_6.10172,modis,A,2026-07-31 14:25:00,43.48072,6.10172,205.62,94
modis_2026-07-31_1425_43.47824_6.08782,modis,A,2026-07-31 14:25:00,43.47824,6.08782,48.59,89
modis_2026-07-31_1425_43.47584_6.07436,modis,A,2026-07-31 14:25:00,43.47584,6.07436,146.55,100
modis_2026-07-31_1425_43.47342_6.06082,modis,A,2026-07-31 14:25:00,43.47342,6.06082,199.96,100
modis_2026-07-31_1425_43.48993_6.09858,modis,A,2026-07-31 14:25:00,43.48993,6.09858,26.13,66
modis_2026-07-31_1425_43.48745_6.08461,modis,A,2026-07-31 14:25:00,43.48745,6.08461,19,58
modis_2026-07-31_1425_43.48502_6.07100,modis,A,2026-07-31 14:25:00,43.48502,6.071,49.59,86
modis_2026-07-31_1425_43.48263_6.05759,modis,A,2026-07-31 14:25:00,43.48263,6.05759,202.78,100
modis_2026-07-31_1425_43.49181_6.05416,modis,A,2026-07-31 14:25:00,43.49181,6.05416,480.73,100
modis_2026-07-31_1425_43.48938_6.04052,modis,A,2026-07-31 14:25:00,43.48938,6.04052,205.2,100
modis_2026-07-31_1425_43.50107_6.05125,modis,A,2026-07-31 14:25:00,43.50107,6.05125,19.29,26
modis_2026-07-31_1425_43.49861_6.03737,modis,A,2026-07-31 14:25:00,43.49861,6.03737,14.22,36
modis_2026-07-31_1425_46.05902_9.47545,modis,A,2026-07-31 14:25:00,46.05902,9.47545,7.07,30
modis_2026-07-31_1913_37.21610_14.07325,modis,T,2026-07-31 19:13:00,37.2161,14.07325,6.88,64
modis_2026-07-31_1913_37.36430_13.49238,modis,T,2026-07-31 19:13:00,37.3643,13.49238,9.8,82
modis_2026-07-31_1913_37.54555_13.64005,modis,T,2026-07-31 19:13:00,37.54555,13.64005,34.16,100
modis_2026-07-31_1913_37.55705_13.64976,modis,T,2026-07-31 19:13:00,37.55705,13.64976,22.82,100
modis_2026-07-31_1913_37.55491_13.63700,modis,T,2026-07-31 19:13:00,37.55491,13.637,131.73,100
modis_2026-07-31_1913_37.50537_13.34316,modis,T,2026-07-31 19:13:00,37.50537,13.34316,13.85,91
modis_2026-07-31_1913_37.50301_13.32927,modis,T,2026-07-31 19:13:00,37.50301,13.32927,7.89,77
modis_2026-07-31_1913_37.51488_13.34004,modis,T,2026-07-31 19:13:00,37.51488,13.34004,8.48,78
modis_2026-07-31_1913_37.57813_13.65794,modis,T,2026-07-31 19:13:00,37.57813,13.65794,7.2,70
modis_2026-07-31_1913_36.48084_6.09156,modis,T,2026-07-31 19:13:00,36.48084,6.09156,52.38,84
modis_2026-07-31_1913_40.94983_15.60168,modis,T,2026-07-31 19:13:00,40.94983,15.60168,9.04,81
modis_2026-07-31_1915_41.81061_15.71894,modis,T,2026-07-31 19:15:00,41.81061,15.71894,14.5,96
modis_2026-07-31_1915_41.51466_12.68198,modis,T,2026-07-31 19:15:00,41.51466,12.68198,10.36,84
modis_2026-07-31_1915_41.51247_12.66874,modis,T,2026-07-31 19:15:00,41.51247,12.66874,7.14,74
modis_2026-07-31_1915_43.60342_16.21725,modis,T,2026-07-31 19:15:00,43.60342,16.21725,31.92,100
modis_2026-07-31_1915_43.60184_16.20499,modis,T,2026-07-31 19:15:00,43.60184,16.20499,21.84,100
viirs_snpp_2026-08-01_1102_37.22824_13.79602,viirs_snpp,N,2026-08-01 11:02:00,37.22824,13.79602,6.61,nominal
viirs_snpp_2026-08-01_1102_37.23816_13.80207,viirs_snpp,N,2026-08-01 11:02:00,37.23816,13.80207,6.61,nominal
viirs_snpp_2026-08-01_1102_37.23269_13.80389,viirs_snpp,N,2026-08-01 11:02:00,37.23269,13.80389,9.88,nominal
viirs_snpp_2026-08-01_1102_37.22973_13.79505,viirs_snpp,N,2026-08-01 11:02:00,37.22973,13.79505,11.91,nominal
viirs_snpp_2026-08-01_1102_38.96373_16.98748,viirs_snpp,N,2026-08-01 11:02:00,38.96373,16.98748,16.44,high
viirs_snpp_2026-08-01_1102_38.96214_16.98209,viirs_snpp,N,2026-08-01 11:02:00,38.96214,16.98209,10.11,nominal
viirs_snpp_2026-08-01_1102_38.96943_16.98469,viirs_snpp,N,2026-08-01 11:02:00,38.96943,16.98469,5.28,nominal
viirs_snpp_2026-08-01_1102_38.96782_16.97919,viirs_snpp,N,2026-08-01 11:02:00,38.96782,16.97919,3.61,nominal
viirs_snpp_2026-08-01_1102_40.06110_18.24781,viirs_snpp,N,2026-08-01 11:02:00,40.0611,18.24781,4.83,nominal
viirs_snpp_2026-08-01_1102_40.14908_18.09247,viirs_snpp,N,2026-08-01 11:02:00,40.14908,18.09247,2.87,low
viirs_snpp_2026-08-01_1102_40.14828_18.09378,viirs_snpp,N,2026-08-01 11:02:00,40.14828,18.09378,2.36,nominal
viirs_snpp_2026-08-01_1102_40.16919_18.10438,viirs_snpp,N,2026-08-01 11:02:00,40.16919,18.10438,2.07,low
viirs_snpp_2026-08-01_1102_40.38308_17.93448,viirs_snpp,N,2026-08-01 11:02:00,40.38308,17.93448,5.64,nominal
viirs_snpp_2026-08-01_1102_40.33035_17.63917,viirs_snpp,N,2026-08-01 11:02:00,40.33035,17.63917,7.24,high
viirs_snpp_2026-08-01_1102_40.32898_17.63431,viirs_snpp,N,2026-08-01 11:02:00,40.32898,17.63431,7.24,nominal
viirs_snpp_2026-08-01_1102_40.36603_17.74467,viirs_snpp,N,2026-08-01 11:02:00,40.36603,17.74467,1.68,low
viirs_snpp_2026-08-01_1102_40.50757_17.91091,viirs_snpp,N,2026-08-01 11:02:00,40.50757,17.91091,3.88,nominal
viirs_snpp_2026-08-01_1102_40.50630_17.90638,viirs_snpp,N,2026-08-01 11:02:00,40.5063,17.90638,3.17,low
viirs_snpp_2026-08-01_1102_40.29480_16.59392,viirs_snpp,N,2026-08-01 11:02:00,40.2948,16.59392,6.67,nominal
viirs_snpp_2026-08-01_1102_40.29332_16.58883,viirs_snpp,N,2026-08-01 11:02:00,40.29332,16.58883,6.67,nominal
viirs_snpp_2026-08-01_1102_40.30052_16.59150,viirs_snpp,N,2026-08-01 11:02:00,40.30052,16.5915,4.08,nominal
viirs_snpp_2026-08-01_1102_40.29901_16.58630,viirs_snpp,N,2026-08-01 11:02:00,40.29901,16.5863,4.08,nominal
viirs_snpp_2026-08-01_1102_40.29787_16.58962,viirs_snpp,N,2026-08-01 11:02:00,40.29787,16.58962,20.42,high
viirs_snpp_2026-08-01_1102_40.60306_16.92082,viirs_snpp,N,2026-08-01 11:02:00,40.60306,16.92082,2.9,nominal
viirs_snpp_2026-08-01_1102_40.73931_16.74249,viirs_snpp,N,2026-08-01 11:02:00,40.73931,16.74249,5.65,nominal
viirs_snpp_2026-08-01_1102_40.38413_15.54750,viirs_snpp,N,2026-08-01 11:02:00,40.38413,15.5475,4.27,nominal
viirs_snpp_2026-08-01_1102_40.80167_16.37787,viirs_snpp,N,2026-08-01 11:02:00,40.80167,16.37787,2.44,low
viirs_snpp_2026-08-01_1102_40.93338_15.66441,viirs_snpp,N,2026-08-01 11:02:00,40.93338,15.66441,10.86,high
viirs_snpp_2026-08-01_1102_40.98430_15.83568,viirs_snpp,N,2026-08-01 11:02:00,40.9843,15.83568,7.02,nominal
viirs_snpp_2026-08-01_1102_40.98599_15.83228,viirs_snpp,N,2026-08-01 11:02:00,40.98599,15.83228,6.04,nominal
viirs_snpp_2026-08-01_1102_40.93596_15.66732,viirs_snpp,N,2026-08-01 11:02:00,40.93596,15.66732,11.07,nominal
viirs_snpp_2026-08-01_1102_40.93438_15.66211,viirs_snpp,N,2026-08-01 11:02:00,40.93438,15.66211,9.69,nominal
viirs_snpp_2026-08-01_1102_41.52326_15.59819,viirs_snpp,N,2026-08-01 11:02:00,41.52326,15.59819,4.15,nominal
viirs_snpp_2026-08-01_1102_41.52160_15.59269,viirs_snpp,N,2026-08-01 11:02:00,41.5216,15.59269,3.33,nominal
viirs_snpp_2026-08-01_1102_41.80787_15.72356,viirs_snpp,N,2026-08-01 11:02:00,41.80787,15.72356,8.42,high
viirs_snpp_2026-08-01_1102_42.67208_18.29546,viirs_snpp,N,2026-08-01 11:02:00,42.67208,18.29546,10.53,high
viirs_snpp_2026-08-01_1102_42.67298_18.29882,viirs_snpp,N,2026-08-01 11:02:00,42.67298,18.29882,10.53,nominal
viirs_snpp_2026-08-01_1102_42.67863_18.29931,viirs_snpp,N,2026-08-01 11:02:00,42.67863,18.29931,10.43,high
viirs_snpp_2026-08-01_1102_42.67958_18.30286,viirs_snpp,N,2026-08-01 11:02:00,42.67958,18.30286,10.43,nominal
viirs_snpp_2026-08-01_1102_42.13992_14.54206,viirs_snpp,N,2026-08-01 11:02:00,42.13992,14.54206,7.39,nominal
viirs_snpp_2026-08-01_1102_42.14547_14.53811,viirs_snpp,N,2026-08-01 11:02:00,42.14547,14.53811,7.68,nominal
viirs_snpp_2026-08-01_1102_43.28871_17.58690,viirs_snpp,N,2026-08-01 11:02:00,43.28871,17.5869,5.85,nominal
viirs_snpp_2026-08-01_1102_43.28959_17.58686,viirs_snpp,N,2026-08-01 11:02:00,43.28959,17.58686,6.29,nominal
viirs_snpp_2026-08-01_1102_43.28843_17.58268,viirs_snpp,N,2026-08-01 11:02:00,43.28843,17.58268,4.7,nominal
viirs_snpp_2026-08-01_1104_43.34488_17.45928,viirs_snpp,N,2026-08-01 11:04:00,43.34488,17.45928,2.4,low
viirs_snpp_2026-08-01_1104_42.03425_12.24058,viirs_snpp,N,2026-08-01 11:04:00,42.03425,12.24058,3.65,nominal
viirs_snpp_2026-08-01_1104_42.11707_11.80349,viirs_snpp,N,2026-08-01 11:04:00,42.11707,11.80349,7.94,nominal
viirs_snpp_2026-08-01_1104_42.11491_11.79887,viirs_snpp,N,2026-08-01 11:04:00,42.11491,11.79887,9.06,nominal
viirs_snpp_2026-08-01_1104_45.16286_16.57448,viirs_snpp,N,2026-08-01 11:04:00,45.16286,16.57448,2.86,nominal
viirs_snpp_2026-08-01_1104_45.16372_16.57421,viirs_snpp,N,2026-08-01 11:04:00,45.16372,16.57421,2.73,nominal
viirs_snpp_2026-08-01_1104_45.06632_13.94044,viirs_snpp,N,2026-08-01 11:04:00,45.06632,13.94044,9.85,high
viirs_snpp_2026-08-01_1104_45.41125_13.83551,viirs_snpp,N,2026-08-01 11:04:00,45.41125,13.83551,56.81,high
viirs_snpp_2026-08-01_1104_45.40953_13.82984,viirs_snpp,N,2026-08-01 11:04:00,45.40953,13.82984,14.14,nominal
viirs_snpp_2026-08-01_1104_45.41496_13.82667,viirs_snpp,N,2026-08-01 11:04:00,45.41496,13.82667,14.14,nominal
viirs_snpp_2026-08-01_1104_45.41273_13.83828,viirs_snpp,N,2026-08-01 11:04:00,45.41273,13.83828,34.8,nominal
viirs_snpp_2026-08-01_1104_45.41097_13.83257,viirs_snpp,N,2026-08-01 11:04:00,45.41097,13.83257,25.46,nominal
viirs_snpp_2026-08-01_1104_45.40924_13.82701,viirs_snpp,N,2026-08-01 11:04:00,45.40924,13.82701,25.46,nominal
viirs_snpp_2026-08-01_1104_45.14474_9.94749,viirs_snpp,N,2026-08-01 11:04:00,45.14474,9.94749,8.24,nominal
viirs_snpp_2026-08-01_1104_45.14557_9.94587,viirs_snpp,N,2026-08-01 11:04:00,45.14557,9.94587,5.77,nominal
viirs_snpp_2026-08-01_1242_36.14267_7.99944,viirs_snpp,N,2026-08-01 12:42:00,36.14267,7.99944,12.81,nominal
viirs_snpp_2026-08-01_1242_37.00524_14.37467,viirs_snpp,N,2026-08-01 12:42:00,37.00524,14.37467,1.33,low
viirs_snpp_2026-08-01_1242_37.10589_14.40924,viirs_snpp,N,2026-08-01 12:42:00,37.10589,14.40924,5.84,nominal
viirs_snpp_2026-08-01_1242_37.27652_14.78806,viirs_snpp,N,2026-08-01 12:42:00,37.27652,14.78806,6.53,nominal
viirs_snpp_2026-08-01_1242_36.76522_9.81812,viirs_snpp,N,2026-08-01 12:42:00,36.76522,9.81812,8.18,nominal
viirs_snpp_2026-08-01_1242_36.77221_9.81672,viirs_snpp,N,2026-08-01 12:42:00,36.77221,9.81672,5.81,low
viirs_snpp_2026-08-01_1242_37.22374_13.79539,viirs_snpp,N,2026-08-01 12:42:00,37.22374,13.79539,3.63,low
viirs_snpp_2026-08-01_1242_37.35354_14.92866,viirs_snpp,N,2026-08-01 12:42:00,37.35354,14.92866,3.95,nominal
viirs_snpp_2026-08-01_1242_37.33743_14.22901,viirs_snpp,N,2026-08-01 12:42:00,37.33743,14.22901,5.12,nominal
viirs_snpp_2026-08-01_1242_37.33696_14.22386,viirs_snpp,N,2026-08-01 12:42:00,37.33696,14.22386,5.12,nominal
viirs_snpp_2026-08-01_1242_36.95704_9.30186,viirs_snpp,N,2026-08-01 12:42:00,36.95704,9.30186,3.01,low
viirs_snpp_2026-08-01_1242_37.60723_12.99421,viirs_snpp,N,2026-08-01 12:42:00,37.60723,12.99421,3.61,low
viirs_snpp_2026-08-01_1242_36.74511_6.25593,viirs_snpp,N,2026-08-01 12:42:00,36.74511,6.25593,9.97,nominal
viirs_snpp_2026-08-01_1242_37.66719_13.05366,viirs_snpp,N,2026-08-01 12:42:00,37.66719,13.05366,2.77,nominal
viirs_snpp_2026-08-01_1242_37.76664_12.65901,viirs_snpp,N,2026-08-01 12:42:00,37.76664,12.65901,2.95,nominal
viirs_snpp_2026-08-01_1242_37.78526_12.72258,viirs_snpp,N,2026-08-01 12:42:00,37.78526,12.72258,4.1,nominal
viirs_snpp_2026-08-01_1242_37.78929_12.72185,viirs_snpp,N,2026-08-01 12:42:00,37.78929,12.72185,4.24,nominal
viirs_snpp_2026-08-01_1242_37.95024_13.46241,viirs_snpp,N,2026-08-01 12:42:00,37.95024,13.46241,8.43,high
viirs_snpp_2026-08-01_1242_38.17940_15.71146,viirs_snpp,N,2026-08-01 12:42:00,38.1794,15.71146,5.28,nominal
viirs_snpp_2026-08-01_1242_38.02177_13.13128,viirs_snpp,N,2026-08-01 12:42:00,38.02177,13.13128,4.13,nominal
viirs_snpp_2026-08-01_1242_38.02592_13.13089,viirs_snpp,N,2026-08-01 12:42:00,38.02592,13.13089,18.09,nominal
viirs_snpp_2026-08-01_1242_38.02551_13.12651,viirs_snpp,N,2026-08-01 12:42:00,38.02551,13.12651,6.88,nominal
viirs_snpp_2026-08-01_1242_38.02966_13.12603,viirs_snpp,N,2026-08-01 12:42:00,38.02966,13.12603,6.88,nominal
viirs_snpp_2026-08-01_1242_38.55591_16.12054,viirs_snpp,N,2026-08-01 12:42:00,38.55591,16.12054,5.4,nominal
viirs_snpp_2026-08-01_1242_38.96847_17.08778,viirs_snpp,N,2026-08-01 12:42:00,38.96847,17.08778,2.07,nominal
viirs_snpp_2026-08-01_1242_38.96908_17.08750,viirs_snpp,N,2026-08-01 12:42:00,38.96908,17.0875,1.55,nominal
viirs_snpp_2026-08-01_1242_38.96757_16.97398,viirs_snpp,N,2026-08-01 12:42:00,38.96757,16.97398,3.46,nominal
viirs_snpp_2026-08-01_1242_39.06119_16.97213,viirs_snpp,N,2026-08-01 12:42:00,39.06119,16.97213,1.82,low
viirs_snpp_2026-08-01_1242_39.06637_16.97161,viirs_snpp,N,2026-08-01 12:42:00,39.06637,16.97161,1.82,low
viirs_snpp_2026-08-01_1242_39.06197_16.97516,viirs_snpp,N,2026-08-01 12:42:00,39.06197,16.97516,3.44,low
viirs_snpp_2026-08-01_1242_39.74271_16.22204,viirs_snpp,N,2026-08-01 12:42:00,39.74271,16.22204,26.33,high
viirs_snpp_2026-08-01_1242_39.74330_16.23055,viirs_snpp,N,2026-08-01 12:42:00,39.7433,16.23055,26.33,nominal
viirs_snpp_2026-08-01_1242_39.74212_16.21342,viirs_snpp,N,2026-08-01 12:42:00,39.74212,16.21342,13.04,nominal
viirs_snpp_2026-08-01_1242_39.74770_16.22134,viirs_snpp,N,2026-08-01 12:42:00,39.7477,16.22134,23.23,nominal
viirs_snpp_2026-08-01_1242_39.74710_16.21264,viirs_snpp,N,2026-08-01 12:42:00,39.7471,16.21264,14.3,nominal
viirs_snpp_2026-08-01_1242_39.75108_16.12567,viirs_snpp,N,2026-08-01 12:42:00,39.75108,16.12567,22.89,nominal
viirs_snpp_2026-08-01_1242_39.75050_16.11739,viirs_snpp,N,2026-08-01 12:42:00,39.7505,16.11739,12.84,nominal
viirs_snpp_2026-08-01_1242_39.74245_16.22163,viirs_snpp,N,2026-08-01 12:42:00,39.74245,16.22163,25.33,high
viirs_snpp_2026-08-01_1242_39.74298_16.23018,viirs_snpp,N,2026-08-01 12:42:00,39.74298,16.23018,19.89,nominal
viirs_snpp_2026-08-01_1242_39.74191_16.21300,viirs_snpp,N,2026-08-01 12:42:00,39.74191,16.213,25.33,nominal
viirs_snpp_2026-08-01_1242_39.74744_16.22090,viirs_snpp,N,2026-08-01 12:42:00,39.74744,16.2209,25.33,nominal
viirs_snpp_2026-08-01_1242_39.74689_16.21219,viirs_snpp,N,2026-08-01 12:42:00,39.74689,16.21219,25.33,nominal
viirs_snpp_2026-08-01_1242_39.75141_16.12488,viirs_snpp,N,2026-08-01 12:42:00,39.75141,16.12488,17.4,nominal
viirs_snpp_2026-08-01_1242_39.75088_16.11663,viirs_snpp,N,2026-08-01 12:42:00,39.75088,16.11663,17.4,nominal
viirs_snpp_2026-08-01_1242_39.83133_16.34639,viirs_snpp,N,2026-08-01 12:42:00,39.83133,16.34639,69.29,nominal
viirs_snpp_2026-08-01_1242_39.83627_16.34437,viirs_snpp,N,2026-08-01 12:42:00,39.83627,16.34437,69.29,nominal
viirs_snpp_2026-08-01_1242_39.83583_16.33771,viirs_snpp,N,2026-08-01 12:42:00,39.83583,16.33771,18.04,nominal
viirs_snpp_2026-08-01_1242_39.21659_9.31227,viirs_snpp,N,2026-08-01 12:42:00,39.21659,9.31227,4.78,nominal
viirs_snpp_2026-08-01_1242_40.06199_18.24680,viirs_snpp,N,2026-08-01 12:42:00,40.06199,18.2468,4.65,nominal
viirs_snpp_2026-08-01_1242_40.06009_18.24882,viirs_snpp,N,2026-08-01 12:42:00,40.06009,18.24882,4.66,nominal
viirs_snpp_2026-08-01_1242_40.32032_18.26487,viirs_snpp,N,2026-08-01 12:42:00,40.32032,18.26487,10.85,high
viirs_snpp_2026-08-01_1242_40.32833_17.64227,viirs_snpp,N,2026-08-01 12:42:00,40.32833,17.64227,3.17,nominal
viirs_snpp_2026-08-01_1242_40.33374_17.64145,viirs_snpp,N,2026-08-01 12:42:00,40.33374,17.64145,3.17,low
viirs_snpp_2026-08-01_1242_40.37132_17.93697,viirs_snpp,N,2026-08-01 12:42:00,40.37132,17.93697,1.86,nominal
viirs_snpp_2026-08-01_1242_39.55652_8.65424,viirs_snpp,N,2026-08-01 12:42:00,39.55652,8.65424,10.75,nominal
viirs_snpp_2026-08-01_1242_39.55997_8.65351,viirs_snpp,N,2026-08-01 12:42:00,39.55997,8.65351,6.5,nominal
viirs_snpp_2026-08-01_1242_40.72865_16.74355,viirs_snpp,N,2026-08-01 12:42:00,40.72865,16.74355,2.91,low
viirs_snpp_2026-08-01_1242_40.72840_16.73948,viirs_snpp,N,2026-08-01 12:42:00,40.7284,16.73948,2.91,low
viirs_snpp_2026-08-01_1242_40.72892_16.74293,viirs_snpp,N,2026-08-01 12:42:00,40.72892,16.74293,6.11,nominal
viirs_snpp_2026-08-01_1242_40.73907_16.73776,viirs_snpp,N,2026-08-01 12:42:00,40.73907,16.73776,3.73,low
viirs_snpp_2026-08-01_1242_40.87773_14.37795,viirs_snpp,N,2026-08-01 12:42:00,40.87773,14.37795,3.56,nominal
viirs_snpp_2026-08-01_1242_40.87737_14.37603,viirs_snpp,N,2026-08-01 12:42:00,40.87737,14.37603,2.72,nominal
viirs_snpp_2026-08-01_1242_40.40958_9.00916,viirs_snpp,N,2026-08-01 12:42:00,40.40958,9.00916,21.82,nominal
viirs_snpp_2026-08-01_1242_40.40888_9.00359,viirs_snpp,N,2026-08-01 12:42:00,40.40888,9.00359,21.82,low
viirs_snpp_2026-08-01_1242_40.41303_9.00793,viirs_snpp,N,2026-08-01 12:42:00,40.41303,9.00793,21.82,nominal
viirs_snpp_2026-08-01_1242_40.41234_9.00243,viirs_snpp,N,2026-08-01 12:42:00,40.41234,9.00243,21.82,nominal
viirs_snpp_2026-08-01_1242_40.41580_9.00135,viirs_snpp,N,2026-08-01 12:42:00,40.4158,9.00135,9,low
viirs_snpp_2026-08-01_1244_41.29295_15.48337,viirs_snpp,N,2026-08-01 12:44:00,41.29295,15.48337,8.15,nominal
viirs_snpp_2026-08-01_1244_41.29461_15.48152,viirs_snpp,N,2026-08-01 12:44:00,41.29461,15.48152,6.95,nominal
viirs_snpp_2026-08-01_1244_41.45497_15.49401,viirs_snpp,N,2026-08-01 12:44:00,41.45497,15.49401,8.28,nominal
viirs_snpp_2026-08-01_1244_41.50134_15.57694,viirs_snpp,N,2026-08-01 12:44:00,41.50134,15.57694,1.61,low
viirs_snpp_2026-08-01_1244_41.47723_13.98781,viirs_snpp,N,2026-08-01 12:44:00,41.47723,13.98781,4.58,nominal
viirs_snpp_2026-08-01_1244_41.47878_13.99221,viirs_snpp,N,2026-08-01 12:44:00,41.47878,13.99221,3.85,low
viirs_snpp_2026-08-01_1244_41.51600_12.67473,viirs_snpp,N,2026-08-01 12:44:00,41.516,12.67473,4.42,low
viirs_snpp_2026-08-01_1244_41.81020_15.71281,viirs_snpp,N,2026-08-01 12:44:00,41.8102,15.71281,16.82,nominal
viirs_snpp_2026-08-01_1244_41.81052_15.71241,viirs_snpp,N,2026-08-01 12:44:00,41.81052,15.71241,13.59,nominal
viirs_snpp_2026-08-01_1244_41.81772_12.38826,viirs_snpp,N,2026-08-01 12:44:00,41.81772,12.38826,7.26,nominal
viirs_snpp_2026-08-01_1244_41.81726_12.38325,viirs_snpp,N,2026-08-01 12:44:00,41.81726,12.38325,4.44,low
viirs_snpp_2026-08-01_1244_41.91386_12.66058,viirs_snpp,N,2026-08-01 12:44:00,41.91386,12.66058,2.37,nominal
viirs_snpp_2026-08-01_1244_42.12936_12.54670,viirs_snpp,N,2026-08-01 12:44:00,42.12936,12.5467,3.82,nominal
viirs_snpp_2026-08-01_1244_42.53600_18.94902,viirs_snpp,N,2026-08-01 12:44:00,42.536,18.94902,6.16,low
viirs_snpp_2026-08-01_1244_42.66940_18.29518,viirs_snpp,N,2026-08-01 12:44:00,42.6694,18.29518,2.28,low
viirs_snpp_2026-08-01_1244_42.67517_18.29613,viirs_snpp,N,2026-08-01 12:44:00,42.67517,18.29613,2.28,nominal
viirs_snpp_2026-08-01_1244_42.67030_18.29652,viirs_snpp,N,2026-08-01 12:44:00,42.6703,18.29652,2.79,nominal
viirs_snpp_2026-08-01_1244_42.67607_18.29751,viirs_snpp,N,2026-08-01 12:44:00,42.67607,18.29751,2.79,nominal
viirs_snpp_2026-08-01_1244_43.28870_17.59079,viirs_snpp,N,2026-08-01 12:44:00,43.2887,17.59079,11.69,nominal
viirs_snpp_2026-08-01_1244_43.29401_17.58501,viirs_snpp,N,2026-08-01 12:44:00,43.29401,17.58501,11.95,high
viirs_snpp_2026-08-01_1244_43.28716_17.59194,viirs_snpp,N,2026-08-01 12:44:00,43.28716,17.59194,5.07,nominal
viirs_snpp_2026-08-01_1244_43.29248_17.58607,viirs_snpp,N,2026-08-01 12:44:00,43.29248,17.58607,10.96,high
viirs_snpp_2026-08-01_1244_43.34251_17.45573,viirs_snpp,N,2026-08-01 12:44:00,43.34251,17.45573,3.88,nominal
viirs_snpp_2026-08-01_1244_43.58709_16.23475,viirs_snpp,N,2026-08-01 12:44:00,43.58709,16.23475,1.75,low
viirs_snpp_2026-08-01_1244_43.45781_6.10483,viirs_snpp,N,2026-08-01 12:44:00,43.45781,6.10483,15.7,nominal
viirs_snpp_2026-08-01_1244_43.45712_6.09995,viirs_snpp,N,2026-08-01 12:44:00,43.45712,6.09995,15.7,nominal
viirs_snpp_2026-08-01_1244_43.46114_6.10393,viirs_snpp,N,2026-08-01 12:44:00,43.46114,6.10393,15.7,nominal
viirs_snpp_2026-08-01_1244_43.45976_6.09413,viirs_snpp,N,2026-08-01 12:44:00,43.45976,6.09413,63.53,nominal
viirs_snpp_2026-08-01_1244_43.46448_6.10304,viirs_snpp,N,2026-08-01 12:44:00,43.46448,6.10304,67.73,high
viirs_snpp_2026-08-01_1244_43.46516_6.10794,viirs_snpp,N,2026-08-01 12:44:00,43.46516,6.10794,37.89,nominal
viirs_snpp_2026-08-01_1244_43.46781_6.10217,viirs_snpp,N,2026-08-01 12:44:00,43.46781,6.10217,67.73,nominal
viirs_snpp_2026-08-01_1244_43.46437_6.07774,viirs_snpp,N,2026-08-01 12:44:00,43.46437,6.07774,75.3,nominal
viirs_snpp_2026-08-01_1244_43.46368_6.07289,viirs_snpp,N,2026-08-01 12:44:00,43.46368,6.07289,75.45,low
viirs_snpp_2026-08-01_1244_43.46702_6.07203,viirs_snpp,N,2026-08-01 12:44:00,43.46702,6.07203,205.28,high
viirs_snpp_2026-08-01_1244_43.47849_6.10427,viirs_snpp,N,2026-08-01 12:44:00,43.47849,6.10427,25.17,nominal
viirs_snpp_2026-08-01_1244_43.47782_6.09949,viirs_snpp,N,2026-08-01 12:44:00,43.47782,6.09949,12.34,nominal
viirs_snpp_2026-08-01_1244_43.47301_6.06542,viirs_snpp,N,2026-08-01 12:44:00,43.47301,6.06542,20.97,nominal
viirs_snpp_2026-08-01_1244_43.48115_6.09860,viirs_snpp,N,2026-08-01 12:44:00,43.48115,6.0986,12.34,nominal
viirs_snpp_2026-08-01_1244_43.47898_6.05879,viirs_snpp,N,2026-08-01 12:44:00,43.47898,6.05879,6.99,nominal
viirs_snpp_2026-08-01_1244_43.48917_6.10643,viirs_snpp,N,2026-08-01 12:44:00,43.48917,6.10643,5.79,nominal
viirs_snpp_2026-08-01_1244_43.49251_6.10554,viirs_snpp,N,2026-08-01 12:44:00,43.49251,6.10554,11.64,nominal
viirs_snpp_2026-08-01_1244_43.48831_6.05135,viirs_snpp,N,2026-08-01 12:44:00,43.48831,6.05135,7.1,low
viirs_snpp_2026-08-01_1244_43.49429_6.04476,viirs_snpp,N,2026-08-01 12:44:00,43.49429,6.04476,5.08,low
viirs_snpp_2026-08-01_1244_43.50244_6.07783,viirs_snpp,N,2026-08-01 12:44:00,43.50244,6.07783,16.04,low
viirs_snpp_2026-08-01_1244_43.49762_6.04385,viirs_snpp,N,2026-08-01 12:44:00,43.49762,6.04385,23.07,nominal
viirs_snpp_2026-08-01_1244_43.49831_6.04869,viirs_snpp,N,2026-08-01 12:44:00,43.49831,6.04869,57.66,low
viirs_snpp_2026-08-01_1244_43.50301_6.05745,viirs_snpp,N,2026-08-01 12:44:00,43.50301,6.05745,16.87,high
viirs_snpp_2026-08-01_1244_43.50576_6.07688,viirs_snpp,N,2026-08-01 12:44:00,43.50576,6.07688,16.04,nominal
viirs_snpp_2026-08-01_1244_43.50438_6.06715,viirs_snpp,N,2026-08-01 12:44:00,43.50438,6.06715,15.13,low
viirs_snpp_2026-08-01_1244_43.50370_6.06231,viirs_snpp,N,2026-08-01 12:44:00,43.5037,6.06231,16.87,nominal
viirs_snpp_2026-08-01_1244_43.50095_6.04292,viirs_snpp,N,2026-08-01 12:44:00,43.50095,6.04292,23.07,nominal
viirs_snpp_2026-08-01_1244_43.50507_6.07201,viirs_snpp,N,2026-08-01 12:44:00,43.50507,6.07201,15.13,low
viirs_snpp_2026-08-01_1244_43.50163_6.04775,viirs_snpp,N,2026-08-01 12:44:00,43.50163,6.04775,57.66,low
viirs_snpp_2026-08-01_1244_43.50633_6.05652,viirs_snpp,N,2026-08-01 12:44:00,43.50633,6.05652,21.86,nominal
viirs_snpp_2026-08-01_1244_43.50840_6.07110,viirs_snpp,N,2026-08-01 12:44:00,43.5084,6.0711,38.29,low
viirs_snpp_2026-08-01_1244_43.50771_6.06624,viirs_snpp,N,2026-08-01 12:44:00,43.50771,6.06624,38.29,low
viirs_snpp_2026-08-01_1244_43.50702_6.06138,viirs_snpp,N,2026-08-01 12:44:00,43.50702,6.06138,21.86,low
viirs_snpp_2026-08-01_1244_43.51104_6.06533,viirs_snpp,N,2026-08-01 12:44:00,43.51104,6.06533,38.29,nominal
viirs_snpp_2026-08-01_1244_43.51035_6.06047,viirs_snpp,N,2026-08-01 12:44:00,43.51035,6.06047,21.86,nominal
viirs_snpp_2026-08-01_1244_44.26822_7.37100,viirs_snpp,N,2026-08-01 12:44:00,44.26822,7.371,8.88,nominal
viirs_snpp_2026-08-01_1244_45.05706_15.96677,viirs_snpp,N,2026-08-01 12:44:00,45.05706,15.96677,3.81,nominal
viirs_snpp_2026-08-01_1244_45.06513_13.94764,viirs_snpp,N,2026-08-01 12:44:00,45.06513,13.94764,7.9,nominal
viirs_snpp_2026-08-01_1244_45.06466_13.94086,viirs_snpp,N,2026-08-01 12:44:00,45.06466,13.94086,14.97,nominal
viirs_snpp_2026-08-01_1244_45.06419_13.93407,viirs_snpp,N,2026-08-01 12:44:00,45.06419,13.93407,14.97,nominal
viirs_snpp_2026-08-01_1244_45.06644_13.94136,viirs_snpp,N,2026-08-01 12:44:00,45.06644,13.94136,17.01,nominal
viirs_snpp_2026-08-01_1244_45.06600_13.93457,viirs_snpp,N,2026-08-01 12:44:00,45.066,13.93457,9.47,nominal
viirs_snpp_2026-08-01_1244_44.32674_6.12523,viirs_snpp,N,2026-08-01 12:44:00,44.32674,6.12523,12.42,low
viirs_snpp_2026-08-01_1244_44.32605_6.12023,viirs_snpp,N,2026-08-01 12:44:00,44.32605,6.12023,12.42,low
viirs_snpp_2026-08-01_1244_44.32940_6.11931,viirs_snpp,N,2026-08-01 12:44:00,44.3294,6.11931,12.42,nominal
viirs_snpp_2026-08-01_1244_44.33273_6.11830,viirs_snpp,N,2026-08-01 12:44:00,44.33273,6.1183,2.81,nominal
viirs_snpp_2026-08-01_1244_45.53312_15.53541,viirs_snpp,N,2026-08-01 12:44:00,45.53312,15.53541,1.54,nominal
viirs_snpp_2026-08-01_1244_45.14493_9.94701,viirs_snpp,N,2026-08-01 12:44:00,45.14493,9.94701,9.37,nominal
viirs_snpp_2026-08-01_1244_45.14423_9.94028,viirs_snpp,N,2026-08-01 12:44:00,45.14423,9.94028,9.37,low
viirs_snpp_2026-08-01_1244_45.65825_13.84427,viirs_snpp,N,2026-08-01 12:44:00,45.65825,13.84427,3.41,nominal
viirs_snpp_2026-08-01_1244_45.12170_7.73634,viirs_snpp,N,2026-08-01 12:44:00,45.1217,7.73634,5.09,nominal
viirs_snpp_2026-08-01_1244_45.46049_10.45858,viirs_snpp,N,2026-08-01 12:44:00,45.46049,10.45858,1.99,low
viirs_snpp_2026-08-01_1244_45.56318_10.76989,viirs_snpp,N,2026-08-01 12:44:00,45.56318,10.76989,4.79,nominal
viirs_snpp_2026-08-01_1244_46.22581_18.45056,viirs_snpp,N,2026-08-01 12:44:00,46.22581,18.45056,5.74,nominal
viirs_snpp_2026-08-01_1244_45.58713_8.82703,viirs_snpp,N,2026-08-01 12:44:00,45.58713,8.82703,2.58,nominal
viirs_snpp_2026-08-01_1244_45.58803_8.82603,viirs_snpp,N,2026-08-01 12:44:00,45.58803,8.82603,3.74,nominal
viirs_snpp_2026-08-01_1244_45.67982_9.63227,viirs_snpp,N,2026-08-01 12:44:00,45.67982,9.63227,4.11,nominal
viirs_snpp_2026-08-01_1244_46.22320_18.45060,viirs_snpp,N,2026-08-01 12:44:00,46.2232,18.4506,5.97,nominal
viirs_snpp_2026-08-01_1244_46.16390_7.18999,viirs_snpp,N,2026-08-01 12:44:00,46.1639,7.18999,1.65,nominal
viirs_snpp_2026-08-01_1244_47.17557_7.56141,viirs_snpp,N,2026-08-01 12:44:00,47.17557,7.56141,6.17,nominal
viirs_snpp_2026-08-02_0100_44.91237_17.17211,viirs_snpp,N,2026-08-02 01:00:00,44.91237,17.17211,2.11,nominal
viirs_snpp_2026-08-02_0100_45.46214_10.45603,viirs_snpp,N,2026-08-02 01:00:00,45.46214,10.45603,3.66,nominal
viirs_snpp_2026-08-02_0100_45.14662_9.94096,viirs_snpp,N,2026-08-02 01:00:00,45.14662,9.94096,2.86,nominal
viirs_snpp_2026-08-02_0100_45.14241_9.94017,viirs_snpp,N,2026-08-02 01:00:00,45.14241,9.94017,0.78,nominal
viirs_snpp_2026-08-02_0100_43.60359_16.20963,viirs_snpp,N,2026-08-02 01:00:00,43.60359,16.20963,0.89,nominal
viirs_snpp_2026-08-02_0100_43.60288_16.21438,viirs_snpp,N,2026-08-02 01:00:00,43.60288,16.21438,0.32,nominal
viirs_snpp_2026-08-02_0100_43.54151_16.43973,viirs_snpp,N,2026-08-02 01:00:00,43.54151,16.43973,1.17,nominal
viirs_snpp_2026-08-02_0100_44.33305_6.11183,viirs_snpp,N,2026-08-02 01:00:00,44.33305,6.11183,1.4,nominal
viirs_snpp_2026-08-02_0100_42.68060_18.29491,viirs_snpp,N,2026-08-02 01:00:00,42.6806,18.29491,3.53,nominal
viirs_snpp_2026-08-02_0100_42.68140_18.29025,viirs_snpp,N,2026-08-02 01:00:00,42.6814,18.29025,2.71,nominal
viirs_snpp_2026-08-02_0100_42.67812_18.28916,viirs_snpp,N,2026-08-02 01:00:00,42.67812,18.28916,2.71,nominal
viirs_snpp_2026-08-02_0100_42.67484_18.28801,viirs_snpp,N,2026-08-02 01:00:00,42.67484,18.28801,3.08,nominal
viirs_snpp_2026-08-02_0100_42.67236_18.28221,viirs_snpp,N,2026-08-02 01:00:00,42.67236,18.28221,3.08,nominal
viirs_snpp_2026-08-02_0100_42.67157_18.28685,viirs_snpp,N,2026-08-02 01:00:00,42.67157,18.28685,3.08,nominal
viirs_snpp_2026-08-02_0100_42.66585_18.30004,viirs_snpp,N,2026-08-02 01:00:00,42.66585,18.30004,4.58,nominal
viirs_snpp_2026-08-02_0100_42.66828_18.28580,viirs_snpp,N,2026-08-02 01:00:00,42.66828,18.2858,2.19,nominal
viirs_snpp_2026-08-02_0100_42.66666_18.29526,viirs_snpp,N,2026-08-02 01:00:00,42.66666,18.29526,3.04,nominal
viirs_snpp_2026-08-02_0100_42.66499_18.28478,viirs_snpp,N,2026-08-02 01:00:00,42.66499,18.28478,2.19,nominal
viirs_snpp_2026-08-02_0100_42.66418_18.28948,viirs_snpp,N,2026-08-02 01:00:00,42.66418,18.28948,3.04,nominal
viirs_snpp_2026-08-02_0100_42.66337_18.29423,viirs_snpp,N,2026-08-02 01:00:00,42.66337,18.29423,3.04,nominal
viirs_snpp_2026-08-02_0100_42.66088_18.28849,viirs_snpp,N,2026-08-02 01:00:00,42.66088,18.28849,5.45,nominal
viirs_snpp_2026-08-02_0100_42.66169_18.28378,viirs_snpp,N,2026-08-02 01:00:00,42.66169,18.28378,2.72,nominal
viirs_snpp_2026-08-02_0100_42.54016_18.94154,viirs_snpp,N,2026-08-02 01:00:00,42.54016,18.94154,1.28,nominal
viirs_snpp_2026-08-02_0100_42.53933_18.94623,viirs_snpp,N,2026-08-02 01:00:00,42.53933,18.94623,1.28,nominal
viirs_snpp_2026-08-02_0100_42.53681_18.94061,viirs_snpp,N,2026-08-02 01:00:00,42.53681,18.94061,1.28,nominal
viirs_snpp_2026-08-02_0100_42.53177_18.94919,viirs_snpp,N,2026-08-02 01:00:00,42.53177,18.94919,1.38,nominal
viirs_snpp_2026-08-02_0100_42.53092_18.95397,viirs_snpp,N,2026-08-02 01:00:00,42.53092,18.95397,1.38,nominal
viirs_snpp_2026-08-02_0100_43.50609_6.05125,viirs_snpp,N,2026-08-02 01:00:00,43.50609,6.05125,3.83,nominal
viirs_snpp_2026-08-02_0100_43.47535_6.05537,viirs_snpp,N,2026-08-02 01:00:00,43.47535,6.05537,2.14,nominal
viirs_snpp_2026-08-02_0100_43.47031_6.05465,viirs_snpp,N,2026-08-02 01:00:00,43.47031,6.05465,3.38,nominal
viirs_snpp_2026-08-02_0100_43.46437_6.07010,viirs_snpp,N,2026-08-02 01:00:00,43.46437,6.0701,5.13,nominal
viirs_snpp_2026-08-02_0100_43.48967_6.09871,viirs_snpp,N,2026-08-02 01:00:00,43.48967,6.09871,1.12,nominal
viirs_snpp_2026-08-02_0100_43.47694_6.05831,viirs_snpp,N,2026-08-02 01:00:00,43.47694,6.05831,3.1,nominal
viirs_snpp_2026-08-02_0100_43.47191_6.05762,viirs_snpp,N,2026-08-02 01:00:00,43.47191,6.05762,3.1,nominal
viirs_snpp_2026-08-02_0100_43.46132_6.06453,viirs_snpp,N,2026-08-02 01:00:00,43.46132,6.06453,2.88,nominal
viirs_snpp_2026-08-02_0100_43.46083_6.07251,viirs_snpp,N,2026-08-02 01:00:00,43.46083,6.07251,2.51,nominal
viirs_snpp_2026-08-02_0100_42.29945_13.36785,viirs_snpp,N,2026-08-02 01:00:00,42.29945,13.36785,1.4,nominal
viirs_snpp_2026-08-02_0100_47.17579_7.56348,viirs_snpp,N,2026-08-02 01:00:00,47.17579,7.56348,1.1,nominal
viirs_snpp_2026-08-02_0100_42.29812_13.37830,viirs_snpp,N,2026-08-02 01:00:00,42.29812,13.3783,2.37,nominal
viirs_snpp_2026-08-02_0100_47.17319_7.56548,viirs_snpp,N,2026-08-02 01:00:00,47.17319,7.56548,1.78,nominal
viirs_snpp_2026-08-02_0100_42.29745_13.38366,viirs_snpp,N,2026-08-02 01:00:00,42.29745,13.38366,1.4,nominal
viirs_snpp_2026-08-02_0100_42.29390_13.38322,viirs_snpp,N,2026-08-02 01:00:00,42.2939,13.38322,1.4,nominal
viirs_snpp_2026-08-02_0100_46.06899_13.62479,viirs_snpp,N,2026-08-02 01:00:00,46.06899,13.62479,1.85,nominal
viirs_snpp_2026-08-02_0102_41.27853_15.56627,viirs_snpp,N,2026-08-02 01:02:00,41.27853,15.56627,0.33,nominal
viirs_snpp_2026-08-02_0102_41.25930_15.67087,viirs_snpp,N,2026-08-02 01:02:00,41.2593,15.67087,10.18,nominal
viirs_snpp_2026-08-02_0102_41.51645_12.67928,viirs_snpp,N,2026-08-02 01:02:00,41.51645,12.67928,1.28,nominal
viirs_snpp_2026-08-02_0102_41.51288_12.67849,viirs_snpp,N,2026-08-02 01:02:00,41.51288,12.67849,1.28,nominal
viirs_snpp_2026-08-02_0102_40.62756_17.99845,viirs_snpp,N,2026-08-02 01:02:00,40.62756,17.99845,1.18,nominal
viirs_snpp_2026-08-02_0102_40.95103_15.66857,viirs_snpp,N,2026-08-02 01:02:00,40.95103,15.66857,0.51,nominal
viirs_snpp_2026-08-02_0102_40.51711_17.20517,viirs_snpp,N,2026-08-02 01:02:00,40.51711,17.20517,2.45,nominal
viirs_snpp_2026-08-02_0102_40.50267_17.21797,viirs_snpp,N,2026-08-02 01:02:00,40.50267,17.21797,3.2,nominal
viirs_snpp_2026-08-02_0102_40.31986_18.26239,viirs_snpp,N,2026-08-02 01:02:00,40.31986,18.26239,0.8,nominal
viirs_snpp_2026-08-02_0102_40.24205_18.32298,viirs_snpp,N,2026-08-02 01:02:00,40.24205,18.32298,0.77,nominal
viirs_snpp_2026-08-02_0102_40.31392_15.89508,viirs_snpp,N,2026-08-02 01:02:00,40.31392,15.89508,1.18,nominal
viirs_snpp_2026-08-02_0100_45.14862_17.53919,viirs_snpp,N,2026-08-02 01:00:00,45.14862,17.53919,0.65,nominal
viirs_snpp_2026-08-02_0102_40.31322_15.89956,viirs_snpp,N,2026-08-02 01:02:00,40.31322,15.89956,0.86,nominal
viirs_snpp_2026-08-02_0100_45.66016_13.84463,viirs_snpp,N,2026-08-02 01:00:00,45.66016,13.84463,1.6,nominal
viirs_snpp_2026-08-02_0102_39.76293_16.32530,viirs_snpp,N,2026-08-02 01:02:00,39.76293,16.3253,1.72,nominal
viirs_snpp_2026-08-02_0102_39.76221_16.32975,viirs_snpp,N,2026-08-02 01:02:00,39.76221,16.32975,1.65,nominal
viirs_snpp_2026-08-02_0102_39.73532_16.22042,viirs_snpp,N,2026-08-02 01:02:00,39.73532,16.22042,5.19,nominal
viirs_snpp_2026-08-02_0102_40.55524_9.67033,viirs_snpp,N,2026-08-02 01:02:00,40.55524,9.67033,1.04,nominal
viirs_snpp_2026-08-02_0102_39.20096_16.91963,viirs_snpp,N,2026-08-02 01:02:00,39.20096,16.91963,0.49,nominal
viirs_snpp_2026-08-02_0102_39.19766_16.91871,viirs_snpp,N,2026-08-02 01:02:00,39.19766,16.91871,0.99,nominal
viirs_snpp_2026-08-02_0102_38.71825_16.15370,viirs_snpp,N,2026-08-02 01:02:00,38.71825,16.1537,1.4,nominal
viirs_snpp_2026-08-02_0102_38.79624_15.21110,viirs_snpp,N,2026-08-02 01:02:00,38.79624,15.2111,1.42,nominal
viirs_snpp_2026-08-02_0102_38.79295_15.21030,viirs_snpp,N,2026-08-02 01:02:00,38.79295,15.2103,1.91,nominal
viirs_snpp_2026-08-02_0102_39.08170_9.01853,viirs_snpp,N,2026-08-02 01:02:00,39.0817,9.01853,2.21,nominal
viirs_snpp_2026-08-02_0102_37.76004_15.01788,viirs_snpp,N,2026-08-02 01:02:00,37.76004,15.01788,1.4,nominal
viirs_snpp_2026-08-02_0102_37.76071_15.01359,viirs_snpp,N,2026-08-02 01:02:00,37.76071,15.01359,1.4,nominal
viirs_snpp_2026-08-02_0102_37.75937_15.02216,viirs_snpp,N,2026-08-02 01:02:00,37.75937,15.02216,0.46,nominal
viirs_snpp_2026-08-02_0102_37.75409_15.03415,viirs_snpp,N,2026-08-02 01:02:00,37.75409,15.03415,2.89,nominal
viirs_snpp_2026-08-02_0102_37.75342_15.03844,viirs_snpp,N,2026-08-02 01:02:00,37.75342,15.03844,1.49,nominal
viirs_snpp_2026-08-02_0102_37.75609_15.02134,viirs_snpp,N,2026-08-02 01:02:00,37.75609,15.02134,1.43,nominal
viirs_snpp_2026-08-02_0102_37.75543_15.02560,viirs_snpp,N,2026-08-02 01:02:00,37.75543,15.0256,1.43,nominal
viirs_snpp_2026-08-02_0102_37.75476_15.02987,viirs_snpp,N,2026-08-02 01:02:00,37.75476,15.02987,2.89,nominal
viirs_snpp_2026-08-02_0102_37.75081_15.03332,viirs_snpp,N,2026-08-02 01:02:00,37.75081,15.03332,2.89,nominal
viirs_snpp_2026-08-02_0102_37.75014_15.03760,viirs_snpp,N,2026-08-02 01:02:00,37.75014,15.0376,1.49,nominal
viirs_snpp_2026-08-02_0102_37.74947_15.04190,viirs_snpp,N,2026-08-02 01:02:00,37.74947,15.0419,1.49,nominal
viirs_snpp_2026-08-02_0102_37.75355_14.99408,viirs_snpp,N,2026-08-02 01:02:00,37.75355,14.99408,1.28,nominal
viirs_snpp_2026-08-02_0102_37.75288_14.99837,viirs_snpp,N,2026-08-02 01:02:00,37.75288,14.99837,1.28,nominal
viirs_snpp_2026-08-02_0102_37.74961_14.99755,viirs_snpp,N,2026-08-02 01:02:00,37.74961,14.99755,1.28,nominal
viirs_snpp_2026-08-02_0102_37.91175_12.70883,viirs_snpp,N,2026-08-02 01:02:00,37.91175,12.70883,4.07,nominal
viirs_snpp_2026-08-02_0102_37.91111_12.71360,viirs_snpp,N,2026-08-02 01:02:00,37.91111,12.7136,4.07,nominal
viirs_snpp_2026-08-02_0102_37.90832_12.70808,viirs_snpp,N,2026-08-02 01:02:00,37.90832,12.70808,4.07,nominal
viirs_snpp_2026-08-02_0102_37.90767_12.71283,viirs_snpp,N,2026-08-02 01:02:00,37.90767,12.71283,4.07,nominal
viirs_snpp_2026-08-02_0102_37.90897_12.70328,viirs_snpp,N,2026-08-02 01:02:00,37.90897,12.70328,3.69,nominal
viirs_snpp_2026-08-02_0102_37.90489_12.70732,viirs_snpp,N,2026-08-02 01:02:00,37.90489,12.70732,4.29,nominal
viirs_snpp_2026-08-02_0102_37.74450_12.67503,viirs_snpp,N,2026-08-02 01:02:00,37.7445,12.67503,0.82,nominal
viirs_snpp_2026-08-02_0102_37.74106_12.67435,viirs_snpp,N,2026-08-02 01:02:00,37.74106,12.67435,0.82,nominal
viirs_snpp_2026-08-02_0102_37.72137_12.62446,viirs_snpp,N,2026-08-02 01:02:00,37.72137,12.62446,0.59,nominal
viirs_snpp_2026-08-02_0102_37.69963_12.49714,viirs_snpp,N,2026-08-02 01:02:00,37.69963,12.49714,0.59,nominal
viirs_snpp_2026-08-02_0102_37.23618_14.11514,viirs_snpp,N,2026-08-02 01:02:00,37.23618,14.11514,0.44,nominal
viirs_snpp_2026-08-02_0102_36.66129_10.75413,viirs_snpp,N,2026-08-02 01:02:00,36.66129,10.75413,1.15,nominal
viirs_snpp_2026-08-02_0102_36.72843_10.10515,viirs_snpp,N,2026-08-02 01:02:00,36.72843,10.10515,0.67,nominal
viirs_snpp_2026-08-02_0102_36.67629_9.92059,viirs_snpp,N,2026-08-02 01:02:00,36.67629,9.92059,1.2,nominal
viirs_snpp_2026-08-02_0102_36.88220_6.95682,viirs_snpp,N,2026-08-02 01:02:00,36.8822,6.95682,1.83,nominal
viirs_snpp_2026-08-02_0102_36.87868_6.94516,viirs_snpp,N,2026-08-02 01:02:00,36.87868,6.94516,2.72,nominal
viirs_snpp_2026-08-02_0102_36.87080_6.98364,viirs_snpp,N,2026-08-02 01:02:00,36.8708,6.98364,0.99,nominal
viirs_snpp_2026-08-02_0102_36.86428_6.95429,viirs_snpp,N,2026-08-02 01:02:00,36.86428,6.95429,2.83,nominal
viirs_snpp_2026-08-02_0102_36.86900_6.98287,viirs_snpp,N,2026-08-02 01:02:00,36.869,6.98287,3.04,nominal
viirs_snpp_2026-08-02_0102_36.86713_6.95424,viirs_snpp,N,2026-08-02 01:02:00,36.86713,6.95424,1.33,nominal
viirs_snpp_2026-08-02_0102_36.86265_6.95362,viirs_snpp,N,2026-08-02 01:02:00,36.86265,6.95362,2.95,nominal
viirs_snpp_2026-08-02_0102_36.76256_7.30994,viirs_snpp,N,2026-08-02 01:02:00,36.76256,7.30994,1.05,nominal
viirs_snpp_2026-08-02_0102_36.74810_6.25537,viirs_snpp,N,2026-08-02 01:02:00,36.7481,6.25537,4.69,nominal
viirs_snpp_2026-08-02_0102_36.74345_6.25476,viirs_snpp,N,2026-08-02 01:02:00,36.74345,6.25476,2.07,nominal
viirs_snpp_2026-08-02_0102_36.43098_6.62403,viirs_snpp,N,2026-08-02 01:02:00,36.43098,6.62403,0.99,nominal
viirs_snpp_2026-08-02_0102_36.08703_6.80549,viirs_snpp,N,2026-08-02 01:02:00,36.08703,6.80549,1.65,nominal
viirs_snpp_2026-08-02_0102_35.76534_7.36162,viirs_snpp,N,2026-08-02 01:02:00,35.76534,7.36162,0.76,nominal
viirs_snpp_2026-08-02_0102_35.86620_6.02292,viirs_snpp,N,2026-08-02 01:02:00,35.8662,6.02292,1.81,nominal
viirs_snpp_2026-08-02_0102_35.86569_6.02883,viirs_snpp,N,2026-08-02 01:02:00,35.86569,6.02883,0.71,nominal
viirs_snpp_2026-08-02_0102_35.23242_8.17107,viirs_snpp,N,2026-08-02 01:02:00,35.23242,8.17107,1.51,nominal
viirs_snpp_2026-08-02_0241_36.87851_6.94620,viirs_snpp,N,2026-08-02 02:41:00,36.87851,6.9462,1.86,nominal
viirs_snpp_2026-08-02_0241_36.87603_6.95393,viirs_snpp,N,2026-08-02 02:41:00,36.87603,6.95393,1.86,nominal
viirs_snpp_2026-08-02_0241_36.86639_6.98397,viirs_snpp,N,2026-08-02 02:41:00,36.86639,6.98397,3.48,nominal
viirs_snpp_2026-08-02_0241_36.75020_6.25697,viirs_snpp,N,2026-08-02 02:41:00,36.7502,6.25697,1.17,nominal
viirs_snpp_2026-08-02_0241_36.74380_6.25380,viirs_snpp,N,2026-08-02 02:41:00,36.7438,6.2538,1.17,nominal
viirs_snpp_2026-08-02_0241_36.43071_6.62548,viirs_snpp,N,2026-08-02 02:41:00,36.43071,6.62548,1.63,nominal
viirs_snpp_2026-08-02_0243_35.86850_6.02542,viirs_snpp,N,2026-08-02 02:43:00,35.8685,6.02542,1.02,nominal
viirs_snpp_2026-08-02_0241_47.17499_7.56465,viirs_snpp,N,2026-08-02 02:41:00,47.17499,7.56465,1.14,nominal
viirs_snpp_2026-08-02_0241_45.14785_9.94236,viirs_snpp,N,2026-08-02 02:41:00,45.14785,9.94236,2,nominal
viirs_snpp_2026-08-02_0241_45.14502_9.94238,viirs_snpp,N,2026-08-02 02:41:00,45.14502,9.94238,1.69,nominal
viirs_snpp_2026-08-02_0241_43.50577_6.05579,viirs_snpp,N,2026-08-02 02:41:00,43.50577,6.05579,0.77,nominal
viirs_snpp_2026-08-02_0241_43.47345_6.06083,viirs_snpp,N,2026-08-02 02:41:00,43.47345,6.06083,1.12,nominal
viirs_snpp_2026-08-02_0241_43.46379_6.07251,viirs_snpp,N,2026-08-02 02:41:00,43.46379,6.07251,1.03,nominal
viirs_snpp_2026-08-02_0241_43.45855_6.06938,viirs_snpp,N,2026-08-02 02:41:00,43.45855,6.06938,1.03,nominal
viirs_snpp_2026-08-02_0241_43.47046_6.05803,viirs_snpp,N,2026-08-02 02:41:00,43.47046,6.05803,1.27,nominal
viirs_snpp_2026-08-02_0241_43.46091_6.06962,viirs_snpp,N,2026-08-02 02:41:00,43.46091,6.06962,2.52,nominal
viirs_noaa20_2026-08-01_1119_37.03563_14.41785,viirs_noaa20,N20,2026-08-01 11:19:00,37.03563,14.41785,5.01,nominal
viirs_noaa20_2026-08-01_1119_37.15346_14.31136,viirs_noaa20,N20,2026-08-01 11:19:00,37.15346,14.31136,19.2,high
viirs_noaa20_2026-08-01_1119_37.16555_13.78168,viirs_noaa20,N20,2026-08-01 11:19:00,37.16555,13.78168,1.6,nominal
viirs_noaa20_2026-08-01_1119_37.16446_13.77757,viirs_noaa20,N20,2026-08-01 11:19:00,37.16446,13.77757,1.6,low
viirs_noaa20_2026-08-01_1119_37.26633_14.07711,viirs_noaa20,N20,2026-08-01 11:19:00,37.26633,14.07711,3.38,nominal
viirs_noaa20_2026-08-01_1119_37.26521_14.07284,viirs_noaa20,N20,2026-08-01 11:19:00,37.26521,14.07284,3.38,nominal
viirs_noaa20_2026-08-01_1119_37.27144_14.07509,viirs_noaa20,N20,2026-08-01 11:19:00,37.27144,14.07509,3.14,nominal
viirs_noaa20_2026-08-01_1119_37.27041_14.07114,viirs_noaa20,N20,2026-08-01 11:19:00,37.27041,14.07114,3.14,nominal
viirs_noaa20_2026-08-01_1119_37.22668_13.79573,viirs_noaa20,N20,2026-08-01 11:19:00,37.22668,13.79573,8.47,high
viirs_noaa20_2026-08-01_1119_37.22779_13.79998,viirs_noaa20,N20,2026-08-01 11:19:00,37.22779,13.79998,7.25,nominal
viirs_noaa20_2026-08-01_1119_37.22561_13.79163,viirs_noaa20,N20,2026-08-01 11:19:00,37.22561,13.79163,8.47,nominal
viirs_noaa20_2026-08-01_1119_37.23306_13.79821,viirs_noaa20,N20,2026-08-01 11:19:00,37.23306,13.79821,2.06,nominal
viirs_noaa20_2026-08-01_1119_38.61507_16.49588,viirs_noaa20,N20,2026-08-01 11:19:00,38.61507,16.49588,6.61,nominal
viirs_noaa20_2026-08-01_1119_37.76939_12.67004,viirs_noaa20,N20,2026-08-01 11:19:00,37.76939,12.67004,4.04,low
viirs_noaa20_2026-08-01_1119_38.96473_16.98767,viirs_noaa20,N20,2026-08-01 11:19:00,38.96473,16.98767,6.76,nominal
viirs_noaa20_2026-08-01_1119_38.96772_16.98066,viirs_noaa20,N20,2026-08-01 11:19:00,38.96772,16.98066,6.76,low
viirs_noaa20_2026-08-01_1121_40.06000_18.25079,viirs_noaa20,N20,2026-08-01 11:21:00,40.06,18.25079,2.95,nominal
viirs_noaa20_2026-08-01_1121_40.05906_18.24638,viirs_noaa20,N20,2026-08-01 11:21:00,40.05906,18.24638,5.64,low
viirs_noaa20_2026-08-01_1121_40.14654_18.09617,viirs_noaa20,N20,2026-08-01 11:21:00,40.14654,18.09617,2.3,nominal
viirs_noaa20_2026-08-01_1121_40.15046_18.09472,viirs_noaa20,N20,2026-08-01 11:21:00,40.15046,18.09472,2.3,low
viirs_noaa20_2026-08-01_1121_40.16995_18.10690,viirs_noaa20,N20,2026-08-01 11:21:00,40.16995,18.1069,2.28,low
viirs_noaa20_2026-08-01_1121_39.74841_16.12283,viirs_noaa20,N20,2026-08-01 11:21:00,39.74841,16.12283,5.74,low
viirs_noaa20_2026-08-01_1121_40.31848_18.26412,viirs_noaa20,N20,2026-08-01 11:21:00,40.31848,18.26412,11.3,nominal
viirs_noaa20_2026-08-01_1121_40.32235_18.26272,viirs_noaa20,N20,2026-08-01 11:21:00,40.32235,18.26272,11.3,nominal
viirs_noaa20_2026-08-01_1121_40.37322_17.93905,viirs_noaa20,N20,2026-08-01 11:21:00,40.37322,17.93905,0.95,low
viirs_noaa20_2026-08-01_1121_40.32543_17.64086,viirs_noaa20,N20,2026-08-01 11:21:00,40.32543,17.64086,12.35,nominal
viirs_noaa20_2026-08-01_1121_40.32944_17.63951,viirs_noaa20,N20,2026-08-01 11:21:00,40.32944,17.63951,16.21,nominal
viirs_noaa20_2026-08-01_1121_40.32840_17.63478,viirs_noaa20,N20,2026-08-01 11:21:00,40.3284,17.63478,6.3,nominal
viirs_noaa20_2026-08-01_1121_40.32735_17.63007,viirs_noaa20,N20,2026-08-01 11:21:00,40.32735,17.63007,6.3,nominal
viirs_noaa20_2026-08-01_1121_40.50427_17.90829,viirs_noaa20,N20,2026-08-01 11:21:00,40.50427,17.90829,4.77,nominal
viirs_noaa20_2026-08-01_1121_40.29056_16.75231,viirs_noaa20,N20,2026-08-01 11:21:00,40.29056,16.75231,2.83,low
viirs_noaa20_2026-08-01_1121_40.29436_16.58907,viirs_noaa20,N20,2026-08-01 11:21:00,40.29436,16.58907,5.22,nominal
viirs_noaa20_2026-08-01_1121_40.59867_17.92811,viirs_noaa20,N20,2026-08-01 11:21:00,40.59867,17.92811,2.68,low
viirs_noaa20_2026-08-01_1121_40.29691_16.59130,viirs_noaa20,N20,2026-08-01 11:21:00,40.29691,16.5913,8.2,nominal
viirs_noaa20_2026-08-01_1121_40.38433_15.54609,viirs_noaa20,N20,2026-08-01 11:21:00,40.38433,15.54609,4.39,low
viirs_noaa20_2026-08-01_1121_40.73441_16.74119,viirs_noaa20,N20,2026-08-01 11:21:00,40.73441,16.74119,41.5,nominal
viirs_noaa20_2026-08-01_1121_40.73326_16.73614,viirs_noaa20,N20,2026-08-01 11:21:00,40.73326,16.73614,18.81,low
viirs_noaa20_2026-08-01_1121_40.91406_15.70618,viirs_noaa20,N20,2026-08-01 11:21:00,40.91406,15.70618,14.29,nominal
viirs_noaa20_2026-08-01_1121_40.93240_15.66411,viirs_noaa20,N20,2026-08-01 11:21:00,40.9324,15.66411,15.22,nominal
viirs_noaa20_2026-08-01_1121_39.21605_9.31325,viirs_noaa20,N20,2026-08-01 11:21:00,39.21605,9.31325,4.1,nominal
viirs_noaa20_2026-08-01_1121_41.46077_15.88995,viirs_noaa20,N20,2026-08-01 11:21:00,41.46077,15.88995,2.47,nominal
viirs_noaa20_2026-08-01_1121_41.50116_15.58290,viirs_noaa20,N20,2026-08-01 11:21:00,41.50116,15.5829,4.36,low
viirs_noaa20_2026-08-01_1121_41.80588_15.72586,viirs_noaa20,N20,2026-08-01 11:21:00,41.80588,15.72586,5.75,nominal
viirs_noaa20_2026-08-01_1121_41.81855_15.72093,viirs_noaa20,N20,2026-08-01 11:21:00,41.81855,15.72093,5.54,low
viirs_noaa20_2026-08-01_1121_42.53263_18.95006,viirs_noaa20,N20,2026-08-01 11:21:00,42.53263,18.95006,4.1,nominal
viirs_noaa20_2026-08-01_1121_42.53633_18.94922,viirs_noaa20,N20,2026-08-01 11:21:00,42.53633,18.94922,7.03,nominal
viirs_noaa20_2026-08-01_1121_42.66973_18.29712,viirs_noaa20,N20,2026-08-01 11:21:00,42.66973,18.29712,5.94,nominal
viirs_noaa20_2026-08-01_1121_42.67338_18.29556,viirs_noaa20,N20,2026-08-01 11:21:00,42.67338,18.29556,33.6,nominal
viirs_noaa20_2026-08-01_1121_42.67820_18.29971,viirs_noaa20,N20,2026-08-01 11:21:00,42.6782,18.29971,21.09,nominal
viirs_noaa20_2026-08-01_1121_42.67408_18.30013,viirs_noaa20,N20,2026-08-01 11:21:00,42.67408,18.30013,16.93,low
viirs_noaa20_2026-08-01_1121_42.67289_18.29438,viirs_noaa20,N20,2026-08-01 11:21:00,42.67289,18.29438,16.93,nominal
viirs_noaa20_2026-08-01_1121_42.67772_18.29854,viirs_noaa20,N20,2026-08-01 11:21:00,42.67772,18.29854,16.93,nominal
viirs_noaa20_2026-08-01_1121_40.40367_9.01075,viirs_noaa20,N20,2026-08-01 11:21:00,40.40367,9.01075,29.04,high
viirs_noaa20_2026-08-01_1121_40.41201_9.01593,viirs_noaa20,N20,2026-08-01 11:21:00,40.41201,9.01593,20.54,nominal
viirs_noaa20_2026-08-01_1121_40.41057_9.01118,viirs_noaa20,N20,2026-08-01 11:21:00,40.41057,9.01118,63.64,nominal
viirs_noaa20_2026-08-01_1121_40.40917_9.00659,viirs_noaa20,N20,2026-08-01 11:21:00,40.40917,9.00659,63.64,nominal
viirs_noaa20_2026-08-01_1121_40.40202_9.00848,viirs_noaa20,N20,2026-08-01 11:21:00,40.40202,9.00848,79.83,nominal
viirs_noaa20_2026-08-01_1121_40.41038_9.01354,viirs_noaa20,N20,2026-08-01 11:21:00,40.41038,9.01354,79.83,high
viirs_noaa20_2026-08-01_1121_40.40749_9.00421,viirs_noaa20,N20,2026-08-01 11:21:00,40.40749,9.00421,52.88,nominal
viirs_noaa20_2026-08-01_1121_41.51348_12.67901,viirs_noaa20,N20,2026-08-01 11:21:00,41.51348,12.67901,2.04,nominal
viirs_noaa20_2026-08-01_1121_42.14197_14.54683,viirs_noaa20,N20,2026-08-01 11:21:00,42.14197,14.54683,3.21,low
viirs_noaa20_2026-08-01_1121_42.14037_14.54018,viirs_noaa20,N20,2026-08-01 11:21:00,42.14037,14.54018,2.28,low
viirs_noaa20_2026-08-01_1121_42.14471_14.53804,viirs_noaa20,N20,2026-08-01 11:21:00,42.14471,14.53804,6.66,nominal
viirs_noaa20_2026-08-01_1121_41.75875_12.66897,viirs_noaa20,N20,2026-08-01 11:21:00,41.75875,12.66897,1.47,nominal
viirs_noaa20_2026-08-01_1121_43.60318_16.21422,viirs_noaa20,N20,2026-08-01 11:21:00,43.60318,16.21422,3.02,nominal
viirs_noaa20_2026-08-01_1121_45.16168_16.57190,viirs_noaa20,N20,2026-08-01 11:21:00,45.16168,16.5719,8.6,nominal
viirs_noaa20_2026-08-01_1121_45.06470_13.94421,viirs_noaa20,N20,2026-08-01 11:21:00,45.0647,13.94421,6.46,nominal
viirs_noaa20_2026-08-01_1121_45.06331_13.93837,viirs_noaa20,N20,2026-08-01 11:21:00,45.06331,13.93837,5.26,nominal
viirs_noaa20_2026-08-01_1121_45.06472_13.94077,viirs_noaa20,N20,2026-08-01 11:21:00,45.06472,13.94077,9.59,high
viirs_noaa20_2026-08-01_1121_44.11398_9.87117,viirs_noaa20,N20,2026-08-01 11:21:00,44.11398,9.87117,3.15,nominal
viirs_noaa20_2026-08-01_1121_44.11092_9.87099,viirs_noaa20,N20,2026-08-01 11:21:00,44.11092,9.87099,3.3,nominal
viirs_noaa20_2026-08-01_1121_45.41100_13.83525,viirs_noaa20,N20,2026-08-01 11:21:00,45.411,13.83525,10.21,nominal
viirs_noaa20_2026-08-01_1121_45.40958_13.82938,viirs_noaa20,N20,2026-08-01 11:21:00,45.40958,13.82938,9.49,low
viirs_noaa20_2026-08-01_1121_44.68047_10.94056,viirs_noaa20,N20,2026-08-01 11:21:00,44.68047,10.94056,2.42,nominal
viirs_noaa20_2026-08-01_1121_43.45700_6.09602,viirs_noaa20,N20,2026-08-01 11:21:00,43.457,6.09602,3.88,low
viirs_noaa20_2026-08-01_1121_43.46495_6.07655,viirs_noaa20,N20,2026-08-01 11:21:00,43.46495,6.07655,13.43,nominal
viirs_noaa20_2026-08-01_1121_43.49376_6.09866,viirs_noaa20,N20,2026-08-01 11:21:00,43.49376,6.09866,7.84,nominal
viirs_noaa20_2026-08-01_1121_43.50288_6.06077,viirs_noaa20,N20,2026-08-01 11:21:00,43.50288,6.06077,11.79,high
viirs_noaa20_2026-08-01_1121_43.49828_6.04676,viirs_noaa20,N20,2026-08-01 11:21:00,43.49828,6.04676,17.77,high
viirs_noaa20_2026-08-01_1121_43.50739_6.07458,viirs_noaa20,N20,2026-08-01 11:21:00,43.50739,6.07458,6.13,nominal
viirs_noaa20_2026-08-01_1121_43.50520_6.06789,viirs_noaa20,N20,2026-08-01 11:21:00,43.5052,6.06789,6.13,nominal
viirs_noaa20_2026-08-01_1121_43.50059_6.05380,viirs_noaa20,N20,2026-08-01 11:21:00,43.50059,6.0538,11.79,nominal
viirs_noaa20_2026-08-01_1121_43.50360_6.06016,viirs_noaa20,N20,2026-08-01 11:21:00,43.5036,6.06016,10.51,high
viirs_noaa20_2026-08-01_1121_43.49891_6.04609,viirs_noaa20,N20,2026-08-01 11:21:00,43.49891,6.04609,12.16,high
viirs_noaa20_2026-08-01_1121_43.50815_6.07380,viirs_noaa20,N20,2026-08-01 11:21:00,43.50815,6.0738,3.75,low
viirs_noaa20_2026-08-01_1121_43.50591_6.06708,viirs_noaa20,N20,2026-08-01 11:21:00,43.50591,6.06708,10.51,nominal
viirs_noaa20_2026-08-01_1121_43.50128_6.05320,viirs_noaa20,N20,2026-08-01 11:21:00,43.50128,6.0532,12.16,nominal
viirs_noaa20_2026-08-01_1121_47.02987_17.01305,viirs_noaa20,N20,2026-08-01 11:21:00,47.02987,17.01305,2.87,low
viirs_noaa20_2026-08-01_1121_45.46191_10.45531,viirs_noaa20,N20,2026-08-01 11:21:00,45.46191,10.45531,3.93,nominal
viirs_noaa20_2026-08-01_1121_44.32893_6.12470,viirs_noaa20,N20,2026-08-01 11:21:00,44.32893,6.1247,15.78,high
viirs_noaa20_2026-08-01_1121_44.32715_6.12692,viirs_noaa20,N20,2026-08-01 11:21:00,44.32715,6.12692,9.26,high
viirs_noaa20_2026-08-01_1121_44.32517_6.12093,viirs_noaa20,N20,2026-08-01 11:21:00,44.32517,6.12093,9.26,nominal
viirs_noaa20_2026-08-01_1121_45.53932_9.93001,viirs_noaa20,N20,2026-08-01 11:21:00,45.53932,9.93001,3.4,nominal
viirs_noaa20_2026-08-01_1259_36.14067_8.00241,viirs_noaa20,N20,2026-08-01 12:59:00,36.14067,8.00241,7.79,nominal
viirs_noaa20_2026-08-01_1301_36.26730_6.68230,viirs_noaa20,N20,2026-08-01 13:01:00,36.2673,6.6823,12,nominal
viirs_noaa20_2026-08-01_1301_36.77088_9.82131,viirs_noaa20,N20,2026-08-01 13:01:00,36.77088,9.82131,6.97,low
viirs_noaa20_2026-08-01_1301_36.78736_9.84600,viirs_noaa20,N20,2026-08-01 13:01:00,36.78736,9.846,3.12,low
viirs_noaa20_2026-08-01_1301_36.78674_9.84542,viirs_noaa20,N20,2026-08-01 13:01:00,36.78674,9.84542,2.23,low
viirs_noaa20_2026-08-01_1301_37.10686_14.41273,viirs_noaa20,N20,2026-08-01 13:01:00,37.10686,14.41273,2.16,nominal
viirs_noaa20_2026-08-01_1301_37.22537_13.79785,viirs_noaa20,N20,2026-08-01 13:01:00,37.22537,13.79785,4.8,low
viirs_noaa20_2026-08-01_1301_36.74711_6.25804,viirs_noaa20,N20,2026-08-01 13:01:00,36.74711,6.25804,10.16,low
viirs_noaa20_2026-08-01_1301_37.33980_14.23526,viirs_noaa20,N20,2026-08-01 13:01:00,37.3398,14.23526,5.06,nominal
viirs_noaa20_2026-08-01_1301_37.33958_14.22973,viirs_noaa20,N20,2026-08-01 13:01:00,37.33958,14.22973,5.06,nominal
viirs_noaa20_2026-08-01_1301_36.86755_6.98649,viirs_noaa20,N20,2026-08-01 13:01:00,36.86755,6.98649,7.1,nominal
viirs_noaa20_2026-08-01_1301_36.86613_6.98339,viirs_noaa20,N20,2026-08-01 13:01:00,36.86613,6.98339,3.62,nominal
viirs_noaa20_2026-08-01_1301_36.87023_6.98277,viirs_noaa20,N20,2026-08-01 13:01:00,36.87023,6.98277,3.62,nominal
viirs_noaa20_2026-08-01_1301_36.88078_6.96302,viirs_noaa20,N20,2026-08-01 13:01:00,36.88078,6.96302,2.16,low
viirs_noaa20_2026-08-01_1301_37.60505_12.99731,viirs_noaa20,N20,2026-08-01 13:01:00,37.60505,12.99731,2.63,low
viirs_noaa20_2026-08-01_1301_37.61631_12.99066,viirs_noaa20,N20,2026-08-01 13:01:00,37.61631,12.99066,3.26,nominal
viirs_noaa20_2026-08-01_1301_37.66635_13.05608,viirs_noaa20,N20,2026-08-01 13:01:00,37.66635,13.05608,1.54,nominal
viirs_noaa20_2026-08-01_1301_37.78994_12.72435,viirs_noaa20,N20,2026-08-01 13:01:00,37.78994,12.72435,4.5,nominal
viirs_noaa20_2026-08-01_1301_37.78968_12.71926,viirs_noaa20,N20,2026-08-01 13:01:00,37.78968,12.71926,4.89,nominal
viirs_noaa20_2026-08-01_1301_37.94681_13.45848,viirs_noaa20,N20,2026-08-01 13:01:00,37.94681,13.45848,5.11,nominal
viirs_noaa20_2026-08-01_1301_37.95024_13.45994,viirs_noaa20,N20,2026-08-01 13:01:00,37.95024,13.45994,6.02,nominal
viirs_noaa20_2026-08-01_1301_38.01912_13.13293,viirs_noaa20,N20,2026-08-01 13:01:00,38.01912,13.13293,7.05,high
viirs_noaa20_2026-08-01_1301_38.01933_13.13754,viirs_noaa20,N20,2026-08-01 13:01:00,38.01933,13.13754,7.05,nominal
viirs_noaa20_2026-08-01_1301_38.02497_13.13300,viirs_noaa20,N20,2026-08-01 13:01:00,38.02497,13.133,4.82,nominal
viirs_noaa20_2026-08-01_1301_38.02476_13.12840,viirs_noaa20,N20,2026-08-01 13:01:00,38.02476,13.1284,9.89,nominal
viirs_noaa20_2026-08-01_1301_38.55910_16.12084,viirs_noaa20,N20,2026-08-01 13:01:00,38.5591,16.12084,4.01,nominal
viirs_noaa20_2026-08-01_1301_38.79105_15.23201,viirs_noaa20,N20,2026-08-01 13:01:00,38.79105,15.23201,10.57,low
viirs_noaa20_2026-08-01_1301_38.96157_16.98570,viirs_noaa20,N20,2026-08-01 13:01:00,38.96157,16.9857,6.21,nominal
viirs_noaa20_2026-08-01_1301_39.74110_16.22422,viirs_noaa20,N20,2026-08-01 13:01:00,39.7411,16.22422,38.36,high
viirs_noaa20_2026-08-01_1301_39.74121_16.23417,viirs_noaa20,N20,2026-08-01 13:01:00,39.74121,16.23417,38.36,nominal
viirs_noaa20_2026-08-01_1301_39.74097_16.21292,viirs_noaa20,N20,2026-08-01 13:01:00,39.74097,16.21292,33.72,nominal
viirs_noaa20_2026-08-01_1301_39.83214_16.34841,viirs_noaa20,N20,2026-08-01 13:01:00,39.83214,16.34841,23.51,high
viirs_noaa20_2026-08-01_1301_39.55676_8.65256,viirs_noaa20,N20,2026-08-01 13:01:00,39.55676,8.65256,4.31,nominal
viirs_noaa20_2026-08-01_1301_40.40889_9.01371,viirs_noaa20,N20,2026-08-01 13:01:00,40.40889,9.01371,10.47,nominal
viirs_noaa20_2026-08-01_1301_40.40824_9.00460,viirs_noaa20,N20,2026-08-01 13:01:00,40.40824,9.0046,10.47,nominal
viirs_noaa20_2026-08-01_1301_40.41349_9.01081,viirs_noaa20,N20,2026-08-01 13:01:00,40.41349,9.01081,10.47,nominal
viirs_noaa20_2026-08-01_1301_40.41286_9.00209,viirs_noaa20,N20,2026-08-01 13:01:00,40.41286,9.00209,10.47,nominal
viirs_noaa20_2026-08-01_1301_40.87524_14.38039,viirs_noaa20,N20,2026-08-01 13:01:00,40.87524,14.38039,3.24,nominal
viirs_noaa20_2026-08-01_1301_40.97769_15.84161,viirs_noaa20,N20,2026-08-01 13:01:00,40.97769,15.84161,3.61,low
viirs_noaa20_2026-08-01_1301_41.42797_15.48749,viirs_noaa20,N20,2026-08-01 13:01:00,41.42797,15.48749,4.9,low
viirs_noaa20_2026-08-01_1301_41.44817_15.49558,viirs_noaa20,N20,2026-08-01 13:01:00,41.44817,15.49558,1.81,low
viirs_noaa20_2026-08-01_1301_41.45486_15.49563,viirs_noaa20,N20,2026-08-01 13:01:00,41.45486,15.49563,6.25,nominal
viirs_noaa20_2026-08-01_1301_41.43121_15.48109,viirs_noaa20,N20,2026-08-01 13:01:00,41.43121,15.48109,3.26,low
viirs_noaa20_2026-08-01_1301_41.45144_15.49689,viirs_noaa20,N20,2026-08-01 13:01:00,41.45144,15.49689,7.83,nominal
viirs_noaa20_2026-08-01_1301_41.51262_12.67675,viirs_noaa20,N20,2026-08-01 13:01:00,41.51262,12.67675,3.75,nominal
viirs_noaa20_2026-08-01_1301_41.81073_15.70889,viirs_noaa20,N20,2026-08-01 13:01:00,41.81073,15.70889,7.35,nominal
viirs_noaa20_2026-08-01_1301_41.81651_12.39135,viirs_noaa20,N20,2026-08-01 13:01:00,41.81651,12.39135,7.94,nominal
viirs_noaa20_2026-08-01_1301_41.81632_12.38601,viirs_noaa20,N20,2026-08-01 13:01:00,41.81632,12.38601,9.5,nominal
viirs_noaa20_2026-08-01_1301_43.45507_6.09622,viirs_noaa20,N20,2026-08-01 13:01:00,43.45507,6.09622,12.12,nominal
viirs_noaa20_2026-08-01_1301_43.45460_6.09064,viirs_noaa20,N20,2026-08-01 13:01:00,43.4546,6.09064,12.12,low
viirs_noaa20_2026-08-01_1301_43.46025_6.10666,viirs_noaa20,N20,2026-08-01 13:01:00,43.46025,6.10666,38.45,nominal
viirs_noaa20_2026-08-01_1301_43.45786_6.07864,viirs_noaa20,N20,2026-08-01 13:01:00,43.45786,6.07864,101.21,nominal
viirs_noaa20_2026-08-01_1301_43.46209_6.07788,viirs_noaa20,N20,2026-08-01 13:01:00,43.46209,6.07788,101.21,high
viirs_noaa20_2026-08-01_1301_43.46162_6.07243,viirs_noaa20,N20,2026-08-01 13:01:00,43.46162,6.07243,141.68,high
viirs_noaa20_2026-08-01_1301_43.46449_6.10600,viirs_noaa20,N20,2026-08-01 13:01:00,43.46449,6.106,38.45,nominal
viirs_noaa20_2026-08-01_1301_43.46255_6.08337,viirs_noaa20,N20,2026-08-01 13:01:00,43.46255,6.08337,101.21,nominal
viirs_noaa20_2026-08-01_1301_43.46632_6.07730,viirs_noaa20,N20,2026-08-01 13:01:00,43.46632,6.0773,11.43,nominal
viirs_noaa20_2026-08-01_1301_43.46539_6.06648,viirs_noaa20,N20,2026-08-01 13:01:00,43.46539,6.06648,42.32,nominal
viirs_noaa20_2026-08-01_1301_43.46585_6.07187,viirs_noaa20,N20,2026-08-01 13:01:00,43.46585,6.07187,42.32,low
viirs_noaa20_2026-08-01_1301_43.46962_6.06586,viirs_noaa20,N20,2026-08-01 13:01:00,43.46962,6.06586,42.32,high
viirs_noaa20_2026-08-01_1301_43.47248_6.09915,viirs_noaa20,N20,2026-08-01 13:01:00,43.47248,6.09915,6.24,nominal
viirs_noaa20_2026-08-01_1301_43.47715_6.10357,viirs_noaa20,N20,2026-08-01 13:01:00,43.47715,6.10357,20.75,nominal
viirs_noaa20_2026-08-01_1301_43.47671_6.09847,viirs_noaa20,N20,2026-08-01 13:01:00,43.47671,6.09847,20.75,nominal
viirs_noaa20_2026-08-01_1301_43.47385_6.06523,viirs_noaa20,N20,2026-08-01 13:01:00,43.47385,6.06523,12.99,nominal
viirs_noaa20_2026-08-01_1301_43.47338_6.05976,viirs_noaa20,N20,2026-08-01 13:01:00,43.47338,6.05976,10.64,nominal
viirs_noaa20_2026-08-01_1301_43.48095_6.09779,viirs_noaa20,N20,2026-08-01 13:01:00,43.48095,6.09779,20.75,low
viirs_noaa20_2026-08-01_1301_43.47760_6.05906,viirs_noaa20,N20,2026-08-01 13:01:00,43.4776,6.05906,10.64,nominal
viirs_noaa20_2026-08-01_1301_43.49124_6.11758,viirs_noaa20,N20,2026-08-01 13:01:00,43.49124,6.11758,5.71,low
viirs_noaa20_2026-08-01_1301_43.49029_6.10656,viirs_noaa20,N20,2026-08-01 13:01:00,43.49029,6.10656,8.33,low
viirs_noaa20_2026-08-01_1301_43.48984_6.10138,viirs_noaa20,N20,2026-08-01 13:01:00,43.48984,6.10138,5.5,low
viirs_noaa20_2026-08-01_1301_43.48940_6.09625,viirs_noaa20,N20,2026-08-01 13:01:00,43.4894,6.09625,5.5,low
viirs_noaa20_2026-08-01_1301_43.49451_6.10581,viirs_noaa20,N20,2026-08-01 13:01:00,43.49451,6.10581,5.72,low
viirs_noaa20_2026-08-01_1301_43.49361_6.04618,viirs_noaa20,N20,2026-08-01 13:01:00,43.49361,6.04618,13.44,low
viirs_noaa20_2026-08-01_1301_43.49315_6.04082,viirs_noaa20,N20,2026-08-01 13:01:00,43.49315,6.04082,13.44,nominal
viirs_noaa20_2026-08-01_1301_43.49878_6.05631,viirs_noaa20,N20,2026-08-01 13:01:00,43.49878,6.05631,20.76,low
viirs_noaa20_2026-08-01_1301_43.49830_6.05081,viirs_noaa20,N20,2026-08-01 13:01:00,43.4983,6.05081,20.76,nominal
viirs_noaa20_2026-08-01_1301_43.49783_6.04539,viirs_noaa20,N20,2026-08-01 13:01:00,43.49783,6.04539,24.38,nominal
viirs_noaa20_2026-08-01_1301_43.49736_6.04009,viirs_noaa20,N20,2026-08-01 13:01:00,43.49736,6.04009,24.38,nominal
viirs_noaa20_2026-08-01_1301_43.50488_6.07705,viirs_noaa20,N20,2026-08-01 13:01:00,43.50488,6.07705,15.35,high
viirs_noaa20_2026-08-01_1301_43.50439_6.07148,viirs_noaa20,N20,2026-08-01 13:01:00,43.50439,6.07148,15.35,nominal
viirs_noaa20_2026-08-01_1301_43.50392_6.06606,viirs_noaa20,N20,2026-08-01 13:01:00,43.50392,6.06606,13.86,low
viirs_noaa20_2026-08-01_1301_43.50345_6.06065,viirs_noaa20,N20,2026-08-01 13:01:00,43.50345,6.06065,13.86,nominal
viirs_noaa20_2026-08-01_1301_43.50297_6.05516,viirs_noaa20,N20,2026-08-01 13:01:00,43.50297,6.05516,20.76,nominal
viirs_noaa20_2026-08-01_1301_43.50861_6.07067,viirs_noaa20,N20,2026-08-01 13:01:00,43.50861,6.07067,49.5,nominal
viirs_noaa20_2026-08-01_1301_43.50765_6.05972,viirs_noaa20,N20,2026-08-01 13:01:00,43.50765,6.05972,50.33,nominal
viirs_noaa20_2026-08-01_1301_43.50813_6.06520,viirs_noaa20,N20,2026-08-01 13:01:00,43.50813,6.0652,50.33,low
viirs_noaa20_2026-08-01_1304_44.32741_6.12141,viirs_noaa20,N20,2026-08-01 13:04:00,44.32741,6.12141,9.82,high
viirs_noaa20_2026-08-01_1304_44.32694_6.11577,viirs_noaa20,N20,2026-08-01 13:04:00,44.32694,6.11577,9.82,nominal
viirs_noaa20_2026-08-01_1304_45.06171_13.93722,viirs_noaa20,N20,2026-08-01 13:04:00,45.06171,13.93722,7.55,nominal
viirs_noaa20_2026-08-01_1304_45.06413_13.94260,viirs_noaa20,N20,2026-08-01 13:04:00,45.06413,13.9426,4.83,nominal
viirs_noaa20_2026-08-01_1304_45.06406_13.93567,viirs_noaa20,N20,2026-08-01 13:04:00,45.06406,13.93567,4.83,nominal
viirs_noaa20_2026-08-01_1304_45.14223_9.94397,viirs_noaa20,N20,2026-08-01 13:04:00,45.14223,9.94397,5.83,nominal
viirs_noaa20_2026-08-01_1304_45.02484_7.57480,viirs_noaa20,N20,2026-08-01 13:04:00,45.02484,7.5748,2.42,nominal
viirs_noaa20_2026-08-01_1304_45.14204_9.94464,viirs_noaa20,N20,2026-08-01 13:04:00,45.14204,9.94464,6.44,nominal
viirs_noaa20_2026-08-01_1304_45.02750_7.57293,viirs_noaa20,N20,2026-08-01 13:04:00,45.0275,7.57293,3.15,nominal
viirs_noaa20_2026-08-01_1304_45.31335_9.47208,viirs_noaa20,N20,2026-08-01 13:04:00,45.31335,9.47208,2.08,nominal
viirs_noaa20_2026-08-01_1304_45.36826_10.33194,viirs_noaa20,N20,2026-08-01 13:04:00,45.36826,10.33194,3.95,low
viirs_noaa20_2026-08-01_2337_42.68237_18.29019,viirs_noaa20,N20,2026-08-01 23:37:00,42.68237,18.29019,2.38,nominal
viirs_noaa20_2026-08-01_2337_42.67545_18.27602,viirs_noaa20,N20,2026-08-01 23:37:00,42.67545,18.27602,4.75,nominal
viirs_noaa20_2026-08-01_2337_42.67544_18.28447,viirs_noaa20,N20,2026-08-01 23:37:00,42.67544,18.28447,2.38,nominal
viirs_noaa20_2026-08-01_2337_42.66850_18.28717,viirs_noaa20,N20,2026-08-01 23:37:00,42.6685,18.28717,2.87,nominal
viirs_noaa20_2026-08-01_2337_42.66850_18.29529,viirs_noaa20,N20,2026-08-01 23:37:00,42.6685,18.29529,2.87,nominal
viirs_noaa20_2026-08-01_2337_42.66156_18.28640,viirs_noaa20,N20,2026-08-01 23:37:00,42.66156,18.2864,2.87,nominal
viirs_noaa20_2026-08-01_2337_42.67625_18.27661,viirs_noaa20,N20,2026-08-01 23:37:00,42.67625,18.27661,2.7,nominal
viirs_noaa20_2026-08-01_2337_42.67620_18.28475,viirs_noaa20,N20,2026-08-01 23:37:00,42.6762,18.28475,2.7,nominal
viirs_noaa20_2026-08-01_2337_42.66924_18.28811,viirs_noaa20,N20,2026-08-01 23:37:00,42.66924,18.28811,2.7,nominal
viirs_noaa20_2026-08-01_2337_42.66920_18.29600,viirs_noaa20,N20,2026-08-01 23:37:00,42.6692,18.296,4.34,nominal
viirs_noaa20_2026-08-01_2337_42.66231_18.28742,viirs_noaa20,N20,2026-08-01 23:37:00,42.66231,18.28742,4.73,nominal
viirs_noaa20_2026-08-01_2337_42.53334_18.94866,viirs_noaa20,N20,2026-08-01 23:37:00,42.53334,18.94866,1.96,nominal
viirs_noaa20_2026-08-02_0117_47.17476_7.56517,viirs_noaa20,N20,2026-08-02 01:17:00,47.17476,7.56517,4.08,nominal
viirs_noaa20_2026-08-02_0117_45.15022_17.53913,viirs_noaa20,N20,2026-08-02 01:17:00,45.15022,17.53913,0.76,nominal
viirs_noaa20_2026-08-02_0117_45.65918_13.84857,viirs_noaa20,N20,2026-08-02 01:17:00,45.65918,13.84857,1.25,nominal
viirs_noaa20_2026-08-02_0120_44.91249_17.17245,viirs_noaa20,N20,2026-08-02 01:20:00,44.91249,17.17245,1.28,nominal
viirs_noaa20_2026-08-02_0120_45.78207_8.68203,viirs_noaa20,N20,2026-08-02 01:20:00,45.78207,8.68203,1.11,nominal
viirs_noaa20_2026-08-02_0120_45.45982_10.45607,viirs_noaa20,N20,2026-08-02 01:20:00,45.45982,10.45607,2.88,nominal
viirs_noaa20_2026-08-02_0120_45.14583_9.94217,viirs_noaa20,N20,2026-08-02 01:20:00,45.14583,9.94217,10.06,nominal
viirs_noaa20_2026-08-02_0120_43.60482_16.20929,viirs_noaa20,N20,2026-08-02 01:20:00,43.60482,16.20929,1.1,nominal
viirs_noaa20_2026-08-02_0120_42.54111_18.94038,viirs_noaa20,N20,2026-08-02 01:20:00,42.54111,18.94038,0.95,nominal
viirs_noaa20_2026-08-02_0120_42.53995_18.94526,viirs_noaa20,N20,2026-08-02 01:20:00,42.53995,18.94526,0.95,nominal
viirs_noaa20_2026-08-02_0120_42.53679_18.93931,viirs_noaa20,N20,2026-08-02 01:20:00,42.53679,18.93931,1.71,nominal
viirs_noaa20_2026-08-02_0120_42.53313_18.95466,viirs_noaa20,N20,2026-08-02 01:20:00,42.53313,18.95466,1.38,nominal
viirs_noaa20_2026-08-02_0120_42.68377_18.29380,viirs_noaa20,N20,2026-08-02 01:20:00,42.68377,18.2938,1.44,nominal
viirs_noaa20_2026-08-02_0120_42.52998_18.94869,viirs_noaa20,N20,2026-08-02 01:20:00,42.52998,18.94869,1.38,nominal
viirs_noaa20_2026-08-02_0120_42.67984_18.29174,viirs_noaa20,N20,2026-08-02 01:20:00,42.67984,18.29174,4.6,nominal
viirs_noaa20_2026-08-02_0120_42.67705_18.28476,viirs_noaa20,N20,2026-08-02 01:20:00,42.67705,18.28476,2.96,nominal
viirs_noaa20_2026-08-02_0120_42.67595_18.28948,viirs_noaa20,N20,2026-08-02 01:20:00,42.67595,18.28948,4.6,nominal
viirs_noaa20_2026-08-02_0120_42.67319_18.28238,viirs_noaa20,N20,2026-08-02 01:20:00,42.67319,18.28238,5.53,nominal
viirs_noaa20_2026-08-02_0120_42.67213_18.28698,viirs_noaa20,N20,2026-08-02 01:20:00,42.67213,18.28698,3.33,nominal
viirs_noaa20_2026-08-02_0120_42.66814_18.28516,viirs_noaa20,N20,2026-08-02 01:20:00,42.66814,18.28516,3.33,nominal
viirs_noaa20_2026-08-02_0120_42.66578_18.29529,viirs_noaa20,N20,2026-08-02 01:20:00,42.66578,18.29529,2.73,nominal
viirs_noaa20_2026-08-02_0120_42.66700_18.29007,viirs_noaa20,N20,2026-08-02 01:20:00,42.667,18.29007,3.33,nominal
viirs_noaa20_2026-08-02_0120_42.66453_18.30066,viirs_noaa20,N20,2026-08-02 01:20:00,42.66453,18.30066,2.73,nominal
viirs_noaa20_2026-08-02_0120_42.66296_18.28848,viirs_noaa20,N20,2026-08-02 01:20:00,42.66296,18.28848,3.96,nominal
viirs_noaa20_2026-08-02_0120_42.66174_18.29368,viirs_noaa20,N20,2026-08-02 01:20:00,42.66174,18.29368,3.88,nominal
viirs_noaa20_2026-08-02_0120_42.65886_18.28712,viirs_noaa20,N20,2026-08-02 01:20:00,42.65886,18.28712,3.96,nominal
viirs_noaa20_2026-08-02_0120_42.66543_18.28829,viirs_noaa20,N20,2026-08-02 01:20:00,42.66543,18.28829,3.8,nominal
viirs_noaa20_2026-08-02_0120_42.66426_18.29344,viirs_noaa20,N20,2026-08-02 01:20:00,42.66426,18.29344,3.8,nominal
viirs_noaa20_2026-08-02_0120_42.66653_18.28345,viirs_noaa20,N20,2026-08-02 01:20:00,42.66653,18.28345,1.66,nominal
viirs_noaa20_2026-08-02_0120_42.66137_18.28680,viirs_noaa20,N20,2026-08-02 01:20:00,42.66137,18.2868,3.8,nominal
viirs_noaa20_2026-08-02_0120_43.36626_12.54632,viirs_noaa20,N20,2026-08-02 01:20:00,43.36626,12.54632,0.7,nominal
viirs_noaa20_2026-08-02_0120_43.36295_12.54541,viirs_noaa20,N20,2026-08-02 01:20:00,43.36295,12.54541,0.7,nominal
viirs_noaa20_2026-08-02_0120_43.79361_7.37258,viirs_noaa20,N20,2026-08-02 01:20:00,43.79361,7.37258,1.38,nominal
viirs_noaa20_2026-08-02_0120_42.57318_12.67640,viirs_noaa20,N20,2026-08-02 01:20:00,42.57318,12.6764,1.43,nominal
viirs_noaa20_2026-08-02_0120_43.51004_6.05352,viirs_noaa20,N20,2026-08-02 01:20:00,43.51004,6.05352,0.43,nominal
viirs_noaa20_2026-08-02_0120_43.50639_6.05266,viirs_noaa20,N20,2026-08-02 01:20:00,43.50639,6.05266,3.83,nominal
viirs_noaa20_2026-08-02_0120_43.49000_6.09714,viirs_noaa20,N20,2026-08-02 01:20:00,43.49,6.09714,1.14,nominal
viirs_noaa20_2026-08-02_0120_43.47836_6.10063,viirs_noaa20,N20,2026-08-02 01:20:00,43.47836,6.10063,0.88,nominal
viirs_noaa20_2026-08-02_0120_43.47573_6.05802,viirs_noaa20,N20,2026-08-02 01:20:00,43.47573,6.05802,4.65,nominal
viirs_noaa20_2026-08-02_0120_43.47208_6.05718,viirs_noaa20,N20,2026-08-02 01:20:00,43.47208,6.05718,4.65,nominal
viirs_noaa20_2026-08-02_0120_43.46340_6.06747,viirs_noaa20,N20,2026-08-02 01:20:00,43.4634,6.06747,7.29,nominal
viirs_noaa20_2026-08-02_0120_43.45774_6.08427,viirs_noaa20,N20,2026-08-02 01:20:00,43.45774,6.08427,1.19,nominal
viirs_noaa20_2026-08-02_0120_42.29650_13.38188,viirs_noaa20,N20,2026-08-02 01:20:00,42.2965,13.38188,1.56,nominal
viirs_noaa20_2026-08-02_0120_42.29925_13.36700,viirs_noaa20,N20,2026-08-02 01:20:00,42.29925,13.367,0.91,nominal
viirs_noaa20_2026-08-02_0120_42.29741_13.37698,viirs_noaa20,N20,2026-08-02 01:20:00,42.29741,13.37698,1.23,nominal
viirs_noaa20_2026-08-02_0120_42.29561_13.38672,viirs_noaa20,N20,2026-08-02 01:20:00,42.29561,13.38672,1.56,nominal
viirs_noaa20_2026-08-02_0120_42.29313_9.06281,viirs_noaa20,N20,2026-08-02 01:20:00,42.29313,9.06281,0.52,nominal
viirs_noaa20_2026-08-02_0120_41.51525_12.67393,viirs_noaa20,N20,2026-08-02 01:20:00,41.51525,12.67393,0.85,nominal
viirs_noaa20_2026-08-02_0120_41.51437_12.67878,viirs_noaa20,N20,2026-08-02 01:20:00,41.51437,12.67878,1.36,nominal
viirs_noaa20_2026-08-02_0120_40.51915_17.20712,viirs_noaa20,N20,2026-08-02 01:20:00,40.51915,17.20712,2.91,nominal
viirs_noaa20_2026-08-02_0120_40.50380_17.21697,viirs_noaa20,N20,2026-08-02 01:20:00,40.5038,17.21697,3.11,nominal
viirs_noaa20_2026-08-02_0120_39.76304_16.32773,viirs_noaa20,N20,2026-08-02 01:20:00,39.76304,16.32773,1.68,nominal
viirs_noaa20_2026-08-02_0120_39.73522_16.21722,viirs_noaa20,N20,2026-08-02 01:20:00,39.73522,16.21722,1.95,nominal
viirs_noaa20_2026-08-02_0120_39.73417_16.22205,viirs_noaa20,N20,2026-08-02 01:20:00,39.73417,16.22205,1.66,nominal
viirs_noaa20_2026-08-02_0120_39.20213_16.91672,viirs_noaa20,N20,2026-08-02 01:20:00,39.20213,16.91672,0.28,nominal
viirs_noaa20_2026-08-02_0120_40.55796_9.67141,viirs_noaa20,N20,2026-08-02 01:20:00,40.55796,9.67141,1.62,nominal
viirs_noaa20_2026-08-02_0120_38.79493_15.20997,viirs_noaa20,N20,2026-08-02 01:20:00,38.79493,15.20997,3.06,nominal
viirs_noaa20_2026-08-02_0120_39.07997_9.01806,viirs_noaa20,N20,2026-08-02 01:20:00,39.07997,9.01806,2.19,nominal
viirs_noaa20_2026-08-02_0120_37.76004_15.01328,viirs_noaa20,N20,2026-08-02 01:20:00,37.76004,15.01328,0.95,nominal
viirs_noaa20_2026-08-02_0120_37.75848_15.02065,viirs_noaa20,N20,2026-08-02 01:20:00,37.75848,15.02065,0.95,nominal
viirs_noaa20_2026-08-02_0120_37.75108_15.03608,viirs_noaa20,N20,2026-08-02 01:20:00,37.75108,15.03608,3.32,nominal
viirs_noaa20_2026-08-02_0120_37.75280_15.02803,viirs_noaa20,N20,2026-08-02 01:20:00,37.7528,15.02803,3.32,nominal
viirs_noaa20_2026-08-02_0120_37.75040_15.00043,viirs_noaa20,N20,2026-08-02 01:20:00,37.7504,15.00043,1.19,nominal
viirs_noaa20_2026-08-02_0122_37.91115_12.70889,viirs_noaa20,N20,2026-08-02 01:22:00,37.91115,12.70889,2.35,nominal
viirs_noaa20_2026-08-02_0122_37.90765_12.70784,viirs_noaa20,N20,2026-08-02 01:22:00,37.90765,12.70784,2.35,nominal
viirs_noaa20_2026-08-02_0122_37.90670_12.71286,viirs_noaa20,N20,2026-08-02 01:22:00,37.9067,12.71286,2.35,nominal
viirs_noaa20_2026-08-02_0122_37.74459_12.67350,viirs_noaa20,N20,2026-08-02 01:22:00,37.74459,12.6735,0.6,nominal
viirs_noaa20_2026-08-02_0122_37.21040_15.16967,viirs_noaa20,N20,2026-08-02 01:22:00,37.2104,15.16967,1.92,nominal
viirs_noaa20_2026-08-02_0122_36.66358_10.74965,viirs_noaa20,N20,2026-08-02 01:22:00,36.66358,10.74965,0.59,nominal
viirs_noaa20_2026-08-02_0122_36.72850_10.10743,viirs_noaa20,N20,2026-08-02 01:22:00,36.7285,10.10743,0.63,nominal
viirs_noaa20_2026-08-02_0122_36.67852_9.91989,viirs_noaa20,N20,2026-08-02 01:22:00,36.67852,9.91989,0.76,nominal
viirs_noaa20_2026-08-02_0122_36.59008_10.31607,viirs_noaa20,N20,2026-08-02 01:22:00,36.59008,10.31607,1.03,nominal
viirs_noaa20_2026-08-02_0122_36.67369_9.80570,viirs_noaa20,N20,2026-08-02 01:22:00,36.67369,9.8057,0.66,nominal
viirs_noaa20_2026-08-02_0122_36.46295_10.05538,viirs_noaa20,N20,2026-08-02 01:22:00,36.46295,10.05538,0.53,nominal
viirs_noaa20_2026-08-02_0122_36.88222_6.96175,viirs_noaa20,N20,2026-08-02 01:22:00,36.88222,6.96175,1.56,nominal
viirs_noaa20_2026-08-02_0122_36.87808_6.94253,viirs_noaa20,N20,2026-08-02 01:22:00,36.87808,6.94253,1.12,nominal
viirs_noaa20_2026-08-02_0122_36.87745_6.94696,viirs_noaa20,N20,2026-08-02 01:22:00,36.87745,6.94696,1.12,nominal
viirs_noaa20_2026-08-02_0122_36.86901_6.98173,viirs_noaa20,N20,2026-08-02 01:22:00,36.86901,6.98173,2.39,nominal
viirs_noaa20_2026-08-02_0122_36.86552_6.95803,viirs_noaa20,N20,2026-08-02 01:22:00,36.86552,6.95803,3.52,nominal
viirs_noaa20_2026-08-02_0122_36.76077_7.30818,viirs_noaa20,N20,2026-08-02 01:22:00,36.76077,7.30818,1.41,nominal
viirs_noaa20_2026-08-02_0122_36.52168_8.85947,viirs_noaa20,N20,2026-08-02 01:22:00,36.52168,8.85947,0.38,nominal
viirs_noaa20_2026-08-02_0122_36.74709_6.25424,viirs_noaa20,N20,2026-08-02 01:22:00,36.74709,6.25424,2.57,nominal
viirs_noaa20_2026-08-02_0122_36.74432_6.24894,viirs_noaa20,N20,2026-08-02 01:22:00,36.74432,6.24894,2.57,nominal
viirs_noaa20_2026-08-02_0122_36.43234_6.62250,viirs_noaa20,N20,2026-08-02 01:22:00,36.43234,6.6225,1.13,nominal
viirs_noaa20_2026-08-02_0122_36.08707_6.80436,viirs_noaa20,N20,2026-08-02 01:22:00,36.08707,6.80436,1.33,nominal
viirs_noaa20_2026-08-02_0122_35.76620_7.36351,viirs_noaa20,N20,2026-08-02 01:22:00,35.7662,7.36351,0.97,nominal
viirs_noaa20_2026-08-02_0122_35.86861_6.02671,viirs_noaa20,N20,2026-08-02 01:22:00,35.86861,6.02671,3.56,nominal
viirs_noaa20_2026-08-02_0122_35.23302_8.17153,viirs_noaa20,N20,2026-08-02 01:22:00,35.23302,8.17153,2.42,nominal
modis_2026-08-01_0357_45.14303_9.95063,modis,A,2026-08-01 03:57:00,45.14303,9.95063,25.39,86
modis_2026-08-01_0357_43.50985_6.06979,modis,A,2026-08-01 03:57:00,43.50985,6.06979,16.54,89
modis_2026-08-01_0357_43.50309_6.05203,modis,A,2026-08-01 03:57:00,43.50309,6.05203,6.82,47
modis_2026-08-01_0357_43.46661_6.08568,modis,A,2026-08-01 03:57:00,43.46661,6.08568,8.08,63
modis_2026-08-01_0848_47.17311_7.56327,modis,T,2026-08-01 08:48:00,47.17311,7.56327,3.45,40
modis_2026-08-01_0848_45.88980_12.17157,modis,T,2026-08-01 08:48:00,45.8898,12.17157,11.78,62
modis_2026-08-01_0848_45.77064_12.41985,modis,T,2026-08-01 08:48:00,45.77064,12.41985,6.4,56
modis_2026-08-01_0848_45.86640_11.02690,modis,T,2026-08-01 08:48:00,45.8664,11.0269,6.44,24
modis_2026-08-01_0848_45.50560_11.36158,modis,T,2026-08-01 08:48:00,45.5056,11.36158,10.52,69
modis_2026-08-01_0848_45.41447_11.09813,modis,T,2026-08-01 08:48:00,45.41447,11.09813,7.75,54
modis_2026-08-01_0848_45.14378_9.94130,modis,T,2026-08-01 08:48:00,45.14378,9.9413,18.41,68
modis_2026-08-01_0848_44.32053_11.89807,modis,T,2026-08-01 08:48:00,44.32053,11.89807,9.69,63
modis_2026-08-01_0848_42.29179_9.06199,modis,T,2026-08-01 08:48:00,42.29179,9.06199,14.37,73
modis_2026-08-01_0850_38.95852_16.97746,modis,T,2026-08-01 08:50:00,38.95852,16.97746,49.07,64
modis_2026-08-01_0850_38.96379_16.97329,modis,T,2026-08-01 08:50:00,38.96379,16.97329,64.02,65
modis_2026-08-01_0850_37.22010_13.78518,modis,T,2026-08-01 08:50:00,37.2201,13.78518,28.29,73
modis_2026-08-01_0850_36.74350_6.25227,modis,T,2026-08-01 08:50:00,36.7435,6.25227,13.49,73
modis_2026-08-01_0850_36.74171_6.26358,modis,T,2026-08-01 08:50:00,36.74171,6.26358,7.08,42
modis_2026-08-01_1323_37.93485_13.44463,modis,A,2026-08-01 13:23:00,37.93485,13.44463,78.61,71
modis_2026-08-01_1323_37.93885_13.43581,modis,A,2026-08-01 13:23:00,37.93885,13.43581,62.92,68
modis_2026-08-01_1325_39.74933_16.22801,modis,A,2026-08-01 13:25:00,39.74933,16.22801,35.27,76
modis_2026-08-01_1325_39.74303_16.20157,modis,A,2026-08-01 13:25:00,39.74303,16.20157,57.37,81
modis_2026-08-01_1325_41.45042_15.49278,modis,A,2026-08-01 13:25:00,41.45042,15.49278,30.45,80
modis_2026-08-01_1325_42.66983_18.30129,modis,A,2026-08-01 13:25:00,42.66983,18.30129,22.22,77
modis_2026-08-01_1325_42.66592_18.28267,modis,A,2026-08-01 13:25:00,42.66592,18.28267,23.87,77
modis_2026-08-01_1325_43.12666_17.71745,modis,A,2026-08-01 13:25:00,43.12666,17.71745,13.51,73
modis_2026-08-01_1325_43.11414_17.65899,modis,A,2026-08-01 13:25:00,43.11414,17.65899,69.94,89
modis_2026-08-01_1325_43.10987_17.63909,modis,A,2026-08-01 13:25:00,43.10987,17.63909,26.88,78
modis_2026-08-01_1325_43.12527_17.65512,modis,A,2026-08-01 13:25:00,43.12527,17.65512,45.56,85
modis_2026-08-01_1325_43.29093_17.59830,modis,A,2026-08-01 13:25:00,43.29093,17.5983,16.7,68
modis_2026-08-01_1325_43.28647_17.57749,modis,A,2026-08-01 13:25:00,43.28647,17.57749,26.64,77
modis_2026-08-01_1325_45.05920_13.94327,modis,A,2026-08-01 13:25:00,45.0592,13.94327,28.87,68
modis_2026-08-01_1459_36.74352_6.25163,modis,A,2026-08-01 14:59:00,36.74352,6.25163,21.77,75
modis_2026-08-01_1501_43.46318_6.09361,modis,A,2026-08-01 15:01:00,43.46318,6.09361,64.35,90
modis_2026-08-01_1501_43.46132_6.07394,modis,A,2026-08-01 15:01:00,43.46132,6.07394,116.39,97
modis_2026-08-01_1501_43.45947_6.05438,modis,A,2026-08-01 15:01:00,43.45947,6.05438,49.85,84
modis_2026-08-01_1501_43.47596_6.11138,modis,A,2026-08-01 15:01:00,43.47596,6.11138,38.65,79
modis_2026-08-01_1501_43.47413_6.09203,modis,A,2026-08-01 15:01:00,43.47413,6.09203,93.04,94
modis_2026-08-01_1501_43.47224_6.07226,modis,A,2026-08-01 15:01:00,43.47224,6.07226,29.09,70
modis_2026-08-01_1501_43.47039_6.05286,modis,A,2026-08-01 15:01:00,43.47039,6.05286,65.17,89
modis_2026-08-01_1501_43.48685_6.10903,modis,A,2026-08-01 15:01:00,43.48685,6.10903,37.6,80
modis_2026-08-01_1501_43.48507_6.09036,modis,A,2026-08-01 15:01:00,43.48507,6.09036,32.61,68
modis_2026-08-01_1501_43.49223_6.04958,modis,A,2026-08-01 15:01:00,43.49223,6.04958,40.5,58
modis_2026-08-01_1501_43.49036_6.03031,modis,A,2026-08-01 15:01:00,43.49036,6.03031,35.46,52
modis_2026-08-01_1501_43.50494_6.06641,modis,A,2026-08-01 15:01:00,43.50494,6.06641,81.31,93
modis_2026-08-01_1501_43.50305_6.04707,modis,A,2026-08-01 15:01:00,43.50305,6.04707,145.38,100
modis_2026-08-01_1501_43.49353_6.04394,modis,A,2026-08-01 15:01:00,43.49353,6.04394,60.34,89
modis_2026-08-01_1501_43.49176_6.02464,modis,A,2026-08-01 15:01:00,43.49176,6.02464,21.76,43
modis_2026-08-01_1501_43.50613_6.06066,modis,A,2026-08-01 15:01:00,43.50613,6.06066,106.74,96
modis_2026-08-01_1501_43.50438_6.04157,modis,A,2026-08-01 15:01:00,43.50438,6.04157,71.87,91
modis_2026-08-01_1951_37.71698_12.62799,modis,T,2026-08-01 19:51:00,37.71698,12.62799,10.35,75
modis_2026-08-01_1951_43.07480_17.66377,modis,T,2026-08-01 19:51:00,43.0748,17.66377,39.27,49
modis_2026-08-01_1951_43.08470_17.65554,modis,T,2026-08-01 19:51:00,43.0847,17.65554,34.37,39
modis_2026-08-01_1951_43.46563_6.07155,modis,T,2026-08-01 19:51:00,43.46563,6.07155,10.13,91
modis_2026-08-01_1951_43.46404_6.05948,modis,T,2026-08-01 19:51:00,43.46404,6.05948,6.69,77
modis_2026-08-01_1951_43.47277_6.05727,modis,T,2026-08-01 19:51:00,43.47277,6.05727,5.86,73
modis_2026-08-01_1951_43.50016_6.04438,modis,T,2026-08-01 19:51:00,43.50016,6.04438,27.24,100
modis_2026-08-01_1951_43.49857_6.03237,modis,T,2026-08-01 19:51:00,43.49857,6.03237,21.14,100
modis_2026-08-01_1951_43.51208_6.06627,modis,T,2026-08-01 19:51:00,43.51208,6.06627,5.58,71
modis_2026-08-01_1951_43.51048_6.05418,modis,T,2026-08-01 19:51:00,43.51048,6.05418,8.09,82
modis_2026-08-01_1953_45.14825_9.93466,modis,T,2026-08-01 19:53:00,45.14825,9.93466,9.69,72
modis_2026-08-02_0258_45.14620_9.94822,modis,A,2026-08-02 02:58:00,45.1462,9.94822,12.2,53
modis_2026-08-02_0258_42.68565_18.29503,modis,A,2026-08-02 02:58:00,42.68565,18.29503,4.83,46
modis_2026-08-02_0258_42.67892_18.28025,modis,A,2026-08-02 02:58:00,42.67892,18.28025,8.37,79
modis_2026-08-02_0258_42.67697_18.29218,modis,A,2026-08-02 02:58:00,42.67697,18.29218,17.06,99
modis_2026-08-02_0258_42.67022_18.27750,modis,A,2026-08-02 02:58:00,42.67022,18.2775,42.22,100
modis_2026-08-02_0258_42.66827_18.28938,modis,A,2026-08-02 02:58:00,42.66827,18.28938,113.1,100
modis_2026-08-02_0258_42.66628_18.30153,modis,A,2026-08-02 02:58:00,42.66628,18.30153,8.93,49
viirs_snpp_2026-08-02_1043_40.46370_18.00361,viirs_snpp,N,2026-08-02 10:43:00,40.4637,18.00361,9.52,nominal
viirs_snpp_2026-08-02_1043_40.46434_18.00198,viirs_snpp,N,2026-08-02 10:43:00,40.46434,18.00198,7.58,nominal
viirs_snpp_2026-08-02_1043_40.57794_17.45026,viirs_snpp,N,2026-08-02 10:43:00,40.57794,17.45026,113.5,high
viirs_snpp_2026-08-02_1043_40.57519_17.44205,viirs_snpp,N,2026-08-02 10:43:00,40.57519,17.44205,69.75,nominal
viirs_snpp_2026-08-02_1043_40.82573_16.64038,viirs_snpp,N,2026-08-02 10:43:00,40.82573,16.64038,19.27,nominal
viirs_snpp_2026-08-02_1043_40.83221_16.63613,viirs_snpp,N,2026-08-02 10:43:00,40.83221,16.63613,19.27,high
viirs_snpp_2026-08-02_1043_40.82962_16.63826,viirs_snpp,N,2026-08-02 10:43:00,40.82962,16.63826,42.68,high
viirs_snpp_2026-08-02_1043_40.82648_16.62920,viirs_snpp,N,2026-08-02 10:43:00,40.82648,16.6292,15.03,nominal
viirs_snpp_2026-08-02_1043_42.65701_18.30325,viirs_snpp,N,2026-08-02 10:43:00,42.65701,18.30325,10.01,high
viirs_snpp_2026-08-02_1043_42.65512_18.29728,viirs_snpp,N,2026-08-02 10:43:00,42.65512,18.29728,10.01,nominal
viirs_snpp_2026-08-02_1043_42.65873_18.30148,viirs_snpp,N,2026-08-02 10:43:00,42.65873,18.30148,22.47,high
viirs_snpp_2026-08-02_1043_42.65679_18.29545,viirs_snpp,N,2026-08-02 10:43:00,42.65679,18.29545,12.61,nominal
viirs_snpp_2026-08-02_1043_42.66479_18.27671,viirs_snpp,N,2026-08-02 10:43:00,42.66479,18.27671,8.79,nominal
viirs_snpp_2026-08-02_1043_42.67645_18.29119,viirs_snpp,N,2026-08-02 10:43:00,42.67645,18.29119,5.57,nominal
viirs_snpp_2026-08-02_1043_42.67458_18.28538,viirs_snpp,N,2026-08-02 10:43:00,42.67458,18.28538,5.38,nominal
viirs_snpp_2026-08-02_1043_42.67261_18.27921,viirs_snpp,N,2026-08-02 10:43:00,42.67261,18.27921,5.38,nominal
viirs_snpp_2026-08-02_1043_44.65026_17.06050,viirs_snpp,N,2026-08-02 10:43:00,44.65026,17.0605,5.01,nominal
viirs_snpp_2026-08-02_1221_36.68006_15.07621,viirs_snpp,N,2026-08-02 12:21:00,36.68006,15.07621,6.28,nominal
viirs_snpp_2026-08-02_1221_36.69345_15.12483,viirs_snpp,N,2026-08-02 12:21:00,36.69345,15.12483,6.52,nominal
viirs_snpp_2026-08-02_1221_36.69282_15.11980,viirs_snpp,N,2026-08-02 12:21:00,36.69282,15.1198,6.52,low
viirs_snpp_2026-08-02_1221_36.93454_14.54025,viirs_snpp,N,2026-08-02 12:21:00,36.93454,14.54025,4.02,low
viirs_snpp_2026-08-02_1221_37.00808_14.38519,viirs_snpp,N,2026-08-02 12:21:00,37.00808,14.38519,0.85,low
viirs_snpp_2026-08-02_1221_37.14690_14.60083,viirs_snpp,N,2026-08-02 12:21:00,37.1469,14.60083,4.33,nominal
viirs_snpp_2026-08-02_1221_37.26302_14.75140,viirs_snpp,N,2026-08-02 12:21:00,37.26302,14.7514,7.88,low
viirs_snpp_2026-08-02_1221_37.26951_14.74544,viirs_snpp,N,2026-08-02 12:21:00,37.26951,14.74544,5.59,nominal
viirs_snpp_2026-08-02_1221_37.34065_14.96400,viirs_snpp,N,2026-08-02 12:21:00,37.34065,14.964,4.07,low
viirs_snpp_2026-08-02_1221_37.38002_14.79962,viirs_snpp,N,2026-08-02 12:21:00,37.38002,14.79962,5.52,nominal
viirs_snpp_2026-08-02_1221_37.29773_13.88908,viirs_snpp,N,2026-08-02 12:21:00,37.29773,13.88908,5.07,low
viirs_snpp_2026-08-02_1221_37.36130_13.40970,viirs_snpp,N,2026-08-02 12:21:00,37.3613,13.4097,4.85,nominal
viirs_snpp_2026-08-02_1221_37.36068_13.40509,viirs_snpp,N,2026-08-02 12:21:00,37.36068,13.40509,4.47,low
viirs_snpp_2026-08-02_1221_37.36530_13.41343,viirs_snpp,N,2026-08-02 12:21:00,37.3653,13.41343,4.85,nominal
viirs_snpp_2026-08-02_1221_37.36468_13.40886,viirs_snpp,N,2026-08-02 12:21:00,37.36468,13.40886,4.85,low
viirs_snpp_2026-08-02_1221_37.36867_13.41258,viirs_snpp,N,2026-08-02 12:21:00,37.36867,13.41258,22.72,nominal
viirs_snpp_2026-08-02_1221_37.37267_13.41634,viirs_snpp,N,2026-08-02 12:21:00,37.37267,13.41634,8.95,nominal
viirs_snpp_2026-08-02_1221_37.37205_13.41173,viirs_snpp,N,2026-08-02 12:21:00,37.37205,13.41173,22.72,nominal
viirs_snpp_2026-08-02_1221_37.37081_13.40261,viirs_snpp,N,2026-08-02 12:21:00,37.37081,13.40261,19.8,low
viirs_snpp_2026-08-02_1221_37.37018_13.39798,viirs_snpp,N,2026-08-02 12:21:00,37.37018,13.39798,19.8,low
viirs_snpp_2026-08-02_1221_37.38874_13.48347,viirs_snpp,N,2026-08-02 12:21:00,37.38874,13.48347,3.7,nominal
viirs_snpp_2026-08-02_1221_37.38813_13.47894,viirs_snpp,N,2026-08-02 12:21:00,37.38813,13.47894,3.7,nominal
viirs_snpp_2026-08-02_1221_37.97961_15.69319,viirs_snpp,N,2026-08-02 12:21:00,37.97961,15.69319,6.79,nominal
viirs_snpp_2026-08-02_1221_37.98330_15.69234,viirs_snpp,N,2026-08-02 12:21:00,37.9833,15.69234,7.3,nominal
viirs_snpp_2026-08-02_1221_37.98150_15.67659,viirs_snpp,N,2026-08-02 12:21:00,37.9815,15.67659,6.91,low
viirs_snpp_2026-08-02_1221_37.71644_12.77547,viirs_snpp,N,2026-08-02 12:21:00,37.71644,12.77547,4,low
viirs_snpp_2026-08-02_1221_37.82514_13.54442,viirs_snpp,N,2026-08-02 12:21:00,37.82514,13.54442,21.02,nominal
viirs_snpp_2026-08-02_1221_37.82452_13.53977,viirs_snpp,N,2026-08-02 12:21:00,37.82452,13.53977,14.26,low
viirs_snpp_2026-08-02_1221_37.82917_13.54834,viirs_snpp,N,2026-08-02 12:21:00,37.82917,13.54834,21.02,low
viirs_snpp_2026-08-02_1221_37.82856_13.54373,viirs_snpp,N,2026-08-02 12:21:00,37.82856,13.54373,21.02,nominal
viirs_snpp_2026-08-02_1221_37.72438_12.78281,viirs_snpp,N,2026-08-02 12:21:00,37.72438,12.78281,6.48,low
viirs_snpp_2026-08-02_1221_37.72898_12.79094,viirs_snpp,N,2026-08-02 12:21:00,37.72898,12.79094,8.1,nominal
viirs_snpp_2026-08-02_1221_37.72835_12.78651,viirs_snpp,N,2026-08-02 12:21:00,37.72835,12.78651,8.1,nominal
viirs_snpp_2026-08-02_1221_37.72773_12.78209,viirs_snpp,N,2026-08-02 12:21:00,37.72773,12.78209,4.5,nominal
viirs_snpp_2026-08-02_1221_37.72524_12.76438,viirs_snpp,N,2026-08-02 12:21:00,37.72524,12.76438,1.19,low
viirs_snpp_2026-08-02_1221_38.07491_15.46012,viirs_snpp,N,2026-08-02 12:21:00,38.07491,15.46012,12.96,nominal
viirs_snpp_2026-08-02_1221_38.07856_15.45931,viirs_snpp,N,2026-08-02 12:21:00,38.07856,15.45931,12.4,nominal
viirs_snpp_2026-08-02_1221_37.72033_12.63204,viirs_snpp,N,2026-08-02 12:21:00,37.72033,12.63204,17.82,nominal
viirs_snpp_2026-08-02_1221_37.71970_12.62761,viirs_snpp,N,2026-08-02 12:21:00,37.7197,12.62761,13.55,nominal
viirs_snpp_2026-08-02_1221_37.72304_12.62685,viirs_snpp,N,2026-08-02 12:21:00,37.72304,12.62685,13.55,nominal
viirs_snpp_2026-08-02_1223_38.15459_15.69172,viirs_snpp,N,2026-08-02 12:23:00,38.15459,15.69172,3.11,nominal
viirs_snpp_2026-08-02_1223_38.21646_15.92741,viirs_snpp,N,2026-08-02 12:23:00,38.21646,15.92741,2.84,nominal
viirs_snpp_2026-08-02_1223_36.74677_6.25574,viirs_snpp,N,2026-08-02 12:23:00,36.74677,6.25574,10.39,low
viirs_snpp_2026-08-02_1223_37.90677_12.72023,viirs_snpp,N,2026-08-02 12:23:00,37.90677,12.72023,6.53,nominal
viirs_snpp_2026-08-02_1223_37.90770_12.72125,viirs_snpp,N,2026-08-02 12:23:00,37.9077,12.72125,4.48,nominal
viirs_snpp_2026-08-02_1223_37.91648_12.71000,viirs_snpp,N,2026-08-02 12:23:00,37.91648,12.71,3.77,low
viirs_snpp_2026-08-02_1223_38.13070_13.17500,viirs_snpp,N,2026-08-02 12:23:00,38.1307,13.175,1.49,low
viirs_snpp_2026-08-02_1223_38.97517_17.10027,viirs_snpp,N,2026-08-02 12:23:00,38.97517,17.10027,36.08,nominal
viirs_snpp_2026-08-02_1223_38.97192_17.09990,viirs_snpp,N,2026-08-02 12:23:00,38.97192,17.0999,15.84,nominal
viirs_snpp_2026-08-02_1223_38.97658_17.10586,viirs_snpp,N,2026-08-02 12:23:00,38.97658,17.10586,14.22,low
viirs_snpp_2026-08-02_1223_38.97592_17.09920,viirs_snpp,N,2026-08-02 12:23:00,38.97592,17.0992,15.84,nominal
viirs_snpp_2026-08-02_1223_39.91077_18.26738,viirs_snpp,N,2026-08-02 12:23:00,39.91077,18.26738,7.65,nominal
viirs_snpp_2026-08-02_1223_40.00056_18.08261,viirs_snpp,N,2026-08-02 12:23:00,40.00056,18.08261,3.53,nominal
viirs_snpp_2026-08-02_1223_40.45982_18.00673,viirs_snpp,N,2026-08-02 12:23:00,40.45982,18.00673,3.98,nominal
viirs_snpp_2026-08-02_1223_40.45937_18.00148,viirs_snpp,N,2026-08-02 12:23:00,40.45937,18.00148,3.98,low
viirs_snpp_2026-08-02_1223_40.57607_17.44905,viirs_snpp,N,2026-08-02 12:23:00,40.57607,17.44905,5.06,low
viirs_snpp_2026-08-02_1223_39.49133_8.99203,viirs_snpp,N,2026-08-02 12:23:00,39.49133,8.99203,14.87,nominal
viirs_snpp_2026-08-02_1223_39.53316_8.96735,viirs_snpp,N,2026-08-02 12:23:00,39.53316,8.96735,23.83,nominal
viirs_snpp_2026-08-02_1223_39.53650_8.96643,viirs_snpp,N,2026-08-02 12:23:00,39.5365,8.96643,23.83,high
viirs_snpp_2026-08-02_1223_39.53571_8.96181,viirs_snpp,N,2026-08-02 12:23:00,39.53571,8.96181,23.83,low
viirs_snpp_2026-08-02_1223_39.53984_8.96550,viirs_snpp,N,2026-08-02 12:23:00,39.53984,8.9655,16.6,high
viirs_snpp_2026-08-02_1223_39.53905_8.96089,viirs_snpp,N,2026-08-02 12:23:00,39.53905,8.96089,16.6,nominal
viirs_snpp_2026-08-02_1223_39.54062_8.97012,viirs_snpp,N,2026-08-02 12:23:00,39.54062,8.97012,43.57,low
viirs_snpp_2026-08-02_1223_40.72765_16.68900,viirs_snpp,N,2026-08-02 12:23:00,40.72765,16.689,9.37,low
viirs_snpp_2026-08-02_1223_40.73236_16.69523,viirs_snpp,N,2026-08-02 12:23:00,40.73236,16.69523,9.37,nominal
viirs_snpp_2026-08-02_1223_40.73167_16.68834,viirs_snpp,N,2026-08-02 12:23:00,40.73167,16.68834,9.37,nominal
viirs_snpp_2026-08-02_1223_40.73638_16.69456,viirs_snpp,N,2026-08-02 12:23:00,40.73638,16.69456,13.49,nominal
viirs_snpp_2026-08-02_1223_40.73568_16.68770,viirs_snpp,N,2026-08-02 12:23:00,40.73568,16.6877,13.49,nominal
viirs_snpp_2026-08-02_1223_40.73589_16.68615,viirs_snpp,N,2026-08-02 12:23:00,40.73589,16.68615,10.41,nominal
viirs_snpp_2026-08-02_1223_40.80390_16.54984,viirs_snpp,N,2026-08-02 12:23:00,40.8039,16.54984,6.98,low
viirs_snpp_2026-08-02_1223_40.81674_16.63722,viirs_snpp,N,2026-08-02 12:23:00,40.81674,16.63722,12.24,low
viirs_snpp_2026-08-02_1223_40.81607_16.63051,viirs_snpp,N,2026-08-02 12:23:00,40.81607,16.63051,32.93,low
viirs_snpp_2026-08-02_1223_40.81541_16.62386,viirs_snpp,N,2026-08-02 12:23:00,40.81541,16.62386,32.93,nominal
viirs_snpp_2026-08-02_1223_40.82075_16.63655,viirs_snpp,N,2026-08-02 12:23:00,40.82075,16.63655,17.91,nominal
viirs_snpp_2026-08-02_1223_40.81941_16.62321,viirs_snpp,N,2026-08-02 12:23:00,40.81941,16.62321,74.57,nominal
viirs_snpp_2026-08-02_1223_40.86319_16.47802,viirs_snpp,N,2026-08-02 12:23:00,40.86319,16.47802,16.2,nominal
viirs_snpp_2026-08-02_1223_40.92662_16.83315,viirs_snpp,N,2026-08-02 12:23:00,40.92662,16.83315,1.42,low
viirs_snpp_2026-08-02_1223_40.93113_16.83720,viirs_snpp,N,2026-08-02 12:23:00,40.93113,16.8372,1.75,nominal
viirs_snpp_2026-08-02_1223_41.08406_16.84839,viirs_snpp,N,2026-08-02 12:23:00,41.08406,16.84839,4.45,nominal
viirs_snpp_2026-08-02_1223_41.08764_16.84974,viirs_snpp,N,2026-08-02 12:23:00,41.08764,16.84974,6.23,nominal
viirs_snpp_2026-08-02_1223_41.08719_16.84499,viirs_snpp,N,2026-08-02 12:23:00,41.08719,16.84499,3.53,low
viirs_snpp_2026-08-02_1223_41.03291_15.81476,viirs_snpp,N,2026-08-02 12:23:00,41.03291,15.81476,3.35,low
viirs_snpp_2026-08-02_1223_41.03677_15.81409,viirs_snpp,N,2026-08-02 12:23:00,41.03677,15.81409,3.35,low
viirs_snpp_2026-08-02_1223_41.02044_15.62393,viirs_snpp,N,2026-08-02 12:23:00,41.02044,15.62393,4.37,nominal
viirs_snpp_2026-08-02_1223_41.12658_15.80356,viirs_snpp,N,2026-08-02 12:23:00,41.12658,15.80356,9.68,low
viirs_snpp_2026-08-02_1223_41.19154_15.78504,viirs_snpp,N,2026-08-02 12:23:00,41.19154,15.78504,12.67,nominal
viirs_snpp_2026-08-02_1223_41.19230_15.78355,viirs_snpp,N,2026-08-02 12:23:00,41.1923,15.78355,15.64,nominal
viirs_snpp_2026-08-02_1223_41.24406_15.67753,viirs_snpp,N,2026-08-02 12:23:00,41.24406,15.67753,8.37,low
viirs_snpp_2026-08-02_1223_41.24858_15.68320,viirs_snpp,N,2026-08-02 12:23:00,41.24858,15.6832,19.8,low
viirs_snpp_2026-08-02_1223_41.34242_15.67253,viirs_snpp,N,2026-08-02 12:23:00,41.34242,15.67253,10.56,nominal
viirs_snpp_2026-08-02_1223_41.33871_15.27945,viirs_snpp,N,2026-08-02 12:23:00,41.33871,15.27945,4.71,nominal
viirs_snpp_2026-08-02_1223_41.41295_15.77547,viirs_snpp,N,2026-08-02 12:23:00,41.41295,15.77547,7.99,nominal
viirs_snpp_2026-08-02_1223_41.41780_15.48434,viirs_snpp,N,2026-08-02 12:23:00,41.4178,15.48434,18.68,nominal
viirs_snpp_2026-08-02_1223_41.41714_15.47810,viirs_snpp,N,2026-08-02 12:23:00,41.41714,15.4781,11.58,nominal
viirs_snpp_2026-08-02_1223_41.42163_15.48366,viirs_snpp,N,2026-08-02 12:23:00,41.42163,15.48366,18.68,nominal
viirs_snpp_2026-08-02_1223_41.42096_15.47740,viirs_snpp,N,2026-08-02 12:23:00,41.42096,15.4774,11.58,nominal
viirs_snpp_2026-08-02_1223_41.42526_15.33732,viirs_snpp,N,2026-08-02 12:23:00,41.42526,15.33732,8.17,nominal
viirs_snpp_2026-08-02_1223_41.52328_15.77329,viirs_snpp,N,2026-08-02 12:23:00,41.52328,15.77329,8.76,nominal
viirs_snpp_2026-08-02_1223_41.44153_13.96012,viirs_snpp,N,2026-08-02 12:23:00,41.44153,13.96012,4.21,low
viirs_snpp_2026-08-02_1223_41.64151_15.35710,viirs_snpp,N,2026-08-02 12:23:00,41.64151,15.3571,11.73,nominal
viirs_snpp_2026-08-02_1223_41.57593_14.76482,viirs_snpp,N,2026-08-02 12:23:00,41.57593,14.76482,1.58,low
viirs_snpp_2026-08-02_1223_41.48307_13.50581,viirs_snpp,N,2026-08-02 12:23:00,41.48307,13.50581,7.27,nominal
viirs_snpp_2026-08-02_1223_41.48721_13.51015,viirs_snpp,N,2026-08-02 12:23:00,41.48721,13.51015,7.27,nominal
viirs_snpp_2026-08-02_1223_41.77594_15.25451,viirs_snpp,N,2026-08-02 12:23:00,41.77594,15.25451,5.61,nominal
viirs_snpp_2026-08-02_1223_41.77974_15.25379,viirs_snpp,N,2026-08-02 12:23:00,41.77974,15.25379,5.61,low
viirs_snpp_2026-08-02_1223_41.77909_15.25862,viirs_snpp,N,2026-08-02 12:23:00,41.77909,15.25862,6.7,low
viirs_snpp_2026-08-02_1223_41.81258_15.39221,viirs_snpp,N,2026-08-02 12:23:00,41.81258,15.39221,4.28,low
viirs_snpp_2026-08-02_1223_41.87706_15.86411,viirs_snpp,N,2026-08-02 12:23:00,41.87706,15.86411,3.41,nominal
viirs_snpp_2026-08-02_1223_41.51485_12.67801,viirs_snpp,N,2026-08-02 12:23:00,41.51485,12.67801,2.91,nominal
viirs_snpp_2026-08-02_1223_41.70716_13.11476,viirs_snpp,N,2026-08-02 12:23:00,41.70716,13.11476,2.27,low
viirs_snpp_2026-08-02_1223_41.71064_13.11395,viirs_snpp,N,2026-08-02 12:23:00,41.71064,13.11395,2.27,nominal
viirs_snpp_2026-08-02_1223_41.67365_12.77167,viirs_snpp,N,2026-08-02 12:23:00,41.67365,12.77167,1.74,low
viirs_snpp_2026-08-02_1223_42.53822_18.93691,viirs_snpp,N,2026-08-02 12:23:00,42.53822,18.93691,4.76,low
viirs_snpp_2026-08-02_1223_42.54321_18.94127,viirs_snpp,N,2026-08-02 12:23:00,42.54321,18.94127,4.76,nominal
viirs_snpp_2026-08-02_1223_42.54279_18.93582,viirs_snpp,N,2026-08-02 12:23:00,42.54279,18.93582,4.76,nominal
viirs_snpp_2026-08-02_1223_42.53418_18.96197,viirs_snpp,N,2026-08-02 12:23:00,42.53418,18.96197,6.73,low
viirs_snpp_2026-08-02_1223_42.53709_18.93734,viirs_snpp,N,2026-08-02 12:23:00,42.53709,18.93734,4.81,low
viirs_snpp_2026-08-02_1223_42.54206_18.94171,viirs_snpp,N,2026-08-02 12:23:00,42.54206,18.94171,10.79,nominal
viirs_snpp_2026-08-02_1223_42.54167_18.93624,viirs_snpp,N,2026-08-02 12:23:00,42.54167,18.93624,3.96,nominal
viirs_snpp_2026-08-02_1223_42.65451_18.30387,viirs_snpp,N,2026-08-02 12:23:00,42.65451,18.30387,6.72,nominal
viirs_snpp_2026-08-02_1223_42.65401_18.29745,viirs_snpp,N,2026-08-02 12:23:00,42.65401,18.29745,8.54,nominal
viirs_snpp_2026-08-02_1223_42.65746_18.28417,viirs_snpp,N,2026-08-02 12:23:00,42.65746,18.28417,9.38,high
viirs_snpp_2026-08-02_1223_42.65894_18.30265,viirs_snpp,N,2026-08-02 12:23:00,42.65894,18.30265,6.72,nominal
viirs_snpp_2026-08-02_1223_42.65794_18.29010,viirs_snpp,N,2026-08-02 12:23:00,42.65794,18.2901,8.54,nominal
viirs_snpp_2026-08-02_1223_42.66590_18.27686,viirs_snpp,N,2026-08-02 12:23:00,42.6659,18.27686,10.87,low
viirs_snpp_2026-08-02_1223_42.67038_18.27641,viirs_snpp,N,2026-08-02 12:23:00,42.67038,18.27641,7.95,nominal
viirs_snpp_2026-08-02_1223_42.67584_18.28813,viirs_snpp,N,2026-08-02 12:23:00,42.67584,18.28813,11.18,nominal
viirs_snpp_2026-08-02_1223_42.67535_18.28208,viirs_snpp,N,2026-08-02 12:23:00,42.67535,18.28208,7.95,nominal
viirs_snpp_2026-08-02_1223_42.67487_18.27603,viirs_snpp,N,2026-08-02 12:23:00,42.67487,18.27603,7.95,nominal
viirs_snpp_2026-08-02_1223_42.68039_18.28850,viirs_snpp,N,2026-08-02 12:23:00,42.68039,18.2885,3.04,nominal
viirs_snpp_2026-08-02_1223_42.80559_18.64402,viirs_snpp,N,2026-08-02 12:23:00,42.80559,18.64402,6.51,nominal
viirs_snpp_2026-08-02_1223_42.19218_12.29922,viirs_snpp,N,2026-08-02 12:23:00,42.19218,12.29922,5.04,low
viirs_snpp_2026-08-02_1223_42.02505_8.91951,viirs_snpp,N,2026-08-02 12:23:00,42.02505,8.91951,20.06,nominal
viirs_snpp_2026-08-02_1223_42.02834_8.91852,viirs_snpp,N,2026-08-02 12:23:00,42.02834,8.91852,6.96,nominal
viirs_snpp_2026-08-02_1223_43.60521_16.21222,viirs_snpp,N,2026-08-02 12:23:00,43.60521,16.21222,2.72,nominal
viirs_snpp_2026-08-02_1223_43.49879_11.10309,viirs_snpp,N,2026-08-02 12:23:00,43.49879,11.10309,3.61,low
viirs_snpp_2026-08-02_1225_44.65211_17.06118,viirs_snpp,N,2026-08-02 12:25:00,44.65211,17.06118,4.55,nominal
viirs_snpp_2026-08-02_1225_43.46235_6.06673,viirs_snpp,N,2026-08-02 12:25:00,43.46235,6.06673,8.8,nominal
viirs_snpp_2026-08-02_1225_43.46576_6.06552,viirs_snpp,N,2026-08-02 12:25:00,43.46576,6.06552,11.89,nominal
viirs_snpp_2026-08-02_1225_44.37777_11.73242,viirs_snpp,N,2026-08-02 12:25:00,44.37777,11.73242,3.97,low
viirs_snpp_2026-08-02_1225_43.49853_6.04048,viirs_snpp,N,2026-08-02 12:25:00,43.49853,6.04048,6.38,low
viirs_snpp_2026-08-02_1225_43.49755_6.03520,viirs_snpp,N,2026-08-02 12:25:00,43.49755,6.0352,10.99,nominal
viirs_snpp_2026-08-02_1225_45.03674_17.55657,viirs_snpp,N,2026-08-02 12:25:00,45.03674,17.55657,16.15,high
viirs_snpp_2026-08-02_1225_45.04163_17.56187,viirs_snpp,N,2026-08-02 12:25:00,45.04163,17.56187,42.04,nominal
viirs_snpp_2026-08-02_1225_45.04116_17.55588,viirs_snpp,N,2026-08-02 12:25:00,45.04116,17.55588,62.43,nominal
viirs_snpp_2026-08-02_1225_44.39524_11.02204,viirs_snpp,N,2026-08-02 12:25:00,44.39524,11.02204,7.74,low
viirs_snpp_2026-08-02_1225_44.98182_15.47684,viirs_snpp,N,2026-08-02 12:25:00,44.98182,15.47684,7.4,nominal
viirs_snpp_2026-08-02_1225_44.98114_15.46980,viirs_snpp,N,2026-08-02 12:25:00,44.98114,15.4698,7.4,nominal
viirs_snpp_2026-08-02_1225_44.52840_11.41366,viirs_snpp,N,2026-08-02 12:25:00,44.5284,11.41366,4.5,nominal
viirs_snpp_2026-08-02_1225_44.61936_11.41521,viirs_snpp,N,2026-08-02 12:25:00,44.61936,11.41521,1.14,nominal
viirs_snpp_2026-08-02_1225_44.67263_10.83003,viirs_snpp,N,2026-08-02 12:25:00,44.67263,10.83003,2.14,nominal
viirs_snpp_2026-08-02_1225_44.69368_7.90236,viirs_snpp,N,2026-08-02 12:25:00,44.69368,7.90236,4.08,nominal
viirs_snpp_2026-08-02_1225_45.14864_10.86208,viirs_snpp,N,2026-08-02 12:25:00,45.14864,10.86208,2.05,nominal
viirs_snpp_2026-08-02_1225_45.15201_10.86117,viirs_snpp,N,2026-08-02 12:25:00,45.15201,10.86117,2.05,nominal
viirs_snpp_2026-08-02_1225_45.14632_9.94339,viirs_snpp,N,2026-08-02 12:25:00,45.14632,9.94339,14.79,nominal
viirs_snpp_2026-08-02_1225_45.28772_10.88548,viirs_snpp,N,2026-08-02 12:25:00,45.28772,10.88548,3,low
viirs_snpp_2026-08-02_1225_45.32874_10.56991,viirs_snpp,N,2026-08-02 12:25:00,45.32874,10.56991,4.18,low
viirs_snpp_2026-08-02_1225_45.42883_10.99972,viirs_snpp,N,2026-08-02 12:25:00,45.42883,10.99972,1.06,low
viirs_snpp_2026-08-02_1225_45.03363_7.66124,viirs_snpp,N,2026-08-02 12:25:00,45.03363,7.66124,7.32,nominal
viirs_snpp_2026-08-02_1225_45.45967_10.45776,viirs_snpp,N,2026-08-02 12:25:00,45.45967,10.45776,4.83,nominal
viirs_snpp_2026-08-02_1225_45.11058_7.71553,viirs_snpp,N,2026-08-02 12:25:00,45.11058,7.71553,5.03,nominal
viirs_snpp_2026-08-02_1225_45.68362_11.53999,viirs_snpp,N,2026-08-02 12:25:00,45.68362,11.53999,1.84,low
viirs_snpp_2026-08-02_1225_45.80322_12.03505,viirs_snpp,N,2026-08-02 12:25:00,45.80322,12.03505,11.64,nominal
viirs_snpp_2026-08-02_1225_45.80222_12.03290,viirs_snpp,N,2026-08-02 12:25:00,45.80222,12.0329,10.43,nominal
viirs_snpp_2026-08-02_1225_46.38706_16.47693,viirs_snpp,N,2026-08-02 12:25:00,46.38706,16.47693,10.61,nominal
viirs_snpp_2026-08-02_1225_46.61728_18.64487,viirs_snpp,N,2026-08-02 12:25:00,46.61728,18.64487,4.24,nominal
viirs_snpp_2026-08-02_1225_46.61718_18.64544,viirs_snpp,N,2026-08-02 12:25:00,46.61718,18.64544,4.95,nominal
viirs_snpp_2026-08-02_1225_47.17628_7.56500,viirs_snpp,N,2026-08-02 12:25:00,47.17628,7.565,3.65,low
viirs_noaa20_2026-08-02_1102_36.67145_15.08406,viirs_noaa20,N20,2026-08-02 11:02:00,36.67145,15.08406,8.66,nominal
viirs_noaa20_2026-08-02_1102_36.71223_15.08064,viirs_noaa20,N20,2026-08-02 11:02:00,36.71223,15.08064,3.99,low
viirs_noaa20_2026-08-02_1102_36.72673_15.05910,viirs_noaa20,N20,2026-08-02 11:02:00,36.72673,15.0591,4.42,nominal
viirs_noaa20_2026-08-02_1102_36.71376_15.08034,viirs_noaa20,N20,2026-08-02 11:02:00,36.71376,15.08034,2.86,low
viirs_noaa20_2026-08-02_1102_36.72818_15.05882,viirs_noaa20,N20,2026-08-02 11:02:00,36.72818,15.05882,2.78,nominal
viirs_noaa20_2026-08-02_1102_37.26712_14.76446,viirs_noaa20,N20,2026-08-02 11:02:00,37.26712,14.76446,11.3,nominal
viirs_noaa20_2026-08-02_1102_37.26477_14.75664,viirs_noaa20,N20,2026-08-02 11:02:00,37.26477,14.75664,8.43,nominal
viirs_noaa20_2026-08-02_1102_37.22704_14.14151,viirs_noaa20,N20,2026-08-02 11:02:00,37.22704,14.14151,7.22,nominal
viirs_noaa20_2026-08-02_1102_37.23222_14.14234,viirs_noaa20,N20,2026-08-02 11:02:00,37.23222,14.14234,8.98,nominal
viirs_noaa20_2026-08-02_1102_37.98311_15.68063,viirs_noaa20,N20,2026-08-02 11:02:00,37.98311,15.68063,6.52,nominal
viirs_noaa20_2026-08-02_1102_37.36375_13.41386,viirs_noaa20,N20,2026-08-02 11:02:00,37.36375,13.41386,8.49,nominal
viirs_noaa20_2026-08-02_1102_37.36624_13.41531,viirs_noaa20,N20,2026-08-02 11:02:00,37.36624,13.41531,12.83,nominal
viirs_noaa20_2026-08-02_1102_37.36374_13.40744,viirs_noaa20,N20,2026-08-02 11:02:00,37.36374,13.40744,12.82,nominal
viirs_noaa20_2026-08-02_1102_37.37094_13.40666,viirs_noaa20,N20,2026-08-02 11:02:00,37.37094,13.40666,12.82,nominal
viirs_noaa20_2026-08-02_1102_38.22037_15.93239,viirs_noaa20,N20,2026-08-02 11:02:00,38.22037,15.93239,51.92,high
viirs_noaa20_2026-08-02_1102_38.21914_15.92809,viirs_noaa20,N20,2026-08-02 11:02:00,38.21914,15.92809,58.9,nominal
viirs_noaa20_2026-08-02_1102_38.21763_15.93298,viirs_noaa20,N20,2026-08-02 11:02:00,38.21763,15.93298,40.51,high
viirs_noaa20_2026-08-02_1102_38.21644_15.92887,viirs_noaa20,N20,2026-08-02 11:02:00,38.21644,15.92887,40.51,nominal
viirs_noaa20_2026-08-02_1102_38.95063_17.00053,viirs_noaa20,N20,2026-08-02 11:02:00,38.95063,17.00053,19.01,nominal
viirs_noaa20_2026-08-02_1102_37.72004_12.79230,viirs_noaa20,N20,2026-08-02 11:02:00,37.72004,12.7923,41.27,nominal
viirs_noaa20_2026-08-02_1102_37.71724_12.78349,viirs_noaa20,N20,2026-08-02 11:02:00,37.71724,12.78349,41.27,nominal
viirs_noaa20_2026-08-02_1102_37.72654_12.78887,viirs_noaa20,N20,2026-08-02 11:02:00,37.72654,12.78887,28.2,high
viirs_noaa20_2026-08-02_1102_37.72364_12.77974,viirs_noaa20,N20,2026-08-02 11:02:00,37.72364,12.77974,28.2,nominal
viirs_noaa20_2026-08-02_1102_38.95039_17.00258,viirs_noaa20,N20,2026-08-02 11:02:00,38.95039,17.00258,13.91,high
viirs_noaa20_2026-08-02_1102_38.94907_16.99783,viirs_noaa20,N20,2026-08-02 11:02:00,38.94907,16.99783,9.01,nominal
viirs_noaa20_2026-08-02_1102_37.71974_12.79285,viirs_noaa20,N20,2026-08-02 11:02:00,37.71974,12.79285,59.64,high
viirs_noaa20_2026-08-02_1102_37.71693_12.78418,viirs_noaa20,N20,2026-08-02 11:02:00,37.71693,12.78418,40.72,nominal
viirs_noaa20_2026-08-02_1102_37.72629_12.78959,viirs_noaa20,N20,2026-08-02 11:02:00,37.72629,12.78959,59.64,high
viirs_noaa20_2026-08-02_1102_37.72337_12.78057,viirs_noaa20,N20,2026-08-02 11:02:00,37.72337,12.78057,40.72,nominal
viirs_noaa20_2026-08-02_1102_37.90666_12.73644,viirs_noaa20,N20,2026-08-02 11:02:00,37.90666,12.73644,7.1,nominal
viirs_noaa20_2026-08-02_1102_37.90397_12.72804,viirs_noaa20,N20,2026-08-02 11:02:00,37.90397,12.72804,7.1,nominal
viirs_noaa20_2026-08-02_1102_37.90524_12.73260,viirs_noaa20,N20,2026-08-02 11:02:00,37.90524,12.7326,8.88,nominal
viirs_noaa20_2026-08-02_1102_37.90265_12.72468,viirs_noaa20,N20,2026-08-02 11:02:00,37.90265,12.72468,6.85,nominal
viirs_noaa20_2026-08-02_1102_39.51464_16.27191,viirs_noaa20,N20,2026-08-02 11:02:00,39.51464,16.27191,2.6,nominal
viirs_noaa20_2026-08-02_1102_40.31221_18.17133,viirs_noaa20,N20,2026-08-02 11:02:00,40.31221,18.17133,3.95,nominal
viirs_noaa20_2026-08-02_1102_40.40591_18.01657,viirs_noaa20,N20,2026-08-02 11:02:00,40.40591,18.01657,4.25,nominal
viirs_noaa20_2026-08-02_1102_40.41215_17.85247,viirs_noaa20,N20,2026-08-02 11:02:00,40.41215,17.85247,1.61,nominal
viirs_noaa20_2026-08-02_1102_40.43099_17.90363,viirs_noaa20,N20,2026-08-02 11:02:00,40.43099,17.90363,1.48,low
viirs_noaa20_2026-08-02_1102_40.50527_17.94420,viirs_noaa20,N20,2026-08-02 11:02:00,40.50527,17.9442,3.94,nominal
viirs_noaa20_2026-08-02_1102_40.35948_17.35391,viirs_noaa20,N20,2026-08-02 11:02:00,40.35948,17.35391,1.95,nominal
viirs_noaa20_2026-08-02_1102_40.37179_17.35767,viirs_noaa20,N20,2026-08-02 11:02:00,40.37179,17.35767,2.16,low
viirs_noaa20_2026-08-02_1102_40.41175_17.38058,viirs_noaa20,N20,2026-08-02 11:02:00,40.41175,17.38058,1.86,nominal
viirs_noaa20_2026-08-02_1102_40.41137_17.37915,viirs_noaa20,N20,2026-08-02 11:02:00,40.41137,17.37915,1.86,low
viirs_noaa20_2026-08-02_1102_40.61441_17.95161,viirs_noaa20,N20,2026-08-02 11:02:00,40.61441,17.95161,0.64,low
viirs_noaa20_2026-08-02_1102_40.52684_17.49528,viirs_noaa20,N20,2026-08-02 11:02:00,40.52684,17.49528,5.33,nominal
viirs_noaa20_2026-08-02_1102_40.53867_17.36860,viirs_noaa20,N20,2026-08-02 11:02:00,40.53867,17.3686,3.54,nominal
viirs_noaa20_2026-08-02_1102_40.57195_17.45023,viirs_noaa20,N20,2026-08-02 11:02:00,40.57195,17.45023,9.72,high
viirs_noaa20_2026-08-02_1102_40.57303_17.45425,viirs_noaa20,N20,2026-08-02 11:02:00,40.57303,17.45425,9.72,nominal
viirs_noaa20_2026-08-02_1102_40.57086_17.44620,viirs_noaa20,N20,2026-08-02 11:02:00,40.57086,17.4462,10.69,nominal
viirs_noaa20_2026-08-02_1102_40.57810_17.45230,viirs_noaa20,N20,2026-08-02 11:02:00,40.5781,17.4523,38.28,high
viirs_noaa20_2026-08-02_1102_40.57700_17.44820,viirs_noaa20,N20,2026-08-02 11:02:00,40.577,17.4482,38.28,nominal
viirs_noaa20_2026-08-02_1102_40.57591_17.44416,viirs_noaa20,N20,2026-08-02 11:02:00,40.57591,17.44416,37.27,nominal
viirs_noaa20_2026-08-02_1102_40.72225_16.73632,viirs_noaa20,N20,2026-08-02 11:02:00,40.72225,16.73632,1.3,low
viirs_noaa20_2026-08-02_1102_40.73335_16.69248,viirs_noaa20,N20,2026-08-02 11:02:00,40.73335,16.69248,2.18,nominal
viirs_noaa20_2026-08-02_1102_40.73965_16.69431,viirs_noaa20,N20,2026-08-02 11:02:00,40.73965,16.69431,2.18,low
viirs_noaa20_2026-08-02_1102_40.73847_16.69002,viirs_noaa20,N20,2026-08-02 11:02:00,40.73847,16.69002,2.18,low
viirs_noaa20_2026-08-02_1102_40.82648_16.63984,viirs_noaa20,N20,2026-08-02 11:02:00,40.82648,16.63984,14.56,high
viirs_noaa20_2026-08-02_1102_40.82767_16.64418,viirs_noaa20,N20,2026-08-02 11:02:00,40.82767,16.64418,14.56,nominal
viirs_noaa20_2026-08-02_1102_40.82526_16.63543,viirs_noaa20,N20,2026-08-02 11:02:00,40.82526,16.63543,36.91,nominal
viirs_noaa20_2026-08-02_1102_40.82401_16.63091,viirs_noaa20,N20,2026-08-02 11:02:00,40.82401,16.63091,36.91,nominal
viirs_noaa20_2026-08-02_1102_40.83157_16.63727,viirs_noaa20,N20,2026-08-02 11:02:00,40.83157,16.63727,8.24,high
viirs_noaa20_2026-08-02_1102_40.83034_16.63282,viirs_noaa20,N20,2026-08-02 11:02:00,40.83034,16.63282,5.76,nominal
viirs_noaa20_2026-08-02_1102_40.80753_16.55017,viirs_noaa20,N20,2026-08-02 11:02:00,40.80753,16.55017,1.06,low
viirs_noaa20_2026-08-02_1102_40.92252_16.90679,viirs_noaa20,N20,2026-08-02 11:02:00,40.92252,16.90679,2.04,nominal
viirs_noaa20_2026-08-02_1102_40.82704_16.36593,viirs_noaa20,N20,2026-08-02 11:02:00,40.82704,16.36593,2.6,nominal
viirs_noaa20_2026-08-02_1102_40.82874_16.36705,viirs_noaa20,N20,2026-08-02 11:02:00,40.82874,16.36705,4.21,low
viirs_noaa20_2026-08-02_1102_41.04894_17.04003,viirs_noaa20,N20,2026-08-02 11:02:00,41.04894,17.04003,2.08,low
viirs_noaa20_2026-08-02_1102_41.28541_16.35549,viirs_noaa20,N20,2026-08-02 11:02:00,41.28541,16.35549,1.17,nominal
viirs_noaa20_2026-08-02_1102_41.20371_15.89574,viirs_noaa20,N20,2026-08-02 11:02:00,41.20371,15.89574,1.64,low
viirs_noaa20_2026-08-02_1102_41.24416_15.67896,viirs_noaa20,N20,2026-08-02 11:02:00,41.24416,15.67896,4.55,low
viirs_noaa20_2026-08-02_1102_41.37080_15.36884,viirs_noaa20,N20,2026-08-02 11:02:00,41.3708,15.36884,3.24,nominal
viirs_noaa20_2026-08-02_1102_41.39495_15.38918,viirs_noaa20,N20,2026-08-02 11:02:00,41.39495,15.38918,3.33,low
viirs_noaa20_2026-08-02_1102_41.45594_15.49661,viirs_noaa20,N20,2026-08-02 11:02:00,41.45594,15.49661,3.71,low
viirs_noaa20_2026-08-02_1102_41.59540_15.60973,viirs_noaa20,N20,2026-08-02 11:02:00,41.5954,15.60973,6.24,nominal
viirs_noaa20_2026-08-02_1102_42.52742_18.95562,viirs_noaa20,N20,2026-08-02 11:02:00,42.52742,18.95562,6.67,nominal
viirs_noaa20_2026-08-02_1102_41.70237_15.18602,viirs_noaa20,N20,2026-08-02 11:02:00,41.70237,15.18602,11.85,high
viirs_noaa20_2026-08-02_1102_42.65428_18.30319,viirs_noaa20,N20,2026-08-02 11:02:00,42.65428,18.30319,6.35,nominal
viirs_noaa20_2026-08-02_1102_42.65900_18.30183,viirs_noaa20,N20,2026-08-02 11:02:00,42.659,18.30183,15.01,nominal
viirs_noaa20_2026-08-02_1102_42.66047_18.28753,viirs_noaa20,N20,2026-08-02 11:02:00,42.66047,18.28753,13.74,nominal
viirs_noaa20_2026-08-02_1102_42.65874_18.28063,viirs_noaa20,N20,2026-08-02 11:02:00,42.65874,18.28063,2.89,low
viirs_noaa20_2026-08-02_1102_42.66331_18.27868,viirs_noaa20,N20,2026-08-02 11:02:00,42.66331,18.27868,13.68,nominal
viirs_noaa20_2026-08-02_1104_42.66780_18.27637,viirs_noaa20,N20,2026-08-02 11:04:00,42.6678,18.27637,13.68,high
viirs_noaa20_2026-08-02_1104_42.67551_18.28695,viirs_noaa20,N20,2026-08-02 11:04:00,42.67551,18.28695,17.08,nominal
viirs_noaa20_2026-08-02_1104_42.67392_18.28058,viirs_noaa20,N20,2026-08-02 11:04:00,42.67392,18.28058,17.08,nominal
viirs_noaa20_2026-08-02_1104_42.67639_18.28536,viirs_noaa20,N20,2026-08-02 11:04:00,42.67639,18.28536,23.82,nominal
viirs_noaa20_2026-08-02_1104_42.67480_18.27915,viirs_noaa20,N20,2026-08-02 11:04:00,42.6748,18.27915,11.04,nominal
viirs_noaa20_2026-08-02_1104_41.43789_13.60692,viirs_noaa20,N20,2026-08-02 11:04:00,41.43789,13.60692,3.92,nominal
viirs_noaa20_2026-08-02_1104_41.98480_14.97920,viirs_noaa20,N20,2026-08-02 11:04:00,41.9848,14.9792,1.67,nominal
viirs_noaa20_2026-08-02_1104_43.13493_17.73020,viirs_noaa20,N20,2026-08-02 11:04:00,43.13493,17.7302,6.08,nominal
viirs_noaa20_2026-08-02_1104_42.29568_13.39284,viirs_noaa20,N20,2026-08-02 11:04:00,42.29568,13.39284,7.4,nominal
viirs_noaa20_2026-08-02_1104_42.29430_13.38833,viirs_noaa20,N20,2026-08-02 11:04:00,42.2943,13.38833,16.9,low
viirs_noaa20_2026-08-02_1104_42.29448_13.36736,viirs_noaa20,N20,2026-08-02 11:04:00,42.29448,13.36736,14.62,high
viirs_noaa20_2026-08-02_1104_42.30047_13.38698,viirs_noaa20,N20,2026-08-02 11:04:00,42.30047,13.38698,7.4,nominal
viirs_noaa20_2026-08-02_1104_42.29611_13.37271,viirs_noaa20,N20,2026-08-02 11:04:00,42.29611,13.37271,14.62,nominal
viirs_noaa20_2026-08-02_1104_42.29224_13.35999,viirs_noaa20,N20,2026-08-02 11:04:00,42.29224,13.35999,13.46,nominal
viirs_noaa20_2026-08-02_1104_42.30132_13.36820,viirs_noaa20,N20,2026-08-02 11:04:00,42.30132,13.3682,10.68,high
viirs_noaa20_2026-08-02_1104_42.29984_13.36335,viirs_noaa20,N20,2026-08-02 11:04:00,42.29984,13.36335,10.68,nominal
viirs_noaa20_2026-08-02_1104_42.17705_12.43944,viirs_noaa20,N20,2026-08-02 11:04:00,42.17705,12.43944,13.06,high
viirs_noaa20_2026-08-02_1104_42.17466_12.43976,viirs_noaa20,N20,2026-08-02 11:04:00,42.17466,12.43976,12.64,high
viirs_noaa20_2026-08-02_1104_42.42834_11.81516,viirs_noaa20,N20,2026-08-02 11:04:00,42.42834,11.81516,2.48,nominal
viirs_noaa20_2026-08-02_1104_44.65195_17.06238,viirs_noaa20,N20,2026-08-02 11:04:00,44.65195,17.06238,12.31,nominal
viirs_noaa20_2026-08-02_1104_44.64785_17.06376,viirs_noaa20,N20,2026-08-02 11:04:00,44.64785,17.06376,3.61,nominal
viirs_noaa20_2026-08-02_1104_44.65245_17.06174,viirs_noaa20,N20,2026-08-02 11:04:00,44.65245,17.06174,3.61,nominal
viirs_noaa20_2026-08-02_1104_45.39368_18.42442,viirs_noaa20,N20,2026-08-02 11:04:00,45.39368,18.42442,2.19,nominal
viirs_noaa20_2026-08-02_1104_45.16286_16.58158,viirs_noaa20,N20,2026-08-02 11:04:00,45.16286,16.58158,5.53,nominal
viirs_noaa20_2026-08-02_1104_45.01770_15.89023,viirs_noaa20,N20,2026-08-02 11:04:00,45.0177,15.89023,2.5,nominal
viirs_noaa20_2026-08-02_1104_45.01320_15.89041,viirs_noaa20,N20,2026-08-02 11:04:00,45.0132,15.89041,4.73,nominal
viirs_noaa20_2026-08-02_1104_45.06247_13.93172,viirs_noaa20,N20,2026-08-02 11:04:00,45.06247,13.93172,3.79,nominal
viirs_noaa20_2026-08-02_1242_36.69295_15.13005,viirs_noaa20,N20,2026-08-02 12:42:00,36.69295,15.13005,11.77,nominal
viirs_noaa20_2026-08-02_1242_36.69242_15.12299,viirs_noaa20,N20,2026-08-02 12:42:00,36.69242,15.12299,10.04,nominal
viirs_noaa20_2026-08-02_1242_36.51400_9.65742,viirs_noaa20,N20,2026-08-02 12:42:00,36.514,9.65742,9.93,low
viirs_noaa20_2026-08-02_1242_36.51336_9.65205,viirs_noaa20,N20,2026-08-02 12:42:00,36.51336,9.65205,9.01,low
viirs_noaa20_2026-08-02_1242_36.51302_9.65560,viirs_noaa20,N20,2026-08-02 12:42:00,36.51302,9.6556,11.78,nominal
viirs_noaa20_2026-08-02_1242_36.83292_10.84155,viirs_noaa20,N20,2026-08-02 12:42:00,36.83292,10.84155,11.73,nominal
viirs_noaa20_2026-08-02_1242_36.76754_9.44635,viirs_noaa20,N20,2026-08-02 12:42:00,36.76754,9.44635,16.01,nominal
viirs_noaa20_2026-08-02_1242_36.96563_11.04110,viirs_noaa20,N20,2026-08-02 12:42:00,36.96563,11.0411,2.5,low
viirs_noaa20_2026-08-02_1242_37.27749_13.93757,viirs_noaa20,N20,2026-08-02 12:42:00,37.27749,13.93757,1.56,low
viirs_noaa20_2026-08-02_1242_37.29742_13.89242,viirs_noaa20,N20,2026-08-02 12:42:00,37.29742,13.89242,9.43,nominal
viirs_noaa20_2026-08-02_1242_37.29694_13.88633,viirs_noaa20,N20,2026-08-02 12:42:00,37.29694,13.88633,4.31,low
viirs_noaa20_2026-08-02_1242_37.37572_14.79991,viirs_noaa20,N20,2026-08-02 12:42:00,37.37572,14.79991,2.4,nominal
viirs_noaa20_2026-08-02_1242_37.35970_13.40448,viirs_noaa20,N20,2026-08-02 12:42:00,37.3597,13.40448,8.57,low
viirs_noaa20_2026-08-02_1242_37.36516_13.41514,viirs_noaa20,N20,2026-08-02 12:42:00,37.36516,13.41514,1.59,nominal
viirs_noaa20_2026-08-02_1242_37.36963_13.41388,viirs_noaa20,N20,2026-08-02 12:42:00,37.36963,13.41388,6.7,high
viirs_noaa20_2026-08-02_1242_37.36865_13.40221,viirs_noaa20,N20,2026-08-02 12:42:00,37.36865,13.40221,8.71,nominal
viirs_noaa20_2026-08-02_1242_37.37461_13.41881,viirs_noaa20,N20,2026-08-02 12:42:00,37.37461,13.41881,6.7,nominal
viirs_noaa20_2026-08-02_1242_37.37410_13.41274,viirs_noaa20,N20,2026-08-02 12:42:00,37.3741,13.41274,6.7,nominal
viirs_noaa20_2026-08-02_1242_37.37314_13.40123,viirs_noaa20,N20,2026-08-02 12:42:00,37.37314,13.40123,8.71,nominal
viirs_noaa20_2026-08-02_1242_37.62462_12.76288,viirs_noaa20,N20,2026-08-02 12:42:00,37.62462,12.76288,2.64,low
viirs_noaa20_2026-08-02_1242_37.71498_12.77898,viirs_noaa20,N20,2026-08-02 12:42:00,37.71498,12.77898,4.44,low
viirs_noaa20_2026-08-02_1242_37.72417_12.78266,viirs_noaa20,N20,2026-08-02 12:42:00,37.72417,12.78266,4.99,nominal
viirs_noaa20_2026-08-02_1242_37.72287_12.76768,viirs_noaa20,N20,2026-08-02 12:42:00,37.72287,12.76768,6.05,nominal
viirs_noaa20_2026-08-02_1242_37.72943_12.79230,viirs_noaa20,N20,2026-08-02 12:42:00,37.72943,12.7923,5.61,nominal
viirs_noaa20_2026-08-02_1242_37.72900_12.78723,viirs_noaa20,N20,2026-08-02 12:42:00,37.729,12.78723,5.61,nominal
viirs_noaa20_2026-08-02_1242_37.72857_12.78224,viirs_noaa20,N20,2026-08-02 12:42:00,37.72857,12.78224,4.99,nominal
viirs_noaa20_2026-08-02_1242_37.72726_12.76711,viirs_noaa20,N20,2026-08-02 12:42:00,37.72726,12.76711,6.05,nominal
viirs_noaa20_2026-08-02_1242_37.71570_12.63460,viirs_noaa20,N20,2026-08-02 12:42:00,37.7157,12.6346,44.73,nominal
viirs_noaa20_2026-08-02_1242_37.71960_12.62892,viirs_noaa20,N20,2026-08-02 12:42:00,37.7196,12.62892,12.62,high
viirs_noaa20_2026-08-02_1242_37.72005_12.63404,viirs_noaa20,N20,2026-08-02 12:42:00,37.72005,12.63404,12.62,nominal
viirs_noaa20_2026-08-02_1242_37.98045_15.69228,viirs_noaa20,N20,2026-08-02 12:42:00,37.98045,15.69228,9.33,high
viirs_noaa20_2026-08-02_1242_37.82455_13.54621,viirs_noaa20,N20,2026-08-02 12:42:00,37.82455,13.54621,12.58,nominal
viirs_noaa20_2026-08-02_1242_37.82409_13.54048,viirs_noaa20,N20,2026-08-02 12:42:00,37.82409,13.54048,18.54,nominal
viirs_noaa20_2026-08-02_1242_37.98493_15.68091,viirs_noaa20,N20,2026-08-02 12:42:00,37.98493,15.68091,4.5,low
viirs_noaa20_2026-08-02_1242_37.82915_13.54590,viirs_noaa20,N20,2026-08-02 12:42:00,37.82915,13.5459,12.58,nominal
viirs_noaa20_2026-08-02_1242_38.07622_15.46069,viirs_noaa20,N20,2026-08-02 12:42:00,38.07622,15.46069,12,high
viirs_noaa20_2026-08-02_1242_38.07651_15.46508,viirs_noaa20,N20,2026-08-02 12:42:00,38.07651,15.46508,7.78,nominal
viirs_noaa20_2026-08-02_1242_37.90523_12.72287,viirs_noaa20,N20,2026-08-02 12:42:00,37.90523,12.72287,6.52,high
viirs_noaa20_2026-08-02_1242_37.90959_12.72212,viirs_noaa20,N20,2026-08-02 12:42:00,37.90959,12.72212,6.52,nominal
viirs_noaa20_2026-08-02_1242_37.90590_12.72637,viirs_noaa20,N20,2026-08-02 12:42:00,37.9059,12.72637,4.81,nominal
viirs_noaa20_2026-08-02_1242_37.90543_12.72084,viirs_noaa20,N20,2026-08-02 12:42:00,37.90543,12.72084,5.5,nominal
viirs_noaa20_2026-08-02_1242_37.90979_12.72005,viirs_noaa20,N20,2026-08-02 12:42:00,37.90979,12.72005,5.5,low
viirs_noaa20_2026-08-02_1242_37.91370_12.71399,viirs_noaa20,N20,2026-08-02 12:42:00,37.9137,12.71399,2.39,low
viirs_noaa20_2026-08-02_1242_38.16016_15.69022,viirs_noaa20,N20,2026-08-02 12:42:00,38.16016,15.69022,1.87,nominal
viirs_noaa20_2026-08-02_1242_38.47756_16.07173,viirs_noaa20,N20,2026-08-02 12:42:00,38.47756,16.07173,4.91,nominal
viirs_noaa20_2026-08-02_1242_39.99688_18.08376,viirs_noaa20,N20,2026-08-02 12:42:00,39.99688,18.08376,1.58,nominal
viirs_noaa20_2026-08-02_1242_39.52447_8.96806,viirs_noaa20,N20,2026-08-02 12:42:00,39.52447,8.96806,10.11,low
viirs_noaa20_2026-08-02_1242_39.53184_8.96674,viirs_noaa20,N20,2026-08-02 12:42:00,39.53184,8.96674,12.94,low
viirs_noaa20_2026-08-02_1242_39.53551_8.96598,viirs_noaa20,N20,2026-08-02 12:42:00,39.53551,8.96598,12.94,nominal
viirs_noaa20_2026-08-02_1242_39.53488_8.96047,viirs_noaa20,N20,2026-08-02 12:42:00,39.53488,8.96047,30.77,low
viirs_noaa20_2026-08-02_1244_39.53982_8.97075,viirs_noaa20,N20,2026-08-02 12:44:00,39.53982,8.97075,9.28,nominal
viirs_noaa20_2026-08-02_1244_39.53918_8.96521,viirs_noaa20,N20,2026-08-02 12:44:00,39.53918,8.96521,9.28,nominal
viirs_noaa20_2026-08-02_1244_39.53855_8.95971,viirs_noaa20,N20,2026-08-02 12:44:00,39.53855,8.95971,9.01,low
viirs_noaa20_2026-08-02_1244_40.45979_18.00418,viirs_noaa20,N20,2026-08-02 12:44:00,40.45979,18.00418,3.74,nominal
viirs_noaa20_2026-08-02_1244_40.46229_18.00120,viirs_noaa20,N20,2026-08-02 12:44:00,40.46229,18.0012,1.91,low
viirs_noaa20_2026-08-02_1244_40.72659_16.68937,viirs_noaa20,N20,2026-08-02 12:44:00,40.72659,16.68937,5.32,nominal
viirs_noaa20_2026-08-02_1244_40.73261_16.69891,viirs_noaa20,N20,2026-08-02 12:44:00,40.73261,16.69891,5.54,nominal
viirs_noaa20_2026-08-02_1244_40.73240_16.69396,viirs_noaa20,N20,2026-08-02 12:44:00,40.7324,16.69396,5.54,nominal
viirs_noaa20_2026-08-02_1244_40.73219_16.68902,viirs_noaa20,N20,2026-08-02 12:44:00,40.73219,16.68902,5.32,nominal
viirs_noaa20_2026-08-02_1244_40.73822_16.69856,viirs_noaa20,N20,2026-08-02 12:44:00,40.73822,16.69856,3.71,low
viirs_noaa20_2026-08-02_1244_40.80449_16.55709,viirs_noaa20,N20,2026-08-02 12:44:00,40.80449,16.55709,4.01,nominal
viirs_noaa20_2026-08-02_1244_40.80426_16.55234,viirs_noaa20,N20,2026-08-02 12:44:00,40.80426,16.55234,4.01,nominal
viirs_noaa20_2026-08-02_1244_40.81959_16.63793,viirs_noaa20,N20,2026-08-02 12:44:00,40.81959,16.63793,3.86,nominal
viirs_noaa20_2026-08-02_1244_40.80315_16.55361,viirs_noaa20,N20,2026-08-02 12:44:00,40.80315,16.55361,7.18,nominal
viirs_noaa20_2026-08-02_1244_40.82877_16.62921,viirs_noaa20,N20,2026-08-02 12:44:00,40.82877,16.62921,4.12,nominal
viirs_noaa20_2026-08-02_1244_40.82790_16.36084,viirs_noaa20,N20,2026-08-02 12:44:00,40.8279,16.36084,4.9,nominal
viirs_noaa20_2026-08-02_1244_41.01813_15.62529,viirs_noaa20,N20,2026-08-02 12:44:00,41.01813,15.62529,12.38,nominal
viirs_noaa20_2026-08-02_1244_41.01789_15.62086,viirs_noaa20,N20,2026-08-02 12:44:00,41.01789,15.62086,12.38,nominal
viirs_noaa20_2026-08-02_1244_41.03322_15.81258,viirs_noaa20,N20,2026-08-02 12:44:00,41.03322,15.81258,4.74,nominal
viirs_noaa20_2026-08-02_1244_41.02347_15.62560,viirs_noaa20,N20,2026-08-02 12:44:00,41.02347,15.6256,3.24,low
viirs_noaa20_2026-08-02_1244_41.02323_15.62102,viirs_noaa20,N20,2026-08-02 12:44:00,41.02323,15.62102,3.24,nominal
viirs_noaa20_2026-08-02_1244_41.08738_16.84740,viirs_noaa20,N20,2026-08-02 12:44:00,41.08738,16.8474,3.79,nominal
viirs_noaa20_2026-08-02_1244_41.12729_15.80293,viirs_noaa20,N20,2026-08-02 12:44:00,41.12729,15.80293,4.74,low
viirs_noaa20_2026-08-02_1244_41.19114_15.78836,viirs_noaa20,N20,2026-08-02 12:44:00,41.19114,15.78836,5.84,low
viirs_noaa20_2026-08-02_1244_41.19090_15.78391,viirs_noaa20,N20,2026-08-02 12:44:00,41.1909,15.78391,5.87,nominal
viirs_noaa20_2026-08-02_1244_41.18859_15.78891,viirs_noaa20,N20,2026-08-02 12:44:00,41.18859,15.78891,4.93,low
viirs_noaa20_2026-08-02_1244_41.18838_15.78446,viirs_noaa20,N20,2026-08-02 12:44:00,41.18838,15.78446,7.1,nominal
viirs_noaa20_2026-08-02_1244_41.24212_15.67835,viirs_noaa20,N20,2026-08-02 12:44:00,41.24212,15.67835,4.8,nominal
viirs_noaa20_2026-08-02_1244_41.24770_15.68251,viirs_noaa20,N20,2026-08-02 12:44:00,41.2477,15.68251,5.15,high
viirs_noaa20_2026-08-02_1244_41.24746_15.67805,viirs_noaa20,N20,2026-08-02 12:44:00,41.24746,15.67805,5.15,nominal
viirs_noaa20_2026-08-02_1244_41.34191_15.67416,viirs_noaa20,N20,2026-08-02 12:44:00,41.34191,15.67416,4.92,nominal
viirs_noaa20_2026-08-02_1244_41.41448_15.77667,viirs_noaa20,N20,2026-08-02 12:44:00,41.41448,15.77667,3.51,low
viirs_noaa20_2026-08-02_1244_41.39531_15.39271,viirs_noaa20,N20,2026-08-02 12:44:00,41.39531,15.39271,4.11,low
viirs_noaa20_2026-08-02_1244_41.41568_15.47929,viirs_noaa20,N20,2026-08-02 12:44:00,41.41568,15.47929,9.62,low
viirs_noaa20_2026-08-02_1244_41.42119_15.48329,viirs_noaa20,N20,2026-08-02 12:44:00,41.42119,15.48329,16.66,nominal
viirs_noaa20_2026-08-02_1244_41.42097_15.47892,viirs_noaa20,N20,2026-08-02 12:44:00,41.42097,15.47892,9.62,nominal
viirs_noaa20_2026-08-02_1244_41.48464_15.38281,viirs_noaa20,N20,2026-08-02 12:44:00,41.48464,15.38281,2.12,low
viirs_noaa20_2026-08-02_1244_41.52480_15.76981,viirs_noaa20,N20,2026-08-02 12:44:00,41.5248,15.76981,4.22,high
viirs_noaa20_2026-08-02_1244_41.52502_15.77433,viirs_noaa20,N20,2026-08-02 12:44:00,41.52502,15.77433,4.22,nominal
viirs_noaa20_2026-08-02_1244_41.59157_15.60374,viirs_noaa20,N20,2026-08-02 12:44:00,41.59157,15.60374,6.33,high
viirs_noaa20_2026-08-02_1244_41.58960_15.60212,viirs_noaa20,N20,2026-08-02 12:44:00,41.5896,15.60212,3.62,nominal
viirs_noaa20_2026-08-02_1244_41.59494_15.60176,viirs_noaa20,N20,2026-08-02 12:44:00,41.59494,15.60176,3.62,low
viirs_noaa20_2026-08-02_1244_41.64108_15.35719,viirs_noaa20,N20,2026-08-02 12:44:00,41.64108,15.35719,4.48,low
viirs_noaa20_2026-08-02_1244_41.77794_15.25563,viirs_noaa20,N20,2026-08-02 12:44:00,41.77794,15.25563,4.25,nominal
viirs_noaa20_2026-08-02_1244_41.70742_13.11203,viirs_noaa20,N20,2026-08-02 12:44:00,41.70742,13.11203,3.6,nominal
viirs_noaa20_2026-08-02_1244_41.87710_15.86379,viirs_noaa20,N20,2026-08-02 12:44:00,41.8771,15.86379,4.98,nominal
viirs_noaa20_2026-08-02_1244_42.19164_12.29964,viirs_noaa20,N20,2026-08-02 12:44:00,42.19164,12.29964,2.23,nominal
viirs_noaa20_2026-08-02_1244_42.54146_18.94302,viirs_noaa20,N20,2026-08-02 12:44:00,42.54146,18.94302,5.64,low
viirs_noaa20_2026-08-02_1244_42.65482_18.30344,viirs_noaa20,N20,2026-08-02 12:44:00,42.65482,18.30344,10.72,nominal
viirs_noaa20_2026-08-02_1244_42.65462_18.29598,viirs_noaa20,N20,2026-08-02 12:44:00,42.65462,18.29598,8.87,nominal
viirs_noaa20_2026-08-02_1244_42.65443_18.28913,viirs_noaa20,N20,2026-08-02 12:44:00,42.65443,18.28913,8.87,nominal
viirs_noaa20_2026-08-02_1244_42.02435_8.91678,viirs_noaa20,N20,2026-08-02 12:44:00,42.02435,8.91678,10.01,nominal
viirs_noaa20_2026-08-02_1244_42.02374_8.91582,viirs_noaa20,N20,2026-08-02 12:44:00,42.02374,8.91582,6.6,low
viirs_noaa20_2026-08-02_1244_42.65455_18.30301,viirs_noaa20,N20,2026-08-02 12:44:00,42.65455,18.30301,7.09,nominal
viirs_noaa20_2026-08-02_1244_42.65438_18.29550,viirs_noaa20,N20,2026-08-02 12:44:00,42.65438,18.2955,7.09,nominal
viirs_noaa20_2026-08-02_1244_42.65423_18.28868,viirs_noaa20,N20,2026-08-02 12:44:00,42.65423,18.28868,6.62,nominal
viirs_noaa20_2026-08-02_1244_42.67249_18.28093,viirs_noaa20,N20,2026-08-02 12:44:00,42.67249,18.28093,5.97,nominal
viirs_noaa20_2026-08-02_1244_42.67884_18.28954,viirs_noaa20,N20,2026-08-02 12:44:00,42.67884,18.28954,5.97,nominal
viirs_noaa20_2026-08-02_1244_42.80302_18.64372,viirs_noaa20,N20,2026-08-02 12:44:00,42.80302,18.64372,3.13,nominal
viirs_noaa20_2026-08-02_1244_43.46192_6.06948,viirs_noaa20,N20,2026-08-02 12:44:00,43.46192,6.06948,6.05,nominal
viirs_noaa20_2026-08-02_1244_43.46471_6.06349,viirs_noaa20,N20,2026-08-02 12:44:00,43.46471,6.06349,8.06,nominal
viirs_noaa20_2026-08-02_1244_43.49714_6.03988,viirs_noaa20,N20,2026-08-02 12:44:00,43.49714,6.03988,6.48,low
viirs_noaa20_2026-08-02_1244_43.49649_6.03474,viirs_noaa20,N20,2026-08-02 12:44:00,43.49649,6.03474,6.48,low
viirs_noaa20_2026-08-02_1244_44.39214_11.02135,viirs_noaa20,N20,2026-08-02 12:44:00,44.39214,11.02135,6.34,nominal
viirs_noaa20_2026-08-02_1244_45.03856_17.55860,viirs_noaa20,N20,2026-08-02 12:44:00,45.03856,17.5586,8.93,high
viirs_noaa20_2026-08-02_1244_45.03873_17.56479,viirs_noaa20,N20,2026-08-02 12:44:00,45.03873,17.56479,8.93,nominal
viirs_noaa20_2026-08-02_1244_45.03840_17.55245,viirs_noaa20,N20,2026-08-02 12:44:00,45.0384,17.55245,8.25,nominal
viirs_noaa20_2026-08-02_1244_45.03432_17.55631,viirs_noaa20,N20,2026-08-02 12:44:00,45.03432,17.55631,10.26,high
viirs_noaa20_2026-08-02_1244_45.04047_17.56222,viirs_noaa20,N20,2026-08-02 12:44:00,45.04047,17.56222,7.8,nominal
viirs_noaa20_2026-08-02_1244_45.04034_17.55607,viirs_noaa20,N20,2026-08-02 12:44:00,45.04034,17.55607,9.67,nominal
viirs_noaa20_2026-08-02_1244_44.97770_15.47265,viirs_noaa20,N20,2026-08-02 12:44:00,44.9777,15.47265,6.59,nominal
viirs_noaa20_2026-08-02_1244_45.14319_9.94202,viirs_noaa20,N20,2026-08-02 12:44:00,45.14319,9.94202,10.95,nominal
viirs_noaa20_2026-08-02_1244_45.45943_10.45594,viirs_noaa20,N20,2026-08-02 12:44:00,45.45943,10.45594,6.6,nominal
viirs_noaa20_2026-08-02_1246_47.17398_7.56026,viirs_noaa20,N20,2026-08-02 12:46:00,47.17398,7.56026,5.8,low
viirs_noaa20_2026-08-03_0100_45.45264_18.03367,viirs_noaa20,N20,2026-08-03 01:00:00,45.45264,18.03367,0.45,nominal
viirs_noaa20_2026-08-03_0100_45.92765_15.02351,viirs_noaa20,N20,2026-08-03 01:00:00,45.92765,15.02351,1.2,nominal
viirs_noaa20_2026-08-03_0100_46.06847_13.62479,viirs_noaa20,N20,2026-08-03 01:00:00,46.06847,13.62479,1.23,nominal
viirs_noaa20_2026-08-03_0100_46.17673_12.74131,viirs_noaa20,N20,2026-08-03 01:00:00,46.17673,12.74131,1.02,nominal
viirs_noaa20_2026-08-03_0100_46.13996_10.76087,viirs_noaa20,N20,2026-08-03 01:00:00,46.13996,10.76087,1.01,nominal
viirs_noaa20_2026-08-03_0100_45.14819_17.53939,viirs_noaa20,N20,2026-08-03 01:00:00,45.14819,17.53939,0.61,nominal
viirs_noaa20_2026-08-03_0100_45.66045_13.84820,viirs_noaa20,N20,2026-08-03 01:00:00,45.66045,13.8482,1.06,nominal
viirs_noaa20_2026-08-03_0100_45.30457_11.93419,viirs_noaa20,N20,2026-08-03 01:00:00,45.30457,11.93419,0.4,nominal
viirs_noaa20_2026-08-03_0100_45.46085_10.45785,viirs_noaa20,N20,2026-08-03 01:00:00,45.46085,10.45785,3.24,nominal
viirs_noaa20_2026-08-03_0100_44.96623_14.12349,viirs_noaa20,N20,2026-08-03 01:00:00,44.96623,14.12349,1.91,nominal
viirs_noaa20_2026-08-03_0100_44.23833_18.61856,viirs_noaa20,N20,2026-08-03 01:00:00,44.23833,18.61856,1.04,nominal
viirs_noaa20_2026-08-03_0100_44.23496_18.61754,viirs_noaa20,N20,2026-08-03 01:00:00,44.23496,18.61754,1.04,nominal
viirs_noaa20_2026-08-03_0100_45.14758_9.94094,viirs_noaa20,N20,2026-08-03 01:00:00,45.14758,9.94094,6.32,nominal
viirs_noaa20_2026-08-03_0100_43.86412_16.59413,viirs_noaa20,N20,2026-08-03 01:00:00,43.86412,16.59413,0.58,nominal
viirs_noaa20_2026-08-03_0100_44.63224_8.76520,viirs_noaa20,N20,2026-08-03 01:00:00,44.63224,8.7652,3.54,nominal
viirs_noaa20_2026-08-03_0100_44.63337_8.76401,viirs_noaa20,N20,2026-08-03 01:00:00,44.63337,8.76401,2.59,nominal
viirs_noaa20_2026-08-03_0100_44.39501_11.02366,viirs_noaa20,N20,2026-08-03 01:00:00,44.39501,11.02366,1.78,nominal
viirs_noaa20_2026-08-03_0100_44.62926_8.76358,viirs_noaa20,N20,2026-08-03 01:00:00,44.62926,8.76358,0.98,nominal
viirs_noaa20_2026-08-03_0100_44.62568_8.75749,viirs_noaa20,N20,2026-08-03 01:00:00,44.62568,8.75749,1.74,nominal
viirs_noaa20_2026-08-03_0100_44.62518_8.76281,viirs_noaa20,N20,2026-08-03 01:00:00,44.62518,8.76281,0.98,nominal
viirs_noaa20_2026-08-03_0100_43.60492_16.21083,viirs_noaa20,N20,2026-08-03 01:00:00,43.60492,16.21083,0.79,nominal
viirs_noaa20_2026-08-03_0100_43.54259_16.44366,viirs_noaa20,N20,2026-08-03 01:00:00,43.54259,16.44366,1.46,nominal
viirs_noaa20_2026-08-03_0100_42.68344_18.27599,viirs_noaa20,N20,2026-08-03 01:00:00,42.68344,18.27599,4.23,nominal
viirs_noaa20_2026-08-03_0100_42.68010_18.27468,viirs_noaa20,N20,2026-08-03 01:00:00,42.6801,18.27468,4.23,nominal
viirs_noaa20_2026-08-03_0100_42.67674_18.27345,viirs_noaa20,N20,2026-08-03 01:00:00,42.67674,18.27345,2.15,nominal
viirs_noaa20_2026-08-03_0100_42.54694_18.93882,viirs_noaa20,N20,2026-08-03 01:00:00,42.54694,18.93882,0.85,nominal
viirs_noaa20_2026-08-03_0100_42.67001_18.27113,viirs_noaa20,N20,2026-08-03 01:00:00,42.67001,18.27113,1.16,nominal
viirs_noaa20_2026-08-03_0100_42.54441_18.93286,viirs_noaa20,N20,2026-08-03 01:00:00,42.54441,18.93286,1.15,nominal
viirs_noaa20_2026-08-03_0100_42.54093_18.93187,viirs_noaa20,N20,2026-08-03 01:00:00,42.54093,18.93187,1.15,nominal
viirs_noaa20_2026-08-03_0100_42.53502_18.96245,viirs_noaa20,N20,2026-08-03 01:00:00,42.53502,18.96245,1.24,nominal
viirs_noaa20_2026-08-03_0100_42.53396_18.96794,viirs_noaa20,N20,2026-08-03 01:00:00,42.53396,18.96794,1.36,nominal
viirs_noaa20_2026-08-03_0100_43.65984_11.83712,viirs_noaa20,N20,2026-08-03 01:00:00,43.65984,11.83712,0.86,nominal
viirs_noaa20_2026-08-03_0100_42.54417_18.93128,viirs_noaa20,N20,2026-08-03 01:00:00,42.54417,18.93128,1.31,nominal
viirs_noaa20_2026-08-03_0100_42.53387_18.96626,viirs_noaa20,N20,2026-08-03 01:00:00,42.53387,18.96626,3,nominal
viirs_noaa20_2026-08-03_0100_42.53975_18.93530,viirs_noaa20,N20,2026-08-03 01:00:00,42.53975,18.9353,1.31,nominal
viirs_noaa20_2026-08-03_0100_42.65728_18.28624,viirs_noaa20,N20,2026-08-03 01:00:00,42.65728,18.28624,0.86,nominal
viirs_noaa20_2026-08-03_0100_42.53628_18.93427,viirs_noaa20,N20,2026-08-03 01:00:00,42.53628,18.93427,0.73,nominal
viirs_noaa20_2026-08-03_0100_42.53035_18.96545,viirs_noaa20,N20,2026-08-03 01:00:00,42.53035,18.96545,1.34,nominal
viirs_noaa20_2026-08-03_0100_42.65388_18.28519,viirs_noaa20,N20,2026-08-03 01:00:00,42.65388,18.28519,0.86,nominal
viirs_noaa20_2026-08-03_0100_42.53085_18.94356,viirs_noaa20,N20,2026-08-03 01:00:00,42.53085,18.94356,1.72,nominal
viirs_noaa20_2026-08-03_0100_43.36452_12.54500,viirs_noaa20,N20,2026-08-03 01:00:00,43.36452,12.545,0.65,nominal
viirs_noaa20_2026-08-03_0100_43.79496_7.37211,viirs_noaa20,N20,2026-08-03 01:00:00,43.79496,7.37211,1.02,nominal
viirs_noaa20_2026-08-03_0100_43.79333_7.37606,viirs_noaa20,N20,2026-08-03 01:00:00,43.79333,7.37606,0.54,nominal
viirs_noaa20_2026-08-03_0102_42.26632_14.23388,viirs_noaa20,N20,2026-08-03 01:02:00,42.26632,14.23388,0.69,nominal
viirs_noaa20_2026-08-03_0102_42.30652_13.37376,viirs_noaa20,N20,2026-08-03 01:02:00,42.30652,13.37376,1.48,nominal
viirs_noaa20_2026-08-03_0102_42.30720_13.36904,viirs_noaa20,N20,2026-08-03 01:02:00,42.3072,13.36904,0.98,nominal
viirs_noaa20_2026-08-03_0102_42.30317_13.37312,viirs_noaa20,N20,2026-08-03 01:02:00,42.30317,13.37312,1.48,nominal
viirs_noaa20_2026-08-03_0102_42.30250_13.37787,viirs_noaa20,N20,2026-08-03 01:02:00,42.3025,13.37787,1.48,nominal
viirs_noaa20_2026-08-03_0102_42.30182_13.38264,viirs_noaa20,N20,2026-08-03 01:02:00,42.30182,13.38264,0.84,nominal
viirs_noaa20_2026-08-03_0102_42.29710_13.39163,viirs_noaa20,N20,2026-08-03 01:02:00,42.2971,13.39163,1.18,nominal
viirs_noaa20_2026-08-03_0102_42.29644_13.39637,viirs_noaa20,N20,2026-08-03 01:02:00,42.29644,13.39637,1.18,nominal
viirs_noaa20_2026-08-03_0102_42.29307_13.39580,viirs_noaa20,N20,2026-08-03 01:02:00,42.29307,13.3958,1.18,nominal
viirs_noaa20_2026-08-03_0102_42.29241_13.40044,viirs_noaa20,N20,2026-08-03 01:02:00,42.29241,13.40044,1.98,nominal
viirs_noaa20_2026-08-03_0102_42.29109_13.40975,viirs_noaa20,N20,2026-08-03 01:02:00,42.29109,13.40975,1.98,nominal
viirs_noaa20_2026-08-03_0102_42.28773_13.40917,viirs_noaa20,N20,2026-08-03 01:02:00,42.28773,13.40917,2.32,nominal
viirs_noaa20_2026-08-03_0102_42.28905_13.39986,viirs_noaa20,N20,2026-08-03 01:02:00,42.28905,13.39986,0.85,nominal
viirs_noaa20_2026-08-03_0102_42.28839_13.40450,viirs_noaa20,N20,2026-08-03 01:02:00,42.28839,13.4045,0.85,nominal
viirs_noaa20_2026-08-03_0102_41.45749_15.47431,viirs_noaa20,N20,2026-08-03 01:02:00,41.45749,15.47431,1.31,nominal
viirs_noaa20_2026-08-03_0102_41.40284_15.38967,viirs_noaa20,N20,2026-08-03 01:02:00,41.40284,15.38967,0.69,nominal
viirs_noaa20_2026-08-03_0102_41.51654_12.67890,viirs_noaa20,N20,2026-08-03 01:02:00,41.51654,12.6789,1.13,nominal
viirs_noaa20_2026-08-03_0102_40.62900_18.00276,viirs_noaa20,N20,2026-08-03 01:02:00,40.629,18.00276,1.51,nominal
viirs_noaa20_2026-08-03_0102_40.95255_15.67047,viirs_noaa20,N20,2026-08-03 01:02:00,40.95255,15.67047,0.56,nominal
viirs_noaa20_2026-08-03_0102_40.67334_16.65676,viirs_noaa20,N20,2026-08-03 01:02:00,40.67334,16.65676,1.05,nominal
viirs_noaa20_2026-08-03_0102_40.33939_17.95587,viirs_noaa20,N20,2026-08-03 01:02:00,40.33939,17.95587,1.46,nominal
viirs_noaa20_2026-08-03_0102_40.31439_15.89906,viirs_noaa20,N20,2026-08-03 01:02:00,40.31439,15.89906,1.35,nominal
viirs_noaa20_2026-08-03_0102_39.73548_16.22523,viirs_noaa20,N20,2026-08-03 01:02:00,39.73548,16.22523,0.66,nominal
viirs_noaa20_2026-08-03_0102_40.46158_8.73498,viirs_noaa20,N20,2026-08-03 01:02:00,40.46158,8.73498,0.48,nominal
viirs_noaa20_2026-08-03_0102_39.21281_17.01862,viirs_noaa20,N20,2026-08-03 01:02:00,39.21281,17.01862,0.83,nominal
viirs_noaa20_2026-08-03_0102_39.24802_16.64949,viirs_noaa20,N20,2026-08-03 01:02:00,39.24802,16.64949,2.63,nominal
viirs_noaa20_2026-08-03_0102_38.79620_15.21256,viirs_noaa20,N20,2026-08-03 01:02:00,38.7962,15.21256,4.97,nominal
viirs_noaa20_2026-08-03_0102_38.79293_15.21156,viirs_noaa20,N20,2026-08-03 01:02:00,38.79293,15.21156,2.35,nominal
viirs_noaa20_2026-08-03_0102_39.52246_9.05862,viirs_noaa20,N20,2026-08-03 01:02:00,39.52246,9.05862,1.19,nominal
viirs_noaa20_2026-08-03_0102_37.76093_15.01442,viirs_noaa20,N20,2026-08-03 01:02:00,37.76093,15.01442,0.3,nominal
viirs_noaa20_2026-08-03_0102_37.76016_15.01890,viirs_noaa20,N20,2026-08-03 01:02:00,37.76016,15.0189,0.3,nominal
viirs_noaa20_2026-08-03_0102_37.75608_15.02265,viirs_noaa20,N20,2026-08-03 01:02:00,37.75608,15.02265,0.47,nominal
viirs_noaa20_2026-08-03_0102_37.75528_15.02727,viirs_noaa20,N20,2026-08-03 01:02:00,37.75528,15.02727,0.47,nominal
viirs_noaa20_2026-08-03_0102_37.75449_15.03188,viirs_noaa20,N20,2026-08-03 01:02:00,37.75449,15.03188,1.73,nominal
viirs_noaa20_2026-08-03_0102_37.75370_15.03645,viirs_noaa20,N20,2026-08-03 01:02:00,37.7537,15.03645,1.73,nominal
viirs_noaa20_2026-08-03_0102_37.75039_15.03567,viirs_noaa20,N20,2026-08-03 01:02:00,37.75039,15.03567,1.73,nominal
viirs_noaa20_2026-08-03_0102_37.74961_15.04020,viirs_noaa20,N20,2026-08-03 01:02:00,37.74961,15.0402,0.61,nominal
viirs_noaa20_2026-08-03_0102_37.75347_14.99793,viirs_noaa20,N20,2026-08-03 01:02:00,37.75347,14.99793,1.26,nominal
viirs_noaa20_2026-08-03_0102_37.75018_14.99709,viirs_noaa20,N20,2026-08-03 01:02:00,37.75018,14.99709,1.26,nominal
viirs_noaa20_2026-08-03_0102_36.80843_14.51414,viirs_noaa20,N20,2026-08-03 01:02:00,36.80843,14.51414,0.33,nominal
viirs_noaa20_2026-08-03_0102_36.80379_9.92003,viirs_noaa20,N20,2026-08-03 01:02:00,36.80379,9.92003,0.62,nominal
viirs_noaa20_2026-08-03_0102_36.67774_9.91967,viirs_noaa20,N20,2026-08-03 01:02:00,36.67774,9.91967,1.13,nominal
viirs_noaa20_2026-08-03_0102_36.75901_9.07982,viirs_noaa20,N20,2026-08-03 01:02:00,36.75901,9.07982,1.03,nominal
viirs_noaa20_2026-08-03_0102_36.75899_9.08345,viirs_noaa20,N20,2026-08-03 01:02:00,36.75899,9.08345,1.32,nominal
viirs_noaa20_2026-08-03_0102_36.88277_6.96036,viirs_noaa20,N20,2026-08-03 01:02:00,36.88277,6.96036,1.92,nominal
viirs_noaa20_2026-08-03_0102_36.88012_6.94619,viirs_noaa20,N20,2026-08-03 01:02:00,36.88012,6.94619,1.52,nominal
viirs_noaa20_2026-08-03_0102_36.86817_6.98114,viirs_noaa20,N20,2026-08-03 01:02:00,36.86817,6.98114,4.72,nominal
viirs_noaa20_2026-08-03_0102_36.86647_6.95774,viirs_noaa20,N20,2026-08-03 01:02:00,36.86647,6.95774,1.59,nominal
viirs_noaa20_2026-08-03_0102_36.86695_6.95322,viirs_noaa20,N20,2026-08-03 01:02:00,36.86695,6.95322,1.59,nominal
viirs_noaa20_2026-08-03_0102_36.55330_9.45309,viirs_noaa20,N20,2026-08-03 01:02:00,36.5533,9.45309,1.56,nominal
viirs_noaa20_2026-08-03_0102_36.46227_10.05355,viirs_noaa20,N20,2026-08-03 01:02:00,36.46227,10.05355,1.36,nominal
viirs_noaa20_2026-08-03_0102_36.76431_7.30854,viirs_noaa20,N20,2026-08-03 01:02:00,36.76431,7.30854,1.71,nominal
viirs_noaa20_2026-08-03_0102_36.74894_6.25587,viirs_noaa20,N20,2026-08-03 01:02:00,36.74894,6.25587,2.51,nominal
viirs_noaa20_2026-08-03_0102_36.74471_6.25524,viirs_noaa20,N20,2026-08-03 01:02:00,36.74471,6.25524,2.55,nominal
viirs_noaa20_2026-08-03_0102_36.74517_6.25036,viirs_noaa20,N20,2026-08-03 01:02:00,36.74517,6.25036,2.55,nominal
viirs_noaa20_2026-08-03_0102_36.74531_6.25371,viirs_noaa20,N20,2026-08-03 01:02:00,36.74531,6.25371,6.29,nominal
viirs_noaa20_2026-08-03_0102_36.34404_7.96676,viirs_noaa20,N20,2026-08-03 01:02:00,36.34404,7.96676,1.05,nominal
viirs_noaa20_2026-08-03_0102_36.43082_6.62057,viirs_noaa20,N20,2026-08-03 01:02:00,36.43082,6.62057,2.63,nominal
viirs_noaa20_2026-08-03_0102_35.86023_10.43145,viirs_noaa20,N20,2026-08-03 01:02:00,35.86023,10.43145,1.27,nominal
viirs_noaa20_2026-08-03_0102_36.08647_6.80470,viirs_noaa20,N20,2026-08-03 01:02:00,36.08647,6.8047,1.79,nominal
viirs_noaa20_2026-08-03_0102_35.75781_8.39774,viirs_noaa20,N20,2026-08-03 01:02:00,35.75781,8.39774,2.79,nominal
viirs_noaa20_2026-08-03_0102_35.75720_8.40295,viirs_noaa20,N20,2026-08-03 01:02:00,35.7572,8.40295,2.79,nominal
viirs_noaa20_2026-08-03_0102_35.75613_8.40115,viirs_noaa20,N20,2026-08-03 01:02:00,35.75613,8.40115,7.33,nominal
viirs_noaa20_2026-08-03_0105_35.86916_6.02589,viirs_noaa20,N20,2026-08-03 01:05:00,35.86916,6.02589,2.86,nominal
viirs_noaa20_2026-08-03_0105_35.23329_8.17310,viirs_noaa20,N20,2026-08-03 01:05:00,35.23329,8.1731,2.33,nominal
viirs_noaa20_2026-08-03_0100_46.73813_15.57164,viirs_noaa20,N20,2026-08-03 01:00:00,46.73813,15.57164,0.56,nominal
viirs_noaa20_2026-08-03_0241_47.47181_12.62934,viirs_noaa20,N20,2026-08-03 02:41:00,47.47181,12.62934,0.41,nominal
viirs_noaa20_2026-08-03_0241_47.46989_12.63195,viirs_noaa20,N20,2026-08-03 02:41:00,47.46989,12.63195,0.78,nominal
viirs_noaa20_2026-08-03_0241_45.46421_10.45860,viirs_noaa20,N20,2026-08-03 02:41:00,45.46421,10.4586,2.74,nominal
viirs_noaa20_2026-08-03_0241_45.46153_10.45644,viirs_noaa20,N20,2026-08-03 02:41:00,45.46153,10.45644,2.71,nominal
viirs_noaa20_2026-08-03_0241_45.37183_10.33325,viirs_noaa20,N20,2026-08-03 02:41:00,45.37183,10.33325,1.34,nominal
viirs_noaa20_2026-08-03_0241_45.14657_9.94488,viirs_noaa20,N20,2026-08-03 02:41:00,45.14657,9.94488,5.53,nominal
viirs_noaa20_2026-08-03_0241_45.14925_9.93724,viirs_noaa20,N20,2026-08-03 02:41:00,45.14925,9.93724,4.04,nominal
modis_2026-08-02_0750_37.26033_14.75375,modis,T,2026-08-02 07:50:00,37.26033,14.75375,10.81,38
modis_2026-08-02_0748_42.66698_18.28517,modis,T,2026-08-02 07:48:00,42.66698,18.28517,11.32,50
modis_2026-08-02_0748_42.65771_18.28287,modis,T,2026-08-02 07:48:00,42.65771,18.28287,29.86,86
modis_2026-08-02_0748_42.65615_18.29626,modis,T,2026-08-02 07:48:00,42.65615,18.29626,26.19,85
modis_2026-08-02_0748_42.53062_18.95742,modis,T,2026-08-02 07:48:00,42.53062,18.95742,7.76,64
modis_2026-08-02_0748_41.41879_15.77356,modis,T,2026-08-02 07:48:00,41.41879,15.77356,34.99,84
modis_2026-08-02_0748_41.41719_15.79026,modis,T,2026-08-02 07:48:00,41.41719,15.79026,36.28,85
modis_2026-08-02_0748_41.41111_15.78305,modis,T,2026-08-02 07:48:00,41.41111,15.78305,43.69,87
modis_2026-08-02_0748_40.85937_16.49502,modis,T,2026-08-02 07:48:00,40.85937,16.49502,15.17,74
modis_2026-08-02_0924_46.66512_12.99094,modis,T,2026-08-02 09:24:00,46.66512,12.99094,32.04,27
modis_2026-08-02_1359_37.98186_15.68186,modis,A,2026-08-02 13:59:00,37.98186,15.68186,19.2,81
modis_2026-08-02_1359_38.21462_15.92501,modis,A,2026-08-02 13:59:00,38.21462,15.92501,33.9,87
modis_2026-08-02_1359_38.21316_15.83781,modis,A,2026-08-02 13:59:00,38.21316,15.83781,10.21,37
modis_2026-08-02_1359_37.72636_12.77201,modis,A,2026-08-02 13:59:00,37.72636,12.77201,22.29,79
modis_2026-08-02_1359_37.72369_12.75758,modis,A,2026-08-02 13:59:00,37.72369,12.75758,9.25,53
modis_2026-08-02_1359_37.70953_12.62565,modis,A,2026-08-02 13:59:00,37.70953,12.62565,14.3,63
modis_2026-08-02_1401_40.45918_17.39595,modis,A,2026-08-02 14:01:00,40.45918,17.39595,8.8,62
modis_2026-08-02_1401_39.53757_8.95712,modis,A,2026-08-02 14:01:00,39.53757,8.95712,38.87,83
modis_2026-08-02_1401_41.07316_15.71448,modis,A,2026-08-02 14:01:00,41.07316,15.71448,11.58,75
modis_2026-08-02_1401_41.20361_15.66142,modis,A,2026-08-02 14:01:00,41.20361,15.66142,11.04,76
modis_2026-08-02_1401_41.39561_15.38892,modis,A,2026-08-02 14:01:00,41.39561,15.38892,12.33,78
modis_2026-08-02_1401_41.41817_15.47863,modis,A,2026-08-02 14:01:00,41.41817,15.47863,15.84,82
modis_2026-08-02_1401_41.40427_15.38655,modis,A,2026-08-02 14:01:00,41.40427,15.38655,90.15,100
modis_2026-08-02_1401_41.40252_15.37502,modis,A,2026-08-02 14:01:00,41.40252,15.37502,89.03,100
modis_2026-08-02_1401_41.52340_15.76193,modis,A,2026-08-02 14:01:00,41.5234,15.76193,11.04,73
modis_2026-08-02_1401_41.62235_15.24289,modis,A,2026-08-02 14:01:00,41.62235,15.24289,16.71,83
modis_2026-08-02_1401_42.65184_18.30010,modis,A,2026-08-02 14:01:00,42.65184,18.3001,17.55,72
modis_2026-08-02_1401_42.65940_18.28412,modis,A,2026-08-02 14:01:00,42.6594,18.28412,16.61,52
modis_2026-08-02_1401_42.67794_18.28023,modis,A,2026-08-02 14:01:00,42.67794,18.28023,15.18,57
modis_2026-08-02_1401_42.80274_18.63766,modis,A,2026-08-02 14:01:00,42.80274,18.63766,13.89,60
modis_2026-08-02_1401_44.39594_11.01984,modis,A,2026-08-02 14:01:00,44.39594,11.01984,6.79,51
modis_2026-08-02_1401_45.21748_15.99959,modis,A,2026-08-02 14:01:00,45.21748,15.99959,8.57,20
modis_2026-08-02_1401_45.22630_15.99718,modis,A,2026-08-02 14:01:00,45.2263,15.99718,12.38,72
modis_2026-08-02_1401_45.22459_15.98443,modis,A,2026-08-02 14:01:00,45.22459,15.98443,12.81,73
modis_2026-08-02_1401_44.74226_12.03280,modis,A,2026-08-02 14:01:00,44.74226,12.0328,8.76,55
modis_2026-08-02_1401_46.09790_15.73567,modis,A,2026-08-02 14:01:00,46.0979,15.73567,25.2,83
modis_2026-08-02_1401_45.40318_11.26032,modis,A,2026-08-02 14:01:00,45.40318,11.26032,10.95,64
modis_2026-08-02_1401_46.38843_16.48214,modis,A,2026-08-02 14:01:00,46.38843,16.48214,14.36,77
modis_2026-08-02_1401_46.38672_16.46850,modis,A,2026-08-02 14:01:00,46.38672,16.4685,11.46,74
modis_2026-08-02_1401_45.85823_12.26605,modis,A,2026-08-02 14:01:00,45.85823,12.26605,12.92,76
modis_2026-08-02_1401_45.97174_12.61978,modis,A,2026-08-02 14:01:00,45.97174,12.61978,18.38,83
modis_2026-08-02_1401_45.39302_9.25301,modis,A,2026-08-02 14:01:00,45.39302,9.25301,12.79,43
modis_2026-08-02_1401_45.43909_8.79064,modis,A,2026-08-02 14:01:00,45.43909,8.79064,8.64,36
modis_2026-08-02_1401_45.61320_8.93010,modis,A,2026-08-02 14:01:00,45.6132,8.9301,10.85,41
modis_2026-08-02_1401_45.60727_8.52116,modis,A,2026-08-02 14:01:00,45.60727,8.52116,10.42,69
modis_2026-08-02_1401_45.76566_9.06240,modis,A,2026-08-02 14:01:00,45.76566,9.0624,27.73,81
modis_2026-08-02_1401_45.76239_9.04579,modis,A,2026-08-02 14:01:00,45.76239,9.04579,12.39,69
modis_2026-08-02_1853_41.52783_15.77417,modis,T,2026-08-02 18:53:00,41.52783,15.77417,42.09,100
modis_2026-08-02_1853_42.68073_18.27622,modis,T,2026-08-02 18:53:00,42.68073,18.27622,58.9,100
modis_2026-08-02_1853_42.67872_18.26346,modis,T,2026-08-02 18:53:00,42.67872,18.26346,19.86,100
modis_2026-08-02_1853_45.14821_9.94710,modis,T,2026-08-02 18:53:00,45.14821,9.9471,15.63,54
modis_2026-08-02_1853_45.14588_9.94313,modis,T,2026-08-02 18:53:00,45.14588,9.94313,18.93,69
modis_2026-08-03_0334_45.14640_9.94389,modis,A,2026-08-03 03:34:00,45.1464,9.94389,29.63,100
modis_2026-08-03_0336_36.74977_6.25709,modis,A,2026-08-03 03:36:00,36.74977,6.25709,18.21,100
modis_2026-08-03_0336_36.74806_6.26793,modis,A,2026-08-03 03:36:00,36.74806,6.26793,4.24,48
viirs_snpp_2026-08-03_0041_42.30322_13.37370,viirs_snpp,N,2026-08-03 00:41:00,42.30322,13.3737,3.12,nominal
viirs_snpp_2026-08-03_0041_42.30276_13.37908,viirs_snpp,N,2026-08-03 00:41:00,42.30276,13.37908,1.05,nominal
viirs_snpp_2026-08-03_0041_42.29735_13.39105,viirs_snpp,N,2026-08-03 00:41:00,42.29735,13.39105,1.58,nominal
viirs_snpp_2026-08-03_0041_42.29288_13.39182,viirs_snpp,N,2026-08-03 00:41:00,42.29288,13.39182,1.58,nominal
viirs_snpp_2026-08-03_0041_42.29243_13.39721,viirs_snpp,N,2026-08-03 00:41:00,42.29243,13.39721,1.58,nominal
viirs_snpp_2026-08-03_0041_42.29118_13.41195,viirs_snpp,N,2026-08-03 00:41:00,42.29118,13.41195,1.39,nominal
viirs_snpp_2026-08-03_0041_42.28797_13.39782,viirs_snpp,N,2026-08-03 00:41:00,42.28797,13.39782,0.71,nominal
viirs_snpp_2026-08-03_0041_42.28756_13.40273,viirs_snpp,N,2026-08-03 00:41:00,42.28756,13.40273,1.32,nominal
viirs_snpp_2026-08-03_0041_42.28714_13.40771,viirs_snpp,N,2026-08-03 00:41:00,42.28714,13.40771,1.32,nominal
viirs_snpp_2026-08-03_0041_42.28671_13.41278,viirs_snpp,N,2026-08-03 00:41:00,42.28671,13.41278,1.13,nominal
viirs_snpp_2026-08-03_0041_41.45588_15.47450,viirs_snpp,N,2026-08-03 00:41:00,41.45588,15.4745,1.46,nominal
viirs_snpp_2026-08-03_0041_41.20941_16.48264,viirs_snpp,N,2026-08-03 00:41:00,41.20941,16.48264,0.61,nominal
viirs_snpp_2026-08-03_0041_41.51670_12.67761,viirs_snpp,N,2026-08-03 00:41:00,41.5167,12.67761,1.09,nominal
viirs_snpp_2026-08-03_0041_40.62757_17.99795,viirs_snpp,N,2026-08-03 00:41:00,40.62757,17.99795,1.18,nominal
viirs_snpp_2026-08-03_0041_40.39816_17.57659,viirs_snpp,N,2026-08-03 00:41:00,40.39816,17.57659,0.57,nominal
viirs_snpp_2026-08-03_0041_40.34093_17.95801,viirs_snpp,N,2026-08-03 00:41:00,40.34093,17.95801,1.25,nominal
viirs_snpp_2026-08-03_0041_40.10308_8.95068,viirs_snpp,N,2026-08-03 00:41:00,40.10308,8.95068,0.89,nominal
viirs_snpp_2026-08-03_0041_39.25097_16.64762,viirs_snpp,N,2026-08-03 00:41:00,39.25097,16.64762,1.47,nominal
viirs_snpp_2026-08-03_0041_39.24737_16.64709,viirs_snpp,N,2026-08-03 00:41:00,39.24737,16.64709,1.47,nominal
viirs_snpp_2026-08-03_0041_39.24979_16.64622,viirs_snpp,N,2026-08-03 00:41:00,39.24979,16.64622,1.48,nominal
viirs_snpp_2026-08-03_0041_39.24915_16.65129,viirs_snpp,N,2026-08-03 00:41:00,39.24915,16.65129,1.48,nominal
viirs_snpp_2026-08-03_0041_38.79331_15.21005,viirs_snpp,N,2026-08-03 00:41:00,38.79331,15.21005,4.02,nominal
viirs_snpp_2026-08-03_0041_39.08220_9.01812,viirs_snpp,N,2026-08-03 00:41:00,39.0822,9.01812,1.62,nominal
viirs_snpp_2026-08-03_0043_37.75869_15.01861,viirs_snpp,N,2026-08-03 00:43:00,37.75869,15.01861,0.59,nominal
viirs_snpp_2026-08-03_0043_37.75812_15.02362,viirs_snpp,N,2026-08-03 00:43:00,37.75812,15.02362,0.59,nominal
viirs_snpp_2026-08-03_0043_37.75382_15.02743,viirs_snpp,N,2026-08-03 00:43:00,37.75382,15.02743,1.7,nominal
viirs_snpp_2026-08-03_0043_37.75326_15.03231,viirs_snpp,N,2026-08-03 00:43:00,37.75326,15.03231,1.7,nominal
viirs_snpp_2026-08-03_0043_37.75268_15.03736,viirs_snpp,N,2026-08-03 00:43:00,37.75268,15.03736,3.17,nominal
viirs_snpp_2026-08-03_0043_37.75406_14.99160,viirs_snpp,N,2026-08-03 00:43:00,37.75406,14.9916,0.6,nominal
viirs_snpp_2026-08-03_0043_37.75339_14.99749,viirs_snpp,N,2026-08-03 00:43:00,37.75339,14.99749,0.58,nominal
viirs_snpp_2026-08-03_0043_37.21198_15.16940,viirs_snpp,N,2026-08-03 00:43:00,37.21198,15.1694,2.19,nominal
viirs_snpp_2026-08-03_0043_37.36769_13.68184,viirs_snpp,N,2026-08-03 00:43:00,37.36769,13.68184,0.63,nominal
viirs_snpp_2026-08-03_0043_37.06635_14.42997,viirs_snpp,N,2026-08-03 00:43:00,37.06635,14.42997,1.27,nominal
viirs_snpp_2026-08-03_0043_36.86872_6.97626,viirs_snpp,N,2026-08-03 00:43:00,36.86872,6.97626,3.5,nominal
viirs_snpp_2026-08-03_0043_36.86845_6.98168,viirs_snpp,N,2026-08-03 00:43:00,36.86845,6.98168,3.5,nominal
viirs_snpp_2026-08-03_0043_36.86393_6.95494,viirs_snpp,N,2026-08-03 00:43:00,36.86393,6.95494,2.17,nominal
viirs_snpp_2026-08-03_0043_36.76443_7.30842,viirs_snpp,N,2026-08-03 00:43:00,36.76443,7.30842,0.93,nominal
viirs_snpp_2026-08-03_0043_36.74440_6.25251,viirs_snpp,N,2026-08-03 00:43:00,36.7444,6.25251,4.2,nominal
viirs_snpp_2026-08-03_0043_36.74340_6.25189,viirs_snpp,N,2026-08-03 00:43:00,36.7434,6.25189,3.38,nominal
viirs_snpp_2026-08-03_0043_36.74313_6.25744,viirs_snpp,N,2026-08-03 00:43:00,36.74313,6.25744,1.89,nominal
viirs_snpp_2026-08-03_0043_36.43309_6.62238,viirs_snpp,N,2026-08-03 00:43:00,36.43309,6.62238,1.55,nominal
viirs_snpp_2026-08-03_0043_36.34545_7.96312,viirs_snpp,N,2026-08-03 00:43:00,36.34545,7.96312,1.13,nominal
viirs_snpp_2026-08-03_0043_36.34523_7.96684,viirs_snpp,N,2026-08-03 00:43:00,36.34523,7.96684,1.13,nominal
viirs_snpp_2026-08-03_0043_35.85890_10.43519,viirs_snpp,N,2026-08-03 00:43:00,35.8589,10.43519,1.72,nominal
viirs_snpp_2026-08-03_0043_36.08786_6.80245,viirs_snpp,N,2026-08-03 00:43:00,36.08786,6.80245,1.53,nominal
viirs_snpp_2026-08-03_0043_35.75894_8.39842,viirs_snpp,N,2026-08-03 00:43:00,35.75894,8.39842,2.51,nominal
viirs_snpp_2026-08-03_0043_35.75871_8.40188,viirs_snpp,N,2026-08-03 00:43:00,35.75871,8.40188,1.82,nominal
viirs_snpp_2026-08-03_0043_35.75359_8.39795,viirs_snpp,N,2026-08-03 00:43:00,35.75359,8.39795,2.51,nominal
viirs_snpp_2026-08-03_0043_35.75334_8.40165,viirs_snpp,N,2026-08-03 00:43:00,35.75334,8.40165,1.82,nominal
viirs_snpp_2026-08-03_0043_35.86543_6.02379,viirs_snpp,N,2026-08-03 00:43:00,35.86543,6.02379,1.6,nominal
viirs_snpp_2026-08-03_0043_35.76766_7.36143,viirs_snpp,N,2026-08-03 00:43:00,35.76766,7.36143,0.87,nominal
viirs_snpp_2026-08-03_0043_35.23233_8.17371,viirs_snpp,N,2026-08-03 00:43:00,35.23233,8.17371,1.18,nominal
viirs_snpp_2026-08-03_0039_46.73759_15.57283,viirs_snpp,N,2026-08-03 00:39:00,46.73759,15.57283,0.64,nominal
viirs_snpp_2026-08-03_0039_47.17471_7.56327,viirs_snpp,N,2026-08-03 00:39:00,47.17471,7.56327,1.5,nominal
viirs_snpp_2026-08-03_0039_46.06692_13.62825,viirs_snpp,N,2026-08-03 00:39:00,46.06692,13.62825,1.13,nominal
viirs_snpp_2026-08-03_0039_46.07023_13.62942,viirs_snpp,N,2026-08-03 00:39:00,46.07023,13.62942,1.6,nominal
viirs_snpp_2026-08-03_0039_45.92704_15.02612,viirs_snpp,N,2026-08-03 00:39:00,45.92704,15.02612,0.96,nominal
viirs_snpp_2026-08-03_0039_46.13769_10.76158,viirs_snpp,N,2026-08-03 00:39:00,46.13769,10.76158,0.7,nominal
viirs_snpp_2026-08-03_0039_46.13671_10.76403,viirs_snpp,N,2026-08-03 00:39:00,46.13671,10.76403,0.87,nominal
viirs_snpp_2026-08-03_0039_45.46008_10.45770,viirs_snpp,N,2026-08-03 00:39:00,45.46008,10.4577,3.04,nominal
viirs_snpp_2026-08-03_0039_45.46030_10.45318,viirs_snpp,N,2026-08-03 00:39:00,45.4603,10.45318,2.81,nominal
viirs_snpp_2026-08-03_0039_45.37236_10.32893,viirs_snpp,N,2026-08-03 00:39:00,45.37236,10.32893,1.05,nominal
viirs_snpp_2026-08-03_0039_45.14884_9.94215,viirs_snpp,N,2026-08-03 00:39:00,45.14884,9.94215,1.66,nominal
viirs_snpp_2026-08-03_0039_45.14349_9.94156,viirs_snpp,N,2026-08-03 00:39:00,45.14349,9.94156,3.27,nominal
viirs_snpp_2026-08-03_0041_44.23653_18.61773,viirs_snpp,N,2026-08-03 00:41:00,44.23653,18.61773,1.56,nominal
viirs_snpp_2026-08-03_0041_44.63153_8.76341,viirs_snpp,N,2026-08-03 00:41:00,44.63153,8.76341,2.13,nominal
viirs_snpp_2026-08-03_0041_44.39581_11.02526,viirs_snpp,N,2026-08-03 00:41:00,44.39581,11.02526,1.17,nominal
viirs_snpp_2026-08-03_0041_43.60528_16.21322,viirs_snpp,N,2026-08-03 00:41:00,43.60528,16.21322,0.46,nominal
viirs_snpp_2026-08-03_0041_42.68436_18.27286,viirs_snpp,N,2026-08-03 00:41:00,42.68436,18.27286,2.13,nominal
viirs_snpp_2026-08-03_0041_42.68369_18.27806,viirs_snpp,N,2026-08-03 00:41:00,42.68369,18.27806,2.13,nominal
viirs_snpp_2026-08-03_0041_42.68083_18.27225,viirs_snpp,N,2026-08-03 00:41:00,42.68083,18.27225,3,nominal
viirs_snpp_2026-08-03_0041_42.67732_18.27152,viirs_snpp,N,2026-08-03 00:41:00,42.67732,18.27152,3,nominal
viirs_snpp_2026-08-03_0041_42.67033_18.26983,viirs_snpp,N,2026-08-03 00:41:00,42.67033,18.26983,1.4,nominal
viirs_snpp_2026-08-03_0041_42.66964_18.27522,viirs_snpp,N,2026-08-03 00:41:00,42.66964,18.27522,1.4,nominal
viirs_snpp_2026-08-03_0041_42.54443_18.93349,viirs_snpp,N,2026-08-03 00:41:00,42.54443,18.93349,1.18,nominal
viirs_snpp_2026-08-03_0041_42.54103_18.93249,viirs_snpp,N,2026-08-03 00:41:00,42.54103,18.93249,1.18,nominal
viirs_snpp_2026-08-03_0041_42.53288_18.96716,viirs_snpp,N,2026-08-03 00:41:00,42.53288,18.96716,1.28,nominal
viirs_snpp_2026-08-03_0041_42.53762_18.93152,viirs_snpp,N,2026-08-03 00:41:00,42.53762,18.93152,1.07,nominal
viirs_snpp_2026-08-03_0041_42.53354_18.96227,viirs_snpp,N,2026-08-03 00:41:00,42.53354,18.96227,1.28,nominal
viirs_snpp_2026-08-03_0041_42.53218_18.94596,viirs_snpp,N,2026-08-03 00:41:00,42.53218,18.94596,2.06,nominal
viirs_snpp_2026-08-03_0041_42.53016_18.96112,viirs_snpp,N,2026-08-03 00:41:00,42.53016,18.96112,1.28,nominal
viirs_snpp_2026-08-03_0041_42.52950_18.96606,viirs_snpp,N,2026-08-03 00:41:00,42.5295,18.96606,1.28,nominal
viirs_snpp_2026-08-03_0041_42.52878_18.94492,viirs_snpp,N,2026-08-03 00:41:00,42.52878,18.94492,0.69,nominal
viirs_snpp_2026-08-05_0003_42.64240_18.29366,viirs_snpp,N,2026-08-05 00:03:00,42.6424,18.29366,1.21,nominal
viirs_snpp_2026-08-05_0003_42.64417_18.29614,viirs_snpp,N,2026-08-05 00:03:00,42.64417,18.29614,1.3,nominal
viirs_snpp_2026-08-05_0003_42.63924_18.28189,viirs_snpp,N,2026-08-05 00:03:00,42.63924,18.28189,2.01,nominal
viirs_snpp_2026-08-05_0003_42.63904_18.28633,viirs_snpp,N,2026-08-05 00:03:00,42.63904,18.28633,2.01,nominal
viirs_snpp_2026-08-05_0003_42.63883_18.29091,viirs_snpp,N,2026-08-05 00:03:00,42.63883,18.29091,1.3,nominal
viirs_snpp_2026-08-05_0003_42.63366_18.28176,viirs_snpp,N,2026-08-05 00:03:00,42.63366,18.28176,0.94,nominal
viirs_snpp_2026-08-05_0003_42.63345_18.28628,viirs_snpp,N,2026-08-05 00:03:00,42.63345,18.28628,0.94,nominal
viirs_snpp_2026-08-05_0003_42.54033_18.98105,viirs_snpp,N,2026-08-05 00:03:00,42.54033,18.98105,1.49,nominal
viirs_snpp_2026-08-05_0003_41.96453_14.69336,viirs_snpp,N,2026-08-05 00:03:00,41.96453,14.69336,6.21,nominal
viirs_snpp_2026-08-05_0003_41.84876_14.66371,viirs_snpp,N,2026-08-05 00:03:00,41.84876,14.66371,1.9,nominal
viirs_snpp_2026-08-05_0003_41.85101_14.66192,viirs_snpp,N,2026-08-05 00:03:00,41.85101,14.66192,2.07,nominal
viirs_snpp_2026-08-05_0003_41.49135_13.07664,viirs_snpp,N,2026-08-05 00:03:00,41.49135,13.07664,9.37,high
viirs_snpp_2026-08-05_0003_41.49133_13.08545,viirs_snpp,N,2026-08-05 00:03:00,41.49133,13.08545,8.79,nominal
viirs_snpp_2026-08-05_0003_41.48428_13.07085,viirs_snpp,N,2026-08-05 00:03:00,41.48428,13.07085,9.37,nominal
viirs_snpp_2026-08-05_0003_41.27148_16.04095,viirs_snpp,N,2026-08-05 00:03:00,41.27148,16.04095,1.94,nominal
viirs_snpp_2026-08-05_0003_41.27295_16.04279,viirs_snpp,N,2026-08-05 00:03:00,41.27295,16.04279,2.31,nominal
viirs_snpp_2026-08-05_0003_40.85616_15.88850,viirs_snpp,N,2026-08-05 00:03:00,40.85616,15.8885,0.81,nominal
viirs_snpp_2026-08-05_0003_40.67188_16.08558,viirs_snpp,N,2026-08-05 00:03:00,40.67188,16.08558,1.59,nominal
viirs_snpp_2026-08-05_0003_40.67172_16.09081,viirs_snpp,N,2026-08-05 00:03:00,40.67172,16.09081,1.69,nominal
viirs_snpp_2026-08-05_0003_40.67273_16.08681,viirs_snpp,N,2026-08-05 00:03:00,40.67273,16.08681,1.02,nominal
viirs_snpp_2026-08-05_0003_40.67255_16.09189,viirs_snpp,N,2026-08-05 00:03:00,40.67255,16.09189,1.02,nominal
viirs_snpp_2026-08-05_0003_40.38188_17.38119,viirs_snpp,N,2026-08-05 00:03:00,40.38188,17.38119,0.48,nominal
viirs_snpp_2026-08-05_0003_40.27844_18.13138,viirs_snpp,N,2026-08-05 00:03:00,40.27844,18.13138,1.11,nominal
viirs_snpp_2026-08-05_0003_40.27752_18.15016,viirs_snpp,N,2026-08-05 00:03:00,40.27752,18.15016,0.69,nominal
viirs_snpp_2026-08-05_0003_39.05620_16.10918,viirs_snpp,N,2026-08-05 00:03:00,39.0562,16.10918,1.07,nominal
viirs_snpp_2026-08-05_0003_38.99403_16.61516,viirs_snpp,N,2026-08-05 00:03:00,38.99403,16.61516,1.4,nominal
viirs_snpp_2026-08-05_0003_38.99740_16.22278,viirs_snpp,N,2026-08-05 00:03:00,38.9974,16.22278,11.76,nominal
viirs_snpp_2026-08-05_0003_38.99720_16.22822,viirs_snpp,N,2026-08-05 00:03:00,38.9972,16.22822,7.1,nominal
viirs_snpp_2026-08-05_0003_38.99198_16.20565,viirs_snpp,N,2026-08-05 00:03:00,38.99198,16.20565,5.1,nominal
viirs_snpp_2026-08-05_0003_38.98606_16.20214,viirs_snpp,N,2026-08-05 00:03:00,38.98606,16.20214,1.98,nominal
viirs_snpp_2026-08-05_0003_38.98577_16.21012,viirs_snpp,N,2026-08-05 00:03:00,38.98577,16.21012,1.21,nominal
viirs_snpp_2026-08-05_0003_39.00208_16.22556,viirs_snpp,N,2026-08-05 00:03:00,39.00208,16.22556,3.99,nominal
viirs_snpp_2026-08-05_0003_38.99616_16.22257,viirs_snpp,N,2026-08-05 00:03:00,38.99616,16.22257,3.99,nominal
viirs_snpp_2026-08-05_0003_38.99592_16.22829,viirs_snpp,N,2026-08-05 00:03:00,38.99592,16.22829,3.99,nominal
viirs_snpp_2026-08-05_0003_38.99083_16.20589,viirs_snpp,N,2026-08-05 00:03:00,38.99083,16.20589,3.14,nominal
viirs_snpp_2026-08-05_0003_38.98493_16.20256,viirs_snpp,N,2026-08-05 00:03:00,38.98493,16.20256,3.14,nominal
viirs_snpp_2026-08-05_0003_38.79811_15.19169,viirs_snpp,N,2026-08-05 00:03:00,38.79811,15.19169,2.18,nominal
viirs_snpp_2026-08-05_0003_38.79778_15.20422,viirs_snpp,N,2026-08-05 00:03:00,38.79778,15.20422,2.18,nominal
viirs_snpp_2026-08-05_0003_38.79174_15.19236,viirs_snpp,N,2026-08-05 00:03:00,38.79174,15.19236,2.18,nominal
viirs_snpp_2026-08-05_0003_38.79622_15.19459,viirs_snpp,N,2026-08-05 00:03:00,38.79622,15.19459,6.81,nominal
viirs_snpp_2026-08-05_0005_37.94351_13.23829,viirs_snpp,N,2026-08-05 00:05:00,37.94351,13.23829,2.27,nominal
viirs_snpp_2026-08-05_0005_37.92307_13.21117,viirs_snpp,N,2026-08-05 00:05:00,37.92307,13.21117,1.08,nominal
viirs_snpp_2026-08-05_0005_37.94430_13.24073,viirs_snpp,N,2026-08-05 00:05:00,37.9443,13.24073,3.4,nominal
viirs_snpp_2026-08-05_0005_37.92402_13.21364,viirs_snpp,N,2026-08-05 00:05:00,37.92402,13.21364,0.68,nominal
viirs_snpp_2026-08-05_0005_37.90271_13.23776,viirs_snpp,N,2026-08-05 00:05:00,37.90271,13.23776,1.08,nominal
viirs_snpp_2026-08-05_0005_37.11647_14.63173,viirs_snpp,N,2026-08-05 00:05:00,37.11647,14.63173,1.26,nominal
viirs_snpp_2026-08-05_0005_37.11628_14.63761,viirs_snpp,N,2026-08-05 00:05:00,37.11628,14.63761,1.26,nominal
viirs_snpp_2026-08-05_0143_45.72394_8.17682,viirs_snpp,N,2026-08-05 01:43:00,45.72394,8.17682,4.26,nominal
viirs_snpp_2026-08-05_0143_46.06801_13.62336,viirs_snpp,N,2026-08-05 01:43:00,46.06801,13.62336,0.69,nominal
viirs_snpp_2026-08-05_0143_46.17793_12.73922,viirs_snpp,N,2026-08-05 01:43:00,46.17793,12.73922,0.74,nominal
viirs_snpp_2026-08-05_0143_46.17711_12.73873,viirs_snpp,N,2026-08-05 01:43:00,46.17711,12.73873,0.88,nominal
viirs_snpp_2026-08-05_0143_44.23235_18.62230,viirs_snpp,N,2026-08-05 01:43:00,44.23235,18.6223,1.68,nominal
viirs_snpp_2026-08-05_0143_44.63583_16.63917,viirs_snpp,N,2026-08-05 01:43:00,44.63583,16.63917,2.75,nominal
viirs_snpp_2026-08-05_0143_45.87204_9.35122,viirs_snpp,N,2026-08-05 01:43:00,45.87204,9.35122,2.95,nominal
viirs_snpp_2026-08-05_0143_45.87101_9.35687,viirs_snpp,N,2026-08-05 01:43:00,45.87101,9.35687,4.46,nominal
viirs_snpp_2026-08-05_0143_45.86879_9.34960,viirs_snpp,N,2026-08-05 01:43:00,45.86879,9.3496,2.95,nominal
viirs_snpp_2026-08-05_0143_45.86551_9.34817,viirs_snpp,N,2026-08-05 01:43:00,45.86551,9.34817,1.4,nominal
viirs_snpp_2026-08-05_0143_45.86350_9.35924,viirs_snpp,N,2026-08-05 01:43:00,45.8635,9.35924,1.83,nominal
viirs_snpp_2026-08-05_0143_45.78102_8.68326,viirs_snpp,N,2026-08-05 01:43:00,45.78102,8.68326,0.81,nominal
viirs_snpp_2026-08-05_0143_45.72807_8.17294,viirs_snpp,N,2026-08-05 01:43:00,45.72807,8.17294,4.16,nominal
viirs_snpp_2026-08-05_0143_45.72894_8.16784,viirs_snpp,N,2026-08-05 01:43:00,45.72894,8.16784,4.16,nominal
viirs_snpp_2026-08-05_0143_45.72480_8.17177,viirs_snpp,N,2026-08-05 01:43:00,45.7248,8.17177,4.16,nominal
viirs_snpp_2026-08-05_0143_45.72566_8.16676,viirs_snpp,N,2026-08-05 01:43:00,45.72566,8.16676,4.16,nominal
viirs_snpp_2026-08-05_0143_45.72209_8.17340,viirs_snpp,N,2026-08-05 01:43:00,45.72209,8.1734,4.96,nominal
viirs_snpp_2026-08-05_0143_45.72293_8.16842,viirs_snpp,N,2026-08-05 01:43:00,45.72293,8.16842,4.96,nominal
viirs_snpp_2026-08-05_0143_45.43581_8.79392,viirs_snpp,N,2026-08-05 01:43:00,45.43581,8.79392,1.43,nominal
viirs_snpp_2026-08-05_0143_45.14518_9.94152,viirs_snpp,N,2026-08-05 01:43:00,45.14518,9.94152,31.95,nominal
viirs_snpp_2026-08-05_0143_42.64258_18.29334,viirs_snpp,N,2026-08-05 01:43:00,42.64258,18.29334,0.47,nominal
viirs_snpp_2026-08-05_0143_42.63762_18.29072,viirs_snpp,N,2026-08-05 01:43:00,42.63762,18.29072,2.53,nominal
viirs_snpp_2026-08-05_0143_42.63885_18.28627,viirs_snpp,N,2026-08-05 01:43:00,42.63885,18.28627,2.18,nominal
viirs_snpp_2026-08-05_0143_42.63527_18.27870,viirs_snpp,N,2026-08-05 01:43:00,42.63527,18.2787,2.18,nominal
viirs_snpp_2026-08-05_0143_43.79516_7.37526,viirs_snpp,N,2026-08-05 01:43:00,43.79516,7.37526,1.24,nominal
viirs_snpp_2026-08-05_0143_42.30937_13.36268,viirs_snpp,N,2026-08-05 01:43:00,42.30937,13.36268,1,nominal
viirs_snpp_2026-08-05_0143_41.96680_14.69228,viirs_snpp,N,2026-08-05 01:43:00,41.9668,14.69228,3.02,nominal
viirs_snpp_2026-08-05_0143_41.96547_14.69771,viirs_snpp,N,2026-08-05 01:43:00,41.96547,14.69771,2.58,nominal
viirs_snpp_2026-08-05_0143_41.96249_14.69033,viirs_snpp,N,2026-08-05 01:43:00,41.96249,14.69033,3.02,nominal
viirs_snpp_2026-08-05_0143_41.78007_15.23163,viirs_snpp,N,2026-08-05 01:43:00,41.78007,15.23163,1.89,nominal
viirs_snpp_2026-08-05_0143_41.85051_14.66898,viirs_snpp,N,2026-08-05 01:43:00,41.85051,14.66898,7.47,nominal
viirs_snpp_2026-08-05_0143_41.85184_14.66355,viirs_snpp,N,2026-08-05 01:43:00,41.85184,14.66355,3.25,nominal
viirs_snpp_2026-08-05_0143_41.84610_14.66740,viirs_snpp,N,2026-08-05 01:43:00,41.8461,14.6674,7.47,nominal
viirs_snpp_2026-08-05_0143_42.09282_13.64027,viirs_snpp,N,2026-08-05 01:43:00,42.09282,13.64027,1.23,nominal
viirs_snpp_2026-08-05_0143_42.09139_13.64632,viirs_snpp,N,2026-08-05 01:43:00,42.09139,13.64632,0.88,nominal
viirs_snpp_2026-08-05_0143_42.42806_11.88023,viirs_snpp,N,2026-08-05 01:43:00,42.42806,11.88023,1.05,nominal
viirs_snpp_2026-08-05_0143_40.56781_17.32919,viirs_snpp,N,2026-08-05 01:43:00,40.56781,17.32919,0.58,nominal
viirs_snpp_2026-08-05_0143_41.49179_13.07663,viirs_snpp,N,2026-08-05 01:43:00,41.49179,13.07663,5.58,nominal
viirs_snpp_2026-08-05_0143_41.49061_13.08177,viirs_snpp,N,2026-08-05 01:43:00,41.49061,13.08177,4.22,nominal
viirs_snpp_2026-08-05_0143_41.48750_13.07597,viirs_snpp,N,2026-08-05 01:43:00,41.4875,13.07597,5.58,nominal
viirs_snpp_2026-08-05_0143_41.48636_13.08092,viirs_snpp,N,2026-08-05 01:43:00,41.48636,13.08092,4.22,nominal
viirs_snpp_2026-08-05_0143_40.67262_16.08368,viirs_snpp,N,2026-08-05 01:43:00,40.67262,16.08368,1.81,nominal
viirs_snpp_2026-08-05_0145_39.47434_16.97957,viirs_snpp,N,2026-08-05 01:45:00,39.47434,16.97957,1.45,nominal
viirs_snpp_2026-08-05_0145_39.19451_17.00456,viirs_snpp,N,2026-08-05 01:45:00,39.19451,17.00456,1.97,nominal
viirs_snpp_2026-08-05_0145_38.99940_16.22186,viirs_snpp,N,2026-08-05 01:45:00,38.9994,16.22186,48.49,high
viirs_snpp_2026-08-05_0145_38.99818_16.22643,viirs_snpp,N,2026-08-05 01:45:00,38.99818,16.22643,48.49,nominal
viirs_snpp_2026-08-05_0145_38.99701_16.23083,viirs_snpp,N,2026-08-05 01:45:00,38.99701,16.23083,13.32,nominal
viirs_snpp_2026-08-05_0145_38.99580_16.23536,viirs_snpp,N,2026-08-05 01:45:00,38.9958,16.23536,13.32,nominal
viirs_snpp_2026-08-05_0145_38.99267_16.22611,viirs_snpp,N,2026-08-05 01:45:00,38.99267,16.22611,9.09,high
viirs_snpp_2026-08-05_0145_38.99163_16.22997,viirs_snpp,N,2026-08-05 01:45:00,38.99163,16.22997,9.32,nominal
viirs_snpp_2026-08-05_0145_38.99374_16.22210,viirs_snpp,N,2026-08-05 01:45:00,38.99374,16.2221,9.09,nominal
viirs_snpp_2026-08-05_0145_38.99239_16.20625,viirs_snpp,N,2026-08-05 01:45:00,38.99239,16.20625,11.7,nominal
viirs_snpp_2026-08-05_0145_38.99148_16.20964,viirs_snpp,N,2026-08-05 01:45:00,38.99148,16.20964,11.7,high
viirs_snpp_2026-08-05_0145_38.99047_16.21343,viirs_snpp,N,2026-08-05 01:45:00,38.99047,16.21343,7.76,nominal
viirs_snpp_2026-08-05_0145_38.98881_16.19871,viirs_snpp,N,2026-08-05 01:45:00,38.98881,16.19871,1.25,nominal
viirs_snpp_2026-08-05_0145_38.98698_16.20554,viirs_snpp,N,2026-08-05 01:45:00,38.98698,16.20554,1.15,nominal
viirs_snpp_2026-08-05_0145_38.98904_16.19859,viirs_snpp,N,2026-08-05 01:45:00,38.98904,16.19859,1.32,nominal
viirs_snpp_2026-08-05_0145_38.98724_16.20547,viirs_snpp,N,2026-08-05 01:45:00,38.98724,16.20547,1.04,nominal
viirs_snpp_2026-08-05_0145_38.68358_16.05971,viirs_snpp,N,2026-08-05 01:45:00,38.68358,16.05971,0.39,nominal
viirs_snpp_2026-08-05_0145_38.47257_16.48970,viirs_snpp,N,2026-08-05 01:45:00,38.47257,16.4897,1,nominal
viirs_snpp_2026-08-05_0145_38.79494_15.21264,viirs_snpp,N,2026-08-05 01:45:00,38.79494,15.21264,3.68,nominal
viirs_snpp_2026-08-05_0145_38.79519_15.21218,viirs_snpp,N,2026-08-05 01:45:00,38.79519,15.21218,2.82,nominal
viirs_snpp_2026-08-05_0145_37.90210_13.23716,viirs_snpp,N,2026-08-05 01:45:00,37.9021,13.23716,1.57,nominal
viirs_snpp_2026-08-05_0145_37.88920_13.02765,viirs_snpp,N,2026-08-05 01:45:00,37.8892,13.02765,1.95,nominal
viirs_snpp_2026-08-05_0145_37.88909_13.02538,viirs_snpp,N,2026-08-05 01:45:00,37.88909,13.02538,2.07,nominal
viirs_snpp_2026-08-05_0145_37.21187_15.16724,viirs_snpp,N,2026-08-05 01:45:00,37.21187,15.16724,1.44,nominal
viirs_snpp_2026-08-05_0145_36.97136_14.43798,viirs_snpp,N,2026-08-05 01:45:00,36.97136,14.43798,0.74,nominal
viirs_snpp_2026-08-05_0145_36.97205_14.44002,viirs_snpp,N,2026-08-05 01:45:00,36.97205,14.44002,0.74,nominal
viirs_snpp_2026-08-05_0145_36.59031_10.31766,viirs_snpp,N,2026-08-05 01:45:00,36.59031,10.31766,1.72,nominal
viirs_snpp_2026-08-05_0145_36.88266_6.95942,viirs_snpp,N,2026-08-05 01:45:00,36.88266,6.95942,1.35,nominal
viirs_snpp_2026-08-05_0145_36.87754_6.94793,viirs_snpp,N,2026-08-05 01:45:00,36.87754,6.94793,1.68,nominal
viirs_snpp_2026-08-05_0145_36.76300_7.30920,viirs_snpp,N,2026-08-05 01:45:00,36.763,7.3092,1.34,nominal
viirs_snpp_2026-08-05_0145_36.74697_6.25361,viirs_snpp,N,2026-08-05 01:45:00,36.74697,6.25361,4.8,nominal
viirs_snpp_2026-08-05_0145_36.74615_6.25817,viirs_snpp,N,2026-08-05 01:45:00,36.74615,6.25817,2.11,nominal
viirs_snpp_2026-08-05_0145_36.74020_6.25173,viirs_snpp,N,2026-08-05 01:45:00,36.7402,6.25173,2.39,nominal
viirs_snpp_2026-08-05_0145_36.62262_6.15723,viirs_snpp,N,2026-08-05 01:45:00,36.62262,6.15723,1.87,nominal
viirs_snpp_2026-08-05_0145_36.62185_6.16158,viirs_snpp,N,2026-08-05 01:45:00,36.62185,6.16158,1.87,nominal
viirs_snpp_2026-08-05_0145_36.61921_6.15656,viirs_snpp,N,2026-08-05 01:45:00,36.61921,6.15656,1.87,nominal
viirs_snpp_2026-08-05_0145_36.61675_6.17035,viirs_snpp,N,2026-08-05 01:45:00,36.61675,6.17035,3.29,nominal
viirs_snpp_2026-08-05_0145_36.62248_6.13813,viirs_snpp,N,2026-08-05 01:45:00,36.62248,6.13813,0.75,nominal
viirs_snpp_2026-08-05_0145_36.62000_6.15212,viirs_snpp,N,2026-08-05 01:45:00,36.62,6.15212,1.63,nominal
viirs_snpp_2026-08-05_0145_36.61660_6.15136,viirs_snpp,N,2026-08-05 01:45:00,36.6166,6.15136,3.32,nominal
viirs_snpp_2026-08-05_0145_36.61996_6.13247,viirs_snpp,N,2026-08-05 01:45:00,36.61996,6.13247,0.57,nominal
viirs_snpp_2026-08-05_0145_36.61579_6.15590,viirs_snpp,N,2026-08-05 01:45:00,36.61579,6.1559,1.67,nominal
viirs_snpp_2026-08-05_0145_35.76614_7.36289,viirs_snpp,N,2026-08-05 01:45:00,35.76614,7.36289,0.81,nominal
viirs_snpp_2026-08-05_0145_35.86707_6.02418,viirs_snpp,N,2026-08-05 01:45:00,35.86707,6.02418,1.51,nominal
viirs_snpp_2026-08-05_0145_35.86626_6.02871,viirs_snpp,N,2026-08-05 01:45:00,35.86626,6.02871,1.51,nominal
viirs_snpp_2026-08-05_0145_35.23398_8.17409,viirs_snpp,N,2026-08-05 01:45:00,35.23398,8.17409,1.19,nominal
viirs_snpp_2026-08-05_0145_35.23028_8.17303,viirs_snpp,N,2026-08-05 01:45:00,35.23028,8.17303,1.19,nominal
viirs_noaa20_2026-08-03_1043_40.03024_18.30748,viirs_noaa20,N20,2026-08-03 10:43:00,40.03024,18.30748,3.06,nominal
viirs_noaa20_2026-08-03_1043_40.41055_18.01620,viirs_noaa20,N20,2026-08-03 10:43:00,40.41055,18.0162,4.08,nominal
viirs_noaa20_2026-08-03_1043_41.03754_15.55521,viirs_noaa20,N20,2026-08-03 10:43:00,41.03754,15.55521,11.42,nominal
viirs_noaa20_2026-08-03_1043_41.03903_15.55811,viirs_noaa20,N20,2026-08-03 10:43:00,41.03903,15.55811,8.07,low
viirs_noaa20_2026-08-03_1043_41.03632_15.55014,viirs_noaa20,N20,2026-08-03 10:43:00,41.03632,15.55014,9.6,low
viirs_noaa20_2026-08-03_1043_41.23695_15.78481,viirs_noaa20,N20,2026-08-03 10:43:00,41.23695,15.78481,10.63,nominal
viirs_noaa20_2026-08-03_1043_41.23862_15.78434,viirs_noaa20,N20,2026-08-03 10:43:00,41.23862,15.78434,8.41,nominal
viirs_noaa20_2026-08-03_1043_41.23606_15.77673,viirs_noaa20,N20,2026-08-03 10:43:00,41.23606,15.77673,7.35,low
viirs_noaa20_2026-08-03_1043_41.19860_15.53008,viirs_noaa20,N20,2026-08-03 10:43:00,41.1986,15.53008,5.22,nominal
viirs_noaa20_2026-08-03_1043_41.36250_15.40022,viirs_noaa20,N20,2026-08-03 10:43:00,41.3625,15.40022,17.48,high
viirs_noaa20_2026-08-03_1043_41.36174_15.39688,viirs_noaa20,N20,2026-08-03 10:43:00,41.36174,15.39688,19,high
viirs_noaa20_2026-08-03_1043_42.52902_18.96883,viirs_noaa20,N20,2026-08-03 10:43:00,42.52902,18.96883,3.47,low
viirs_noaa20_2026-08-03_1043_42.53523_18.96864,viirs_noaa20,N20,2026-08-03 10:43:00,42.53523,18.96864,7.49,nominal
viirs_noaa20_2026-08-03_1043_42.54332_18.93216,viirs_noaa20,N20,2026-08-03 10:43:00,42.54332,18.93216,4.04,low
viirs_noaa20_2026-08-03_1043_42.65070_18.28946,viirs_noaa20,N20,2026-08-03 10:43:00,42.6507,18.28946,3.95,nominal
viirs_noaa20_2026-08-03_1043_42.64913_18.28429,viirs_noaa20,N20,2026-08-03 10:43:00,42.64913,18.28429,3.95,nominal
viirs_noaa20_2026-08-03_1043_42.68668_18.28017,viirs_noaa20,N20,2026-08-03 10:43:00,42.68668,18.28017,5.6,nominal
viirs_noaa20_2026-08-03_1043_42.68524_18.27541,viirs_noaa20,N20,2026-08-03 10:43:00,42.68524,18.27541,5.6,nominal
viirs_noaa20_2026-08-03_1043_41.80087_14.98659,viirs_noaa20,N20,2026-08-03 10:43:00,41.80087,14.98659,4.89,nominal
viirs_noaa20_2026-08-03_1043_41.80065_14.98520,viirs_noaa20,N20,2026-08-03 10:43:00,41.80065,14.9852,5.08,nominal
viirs_noaa20_2026-08-03_1043_44.62391_16.98123,viirs_noaa20,N20,2026-08-03 10:43:00,44.62391,16.98123,4.81,nominal
viirs_noaa20_2026-08-03_1045_45.33977_18.25451,viirs_noaa20,N20,2026-08-03 10:45:00,45.33977,18.25451,4.18,nominal
viirs_noaa20_2026-08-03_1045_45.50344_16.05506,viirs_noaa20,N20,2026-08-03 10:45:00,45.50344,16.05506,4.28,nominal
viirs_noaa20_2026-08-03_1045_47.28125_18.89646,viirs_noaa20,N20,2026-08-03 10:45:00,47.28125,18.89646,2.72,low
viirs_noaa20_2026-08-03_1045_47.27277_17.24981,viirs_noaa20,N20,2026-08-03 10:45:00,47.27277,17.24981,17.75,high
viirs_noaa20_2026-08-03_1045_47.27137_17.24512,viirs_noaa20,N20,2026-08-03 10:45:00,47.27137,17.24512,9.31,nominal
viirs_noaa20_2026-08-03_1045_47.27779_17.24661,viirs_noaa20,N20,2026-08-03 10:45:00,47.27779,17.24661,3.13,nominal
viirs_noaa20_2026-08-03_1223_40.02782_18.30546,viirs_noaa20,N20,2026-08-03 12:23:00,40.02782,18.30546,5.15,nominal
viirs_noaa20_2026-08-03_1223_40.03252_18.30491,viirs_noaa20,N20,2026-08-03 12:23:00,40.03252,18.30491,5.15,nominal
viirs_noaa20_2026-08-03_1223_40.43565_17.29140,viirs_noaa20,N20,2026-08-03 12:23:00,40.43565,17.2914,3.22,nominal
viirs_noaa20_2026-08-03_1223_40.79226_16.49287,viirs_noaa20,N20,2026-08-03 12:23:00,40.79226,16.49287,8.55,low
viirs_noaa20_2026-08-03_1223_41.03820_15.55226,viirs_noaa20,N20,2026-08-03 12:23:00,41.0382,15.55226,9.9,nominal
viirs_noaa20_2026-08-03_1223_41.19768_15.99634,viirs_noaa20,N20,2026-08-03 12:23:00,41.19768,15.99634,5.16,nominal
viirs_noaa20_2026-08-03_1223_41.20189_15.99575,viirs_noaa20,N20,2026-08-03 12:23:00,41.20189,15.99575,5.16,nominal
viirs_noaa20_2026-08-03_1223_41.20144_15.99063,viirs_noaa20,N20,2026-08-03 12:23:00,41.20144,15.99063,8.77,nominal
viirs_noaa20_2026-08-03_1223_41.24171_15.64675,viirs_noaa20,N20,2026-08-03 12:23:00,41.24171,15.64675,4.81,low
viirs_noaa20_2026-08-03_1223_41.24584_15.64615,viirs_noaa20,N20,2026-08-03 12:23:00,41.24584,15.64615,4.81,nominal
viirs_noaa20_2026-08-03_1223_41.24392_15.64833,viirs_noaa20,N20,2026-08-03 12:23:00,41.24392,15.64833,11.79,nominal
viirs_noaa20_2026-08-03_1223_41.20146_15.14072,viirs_noaa20,N20,2026-08-03 12:23:00,41.20146,15.14072,5.16,nominal
viirs_noaa20_2026-08-03_1223_41.35625_15.72796,viirs_noaa20,N20,2026-08-03 12:23:00,41.35625,15.72796,4.69,nominal
viirs_noaa20_2026-08-03_1223_41.35756_15.72418,viirs_noaa20,N20,2026-08-03 12:23:00,41.35756,15.72418,3.62,low
viirs_noaa20_2026-08-03_1223_41.24340_13.97606,viirs_noaa20,N20,2026-08-03 12:23:00,41.2434,13.97606,6.29,nominal
viirs_noaa20_2026-08-03_1223_41.44141_13.96310,viirs_noaa20,N20,2026-08-03 12:23:00,41.44141,13.9631,6.13,nominal
viirs_noaa20_2026-08-03_1223_41.63933_15.20350,viirs_noaa20,N20,2026-08-03 12:23:00,41.63933,15.2035,11.29,low
viirs_noaa20_2026-08-03_1223_41.64339_15.20285,viirs_noaa20,N20,2026-08-03 12:23:00,41.64339,15.20285,9.59,low
viirs_noaa20_2026-08-03_1223_41.64249_15.19316,viirs_noaa20,N20,2026-08-03 12:23:00,41.64249,15.19316,8.69,low
viirs_noaa20_2026-08-03_1223_41.80664_15.49872,viirs_noaa20,N20,2026-08-03 12:23:00,41.80664,15.49872,7.11,nominal
viirs_noaa20_2026-08-03_1223_41.81078_15.49812,viirs_noaa20,N20,2026-08-03 12:23:00,41.81078,15.49812,5.62,nominal
viirs_noaa20_2026-08-03_1223_41.84592_14.65706,viirs_noaa20,N20,2026-08-03 12:23:00,41.84592,14.65706,3.63,nominal
viirs_noaa20_2026-08-03_1223_42.54560_18.93865,viirs_noaa20,N20,2026-08-03 12:23:00,42.5456,18.93865,8.49,nominal
viirs_noaa20_2026-08-03_1223_42.54521_18.93231,viirs_noaa20,N20,2026-08-03 12:23:00,42.54521,18.93231,8.49,nominal
viirs_noaa20_2026-08-03_1223_42.54574_18.93821,viirs_noaa20,N20,2026-08-03 12:23:00,42.54574,18.93821,13.06,nominal
viirs_noaa20_2026-08-03_1223_42.54538_18.93187,viirs_noaa20,N20,2026-08-03 12:23:00,42.54538,18.93187,13.56,nominal
viirs_noaa20_2026-08-03_1223_42.64700_18.28766,viirs_noaa20,N20,2026-08-03 12:23:00,42.647,18.28766,7.59,nominal
viirs_noaa20_2026-08-03_1223_42.12289_12.38129,viirs_noaa20,N20,2026-08-03 12:23:00,42.12289,12.38129,8.08,nominal
viirs_noaa20_2026-08-03_1223_42.68518_18.27690,viirs_noaa20,N20,2026-08-03 12:23:00,42.68518,18.2769,6.64,nominal
viirs_noaa20_2026-08-03_1223_43.09880_17.70559,viirs_noaa20,N20,2026-08-03 12:23:00,43.0988,17.70559,28.6,nominal
viirs_noaa20_2026-08-03_1223_43.10350_17.70498,viirs_noaa20,N20,2026-08-03 12:23:00,43.1035,17.70498,28.6,nominal
viirs_noaa20_2026-08-03_1223_43.10062_17.70909,viirs_noaa20,N20,2026-08-03 12:23:00,43.10062,17.70909,11.19,nominal
viirs_noaa20_2026-08-03_1223_43.10018_17.70232,viirs_noaa20,N20,2026-08-03 12:23:00,43.10018,17.70232,23.12,nominal
viirs_noaa20_2026-08-03_1223_43.10532_17.70849,viirs_noaa20,N20,2026-08-03 12:23:00,43.10532,17.70849,11.19,nominal
viirs_noaa20_2026-08-03_1223_43.10488_17.70169,viirs_noaa20,N20,2026-08-03 12:23:00,43.10488,17.70169,23.12,nominal
viirs_noaa20_2026-08-03_1223_42.96852_12.68790,viirs_noaa20,N20,2026-08-03 12:23:00,42.96852,12.6879,3.57,low
viirs_noaa20_2026-08-03_1223_42.96785_12.68204,viirs_noaa20,N20,2026-08-03 12:23:00,42.96785,12.68204,3.57,low
viirs_noaa20_2026-08-03_1225_43.11507_12.18635,viirs_noaa20,N20,2026-08-03 12:25:00,43.11507,12.18635,25.55,nominal
viirs_noaa20_2026-08-03_1225_43.78664_17.07497,viirs_noaa20,N20,2026-08-03 12:25:00,43.78664,17.07497,19.25,high
viirs_noaa20_2026-08-03_1225_43.79121_17.07421,viirs_noaa20,N20,2026-08-03 12:25:00,43.79121,17.07421,19.25,nominal
viirs_noaa20_2026-08-03_1225_43.79074_17.06789,viirs_noaa20,N20,2026-08-03 12:25:00,43.79074,17.06789,19.25,nominal
viirs_noaa20_2026-08-03_1225_44.15481_15.24418,viirs_noaa20,N20,2026-08-03 12:25:00,44.15481,15.24418,26.11,nominal
viirs_noaa20_2026-08-03_1225_44.15389_15.23351,viirs_noaa20,N20,2026-08-03 12:25:00,44.15389,15.23351,47.41,nominal
viirs_noaa20_2026-08-03_1225_44.15435_15.23884,viirs_noaa20,N20,2026-08-03 12:25:00,44.15435,15.23884,47.41,low
viirs_noaa20_2026-08-03_1225_44.15901_15.24361,viirs_noaa20,N20,2026-08-03 12:25:00,44.15901,15.24361,26.11,nominal
viirs_noaa20_2026-08-03_1225_44.71489_16.76167,viirs_noaa20,N20,2026-08-03 12:25:00,44.71489,16.76167,9.2,nominal
viirs_noaa20_2026-08-03_1225_44.81355_15.78958,viirs_noaa20,N20,2026-08-03 12:25:00,44.81355,15.78958,5.28,nominal
viirs_noaa20_2026-08-03_1225_44.07259_8.13817,viirs_noaa20,N20,2026-08-03 12:25:00,44.07259,8.13817,1.61,nominal
viirs_noaa20_2026-08-03_1225_44.40993_7.77017,viirs_noaa20,N20,2026-08-03 12:25:00,44.40993,7.77017,2.79,nominal
viirs_noaa20_2026-08-03_1225_44.71460_7.52643,viirs_noaa20,N20,2026-08-03 12:25:00,44.7146,7.52643,4.1,low
viirs_noaa20_2026-08-03_1225_45.29542_10.75722,viirs_noaa20,N20,2026-08-03 12:25:00,45.29542,10.75722,2.49,nominal
viirs_noaa20_2026-08-03_1225_45.63066_12.59784,viirs_noaa20,N20,2026-08-03 12:25:00,45.63066,12.59784,2.94,low
viirs_noaa20_2026-08-03_1225_45.02565_7.61890,viirs_noaa20,N20,2026-08-03 12:25:00,45.02565,7.6189,6.09,nominal
viirs_noaa20_2026-08-03_1225_45.19128_7.79163,viirs_noaa20,N20,2026-08-03 12:25:00,45.19128,7.79163,3.41,nominal
viirs_noaa20_2026-08-03_1225_45.42214_9.25922,viirs_noaa20,N20,2026-08-03 12:25:00,45.42214,9.25922,2.81,low
viirs_noaa20_2026-08-03_1225_45.51916_9.07057,viirs_noaa20,N20,2026-08-03 12:25:00,45.51916,9.07057,4.46,nominal
viirs_noaa20_2026-08-03_1225_45.64075_9.29538,viirs_noaa20,N20,2026-08-03 12:25:00,45.64075,9.29538,1.55,nominal
viirs_noaa20_2026-08-03_1225_45.71706_9.60892,viirs_noaa20,N20,2026-08-03 12:25:00,45.71706,9.60892,3.01,nominal
viirs_noaa20_2026-08-03_1223_37.08738_14.23824,viirs_noaa20,N20,2026-08-03 12:23:00,37.08738,14.23824,5.06,low
viirs_noaa20_2026-08-03_1223_37.20135_14.42033,viirs_noaa20,N20,2026-08-03 12:23:00,37.20135,14.42033,1.43,low
viirs_noaa20_2026-08-03_1223_37.27937_14.49294,viirs_noaa20,N20,2026-08-03 12:23:00,37.27937,14.49294,2.72,low
viirs_noaa20_2026-08-03_1223_37.36428_13.93918,viirs_noaa20,N20,2026-08-03 12:23:00,37.36428,13.93918,4.15,low
viirs_noaa20_2026-08-03_1223_36.95038_9.14566,viirs_noaa20,N20,2026-08-03 12:23:00,36.95038,9.14566,12.57,high
viirs_noaa20_2026-08-03_1223_36.95106_9.14988,viirs_noaa20,N20,2026-08-03 12:23:00,36.95106,9.14988,12.57,nominal
viirs_noaa20_2026-08-03_1223_36.94970_9.14142,viirs_noaa20,N20,2026-08-03 12:23:00,36.9497,9.14142,12.62,nominal
viirs_noaa20_2026-08-03_1223_36.95435_9.14908,viirs_noaa20,N20,2026-08-03 12:23:00,36.95435,9.14908,12.57,nominal
viirs_noaa20_2026-08-03_1223_36.95367_9.14485,viirs_noaa20,N20,2026-08-03 12:23:00,36.95367,9.14485,12.57,nominal
viirs_noaa20_2026-08-03_1223_36.95298_9.14058,viirs_noaa20,N20,2026-08-03 12:23:00,36.95298,9.14058,12.62,nominal
viirs_noaa20_2026-08-03_1223_36.95626_9.13971,viirs_noaa20,N20,2026-08-03 12:23:00,36.95626,9.13971,8.19,nominal
viirs_noaa20_2026-08-03_1223_37.01164_9.25189,viirs_noaa20,N20,2026-08-03 12:23:00,37.01164,9.25189,10.78,nominal
viirs_noaa20_2026-08-03_1223_37.89582_15.18416,viirs_noaa20,N20,2026-08-03 12:23:00,37.89582,15.18416,9.45,nominal
viirs_noaa20_2026-08-03_1223_37.68788_13.08152,viirs_noaa20,N20,2026-08-03 12:23:00,37.68788,13.08152,2.77,low
viirs_noaa20_2026-08-03_1223_37.69958_12.86212,viirs_noaa20,N20,2026-08-03 12:23:00,37.69958,12.86212,2.66,low
viirs_noaa20_2026-08-03_1223_36.86652_6.98243,viirs_noaa20,N20,2026-08-03 12:23:00,36.86652,6.98243,7.28,nominal
viirs_noaa20_2026-08-03_1223_37.82578_12.91987,viirs_noaa20,N20,2026-08-03 12:23:00,37.82578,12.91987,2.52,low
viirs_noaa20_2026-08-03_1223_37.82515_12.91490,viirs_noaa20,N20,2026-08-03 12:23:00,37.82515,12.9149,2.52,low
viirs_noaa20_2026-08-03_1223_37.82613_12.91724,viirs_noaa20,N20,2026-08-03 12:23:00,37.82613,12.91724,4.54,nominal
viirs_noaa20_2026-08-03_1223_36.78837_6.13984,viirs_noaa20,N20,2026-08-03 12:23:00,36.78837,6.13984,8.95,nominal
viirs_noaa20_2026-08-03_1223_37.87302_13.03490,viirs_noaa20,N20,2026-08-03 12:23:00,37.87302,13.0349,138.96,high
viirs_noaa20_2026-08-03_1223_37.87364_13.03991,viirs_noaa20,N20,2026-08-03 12:23:00,37.87364,13.03991,49.96,nominal
viirs_noaa20_2026-08-03_1223_37.87716_13.03924,viirs_noaa20,N20,2026-08-03 12:23:00,37.87716,13.03924,5.85,nominal
viirs_noaa20_2026-08-03_1223_37.87654_13.03425,viirs_noaa20,N20,2026-08-03 12:23:00,37.87654,13.03425,9.96,nominal
viirs_noaa20_2026-08-03_1223_37.88068_13.03857,viirs_noaa20,N20,2026-08-03 12:23:00,37.88068,13.03857,5.85,low
viirs_noaa20_2026-08-03_1223_37.88006_13.03360,viirs_noaa20,N20,2026-08-03 12:23:00,37.88006,13.0336,9.96,nominal
viirs_noaa20_2026-08-03_1223_37.87511_12.99369,viirs_noaa20,N20,2026-08-03 12:23:00,37.87511,12.99369,3.72,nominal
viirs_noaa20_2026-08-03_1223_37.87449_12.98871,viirs_noaa20,N20,2026-08-03 12:23:00,37.87449,12.98871,3.72,low
viirs_noaa20_2026-08-03_1223_37.88358_13.03292,viirs_noaa20,N20,2026-08-03 12:23:00,37.88358,13.03292,7.34,nominal
viirs_noaa20_2026-08-03_1223_37.88296_13.02795,viirs_noaa20,N20,2026-08-03 12:23:00,37.88296,13.02795,7.34,nominal
viirs_noaa20_2026-08-03_1223_37.98641_13.45490,viirs_noaa20,N20,2026-08-03 12:23:00,37.98641,13.4549,17.39,low
viirs_noaa20_2026-08-03_1223_37.98579_13.44985,viirs_noaa20,N20,2026-08-03 12:23:00,37.98579,13.44985,5.09,nominal
viirs_noaa20_2026-08-03_1223_37.98939_13.44932,viirs_noaa20,N20,2026-08-03 12:23:00,37.98939,13.44932,5.09,low
viirs_noaa20_2026-08-03_1223_38.10094_13.31128,viirs_noaa20,N20,2026-08-03 12:23:00,38.10094,13.31128,4.22,nominal
viirs_noaa20_2026-08-03_1223_38.10026_13.30560,viirs_noaa20,N20,2026-08-03 12:23:00,38.10026,13.3056,2.84,low
viirs_noaa20_2026-08-03_1223_38.10450_13.31059,viirs_noaa20,N20,2026-08-03 12:23:00,38.1045,13.31059,2.12,low
viirs_noaa20_2026-08-03_1223_38.10294_13.26725,viirs_noaa20,N20,2026-08-03 12:23:00,38.10294,13.26725,9.14,nominal
viirs_noaa20_2026-08-03_1223_38.10644_13.26615,viirs_noaa20,N20,2026-08-03 12:23:00,38.10644,13.26615,2.08,low
viirs_noaa20_2026-08-03_1223_38.63677_16.16864,viirs_noaa20,N20,2026-08-03 12:23:00,38.63677,16.16864,3.02,low
viirs_noaa20_2026-08-03_1223_38.63953_16.02318,viirs_noaa20,N20,2026-08-03 12:23:00,38.63953,16.02318,4.12,low
viirs_noaa20_2026-08-03_1223_38.93817_16.20872,viirs_noaa20,N20,2026-08-03 12:23:00,38.93817,16.20872,2.26,nominal
viirs_noaa20_2026-08-03_1223_38.93978_16.20536,viirs_noaa20,N20,2026-08-03 12:23:00,38.93978,16.20536,3.93,nominal
viirs_noaa20_2026-08-03_1223_39.48298_15.98322,viirs_noaa20,N20,2026-08-03 12:23:00,39.48298,15.98322,6.69,nominal
viirs_noaa20_2026-08-03_1223_39.48912_15.95979,viirs_noaa20,N20,2026-08-03 12:23:00,39.48912,15.95979,6.47,nominal
viirs_noaa20_2026-08-04_0041_43.79332_7.37339,viirs_noaa20,N20,2026-08-04 00:41:00,43.79332,7.37339,0.61,nominal
viirs_noaa20_2026-08-04_0041_43.79402_7.37287,viirs_noaa20,N20,2026-08-04 00:41:00,43.79402,7.37287,0.38,nominal
viirs_noaa20_2026-08-04_0041_42.65715_18.28510,viirs_noaa20,N20,2026-08-04 00:41:00,42.65715,18.2851,1.41,nominal
viirs_noaa20_2026-08-04_0041_42.64717_18.28243,viirs_noaa20,N20,2026-08-04 00:41:00,42.64717,18.28243,2.13,nominal
viirs_noaa20_2026-08-04_0041_42.64785_18.27769,viirs_noaa20,N20,2026-08-04 00:41:00,42.64785,18.27769,2.13,nominal
viirs_noaa20_2026-08-04_0041_42.55275_18.93286,viirs_noaa20,N20,2026-08-04 00:41:00,42.55275,18.93286,2.12,nominal
viirs_noaa20_2026-08-04_0041_42.54807_18.94141,viirs_noaa20,N20,2026-08-04 00:41:00,42.54807,18.94141,0.68,nominal
viirs_noaa20_2026-08-04_0041_42.53664_18.97228,viirs_noaa20,N20,2026-08-04 00:41:00,42.53664,18.97228,1.56,nominal
viirs_noaa20_2026-08-04_0041_42.53337_18.97132,viirs_noaa20,N20,2026-08-04 00:41:00,42.53337,18.97132,1.56,nominal
viirs_noaa20_2026-08-04_0041_42.10184_13.64553,viirs_noaa20,N20,2026-08-04 00:41:00,42.10184,13.64553,3.27,nominal
viirs_noaa20_2026-08-04_0041_42.10247_13.63941,viirs_noaa20,N20,2026-08-04 00:41:00,42.10247,13.63941,1.14,nominal
viirs_noaa20_2026-08-04_0041_42.09796_13.64434,viirs_noaa20,N20,2026-08-04 00:41:00,42.09796,13.64434,9.39,nominal
viirs_noaa20_2026-08-04_0041_42.09428_12.33368,viirs_noaa20,N20,2026-08-04 00:41:00,42.09428,12.33368,0.47,nominal
viirs_noaa20_2026-08-04_0041_42.09366_12.33702,viirs_noaa20,N20,2026-08-04 00:41:00,42.09366,12.33702,0.71,nominal
viirs_noaa20_2026-08-04_0041_41.27361_16.04284,viirs_noaa20,N20,2026-08-04 00:41:00,41.27361,16.04284,0.52,nominal
viirs_noaa20_2026-08-04_0041_41.40025_13.24006,viirs_noaa20,N20,2026-08-04 00:41:00,41.40025,13.24006,0.77,nominal
viirs_noaa20_2026-08-04_0041_40.62977_18.00209,viirs_noaa20,N20,2026-08-04 00:41:00,40.62977,18.00209,1.53,nominal
viirs_noaa20_2026-08-04_0041_40.50320_17.21955,viirs_noaa20,N20,2026-08-04 00:41:00,40.5032,17.21955,1.86,nominal
viirs_noaa20_2026-08-04_0041_39.64011_15.86755,viirs_noaa20,N20,2026-08-04 00:41:00,39.64011,15.86755,9.18,nominal
viirs_noaa20_2026-08-04_0041_39.50453_16.84187,viirs_noaa20,N20,2026-08-04 00:41:00,39.50453,16.84187,1.83,nominal
viirs_noaa20_2026-08-04_0043_39.12520_16.77652,viirs_noaa20,N20,2026-08-04 00:43:00,39.1252,16.77652,0.66,nominal
viirs_noaa20_2026-08-04_0043_38.83478_16.34254,viirs_noaa20,N20,2026-08-04 00:43:00,38.83478,16.34254,0.94,nominal
viirs_noaa20_2026-08-04_0043_38.83414_16.34723,viirs_noaa20,N20,2026-08-04 00:43:00,38.83414,16.34723,0.94,nominal
viirs_noaa20_2026-08-04_0043_38.83440_16.34476,viirs_noaa20,N20,2026-08-04 00:43:00,38.8344,16.34476,2.17,nominal
viirs_noaa20_2026-08-04_0043_38.79393_15.21260,viirs_noaa20,N20,2026-08-04 00:43:00,38.79393,15.2126,6.85,nominal
viirs_noaa20_2026-08-04_0043_37.75414_15.02925,viirs_noaa20,N20,2026-08-04 00:43:00,37.75414,15.02925,1.35,nominal
viirs_noaa20_2026-08-04_0043_37.75356_15.03370,viirs_noaa20,N20,2026-08-04 00:43:00,37.75356,15.0337,1.35,nominal
viirs_noaa20_2026-08-04_0043_37.75298_15.03824,viirs_noaa20,N20,2026-08-04 00:43:00,37.75298,15.03824,2.45,nominal
viirs_noaa20_2026-08-04_0043_37.75462_14.99756,viirs_noaa20,N20,2026-08-04 00:43:00,37.75462,14.99756,0.49,nominal
viirs_noaa20_2026-08-04_0043_37.75111_14.99683,viirs_noaa20,N20,2026-08-04 00:43:00,37.75111,14.99683,2.4,nominal
viirs_noaa20_2026-08-04_0043_37.74703_15.00064,viirs_noaa20,N20,2026-08-04 00:43:00,37.74703,15.00064,0.58,nominal
viirs_noaa20_2026-08-04_0043_37.44324_14.08461,viirs_noaa20,N20,2026-08-04 00:43:00,37.44324,14.08461,1.55,nominal
viirs_noaa20_2026-08-04_0043_37.44263_14.08966,viirs_noaa20,N20,2026-08-04 00:43:00,37.44263,14.08966,1.55,nominal
viirs_noaa20_2026-08-04_0043_37.21263_15.17027,viirs_noaa20,N20,2026-08-04 00:43:00,37.21263,15.17027,1.64,nominal
viirs_noaa20_2026-08-04_0043_37.22982_14.64296,viirs_noaa20,N20,2026-08-04 00:43:00,37.22982,14.64296,0.43,nominal
viirs_noaa20_2026-08-04_0043_37.11111_14.03104,viirs_noaa20,N20,2026-08-04 00:43:00,37.11111,14.03104,1.03,nominal
viirs_noaa20_2026-08-04_0043_36.97200_14.43470,viirs_noaa20,N20,2026-08-04 00:43:00,36.972,14.4347,1.38,nominal
viirs_noaa20_2026-08-04_0043_36.96523_9.14696,viirs_noaa20,N20,2026-08-04 00:43:00,36.96523,9.14696,15.21,nominal
viirs_noaa20_2026-08-04_0043_36.96578_9.14000,viirs_noaa20,N20,2026-08-04 00:43:00,36.96578,9.14,2.59,nominal
viirs_noaa20_2026-08-04_0043_36.96099_9.14041,viirs_noaa20,N20,2026-08-04 00:43:00,36.96099,9.14041,6.94,nominal
viirs_noaa20_2026-08-04_0043_36.96046_9.14714,viirs_noaa20,N20,2026-08-04 00:43:00,36.96046,9.14714,6.14,nominal
viirs_noaa20_2026-08-04_0043_36.94248_9.13353,viirs_noaa20,N20,2026-08-04 00:43:00,36.94248,9.13353,3.93,nominal
viirs_noaa20_2026-08-04_0043_36.94118_9.13303,viirs_noaa20,N20,2026-08-04 00:43:00,36.94118,9.13303,3.44,nominal
viirs_noaa20_2026-08-04_0043_36.78275_8.70156,viirs_noaa20,N20,2026-08-04 00:43:00,36.78275,8.70156,4.83,nominal
viirs_noaa20_2026-08-04_0043_36.67886_9.92143,viirs_noaa20,N20,2026-08-04 00:43:00,36.67886,9.92143,1.71,nominal
viirs_noaa20_2026-08-04_0043_36.88154_6.94217,viirs_noaa20,N20,2026-08-04 00:43:00,36.88154,6.94217,2.02,nominal
viirs_noaa20_2026-08-04_0043_36.87620_6.94167,viirs_noaa20,N20,2026-08-04 00:43:00,36.8762,6.94167,2.02,nominal
viirs_noaa20_2026-08-04_0043_36.86863_6.97879,viirs_noaa20,N20,2026-08-04 00:43:00,36.86863,6.97879,4.41,nominal
viirs_noaa20_2026-08-04_0043_36.86480_6.95296,viirs_noaa20,N20,2026-08-04 00:43:00,36.8648,6.95296,2.04,nominal
viirs_noaa20_2026-08-04_0043_36.88252_6.95910,viirs_noaa20,N20,2026-08-04 00:43:00,36.88252,6.9591,1.84,nominal
viirs_noaa20_2026-08-04_0043_36.87827_6.94204,viirs_noaa20,N20,2026-08-04 00:43:00,36.87827,6.94204,4.22,nominal
viirs_noaa20_2026-08-04_0043_36.87800_6.94616,viirs_noaa20,N20,2026-08-04 00:43:00,36.878,6.94616,3.05,nominal
viirs_noaa20_2026-08-04_0043_36.87047_6.97918,viirs_noaa20,N20,2026-08-04 00:43:00,36.87047,6.97918,2.85,nominal
viirs_noaa20_2026-08-04_0043_36.87017_6.98362,viirs_noaa20,N20,2026-08-04 00:43:00,36.87017,6.98362,2.85,nominal
viirs_noaa20_2026-08-04_0043_36.86679_6.95334,viirs_noaa20,N20,2026-08-04 00:43:00,36.86679,6.95334,2.68,nominal
viirs_noaa20_2026-08-04_0043_36.76420_7.30854,viirs_noaa20,N20,2026-08-04 00:43:00,36.7642,7.30854,1.07,nominal
viirs_noaa20_2026-08-04_0043_36.78923_6.13854,viirs_noaa20,N20,2026-08-04 00:43:00,36.78923,6.13854,0.73,nominal
viirs_noaa20_2026-08-04_0043_36.78364_6.13819,viirs_noaa20,N20,2026-08-04 00:43:00,36.78364,6.13819,0.83,nominal
viirs_noaa20_2026-08-04_0043_36.74900_6.25641,viirs_noaa20,N20,2026-08-04 00:43:00,36.749,6.25641,2.93,nominal
viirs_noaa20_2026-08-04_0043_36.74925_6.25192,viirs_noaa20,N20,2026-08-04 00:43:00,36.74925,6.25192,2.82,nominal
viirs_noaa20_2026-08-04_0043_36.46328_10.05247,viirs_noaa20,N20,2026-08-04 00:43:00,36.46328,10.05247,1.27,nominal
viirs_noaa20_2026-08-04_0043_36.61094_6.14695,viirs_noaa20,N20,2026-08-04 00:43:00,36.61094,6.14695,0.43,nominal
viirs_noaa20_2026-08-04_0043_36.43368_6.62050,viirs_noaa20,N20,2026-08-04 00:43:00,36.43368,6.6205,1.39,nominal
viirs_noaa20_2026-08-04_0043_36.08949_6.80311,viirs_noaa20,N20,2026-08-04 00:43:00,36.08949,6.80311,1.55,nominal
viirs_noaa20_2026-08-04_0043_35.87028_6.02227,viirs_noaa20,N20,2026-08-04 00:43:00,35.87028,6.02227,1.37,nominal
viirs_noaa20_2026-08-04_0043_35.87004_6.02670,viirs_noaa20,N20,2026-08-04 00:43:00,35.87004,6.0267,1.26,nominal
viirs_noaa20_2026-08-04_0043_35.87144_6.02334,viirs_noaa20,N20,2026-08-04 00:43:00,35.87144,6.02334,0.8,nominal
viirs_noaa20_2026-08-04_0043_35.87117_6.02776,viirs_noaa20,N20,2026-08-04 00:43:00,35.87117,6.02776,0.8,nominal
viirs_noaa20_2026-08-04_0043_35.23212_8.17174,viirs_noaa20,N20,2026-08-04 00:43:00,35.23212,8.17174,1.37,nominal
viirs_noaa20_2026-08-04_0039_47.46772_12.63163,viirs_noaa20,N20,2026-08-04 00:39:00,47.46772,12.63163,0.38,nominal
viirs_noaa20_2026-08-04_0039_46.86465_14.45830,viirs_noaa20,N20,2026-08-04 00:39:00,46.86465,14.4583,0.83,nominal
viirs_noaa20_2026-08-04_0039_46.73902_15.57521,viirs_noaa20,N20,2026-08-04 00:39:00,46.73902,15.57521,0.56,nominal
viirs_noaa20_2026-08-04_0039_46.06772_13.62909,viirs_noaa20,N20,2026-08-04 00:39:00,46.06772,13.62909,1.54,nominal
viirs_noaa20_2026-08-04_0039_46.27976_9.36701,viirs_noaa20,N20,2026-08-04 00:39:00,46.27976,9.36701,2.78,nominal
viirs_noaa20_2026-08-04_0039_46.27959_9.37029,viirs_noaa20,N20,2026-08-04 00:39:00,46.27959,9.37029,2.78,nominal
viirs_noaa20_2026-08-04_0041_45.45255_18.03683,viirs_noaa20,N20,2026-08-04 00:41:00,45.45255,18.03683,0.84,nominal
viirs_noaa20_2026-08-04_0041_45.72624_8.16640,viirs_noaa20,N20,2026-08-04 00:41:00,45.72624,8.1664,1.56,nominal
viirs_noaa20_2026-08-04_0041_44.92205_17.17532,viirs_noaa20,N20,2026-08-04 00:41:00,44.92205,17.17532,1.9,nominal
viirs_noaa20_2026-08-04_0041_44.91576_17.16777,viirs_noaa20,N20,2026-08-04 00:41:00,44.91576,17.16777,2.05,nominal
viirs_noaa20_2026-08-04_0041_44.88319_17.19827,viirs_noaa20,N20,2026-08-04 00:41:00,44.88319,17.19827,1.57,nominal
viirs_noaa20_2026-08-04_0041_44.88389_17.19278,viirs_noaa20,N20,2026-08-04 00:41:00,44.88389,17.19278,0.38,nominal
viirs_noaa20_2026-08-04_0041_45.14855_9.94187,viirs_noaa20,N20,2026-08-04 00:41:00,45.14855,9.94187,3.54,nominal
viirs_noaa20_2026-08-04_0041_45.14691_9.94344,viirs_noaa20,N20,2026-08-04 00:41:00,45.14691,9.94344,3.87,nominal
viirs_noaa20_2026-08-04_0041_44.36690_16.24458,viirs_noaa20,N20,2026-08-04 00:41:00,44.3669,16.24458,1.25,nominal
viirs_noaa20_2026-08-04_0041_44.36332_16.24359,viirs_noaa20,N20,2026-08-04 00:41:00,44.36332,16.24359,1.25,nominal
viirs_noaa20_2026-08-04_0041_44.36262_16.24966,viirs_noaa20,N20,2026-08-04 00:41:00,44.36262,16.24966,1.44,nominal
viirs_noaa20_2026-08-04_0041_44.36623_16.24463,viirs_noaa20,N20,2026-08-04 00:41:00,44.36623,16.24463,1.27,nominal
viirs_noaa20_2026-08-04_0041_44.36549_16.25081,viirs_noaa20,N20,2026-08-04 00:41:00,44.36549,16.25081,1.27,nominal
viirs_noaa20_2026-08-04_0041_44.36266_16.24366,viirs_noaa20,N20,2026-08-04 00:41:00,44.36266,16.24366,1.55,nominal
viirs_noaa20_2026-08-04_0041_43.38966_17.88575,viirs_noaa20,N20,2026-08-04 00:41:00,43.38966,17.88575,1.06,nominal
viirs_noaa20_2026-08-04_0219_47.46706_12.62588,viirs_noaa20,N20,2026-08-04 02:19:00,47.46706,12.62588,0.94,nominal
viirs_noaa20_2026-08-04_0221_46.06935_13.62579,viirs_noaa20,N20,2026-08-04 02:21:00,46.06935,13.62579,0.6,nominal
viirs_noaa20_2026-08-04_0221_45.78283_8.68397,viirs_noaa20,N20,2026-08-04 02:21:00,45.78283,8.68397,0.61,nominal
viirs_noaa20_2026-08-04_0221_45.14618_9.94267,viirs_noaa20,N20,2026-08-04 02:21:00,45.14618,9.94267,4.19,nominal
viirs_noaa20_2026-08-04_0221_45.43497_8.79531,viirs_noaa20,N20,2026-08-04 02:21:00,45.43497,8.79531,0.82,nominal
viirs_noaa20_2026-08-04_0221_43.36480_12.54286,viirs_noaa20,N20,2026-08-04 02:21:00,43.3648,12.54286,1.24,nominal
viirs_noaa20_2026-08-04_0221_41.39831_13.24031,viirs_noaa20,N20,2026-08-04 02:21:00,41.39831,13.24031,1.12,nominal
viirs_noaa20_2026-08-04_0221_40.56338_9.66236,viirs_noaa20,N20,2026-08-04 02:21:00,40.56338,9.66236,1.36,nominal
viirs_noaa20_2026-08-04_0224_36.96734_9.14798,viirs_noaa20,N20,2026-08-04 02:24:00,36.96734,9.14798,4.02,nominal
viirs_noaa20_2026-08-04_0224_36.96170_9.14289,viirs_noaa20,N20,2026-08-04 02:24:00,36.9617,9.14289,4.02,nominal
viirs_noaa20_2026-08-04_0224_36.95960_9.14964,viirs_noaa20,N20,2026-08-04 02:24:00,36.9596,9.14964,4.02,nominal
viirs_noaa20_2026-08-04_0224_36.94353_9.13160,viirs_noaa20,N20,2026-08-04 02:24:00,36.94353,9.1316,2.8,nominal
viirs_noaa20_2026-08-04_0224_36.87019_6.98723,viirs_noaa20,N20,2026-08-04 02:24:00,36.87019,6.98723,2.26,nominal
viirs_noaa20_2026-08-04_0224_36.87507_6.94820,viirs_noaa20,N20,2026-08-04 02:24:00,36.87507,6.9482,3.7,nominal
viirs_noaa20_2026-08-04_0224_36.76296_7.30746,viirs_noaa20,N20,2026-08-04 02:24:00,36.76296,7.30746,0.78,nominal
viirs_noaa20_2026-08-04_0224_36.88172_6.96069,viirs_noaa20,N20,2026-08-04 02:24:00,36.88172,6.96069,1.59,nominal
viirs_noaa20_2026-08-04_0224_36.87906_6.94733,viirs_noaa20,N20,2026-08-04 02:24:00,36.87906,6.94733,4.05,nominal
viirs_noaa20_2026-08-04_0224_36.87752_6.95270,viirs_noaa20,N20,2026-08-04 02:24:00,36.87752,6.9527,1.59,nominal
viirs_noaa20_2026-08-04_0224_36.86853_6.98422,viirs_noaa20,N20,2026-08-04 02:24:00,36.86853,6.98422,2.13,nominal
viirs_noaa20_2026-08-04_0224_36.74858_6.25552,viirs_noaa20,N20,2026-08-04 02:24:00,36.74858,6.25552,3.19,nominal
viirs_noaa20_2026-08-04_0224_36.43067_6.62332,viirs_noaa20,N20,2026-08-04 02:24:00,36.43067,6.62332,1.55,nominal
viirs_noaa20_2026-08-04_0224_36.42846_6.62089,viirs_noaa20,N20,2026-08-04 02:24:00,36.42846,6.62089,0.67,nominal
viirs_noaa20_2026-08-04_0224_35.86979_6.02906,viirs_noaa20,N20,2026-08-04 02:24:00,35.86979,6.02906,1.7,nominal
viirs_noaa20_2026-08-04_1204_37.10398_14.41371,viirs_noaa20,N20,2026-08-04 12:04:00,37.10398,14.41371,2.87,low
viirs_noaa20_2026-08-04_1204_37.11734_14.14925,viirs_noaa20,N20,2026-08-04 12:04:00,37.11734,14.14925,17.15,nominal
viirs_noaa20_2026-08-04_1204_37.27967_14.01197,viirs_noaa20,N20,2026-08-04 12:04:00,37.27967,14.01197,3.17,nominal
viirs_noaa20_2026-08-04_1204_36.43415_8.73888,viirs_noaa20,N20,2026-08-04 12:04:00,36.43415,8.73888,12.54,low
viirs_noaa20_2026-08-04_1204_37.53202_14.80450,viirs_noaa20,N20,2026-08-04 12:04:00,37.53202,14.8045,3.2,nominal
viirs_noaa20_2026-08-04_1204_36.43562_8.73497,viirs_noaa20,N20,2026-08-04 12:04:00,36.43562,8.73497,10.63,low
viirs_noaa20_2026-08-04_1204_37.54774_14.81859,viirs_noaa20,N20,2026-08-04 12:04:00,37.54774,14.81859,3.25,nominal
viirs_noaa20_2026-08-04_1204_37.55037_14.81349,viirs_noaa20,N20,2026-08-04 12:04:00,37.55037,14.81349,4.38,low
viirs_noaa20_2026-08-04_1204_37.54647_14.78766,viirs_noaa20,N20,2026-08-04 12:04:00,37.54647,14.78766,0.57,low
viirs_noaa20_2026-08-04_1204_37.55102_14.81780,viirs_noaa20,N20,2026-08-04 12:04:00,37.55102,14.8178,4.38,low
viirs_noaa20_2026-08-04_1204_37.55365_14.81271,viirs_noaa20,N20,2026-08-04 12:04:00,37.55365,14.81271,4.38,nominal
viirs_noaa20_2026-08-04_1204_37.55300_14.80841,viirs_noaa20,N20,2026-08-04 12:04:00,37.553,14.80841,3.02,low
viirs_noaa20_2026-08-04_1204_37.44555_14.08962,viirs_noaa20,N20,2026-08-04 12:04:00,37.44555,14.08962,1.95,low
viirs_noaa20_2026-08-04_1204_37.44487_14.08534,viirs_noaa20,N20,2026-08-04 12:04:00,37.44487,14.08534,5.3,nominal
viirs_noaa20_2026-08-04_1204_37.44882_14.08883,viirs_noaa20,N20,2026-08-04 12:04:00,37.44882,14.08883,1.95,low
viirs_noaa20_2026-08-04_1204_37.44815_14.08455,viirs_noaa20,N20,2026-08-04 12:04:00,37.44815,14.08455,5.3,nominal
viirs_noaa20_2026-08-04_1204_37.43073_13.31877,viirs_noaa20,N20,2026-08-04 12:04:00,37.43073,13.31877,3.25,nominal
viirs_noaa20_2026-08-04_1204_36.91397_9.87703,viirs_noaa20,N20,2026-08-04 12:04:00,36.91397,9.87703,11.56,low
viirs_noaa20_2026-08-04_1204_36.91656_9.87043,viirs_noaa20,N20,2026-08-04 12:04:00,36.91656,9.87043,14.21,low
viirs_noaa20_2026-08-04_1204_37.98304_16.11287,viirs_noaa20,N20,2026-08-04 12:04:00,37.98304,16.11287,4.58,low
viirs_noaa20_2026-08-04_1204_36.93872_9.12933,viirs_noaa20,N20,2026-08-04 12:04:00,36.93872,9.12933,10.52,nominal
viirs_noaa20_2026-08-04_1204_36.95744_9.14225,viirs_noaa20,N20,2026-08-04 12:04:00,36.95744,9.14225,14.52,nominal
viirs_noaa20_2026-08-04_1204_36.96348_9.15230,viirs_noaa20,N20,2026-08-04 12:04:00,36.96348,9.1523,38.03,low
viirs_noaa20_2026-08-04_1204_36.95482_9.14174,viirs_noaa20,N20,2026-08-04 12:04:00,36.95482,9.14174,10.43,low
viirs_noaa20_2026-08-04_1206_43.53756_13.27901,viirs_noaa20,N20,2026-08-04 12:06:00,43.53756,13.27901,2.62,nominal
viirs_noaa20_2026-08-04_1204_36.96201_9.15710,viirs_noaa20,N20,2026-08-04 12:04:00,36.96201,9.1571,33.8,low
viirs_noaa20_2026-08-04_1206_44.23407_18.61979,viirs_noaa20,N20,2026-08-04 12:06:00,44.23407,18.61979,10.1,nominal
viirs_noaa20_2026-08-04_1204_36.95852_9.14013,viirs_noaa20,N20,2026-08-04 12:04:00,36.95852,9.14013,8.12,low
viirs_noaa20_2026-08-04_1204_36.96466_9.15037,viirs_noaa20,N20,2026-08-04 12:04:00,36.96466,9.15037,15,nominal
viirs_noaa20_2026-08-04_1204_37.93750_13.47179,viirs_noaa20,N20,2026-08-04 12:04:00,37.9375,13.47179,8.9,nominal
viirs_noaa20_2026-08-04_1204_37.94078_13.47096,viirs_noaa20,N20,2026-08-04 12:04:00,37.94078,13.47096,33.65,nominal
viirs_noaa20_2026-08-04_1206_44.15354_15.24564,viirs_noaa20,N20,2026-08-04 12:06:00,44.15354,15.24564,23.62,low
viirs_noaa20_2026-08-04_1204_38.40427_16.48302,viirs_noaa20,N20,2026-08-04 12:04:00,38.40427,16.48302,9.25,nominal
viirs_noaa20_2026-08-04_1206_44.15287_15.24041,viirs_noaa20,N20,2026-08-04 12:06:00,44.15287,15.24041,23.62,low
viirs_noaa20_2026-08-04_1204_37.88861_13.04549,viirs_noaa20,N20,2026-08-04 12:04:00,37.88861,13.04549,26.3,nominal
viirs_noaa20_2026-08-04_1206_44.36371_16.25573,viirs_noaa20,N20,2026-08-04 12:06:00,44.36371,16.25573,6.24,nominal
viirs_noaa20_2026-08-04_1204_36.56921_6.28351,viirs_noaa20,N20,2026-08-04 12:04:00,36.56921,6.28351,32.95,nominal
viirs_noaa20_2026-08-04_1206_44.37307_16.24232,viirs_noaa20,N20,2026-08-04 12:06:00,44.37307,16.24232,11.39,nominal
viirs_noaa20_2026-08-04_1204_37.88787_13.04104,viirs_noaa20,N20,2026-08-04 12:04:00,37.88787,13.04104,26.3,low
viirs_noaa20_2026-08-04_1206_44.25318_15.14922,viirs_noaa20,N20,2026-08-04 12:06:00,44.25318,15.14922,3.44,nominal
viirs_noaa20_2026-08-04_1204_38.34083_15.99663,viirs_noaa20,N20,2026-08-04 12:04:00,38.34083,15.99663,7.08,nominal
viirs_noaa20_2026-08-04_1204_36.56685_6.28684,viirs_noaa20,N20,2026-08-04 12:04:00,36.56685,6.28684,8.65,nominal
viirs_noaa20_2026-08-04_1204_36.57135_6.28575,viirs_noaa20,N20,2026-08-04 12:04:00,36.57135,6.28575,15.76,nominal
viirs_noaa20_2026-08-04_1204_36.57582_6.28449,viirs_noaa20,N20,2026-08-04 12:04:00,36.57582,6.28449,15.76,nominal
viirs_noaa20_2026-08-04_1204_36.86595_6.98527,viirs_noaa20,N20,2026-08-04 12:04:00,36.86595,6.98527,3.5,nominal
viirs_noaa20_2026-08-04_1204_36.87016_6.98382,viirs_noaa20,N20,2026-08-04 12:04:00,36.87016,6.98382,10.67,nominal
viirs_noaa20_2026-08-04_1204_38.57283_16.15421,viirs_noaa20,N20,2026-08-04 12:04:00,38.57283,16.15421,6.68,nominal
viirs_noaa20_2026-08-04_1204_38.59414_16.02336,viirs_noaa20,N20,2026-08-04 12:04:00,38.59414,16.02336,4.94,low
viirs_noaa20_2026-08-04_1206_44.91582_17.16676,viirs_noaa20,N20,2026-08-04 12:06:00,44.91582,17.16676,13.58,nominal
viirs_noaa20_2026-08-04_1204_36.79175_6.15351,viirs_noaa20,N20,2026-08-04 12:04:00,36.79175,6.15351,2.63,nominal
viirs_noaa20_2026-08-04_1206_44.92387_17.17106,viirs_noaa20,N20,2026-08-04 12:06:00,44.92387,17.17106,2.12,low
viirs_noaa20_2026-08-04_1204_38.63499_16.17061,viirs_noaa20,N20,2026-08-04 12:04:00,38.63499,16.17061,10.61,nominal
viirs_noaa20_2026-08-04_1206_44.24081_11.99465,viirs_noaa20,N20,2026-08-04 12:06:00,44.24081,11.99465,4.51,low
viirs_noaa20_2026-08-04_1204_39.05707_17.04210,viirs_noaa20,N20,2026-08-04 12:04:00,39.05707,17.0421,3.61,nominal
viirs_noaa20_2026-08-04_1204_39.25076_16.27452,viirs_noaa20,N20,2026-08-04 12:04:00,39.25076,16.27452,4.73,nominal
viirs_noaa20_2026-08-04_1204_39.50518_15.98419,viirs_noaa20,N20,2026-08-04 12:04:00,39.50518,15.98419,13.87,nominal
viirs_noaa20_2026-08-04_1204_40.26901_18.14736,viirs_noaa20,N20,2026-08-04 12:04:00,40.26901,18.14736,7.28,low
viirs_noaa20_2026-08-04_1204_40.26774_18.13617,viirs_noaa20,N20,2026-08-04 12:04:00,40.26774,18.13617,10.91,nominal
viirs_noaa20_2026-08-04_1204_40.27267_18.14665,viirs_noaa20,N20,2026-08-04 12:04:00,40.27267,18.14665,5.8,low
viirs_noaa20_2026-08-04_1204_40.27203_18.14106,viirs_noaa20,N20,2026-08-04 12:04:00,40.27203,18.14106,5.8,nominal
viirs_noaa20_2026-08-04_1204_40.29749_18.33336,viirs_noaa20,N20,2026-08-04 12:04:00,40.29749,18.33336,18.79,low
viirs_noaa20_2026-08-04_1204_40.27633_18.14594,viirs_noaa20,N20,2026-08-04 12:04:00,40.27633,18.14594,5.8,low
viirs_noaa20_2026-08-04_1204_40.30053_18.32693,viirs_noaa20,N20,2026-08-04 12:04:00,40.30053,18.32693,15.18,low
viirs_noaa20_2026-08-04_1204_40.27871_18.13404,viirs_noaa20,N20,2026-08-04 12:04:00,40.27871,18.13404,17.37,nominal
viirs_noaa20_2026-08-04_1204_40.28237_18.13334,viirs_noaa20,N20,2026-08-04 12:04:00,40.28237,18.13334,17.37,nominal
viirs_noaa20_2026-08-04_1206_44.31479_11.89962,viirs_noaa20,N20,2026-08-04 12:06:00,44.31479,11.89962,4.01,nominal
viirs_noaa20_2026-08-04_1204_40.29033_18.13755,viirs_noaa20,N20,2026-08-04 12:04:00,40.29033,18.13755,6.45,low
viirs_noaa20_2026-08-04_1204_40.09797_15.73457,viirs_noaa20,N20,2026-08-04 12:04:00,40.09797,15.73457,4.82,nominal
viirs_noaa20_2026-08-04_1204_40.37617_17.51307,viirs_noaa20,N20,2026-08-04 12:04:00,40.37617,17.51307,7.49,nominal
viirs_noaa20_2026-08-04_1206_44.42180_11.34622,viirs_noaa20,N20,2026-08-04 12:06:00,44.4218,11.34622,3.96,low
viirs_noaa20_2026-08-04_1204_40.28508_16.72670,viirs_noaa20,N20,2026-08-04 12:04:00,40.28508,16.7267,10.1,nominal
viirs_noaa20_2026-08-04_1204_40.28686_16.72910,viirs_noaa20,N20,2026-08-04 12:04:00,40.28686,16.7291,5.45,low
viirs_noaa20_2026-08-04_1204_40.28623_16.72406,viirs_noaa20,N20,2026-08-04 12:04:00,40.28623,16.72406,5.45,low
viirs_noaa20_2026-08-04_1206_44.52006_11.53117,viirs_noaa20,N20,2026-08-04 12:06:00,44.52006,11.53117,4.13,low
viirs_noaa20_2026-08-04_1206_40.53230_17.85240,viirs_noaa20,N20,2026-08-04 12:06:00,40.5323,17.8524,7.81,nominal
viirs_noaa20_2026-08-04_1206_44.50479_11.43559,viirs_noaa20,N20,2026-08-04 12:06:00,44.50479,11.43559,2.73,low
viirs_noaa20_2026-08-04_1206_40.53222_17.85001,viirs_noaa20,N20,2026-08-04 12:06:00,40.53222,17.85001,5.51,nominal
viirs_noaa20_2026-08-04_1206_44.50172_11.41647,viirs_noaa20,N20,2026-08-04 12:06:00,44.50172,11.41647,3.97,nominal
viirs_noaa20_2026-08-04_1206_40.52063_16.90517,viirs_noaa20,N20,2026-08-04 12:06:00,40.52063,16.90517,2.84,nominal
viirs_noaa20_2026-08-04_1206_44.48685_11.26023,viirs_noaa20,N20,2026-08-04 12:06:00,44.48685,11.26023,5.19,nominal
viirs_noaa20_2026-08-04_1206_44.49261_11.25336,viirs_noaa20,N20,2026-08-04 12:06:00,44.49261,11.25336,2.96,nominal
viirs_noaa20_2026-08-04_1206_44.49588_11.25232,viirs_noaa20,N20,2026-08-04 12:06:00,44.49588,11.25232,2.96,nominal
viirs_noaa20_2026-08-04_1206_44.49837_11.24650,viirs_noaa20,N20,2026-08-04 12:06:00,44.49837,11.2465,3.12,nominal
viirs_noaa20_2026-08-04_1206_40.57599_16.76989,viirs_noaa20,N20,2026-08-04 12:06:00,40.57599,16.76989,8.6,nominal
viirs_noaa20_2026-08-04_1206_44.52861_11.41304,viirs_noaa20,N20,2026-08-04 12:06:00,44.52861,11.41304,3.15,low
viirs_noaa20_2026-08-04_1206_44.50009_11.23587,viirs_noaa20,N20,2026-08-04 12:06:00,44.50009,11.23587,3.56,nominal
viirs_noaa20_2026-08-04_1206_44.54222_11.39122,viirs_noaa20,N20,2026-08-04 12:06:00,44.54222,11.39122,4.15,nominal
viirs_noaa20_2026-08-04_1206_41.19814_15.66822,viirs_noaa20,N20,2026-08-04 12:06:00,41.19814,15.66822,11.28,low
viirs_noaa20_2026-08-04_1206_44.55873_11.36590,viirs_noaa20,N20,2026-08-04 12:06:00,44.55873,11.3659,3.22,low
viirs_noaa20_2026-08-04_1206_44.60674_11.36588,viirs_noaa20,N20,2026-08-04 12:06:00,44.60674,11.36588,3.38,nominal
viirs_noaa20_2026-08-04_1206_44.61731_11.36759,viirs_noaa20,N20,2026-08-04 12:06:00,44.61731,11.36759,6.09,nominal
viirs_noaa20_2026-08-04_1206_44.62364_11.38572,viirs_noaa20,N20,2026-08-04 12:06:00,44.62364,11.38572,4.54,low
viirs_noaa20_2026-08-04_1206_44.56680_10.80810,viirs_noaa20,N20,2026-08-04 12:06:00,44.5668,10.8081,3.08,low
viirs_noaa20_2026-08-04_1206_41.81611_15.71377,viirs_noaa20,N20,2026-08-04 12:06:00,41.81611,15.71377,23.25,nominal
viirs_noaa20_2026-08-04_1206_41.81951_15.71294,viirs_noaa20,N20,2026-08-04 12:06:00,41.81951,15.71294,10.38,nominal
viirs_noaa20_2026-08-04_1206_45.35006_16.10247,viirs_noaa20,N20,2026-08-04 12:06:00,45.35006,16.10247,3.39,nominal
viirs_noaa20_2026-08-04_1206_45.40667_16.43382,viirs_noaa20,N20,2026-08-04 12:06:00,45.40667,16.43382,4.86,low
viirs_noaa20_2026-08-04_1206_44.80033_11.57066,viirs_noaa20,N20,2026-08-04 12:06:00,44.80033,11.57066,2.41,low
viirs_noaa20_2026-08-04_1206_44.80435_11.57443,viirs_noaa20,N20,2026-08-04 12:06:00,44.80435,11.57443,1.18,nominal
viirs_noaa20_2026-08-04_1206_44.79927_10.57311,viirs_noaa20,N20,2026-08-04 12:06:00,44.79927,10.57311,1.58,nominal
viirs_noaa20_2026-08-04_1206_44.94207_10.70845,viirs_noaa20,N20,2026-08-04 12:06:00,44.94207,10.70845,1.57,nominal
viirs_noaa20_2026-08-04_1206_44.62926_8.75938,viirs_noaa20,N20,2026-08-04 12:06:00,44.62926,8.75938,8.2,low
viirs_noaa20_2026-08-04_1206_41.86522_14.98360,viirs_noaa20,N20,2026-08-04 12:06:00,41.86522,14.9836,10.91,nominal
viirs_noaa20_2026-08-04_1206_44.98459_10.42908,viirs_noaa20,N20,2026-08-04 12:06:00,44.98459,10.42908,5.48,low
viirs_noaa20_2026-08-04_1206_45.24265_11.81819,viirs_noaa20,N20,2026-08-04 12:06:00,45.24265,11.81819,2.23,nominal
viirs_noaa20_2026-08-04_1206_45.38854_11.94410,viirs_noaa20,N20,2026-08-04 12:06:00,45.38854,11.9441,3.02,low
viirs_noaa20_2026-08-04_1206_42.54657_18.94398,viirs_noaa20,N20,2026-08-04 12:06:00,42.54657,18.94398,5.61,nominal
viirs_noaa20_2026-08-04_1206_45.38780_11.93926,viirs_noaa20,N20,2026-08-04 12:06:00,45.3878,11.93926,3.02,low
viirs_noaa20_2026-08-04_1206_45.39433_11.93725,viirs_noaa20,N20,2026-08-04 12:06:00,45.39433,11.93725,3.08,nominal
viirs_noaa20_2026-08-04_1206_45.33365_11.47966,viirs_noaa20,N20,2026-08-04 12:06:00,45.33365,11.47966,1.77,low
viirs_noaa20_2026-08-04_1206_42.63872_18.28446,viirs_noaa20,N20,2026-08-04 12:06:00,42.63872,18.28446,8.85,nominal
viirs_noaa20_2026-08-04_1206_45.14289_9.94191,viirs_noaa20,N20,2026-08-04 12:06:00,45.14289,9.94191,4.03,low
viirs_noaa20_2026-08-04_1206_42.64318_18.29018,viirs_noaa20,N20,2026-08-04 12:06:00,42.64318,18.29018,8.85,nominal
viirs_noaa20_2026-08-04_1206_45.30106_10.86863,viirs_noaa20,N20,2026-08-04 12:06:00,45.30106,10.86863,3.83,nominal
viirs_noaa20_2026-08-04_1206_42.64250_18.28366,viirs_noaa20,N20,2026-08-04 12:06:00,42.6425,18.28366,8.85,nominal
viirs_noaa20_2026-08-04_1206_45.37459_11.28372,viirs_noaa20,N20,2026-08-04 12:06:00,45.37459,11.28372,2.62,low
viirs_noaa20_2026-08-04_1206_42.64181_18.27705,viirs_noaa20,N20,2026-08-04 12:06:00,42.64181,18.27705,6.25,nominal
viirs_noaa20_2026-08-04_1206_45.41395_11.10046,viirs_noaa20,N20,2026-08-04 12:06:00,45.41395,11.10046,3.52,low
viirs_noaa20_2026-08-04_1206_42.64695_18.28936,viirs_noaa20,N20,2026-08-04 12:06:00,42.64695,18.28936,9.55,nominal
viirs_noaa20_2026-08-04_1206_42.64558_18.27624,viirs_noaa20,N20,2026-08-04 12:06:00,42.64558,18.27624,2.55,nominal
viirs_noaa20_2026-08-04_1206_45.41478_10.97757,viirs_noaa20,N20,2026-08-04 12:06:00,45.41478,10.97757,2.63,low
viirs_noaa20_2026-08-04_1206_42.29723_13.39666,viirs_noaa20,N20,2026-08-04 12:06:00,42.29723,13.39666,4.95,low
viirs_noaa20_2026-08-04_1206_45.41804_10.97651,viirs_noaa20,N20,2026-08-04 12:06:00,45.41804,10.97651,2.63,nominal
viirs_noaa20_2026-08-04_1206_45.57252_11.89508,viirs_noaa20,N20,2026-08-04 12:06:00,45.57252,11.89508,1.69,low
viirs_noaa20_2026-08-04_1206_45.44883_10.87144,viirs_noaa20,N20,2026-08-04 12:06:00,45.44883,10.87144,4.35,low
viirs_noaa20_2026-08-04_1206_45.89349_13.47234,viirs_noaa20,N20,2026-08-04 12:06:00,45.89349,13.47234,2.89,low
viirs_noaa20_2026-08-04_1206_45.64584_11.66063,viirs_noaa20,N20,2026-08-04 12:06:00,45.64584,11.66063,2.39,nominal
viirs_noaa20_2026-08-04_1206_45.64910_11.65961,viirs_noaa20,N20,2026-08-04 12:06:00,45.6491,11.65961,2.39,nominal
viirs_noaa20_2026-08-04_1206_44.99166_7.50280,viirs_noaa20,N20,2026-08-04 12:06:00,44.99166,7.5028,2.64,low
viirs_noaa20_2026-08-04_1206_45.86215_12.27574,viirs_noaa20,N20,2026-08-04 12:06:00,45.86215,12.27574,2.68,nominal
viirs_noaa20_2026-08-04_1206_45.86142_12.27083,viirs_noaa20,N20,2026-08-04 12:06:00,45.86142,12.27083,2.68,nominal
viirs_noaa20_2026-08-04_1206_45.52293_9.89513,viirs_noaa20,N20,2026-08-04 12:06:00,45.52293,9.89513,3.06,nominal
viirs_noaa20_2026-08-04_1206_45.52814_9.80341,viirs_noaa20,N20,2026-08-04 12:06:00,45.52814,9.80341,3.36,nominal
viirs_noaa20_2026-08-04_1206_45.52728_9.79840,viirs_noaa20,N20,2026-08-04 12:06:00,45.52728,9.7984,2.47,nominal
viirs_noaa20_2026-08-04_1206_45.90846_11.92477,viirs_noaa20,N20,2026-08-04 12:06:00,45.90846,11.92477,3.97,nominal
viirs_noaa20_2026-08-04_1208_45.86625_11.01384,viirs_noaa20,N20,2026-08-04 12:08:00,45.86625,11.01384,4.78,nominal
viirs_noaa20_2026-08-04_1208_45.64912_9.64213,viirs_noaa20,N20,2026-08-04 12:08:00,45.64912,9.64213,2.6,nominal
viirs_noaa20_2026-08-04_1208_45.88528_10.85536,viirs_noaa20,N20,2026-08-04 12:08:00,45.88528,10.85536,3.13,low
viirs_noaa20_2026-08-04_1208_46.02248_11.30971,viirs_noaa20,N20,2026-08-04 12:08:00,46.02248,11.30971,2.3,nominal
viirs_noaa20_2026-08-04_1208_45.70636_9.13182,viirs_noaa20,N20,2026-08-04 12:08:00,45.70636,9.13182,4.7,low
viirs_noaa20_2026-08-04_1208_45.72446_8.17007,viirs_noaa20,N20,2026-08-04 12:08:00,45.72446,8.17007,22.59,nominal
viirs_noaa20_2026-08-04_1208_46.27189_9.37825,viirs_noaa20,N20,2026-08-04 12:08:00,46.27189,9.37825,4.61,nominal
viirs_noaa20_2026-08-04_1208_47.17202_7.56165,viirs_noaa20,N20,2026-08-04 12:08:00,47.17202,7.56165,2.61,low
viirs_noaa20_2026-08-04_1346_36.59973_6.15114,viirs_noaa20,N20,2026-08-04 13:46:00,36.59973,6.15114,23.25,nominal
viirs_noaa20_2026-08-04_1346_36.60696_6.15661,viirs_noaa20,N20,2026-08-04 13:46:00,36.60696,6.15661,23.25,high
viirs_noaa20_2026-08-04_1346_36.60712_6.16535,viirs_noaa20,N20,2026-08-04 13:46:00,36.60712,6.16535,25.84,nominal
viirs_noaa20_2026-08-04_1346_36.61391_6.14853,viirs_noaa20,N20,2026-08-04 13:46:00,36.61391,6.14853,11.98,nominal
viirs_noaa20_2026-08-04_1346_36.60367_6.16172,viirs_noaa20,N20,2026-08-04 13:46:00,36.60367,6.16172,18.13,nominal
viirs_noaa20_2026-08-04_1346_36.60355_6.15293,viirs_noaa20,N20,2026-08-04 13:46:00,36.60355,6.15293,18.13,nominal
viirs_noaa20_2026-08-04_1346_36.61071_6.15589,viirs_noaa20,N20,2026-08-04 13:46:00,36.61071,6.15589,18.13,high
viirs_noaa20_2026-08-05_0024_39.53350_15.97484,viirs_noaa20,N20,2026-08-05 00:24:00,39.5335,15.97484,0.5,nominal
viirs_noaa20_2026-08-05_0024_39.19432_17.00883,viirs_noaa20,N20,2026-08-05 00:24:00,39.19432,17.00883,0.86,nominal
viirs_noaa20_2026-08-05_0024_39.05479_16.10913,viirs_noaa20,N20,2026-08-05 00:24:00,39.05479,16.10913,1.17,nominal
viirs_noaa20_2026-08-05_0024_38.99377_16.61875,viirs_noaa20,N20,2026-08-05 00:24:00,38.99377,16.61875,1.65,nominal
viirs_noaa20_2026-08-05_0024_39.00103_16.22520,viirs_noaa20,N20,2026-08-05 00:24:00,39.00103,16.2252,4.93,nominal
viirs_noaa20_2026-08-05_0024_39.00061_16.22969,viirs_noaa20,N20,2026-08-05 00:24:00,39.00061,16.22969,4.93,nominal
viirs_noaa20_2026-08-05_0024_38.99686_16.22366,viirs_noaa20,N20,2026-08-05 00:24:00,38.99686,16.22366,4.93,nominal
viirs_noaa20_2026-08-05_0024_38.99641_16.22862,viirs_noaa20,N20,2026-08-05 00:24:00,38.99641,16.22862,4.93,nominal
viirs_noaa20_2026-08-05_0024_38.99002_16.20420,viirs_noaa20,N20,2026-08-05 00:24:00,38.99002,16.2042,4.87,nominal
viirs_noaa20_2026-08-05_0024_38.98949_16.21007,viirs_noaa20,N20,2026-08-05 00:24:00,38.98949,16.21007,10.45,nominal
viirs_noaa20_2026-08-05_0024_38.98532_16.20857,viirs_noaa20,N20,2026-08-05 00:24:00,38.98532,16.20857,5.78,nominal
viirs_noaa20_2026-08-05_0024_38.98585_16.20266,viirs_noaa20,N20,2026-08-05 00:24:00,38.98585,16.20266,2.12,nominal
viirs_noaa20_2026-08-05_0024_38.99022_16.20942,viirs_noaa20,N20,2026-08-05 00:24:00,38.99022,16.20942,4.97,high
viirs_noaa20_2026-08-05_0024_38.99079_16.20362,viirs_noaa20,N20,2026-08-05 00:24:00,38.99079,16.20362,4.97,nominal
viirs_noaa20_2026-08-05_0024_38.98607_16.20792,viirs_noaa20,N20,2026-08-05 00:24:00,38.98607,16.20792,4.97,nominal
viirs_noaa20_2026-08-05_0024_38.98664_16.20203,viirs_noaa20,N20,2026-08-05 00:24:00,38.98664,16.20203,4.97,nominal
viirs_noaa20_2026-08-05_0024_38.79689_15.20669,viirs_noaa20,N20,2026-08-05 00:24:00,38.79689,15.20669,2.6,nominal
viirs_noaa20_2026-08-05_0024_38.79229_15.20774,viirs_noaa20,N20,2026-08-05 00:24:00,38.79229,15.20774,2.6,nominal
viirs_noaa20_2026-08-05_0024_37.93949_13.23720,viirs_noaa20,N20,2026-08-05 00:24:00,37.93949,13.2372,3.21,nominal
viirs_noaa20_2026-08-05_0024_37.93814_13.23637,viirs_noaa20,N20,2026-08-05 00:24:00,37.93814,13.23637,2.4,nominal
viirs_noaa20_2026-08-05_0024_37.92489_13.21274,viirs_noaa20,N20,2026-08-05 00:24:00,37.92489,13.21274,4.02,nominal
viirs_noaa20_2026-08-05_0024_37.90303_13.23898,viirs_noaa20,N20,2026-08-05 00:24:00,37.90303,13.23898,2.21,nominal
viirs_noaa20_2026-08-05_0024_37.75555_15.03498,viirs_noaa20,N20,2026-08-05 00:24:00,37.75555,15.03498,1.04,nominal
viirs_noaa20_2026-08-05_0024_37.75452_14.99544,viirs_noaa20,N20,2026-08-05 00:24:00,37.75452,14.99544,0.8,nominal
viirs_noaa20_2026-08-05_0024_37.75116_15.03363,viirs_noaa20,N20,2026-08-05 00:24:00,37.75116,15.03363,1.04,nominal
viirs_noaa20_2026-08-05_0024_37.11894_14.63243,viirs_noaa20,N20,2026-08-05 00:24:00,37.11894,14.63243,1.5,nominal
viirs_noaa20_2026-08-05_0024_37.11848_14.63790,viirs_noaa20,N20,2026-08-05 00:24:00,37.11848,14.6379,1.46,nominal
viirs_noaa20_2026-08-05_0024_36.87084_6.97703,viirs_noaa20,N20,2026-08-05 00:24:00,36.87084,6.97703,3.42,nominal
viirs_noaa20_2026-08-05_0026_36.87036_6.97637,viirs_noaa20,N20,2026-08-05 00:26:00,36.87036,6.97637,3.48,nominal
viirs_noaa20_2026-08-05_0026_36.86410_6.95243,viirs_noaa20,N20,2026-08-05 00:26:00,36.8641,6.95243,3.05,nominal
viirs_noaa20_2026-08-05_0026_36.76510_7.30314,viirs_noaa20,N20,2026-08-05 00:26:00,36.7651,7.30314,1.44,nominal
viirs_noaa20_2026-08-05_0026_36.74762_6.24835,viirs_noaa20,N20,2026-08-05 00:26:00,36.74762,6.24835,3.46,nominal
viirs_noaa20_2026-08-05_0026_36.62507_6.12991,viirs_noaa20,N20,2026-08-05 00:26:00,36.62507,6.12991,1.9,nominal
viirs_noaa20_2026-08-05_0026_36.62498_6.13561,viirs_noaa20,N20,2026-08-05 00:26:00,36.62498,6.13561,1.9,nominal
viirs_noaa20_2026-08-05_0026_36.62457_6.16159,viirs_noaa20,N20,2026-08-05 00:26:00,36.62457,6.16159,2.18,nominal
viirs_noaa20_2026-08-05_0026_36.61742_6.16438,viirs_noaa20,N20,2026-08-05 00:26:00,36.61742,6.16438,2.18,nominal
viirs_noaa20_2026-08-05_0026_36.62072_6.13388,viirs_noaa20,N20,2026-08-05 00:26:00,36.62072,6.13388,3.75,nominal
viirs_noaa20_2026-08-05_0026_36.62006_6.16579,viirs_noaa20,N20,2026-08-05 00:26:00,36.62006,6.16579,3.55,nominal
viirs_noaa20_2026-08-05_0026_35.87167_6.02674,viirs_noaa20,N20,2026-08-05 00:26:00,35.87167,6.02674,1.27,nominal
viirs_noaa20_2026-08-05_0022_47.37917_15.06559,viirs_noaa20,N20,2026-08-05 00:22:00,47.37917,15.06559,1.8,nominal
viirs_noaa20_2026-08-05_0022_46.07085_13.62854,viirs_noaa20,N20,2026-08-05 00:22:00,46.07085,13.62854,0.72,nominal
viirs_noaa20_2026-08-05_0022_45.87057_9.34561,viirs_noaa20,N20,2026-08-05 00:22:00,45.87057,9.34561,3.74,nominal
viirs_noaa20_2026-08-05_0022_45.87054_9.34950,viirs_noaa20,N20,2026-08-05 00:22:00,45.87054,9.3495,3.74,nominal
viirs_noaa20_2026-08-05_0022_45.87050_9.35311,viirs_noaa20,N20,2026-08-05 00:22:00,45.8705,9.35311,4.28,nominal
viirs_noaa20_2026-08-05_0022_45.87046_9.35687,viirs_noaa20,N20,2026-08-05 00:22:00,45.87046,9.35687,4.28,nominal
viirs_noaa20_2026-08-05_0022_45.87043_9.36095,viirs_noaa20,N20,2026-08-05 00:22:00,45.87043,9.36095,2.67,nominal
viirs_noaa20_2026-08-05_0022_45.86415_9.35037,viirs_noaa20,N20,2026-08-05 00:22:00,45.86415,9.35037,3.17,nominal
viirs_noaa20_2026-08-05_0022_45.86411_9.35457,viirs_noaa20,N20,2026-08-05 00:22:00,45.86411,9.35457,1.49,nominal
viirs_noaa20_2026-08-05_0022_45.86407_9.35852,viirs_noaa20,N20,2026-08-05 00:22:00,45.86407,9.35852,1.49,nominal
viirs_noaa20_2026-08-05_0022_45.45168_18.03620,viirs_noaa20,N20,2026-08-05 00:22:00,45.45168,18.0362,0.94,nominal
viirs_noaa20_2026-08-05_0022_45.87513_9.35032,viirs_noaa20,N20,2026-08-05 00:22:00,45.87513,9.35032,2.97,nominal
viirs_noaa20_2026-08-05_0022_45.87519_9.34580,viirs_noaa20,N20,2026-08-05 00:22:00,45.87519,9.3458,2.97,nominal
viirs_noaa20_2026-08-05_0022_45.87507_9.35481,viirs_noaa20,N20,2026-08-05 00:22:00,45.87507,9.35481,2.52,nominal
viirs_noaa20_2026-08-05_0022_45.87501_9.35983,viirs_noaa20,N20,2026-08-05 00:22:00,45.87501,9.35983,2.52,nominal
viirs_noaa20_2026-08-05_0022_45.86881_9.34561,viirs_noaa20,N20,2026-08-05 00:22:00,45.86881,9.34561,4.91,nominal
viirs_noaa20_2026-08-05_0022_45.86876_9.34963,viirs_noaa20,N20,2026-08-05 00:22:00,45.86876,9.34963,2.97,nominal
viirs_noaa20_2026-08-05_0022_45.86871_9.35338,viirs_noaa20,N20,2026-08-05 00:22:00,45.86871,9.35338,2.97,nominal
viirs_noaa20_2026-08-05_0022_45.86866_9.35722,viirs_noaa20,N20,2026-08-05 00:22:00,45.86866,9.35722,2.52,nominal
viirs_noaa20_2026-08-05_0022_45.72748_8.16895,viirs_noaa20,N20,2026-08-05 00:22:00,45.72748,8.16895,13.18,nominal
viirs_noaa20_2026-08-05_0022_45.72747_8.17383,viirs_noaa20,N20,2026-08-05 00:22:00,45.72747,8.17383,13.18,high
viirs_noaa20_2026-08-05_0022_45.72749_8.16292,viirs_noaa20,N20,2026-08-05 00:22:00,45.72749,8.16292,6.69,nominal
viirs_noaa20_2026-08-05_0022_45.72747_8.17856,viirs_noaa20,N20,2026-08-05 00:22:00,45.72747,8.17856,9.95,nominal
viirs_noaa20_2026-08-05_0022_45.72077_8.16575,viirs_noaa20,N20,2026-08-05 00:22:00,45.72077,8.16575,13.18,nominal
viirs_noaa20_2026-08-05_0022_45.14890_9.93791,viirs_noaa20,N20,2026-08-05 00:22:00,45.1489,9.93791,1.88,nominal
viirs_noaa20_2026-08-05_0022_45.14437_9.93923,viirs_noaa20,N20,2026-08-05 00:22:00,45.14437,9.93923,2.41,nominal
viirs_noaa20_2026-08-05_0022_44.52798_18.52483,viirs_noaa20,N20,2026-08-05 00:22:00,44.52798,18.52483,0.72,nominal
viirs_noaa20_2026-08-05_0022_44.63698_16.63947,viirs_noaa20,N20,2026-08-05 00:22:00,44.63698,16.63947,2.09,nominal
viirs_noaa20_2026-08-05_0022_43.54409_16.43814,viirs_noaa20,N20,2026-08-05 00:22:00,43.54409,16.43814,0.96,nominal
viirs_noaa20_2026-08-05_0022_42.64375_18.29680,viirs_noaa20,N20,2026-08-05 00:22:00,42.64375,18.2968,1.96,nominal
viirs_noaa20_2026-08-05_0022_42.64043_18.28921,viirs_noaa20,N20,2026-08-05 00:22:00,42.64043,18.28921,2.38,nominal
viirs_noaa20_2026-08-05_0022_42.63977_18.29603,viirs_noaa20,N20,2026-08-05 00:22:00,42.63977,18.29603,2.38,nominal
viirs_noaa20_2026-08-05_0022_42.63710_18.28183,viirs_noaa20,N20,2026-08-05 00:22:00,42.6371,18.28183,9.04,nominal
viirs_noaa20_2026-08-05_0022_42.63645_18.28853,viirs_noaa20,N20,2026-08-05 00:22:00,42.63645,18.28853,2.38,nominal
viirs_noaa20_2026-08-05_0022_42.64178_18.29611,viirs_noaa20,N20,2026-08-05 00:22:00,42.64178,18.29611,2.34,nominal
viirs_noaa20_2026-08-05_0022_42.63850_18.28857,viirs_noaa20,N20,2026-08-05 00:22:00,42.6385,18.28857,4.14,nominal
viirs_noaa20_2026-08-05_0022_42.63918_18.28191,viirs_noaa20,N20,2026-08-05 00:22:00,42.63918,18.28191,4.14,nominal
viirs_noaa20_2026-08-05_0022_42.63781_18.29537,viirs_noaa20,N20,2026-08-05 00:22:00,42.63781,18.29537,1.12,nominal
viirs_noaa20_2026-08-05_0022_42.63519_18.28129,viirs_noaa20,N20,2026-08-05 00:22:00,42.63519,18.28129,4.14,nominal
viirs_noaa20_2026-08-05_0022_42.54259_18.97535,viirs_noaa20,N20,2026-08-05 00:22:00,42.54259,18.97535,2.05,nominal
viirs_noaa20_2026-08-05_0022_42.54197_18.98116,viirs_noaa20,N20,2026-08-05 00:22:00,42.54197,18.98116,0.82,nominal
viirs_noaa20_2026-08-05_0022_42.53815_18.98016,viirs_noaa20,N20,2026-08-05 00:22:00,42.53815,18.98016,0.82,nominal
viirs_noaa20_2026-08-05_0024_42.28532_13.41388,viirs_noaa20,N20,2026-08-05 00:24:00,42.28532,13.41388,0.98,nominal
viirs_noaa20_2026-08-05_0024_42.09193_13.64231,viirs_noaa20,N20,2026-08-05 00:24:00,42.09193,13.64231,0.9,nominal
viirs_noaa20_2026-08-05_0024_42.09172_13.64576,viirs_noaa20,N20,2026-08-05 00:24:00,42.09172,13.64576,0.9,nominal
viirs_noaa20_2026-08-05_0024_41.96588_14.69717,viirs_noaa20,N20,2026-08-05 00:24:00,41.96588,14.69717,11.1,nominal
viirs_noaa20_2026-08-05_0024_41.96639_14.69007,viirs_noaa20,N20,2026-08-05 00:24:00,41.96639,14.69007,11.1,nominal
viirs_noaa20_2026-08-05_0024_41.83245_15.29738,viirs_noaa20,N20,2026-08-05 00:24:00,41.83245,15.29738,1.97,nominal
viirs_noaa20_2026-08-05_0024_41.82862_15.29584,viirs_noaa20,N20,2026-08-05 00:24:00,41.82862,15.29584,2.04,nominal
viirs_noaa20_2026-08-05_0024_41.85257_14.66285,viirs_noaa20,N20,2026-08-05 00:24:00,41.85257,14.66285,2,nominal
viirs_noaa20_2026-08-05_0024_41.84787_14.66127,viirs_noaa20,N20,2026-08-05 00:24:00,41.84787,14.66127,2,nominal
viirs_noaa20_2026-08-05_0024_41.84726_14.66977,viirs_noaa20,N20,2026-08-05 00:24:00,41.84726,14.66977,2,nominal
viirs_noaa20_2026-08-05_0024_41.78223_15.23231,viirs_noaa20,N20,2026-08-05 00:24:00,41.78223,15.23231,2.46,nominal
viirs_noaa20_2026-08-05_0024_41.77762_15.23161,viirs_noaa20,N20,2026-08-05 00:24:00,41.77762,15.23161,2.46,nominal
viirs_noaa20_2026-08-05_0024_41.49190_13.07608,viirs_noaa20,N20,2026-08-05 00:24:00,41.4919,13.07608,4.55,nominal
viirs_noaa20_2026-08-05_0024_41.49166_13.08028,viirs_noaa20,N20,2026-08-05 00:24:00,41.49166,13.08028,4.55,nominal
viirs_noaa20_2026-08-05_0024_41.49144_13.08420,viirs_noaa20,N20,2026-08-05 00:24:00,41.49144,13.0842,2.67,nominal
viirs_noaa20_2026-08-05_0024_41.27426_16.04455,viirs_noaa20,N20,2026-08-05 00:24:00,41.27426,16.04455,1.23,nominal
viirs_noaa20_2026-08-05_0024_40.95216_16.84824,viirs_noaa20,N20,2026-08-05 00:24:00,40.95216,16.84824,0.49,nominal
viirs_noaa20_2026-08-05_0024_40.95171_16.85335,viirs_noaa20,N20,2026-08-05 00:24:00,40.95171,16.85335,0.67,nominal
viirs_noaa20_2026-08-05_0024_40.95154_16.85189,viirs_noaa20,N20,2026-08-05 00:24:00,40.95154,16.85189,1.22,nominal
viirs_noaa20_2026-08-05_0024_40.62907_17.99717,viirs_noaa20,N20,2026-08-05 00:24:00,40.62907,17.99717,1.57,nominal
viirs_noaa20_2026-08-05_0024_40.63023_17.99777,viirs_noaa20,N20,2026-08-05 00:24:00,40.63023,17.99777,0.78,nominal
viirs_noaa20_2026-08-05_0024_40.67478_16.09321,viirs_noaa20,N20,2026-08-05 00:24:00,40.67478,16.09321,2.72,nominal
viirs_noaa20_2026-08-05_0024_40.67088_16.08740,viirs_noaa20,N20,2026-08-05 00:24:00,40.67088,16.0874,2.72,nominal
viirs_noaa20_2026-08-05_0024_40.67043_16.09251,viirs_noaa20,N20,2026-08-05 00:24:00,40.67043,16.09251,2.72,nominal
viirs_noaa20_2026-08-05_0024_40.38480_17.38279,viirs_noaa20,N20,2026-08-05 00:24:00,40.3848,17.38279,0.56,nominal
viirs_noaa20_2026-08-05_0024_40.27922_18.15298,viirs_noaa20,N20,2026-08-05 00:24:00,40.27922,18.15298,1.01,nominal
viirs_noaa20_2026-08-05_0024_40.27742_18.13289,viirs_noaa20,N20,2026-08-05 00:24:00,40.27742,18.13289,1.7,nominal
viirs_noaa20_2026-08-05_0206_35.23423_8.17294,viirs_noaa20,N20,2026-08-05 02:06:00,35.23423,8.17294,0.97,nominal
viirs_noaa20_2026-08-05_0202_47.46715_12.63031,viirs_noaa20,N20,2026-08-05 02:02:00,47.46715,12.63031,0.56,nominal
viirs_noaa20_2026-08-05_0202_46.06860_13.62631,viirs_noaa20,N20,2026-08-05 02:02:00,46.0686,13.62631,0.73,nominal
viirs_noaa20_2026-08-05_0202_44.23253_18.61991,viirs_noaa20,N20,2026-08-05 02:02:00,44.23253,18.61991,0.77,nominal
viirs_noaa20_2026-08-05_0202_44.64160_16.63474,viirs_noaa20,N20,2026-08-05 02:02:00,44.6416,16.63474,1.55,nominal
viirs_noaa20_2026-08-05_0202_44.64047_16.63413,viirs_noaa20,N20,2026-08-05 02:02:00,44.64047,16.63413,1.95,nominal
viirs_noaa20_2026-08-05_0202_44.96673_14.12098,viirs_noaa20,N20,2026-08-05 02:02:00,44.96673,14.12098,0.96,nominal
viirs_noaa20_2026-08-05_0202_45.87291_9.35808,viirs_noaa20,N20,2026-08-05 02:02:00,45.87291,9.35808,1.97,nominal
viirs_noaa20_2026-08-05_0202_45.87457_9.35111,viirs_noaa20,N20,2026-08-05 02:02:00,45.87457,9.35111,1.97,nominal
viirs_noaa20_2026-08-05_0202_45.86946_9.35345,viirs_noaa20,N20,2026-08-05 02:02:00,45.86946,9.35345,2.7,nominal
viirs_noaa20_2026-08-05_0202_45.86399_9.35728,viirs_noaa20,N20,2026-08-05 02:02:00,45.86399,9.35728,1.95,nominal
viirs_noaa20_2026-08-05_0202_45.78371_8.68328,viirs_noaa20,N20,2026-08-05 02:02:00,45.78371,8.68328,1.04,nominal
viirs_noaa20_2026-08-05_0204_43.54338_16.43837,viirs_noaa20,N20,2026-08-05 02:04:00,43.54338,16.43837,3.72,nominal
viirs_noaa20_2026-08-05_0204_45.72818_8.17434,viirs_noaa20,N20,2026-08-05 02:04:00,45.72818,8.17434,3.47,nominal
viirs_noaa20_2026-08-05_0204_45.72443_8.17192,viirs_noaa20,N20,2026-08-05 02:04:00,45.72443,8.17192,3.47,nominal
viirs_noaa20_2026-08-05_0204_45.72573_8.16631,viirs_noaa20,N20,2026-08-05 02:04:00,45.72573,8.16631,1.76,nominal
viirs_noaa20_2026-08-05_0204_45.72049_8.17030,viirs_noaa20,N20,2026-08-05 02:04:00,45.72049,8.1703,0.81,nominal
viirs_noaa20_2026-08-05_0204_45.14736_9.94121,viirs_noaa20,N20,2026-08-05 02:04:00,45.14736,9.94121,5.27,nominal
viirs_noaa20_2026-08-05_0204_42.64122_18.29510,viirs_noaa20,N20,2026-08-05 02:04:00,42.64122,18.2951,1.09,nominal
viirs_noaa20_2026-08-05_0204_42.63819_18.28163,viirs_noaa20,N20,2026-08-05 02:04:00,42.63819,18.28163,2.15,nominal
viirs_noaa20_2026-08-05_0204_43.36478_12.54330,viirs_noaa20,N20,2026-08-05 02:04:00,43.36478,12.5433,0.6,nominal
viirs_noaa20_2026-08-05_0204_43.36469_12.54539,viirs_noaa20,N20,2026-08-05 02:04:00,43.36469,12.54539,1.11,nominal
viirs_noaa20_2026-08-05_0204_41.96854_14.69634,viirs_noaa20,N20,2026-08-05 02:04:00,41.96854,14.69634,1.84,nominal
viirs_noaa20_2026-08-05_0204_41.96300_14.69285,viirs_noaa20,N20,2026-08-05 02:04:00,41.963,14.69285,2.97,nominal
viirs_noaa20_2026-08-05_0204_41.84825_14.67054,viirs_noaa20,N20,2026-08-05 02:04:00,41.84825,14.67054,5.47,nominal
viirs_noaa20_2026-08-05_0204_41.84972_14.66578,viirs_noaa20,N20,2026-08-05 02:04:00,41.84972,14.66578,3.51,nominal
viirs_noaa20_2026-08-05_0204_42.09560_13.64363,viirs_noaa20,N20,2026-08-05 02:04:00,42.0956,13.64363,0.7,nominal
viirs_noaa20_2026-08-05_0204_42.08897_13.64489,viirs_noaa20,N20,2026-08-05 02:04:00,42.08897,13.64489,1.57,nominal
viirs_noaa20_2026-08-05_0204_42.42765_11.87957,viirs_noaa20,N20,2026-08-05 02:04:00,42.42765,11.87957,1.28,nominal
viirs_noaa20_2026-08-05_0204_41.48884_13.08091,viirs_noaa20,N20,2026-08-05 02:04:00,41.48884,13.08091,5.06,nominal
viirs_noaa20_2026-08-05_0204_41.49038_13.07572,viirs_noaa20,N20,2026-08-05 02:04:00,41.49038,13.07572,2.98,nominal
viirs_noaa20_2026-08-05_0204_41.49295_13.07828,viirs_noaa20,N20,2026-08-05 02:04:00,41.49295,13.07828,1.98,nominal
viirs_noaa20_2026-08-05_0204_41.49131_13.08397,viirs_noaa20,N20,2026-08-05 02:04:00,41.49131,13.08397,2.1,nominal
viirs_noaa20_2026-08-05_0204_41.48690_13.07788,viirs_noaa20,N20,2026-08-05 02:04:00,41.4869,13.07788,1.98,nominal
viirs_noaa20_2026-08-05_0204_41.48535_13.08324,viirs_noaa20,N20,2026-08-05 02:04:00,41.48535,13.08324,2.1,nominal
viirs_noaa20_2026-08-05_0204_39.00209_16.21747,viirs_noaa20,N20,2026-08-05 02:04:00,39.00209,16.21747,11.4,nominal
viirs_noaa20_2026-08-05_0204_38.99844_16.22833,viirs_noaa20,N20,2026-08-05 02:04:00,38.99844,16.22833,11.4,nominal
viirs_noaa20_2026-08-05_0204_38.99345_16.22028,viirs_noaa20,N20,2026-08-05 02:04:00,38.99345,16.22028,11.4,nominal
viirs_noaa20_2026-08-05_0204_38.99063_16.22865,viirs_noaa20,N20,2026-08-05 02:04:00,38.99063,16.22865,11.4,nominal
viirs_noaa20_2026-08-05_0204_39.00053_16.22465,viirs_noaa20,N20,2026-08-05 02:04:00,39.00053,16.22465,25.67,high
viirs_noaa20_2026-08-05_0204_38.99667_16.23635,viirs_noaa20,N20,2026-08-05 02:04:00,38.99667,16.23635,15.5,nominal
viirs_noaa20_2026-08-05_0204_38.99240_16.22604,viirs_noaa20,N20,2026-08-05 02:04:00,38.9924,16.22604,12.46,nominal
viirs_noaa20_2026-08-05_0204_38.99022_16.20942,viirs_noaa20,N20,2026-08-05 02:04:00,38.99022,16.20942,17.68,nominal
viirs_noaa20_2026-08-05_0204_38.98702_16.21913,viirs_noaa20,N20,2026-08-05 02:04:00,38.98702,16.21913,12.46,nominal
viirs_noaa20_2026-08-05_0204_38.79772_15.21507,viirs_noaa20,N20,2026-08-05 02:04:00,38.79772,15.21507,2.5,nominal
viirs_noaa20_2026-08-05_0204_38.79207_15.20974,viirs_noaa20,N20,2026-08-05 02:04:00,38.79207,15.20974,1.68,nominal
viirs_noaa20_2026-08-05_0204_38.79431_15.21347,viirs_noaa20,N20,2026-08-05 02:04:00,38.79431,15.21347,3.9,nominal
viirs_noaa20_2026-08-05_0204_37.84320_12.75404,viirs_noaa20,N20,2026-08-05 02:04:00,37.8432,12.75404,0.85,nominal
viirs_noaa20_2026-08-05_0204_36.97320_14.44113,viirs_noaa20,N20,2026-08-05 02:04:00,36.9732,14.44113,0.94,nominal
viirs_noaa20_2026-08-05_0204_36.97144_14.43906,viirs_noaa20,N20,2026-08-05 02:04:00,36.97144,14.43906,0.69,nominal
viirs_noaa20_2026-08-05_0206_36.59320_10.31791,viirs_noaa20,N20,2026-08-05 02:06:00,36.5932,10.31791,1.09,nominal
viirs_noaa20_2026-08-05_0206_36.76024_7.30730,viirs_noaa20,N20,2026-08-05 02:06:00,36.76024,7.3073,1,nominal
viirs_noaa20_2026-08-05_0206_36.74881_6.25305,viirs_noaa20,N20,2026-08-05 02:06:00,36.74881,6.25305,2.4,nominal
viirs_noaa20_2026-08-05_0206_36.74744_6.25871,viirs_noaa20,N20,2026-08-05 02:06:00,36.74744,6.25871,1.54,nominal
viirs_noaa20_2026-08-05_0206_36.74680_6.25792,viirs_noaa20,N20,2026-08-05 02:06:00,36.7468,6.25792,2.37,nominal
viirs_noaa20_2026-08-05_0206_36.74370_6.25062,viirs_noaa20,N20,2026-08-05 02:06:00,36.7437,6.25062,2.37,nominal
viirs_noaa20_2026-08-05_0206_36.62505_6.15912,viirs_noaa20,N20,2026-08-05 02:06:00,36.62505,6.15912,4.17,nominal
viirs_noaa20_2026-08-05_0206_36.62034_6.15876,viirs_noaa20,N20,2026-08-05 02:06:00,36.62034,6.15876,4.35,nominal
viirs_noaa20_2026-08-05_0206_36.62153_6.15370,viirs_noaa20,N20,2026-08-05 02:06:00,36.62153,6.1537,4.35,nominal
viirs_noaa20_2026-08-05_0206_36.61742_6.17123,viirs_noaa20,N20,2026-08-05 02:06:00,36.61742,6.17123,1.96,nominal
viirs_noaa20_2026-08-05_0206_36.61687_6.15313,viirs_noaa20,N20,2026-08-05 02:06:00,36.61687,6.15313,4.35,nominal
viirs_noaa20_2026-08-05_0206_36.61823_6.14731,viirs_noaa20,N20,2026-08-05 02:06:00,36.61823,6.14731,2.29,nominal
viirs_noaa20_2026-08-05_0206_35.86770_6.02456,viirs_noaa20,N20,2026-08-05 02:06:00,35.8677,6.02456,2.72,nominal
modis_2026-08-03_0826_45.29306_15.97832,modis,T,2026-08-03 08:26:00,45.29306,15.97832,10.45,65
modis_2026-08-03_0826_44.44199_18.15253,modis,T,2026-08-03 08:26:00,44.44199,18.15253,9.64,58
modis_2026-08-03_0826_43.98803_18.25187,modis,T,2026-08-03 08:26:00,43.98803,18.25187,10.64,55
modis_2026-08-03_0826_42.64716_18.28534,modis,T,2026-08-03 08:26:00,42.64716,18.28534,23.86,75
modis_2026-08-03_0826_42.29917_13.37928,modis,T,2026-08-03 08:26:00,42.29917,13.37928,13.11,36
modis_2026-08-03_0826_42.28552_13.40710,modis,T,2026-08-03 08:26:00,42.28552,13.4071,11.93,71
modis_2026-08-03_0826_41.59723_15.28336,modis,T,2026-08-03 08:26:00,41.59723,15.28336,14.35,73
modis_2026-08-03_0826_41.59689_15.27657,modis,T,2026-08-03 08:26:00,41.59689,15.27657,15.82,80
modis_2026-08-03_0826_40.90952_15.51043,modis,T,2026-08-03 08:26:00,40.90952,15.51043,12.01,45
modis_2026-08-03_0828_36.74183_6.25829,modis,T,2026-08-03 08:28:00,36.74183,6.25829,11.49,61
modis_2026-08-03_1440_36.94923_9.14943,modis,A,2026-08-03 14:40:00,36.94923,9.14943,20.39,80
modis_2026-08-03_1440_36.94763_9.13778,modis,A,2026-08-03 14:40:00,36.94763,9.13778,53.55,95
modis_2026-08-03_1440_36.95893_9.14049,modis,A,2026-08-03 14:40:00,36.95893,9.14049,6.78,61
modis_2026-08-03_1440_37.00069_9.24794,modis,A,2026-08-03 14:40:00,37.00069,9.24794,16.39,72
modis_2026-08-03_1440_37.00961_9.24629,modis,A,2026-08-03 14:40:00,37.00961,9.24629,11.73,61
modis_2026-08-03_1440_36.86917_6.98309,modis,A,2026-08-03 14:40:00,36.86917,6.98309,15.8,75
modis_2026-08-03_1440_36.78276_6.14424,modis,A,2026-08-03 14:40:00,36.78276,6.14424,43.96,91
modis_2026-08-03_1440_36.78095_6.13294,modis,A,2026-08-03 14:40:00,36.78095,6.13294,51.61,93
modis_2026-08-03_1440_36.79128_6.13651,modis,A,2026-08-03 14:40:00,36.79128,6.13651,21.35,80
modis_2026-08-03_1440_37.86354_13.03422,modis,A,2026-08-03 14:40:00,37.86354,13.03422,29.65,81
modis_2026-08-03_1440_37.86655_13.04624,modis,A,2026-08-03 14:40:00,37.86655,13.04624,17.04,71
modis_2026-08-03_1440_39.20819_8.98872,modis,A,2026-08-03 14:40:00,39.20819,8.98872,10.79,68
modis_2026-08-03_1930_36.94112_9.14196,modis,T,2026-08-03 19:30:00,36.94112,9.14196,27.93,100
modis_2026-08-03_1930_36.93897_9.12881,modis,T,2026-08-03 19:30:00,36.93897,9.12881,21.98,100
modis_2026-08-03_1930_36.94687_9.14730,modis,T,2026-08-03 19:30:00,36.94687,9.1473,21.22,100
modis_2026-08-03_1930_36.94481_9.13502,modis,T,2026-08-03 19:30:00,36.94481,9.13502,117.5,100
modis_2026-08-03_1930_36.94242_9.12098,modis,T,2026-08-03 19:30:00,36.94242,9.12098,8.19,74
modis_2026-08-03_1930_36.95629_9.14496,modis,T,2026-08-03 19:30:00,36.95629,9.14496,33.75,100
modis_2026-08-03_1930_36.95405_9.13167,modis,T,2026-08-03 19:30:00,36.95405,9.13167,23.69,100
modis_2026-08-03_1932_36.87209_6.97953,modis,T,2026-08-03 19:32:00,36.87209,6.97953,9.9,66
modis_2026-08-03_1932_41.40213_13.23948,modis,T,2026-08-03 19:32:00,41.40213,13.23948,33.74,100
modis_2026-08-03_1932_41.40076_13.22790,modis,T,2026-08-03 19:32:00,41.40076,13.2279,20.62,100
modis_2026-08-03_1932_42.10191_13.63889,modis,T,2026-08-03 19:32:00,42.10191,13.63889,5.82,30
modis_2026-08-03_1932_45.14991_9.94125,modis,T,2026-08-03 19:32:00,45.14991,9.94125,5.86,74
modis_2026-08-04_0905_45.86937_12.32883,modis,T,2026-08-04 09:05:00,45.86937,12.32883,26.72,75
modis_2026-08-04_0905_45.41074_10.93001,modis,T,2026-08-04 09:05:00,45.41074,10.93001,17.01,53
modis_2026-08-04_0905_45.76076_9.05395,modis,T,2026-08-04 09:05:00,45.76076,9.05395,15.52,54
modis_2026-08-04_0905_45.60904_9.45080,modis,T,2026-08-04 09:05:00,45.60904,9.4508,15.16,73
modis_2026-08-04_0905_45.48615_9.41666,modis,T,2026-08-04 09:05:00,45.48615,9.41666,15.24,66
modis_2026-08-04_0905_45.39906_9.26640,modis,T,2026-08-04 09:05:00,45.39906,9.2664,12.52,49
modis_2026-08-04_0905_45.38835_9.26201,modis,T,2026-08-04 09:05:00,45.38835,9.26201,13.12,32
modis_2026-08-04_0907_44.86250_8.81691,modis,T,2026-08-04 09:07:00,44.8625,8.81691,10.11,59
modis_2026-08-04_0907_42.09764_13.64164,modis,T,2026-08-04 09:07:00,42.09764,13.64164,34.55,27
modis_2026-08-04_1340_38.28028_15.91115,modis,A,2026-08-04 13:40:00,38.28028,15.91115,11.49,42
modis_2026-08-04_1340_37.93700_13.47226,modis,A,2026-08-04 13:40:00,37.937,13.47226,67.19,79
modis_2026-08-04_1340_37.93113_13.44676,modis,A,2026-08-04 13:40:00,37.93113,13.44676,63.48,77
modis_2026-08-04_1340_37.88591_13.25128,modis,A,2026-08-04 13:40:00,37.88591,13.25128,85.7,84
modis_2026-08-04_1340_37.87922_13.22253,modis,A,2026-08-04 13:40:00,37.87922,13.22253,40.67,66
modis_2026-08-04_1340_37.89249_13.21796,modis,A,2026-08-04 13:40:00,37.89249,13.21796,62.15,80
modis_2026-08-04_1340_37.88585_13.06487,modis,A,2026-08-04 13:40:00,37.88585,13.06487,26.19,35
modis_2026-08-04_1340_37.87893_13.03492,modis,A,2026-08-04 13:40:00,37.87893,13.03492,35.89,62
modis_2026-08-04_1340_37.90591_13.23949,modis,A,2026-08-04 13:40:00,37.90591,13.23949,28.53,69
modis_2026-08-04_1340_37.89924_13.21141,modis,A,2026-08-04 13:40:00,37.89924,13.21141,32.38,71
modis_2026-08-04_1340_37.88448_13.02784,modis,A,2026-08-04 13:40:00,37.88448,13.02784,33.76,64
modis_2026-08-04_1340_37.76174_12.51672,modis,A,2026-08-04 13:40:00,37.76174,12.51672,33.66,66
modis_2026-08-04_1340_40.36951_17.84821,modis,A,2026-08-04 13:40:00,40.36951,17.84821,24.35,81
modis_2026-08-04_1340_40.36696_17.83419,modis,A,2026-08-04 13:40:00,40.36696,17.83419,8.12,66
modis_2026-08-04_1340_40.57367_16.81668,modis,A,2026-08-04 13:40:00,40.57367,16.81668,37.39,85
modis_2026-08-04_1340_40.57073_16.80118,modis,A,2026-08-04 13:40:00,40.57073,16.80118,17.06,75
modis_2026-08-04_1340_40.58078_16.80959,modis,A,2026-08-04 13:40:00,40.58078,16.80959,47.13,88
modis_2026-08-04_1340_40.85630_15.90738,modis,A,2026-08-04 13:40:00,40.8563,15.90738,11.01,52
modis_2026-08-04_1340_40.85311_15.89129,modis,A,2026-08-04 13:40:00,40.85311,15.89129,49.51,87
modis_2026-08-04_1340_40.86668_15.90355,modis,A,2026-08-04 13:40:00,40.86668,15.90355,43.26,87
modis_2026-08-04_1340_40.86339_15.88692,modis,A,2026-08-04 13:40:00,40.86339,15.88692,123.13,98
modis_2026-08-04_1340_40.86029_15.89909,modis,A,2026-08-04 13:40:00,40.86029,15.89909,104.18,96
modis_2026-08-04_1340_40.85704_15.88308,modis,A,2026-08-04 13:40:00,40.85704,15.88308,53.12,89
modis_2026-08-04_1340_42.63880_18.29756,modis,A,2026-08-04 13:40:00,42.6388,18.29756,9.49,75
modis_2026-08-04_1340_42.63659_18.28483,modis,A,2026-08-04 13:40:00,42.63659,18.28483,62,95
modis_2026-08-04_1340_41.82333_12.44792,modis,A,2026-08-04 13:40:00,41.82333,12.44792,59.96,83
modis_2026-08-04_1340_41.81745_12.42213,modis,A,2026-08-04 13:40:00,41.81745,12.42213,84.7,87
modis_2026-08-04_1340_41.82304_12.44095,modis,A,2026-08-04 13:40:00,41.82304,12.44095,102.83,89
modis_2026-08-04_1340_41.81702_12.41525,modis,A,2026-08-04 13:40:00,41.81702,12.41525,45.32,79
modis_2026-08-04_1340_43.62837_16.39574,modis,A,2026-08-04 13:40:00,43.62837,16.39574,92.59,98
modis_2026-08-04_1340_43.62553_16.38062,modis,A,2026-08-04 13:40:00,43.62553,16.38062,21.82,80
modis_2026-08-04_1340_45.02370_9.75509,modis,A,2026-08-04 13:40:00,45.0237,9.75509,50.57,78
modis_2026-08-04_1340_45.01813_9.75064,modis,A,2026-08-04 13:40:00,45.01813,9.75064,42.35,75
modis_2026-08-04_1342_46.19598_11.12492,modis,A,2026-08-04 13:42:00,46.19598,11.12492,38,77
modis_2026-08-04_1342_46.19968_11.11849,modis,A,2026-08-04 13:42:00,46.19968,11.11849,28.32,75
modis_2026-08-04_1342_46.97519_11.78560,modis,A,2026-08-04 13:42:00,46.97519,11.7856,9.92,13
modis_2026-08-04_1832_38.99320_16.22159,modis,T,2026-08-04 18:32:00,38.9932,16.22159,31.68,50
modis_2026-08-04_1832_38.98421_16.18301,modis,T,2026-08-04 18:32:00,38.98421,16.18301,52.79,80
modis_2026-08-04_1832_38.99520_16.21531,modis,T,2026-08-04 18:32:00,38.9952,16.21531,46.55,75
modis_2026-08-04_1832_38.98545_16.17463,modis,T,2026-08-04 18:32:00,38.98545,16.17463,33.81,56
modis_2026-08-04_1832_40.67420_16.08463,modis,T,2026-08-04 18:32:00,40.6742,16.08463,14.89,35
modis_2026-08-04_1832_40.86359_15.89429,modis,T,2026-08-04 18:32:00,40.86359,15.89429,17.55,57
modis_2026-08-04_1832_41.12054_15.80225,modis,T,2026-08-04 18:32:00,41.12054,15.80225,25.86,57
modis_2026-08-04_1834_41.53044_15.55850,modis,T,2026-08-04 18:34:00,41.53044,15.5585,26.23,57
modis_2026-08-04_1834_42.53765_18.97081,modis,T,2026-08-04 18:34:00,42.53765,18.97081,12.15,62
modis_2026-08-04_1834_42.54132_18.98314,modis,T,2026-08-04 18:34:00,42.54132,18.98314,6.95,16
modis_2026-08-04_1834_42.53778_18.96560,modis,T,2026-08-04 18:34:00,42.53778,18.9656,7.91,26
modis_2026-08-04_1834_41.81623_15.24516,modis,T,2026-08-04 18:34:00,41.81623,15.24516,20.16,39
modis_2026-08-04_1834_41.81972_15.23692,modis,T,2026-08-04 18:34:00,41.81972,15.23692,27.15,58
modis_2026-08-04_1834_42.63496_18.28413,modis,T,2026-08-04 18:34:00,42.63496,18.28413,13.23,71
modis_2026-08-04_2008_36.61877_6.16535,modis,T,2026-08-04 20:08:00,36.61877,6.16535,15.27,90
modis_2026-08-04_2008_36.61738_6.15241,modis,T,2026-08-04 20:08:00,36.61738,6.15241,13.82,87
modis_2026-08-04_2008_36.61589_6.13852,modis,T,2026-08-04 20:08:00,36.61589,6.13852,38.5,100
modis_2026-08-04_2008_36.62548_6.13613,modis,T,2026-08-04 20:08:00,36.62548,6.13613,41.74,100
modis_2026-08-05_0313_45.72659_8.17505,modis,A,2026-08-05 03:13:00,45.72659,8.17505,42.19,100
modis_2026-08-05_0313_45.72509_8.19043,modis,A,2026-08-05 03:13:00,45.72509,8.19043,8.31,50
modis_2026-08-05_0313_45.15189_9.94139,modis,A,2026-08-05 03:13:00,45.15189,9.94139,44.74,100
modis_2026-08-05_0313_45.15015_9.95661,modis,A,2026-08-05 03:13:00,45.15015,9.95661,24.83,100
modis_2026-08-05_0315_42.64247_18.29607,modis,A,2026-08-05 03:15:00,42.64247,18.29607,7.55,47
modis_2026-08-05_0315_41.96974_14.68961,modis,A,2026-08-05 03:15:00,41.96974,14.68961,5.51,63
modis_2026-08-05_0315_41.96771_14.70169,modis,A,2026-08-05 03:15:00,41.96771,14.70169,45.3,100
modis_2026-08-05_0315_41.85184_14.66547,modis,A,2026-08-05 03:15:00,41.85184,14.66547,13.79,90
modis_2026-08-05_0315_41.84981_14.67761,modis,A,2026-08-05 03:15:00,41.84981,14.67761,21.91,100
modis_2026-08-05_0315_40.66804_16.09251,modis,A,2026-08-05 03:15:00,40.66804,16.09251,6.67,63
modis_2026-08-05_0315_38.99889_16.22442,modis,A,2026-08-05 03:15:00,38.99889,16.22442,31.69,100
modis_2026-08-05_0315_38.99590_16.24020,modis,A,2026-08-05 03:15:00,38.9959,16.2402,34.93,100
modis_2026-08-05_0315_38.99152_16.20863,modis,A,2026-08-05 03:15:00,38.99152,16.20863,20.94,92
modis_2026-08-05_0315_38.98874_16.22326,modis,A,2026-08-05 03:15:00,38.98874,16.22326,9.46,51
