{
  "type": "FeatureCollection",
  "properties": {
    "generated_at": "2026-10-04T12:39:59Z",
    "window_days": 7,
    "excluded_count": 704
  },
  "features": [
    {
      "type": "Feature",
      "properties": {
        "source": "viirs_snpp",
        "satellite": "N",
        "acq_at": "2026-09-27 13:14:00",
        "frp": "5.16",
        "confidence": "nominal"
      },
      "geometry": {
        "type": "Point",
        "coordinates": [
          8.35364,
          36.16241
        ]
      }
    },
    {
      "type": "Feature",
      "properties": {
        "source": "viirs_snpp",
        "satellite": "N",
        "acq_at": "2026-09-27 13:14:00",
        "frp": "14.29",
        "confidence": "nominal"
      },
      "geometry": {
        "type": "Point",
        "coordinates": [
          9.02042,
          36.35429
        ]
      }
    },
    {
      "type": "Feature",
      "properties": {
        "source": "viirs_snpp",
        "satellite": "N",
        "acq_at": "2026-09-27 13:14:00",
        "frp": "5.99",
        "confidence": "nominal"
      },
      "geometry": {
        "type": "Point",
        "coordinates": [
          9.01952,
          36.35491
        ]
      }
    },
    {
      "type": "Feature",
      "properties": {
        "source": "viirs_snpp",
        "satellite": "N",
        "acq_at": "2026-09-27 13:14:00",
        "frp": "2.97",
        "confidence": "nominal"
      },
      "geometry": {
        "type": "Point",
        "coordinates": [
          7.2004,
          36.22287
        ]
      }
    },
    {
      "type": "Feature",
      "properties": {
        "source": "viirs_snpp",
        "satellite": "N",
        "acq_at": "2026-09-27 13:14:00",
        "frp": "12.9",
        "confidence": "nominal"
      },
      "geometry": {
        "type": "Point",
        "coordinates": [
          7.11595,
          36.29203
        ]
      }
    },
    {
      "type": "Feature",
      "properties": {
        "source": "viirs_snpp",
        "satellite": "N",
        "acq_at": "2026-09-27 13:14:00",
        "frp": "8.96",
        "confidence": "nominal"
      },
      "geometry": {
        "type": "Point",
        "coordinates": [
          7.11504,
          36.29644
        ]
      }
    },
    {
      "type": "Feature",
      "properties": {
        "source": "viirs_snpp",
        "satellite": "N",
        "acq_at": "2026-09-27 13:14:00",
        "frp": "4.87",
        "confidence": "nominal"
      },
      "geometry": {
        "type": "Point",
        "coordinates": [
          6.82166,
          36.28704
        ]
      }
    },
    {
      "type": "Feature",
      "properties": {
        "source": "viirs_snpp",
        "satellite": "N",
        "acq_at": "2026-09-27 13:14:00",
        "frp": "4.3",
        "confidence": "nominal"
      },
      "geometry": {
        "type": "Point",
        "coordinates": [
          6.81914,
          36.28653
        ]
      }
    },
    {
      "type": "Feature",
      "properties": {
        "source": "viirs_snpp",
        "satellite": "N",
        "acq_at": "2026-09-27 13:14:00",
        "frp": "2.71",
        "confidence": "nominal"
      },
      "geometry": {
        "type": "Point",
        "coordinates": [
          7.48126,
          36.37066
        ]
      }
    },
    {
      "type": "Feature",
      "properties": {
        "source": "viirs_snpp",
        "satellite": "N",
        "acq_at": "2026-09-27 13:14:00",
        "frp": "1.82",
        "confidence": "nominal"
      },
      "geometry": {
        "type": "Point",
        "coordinates": [
          10.05007,
          36.58002
        ]
      }
    },
    {
      "type": "Feature",
      "properties": {
        "source": "viirs_snpp",
        "satellite": "N",
        "acq_at": "2026-09-27 13:14:00",
        "frp": "3.58",
        "confidence": "low"
      },
      "geometry": {
        "type": "Point",
        "coordinates": [
          6.66245,
          36.47581
        ]
      }
    },
    {
      "type": "Feature",
      "properties": {
        "source": "viirs_snpp",
        "satellite": "N",
        "acq_at": "2026-09-27 13:14:00",
        "frp": "6.46",
        "confidence": "low"
      },
      "geometry": {
        "type": "Point",
        "coordinates": [
          6.6658,
          36.47662
        ]
      }
    },
    {
      "type": "Feature",
      "properties": {
        "source": "viirs_snpp",
        "satellite": "N",
        "acq_at": "2026-09-27 13:14:00",
        "frp": "5.98",
        "confidence": "nominal"
      },
      "geometry": {
        "type": "Point",
        "coordinates": [
          9.58744,
          36.72919
        ]
      }
    },
    {
      "type": "Feature",
      "properties": {
        "source": "viirs_snpp",
        "satellite": "N",
        "acq_at": "2026-09-27 13:14:00",
        "frp": "2.87",
        "confidence": "nominal"
      },
      "geometry": {
        "type": "Point",
        "coordinates": [
          10.96921,
          36.8444
        ]
      }
    },
    {
      "type": "Feature",
      "properties": {
        "source": "viirs_snpp",
        "satellite": "N",
        "acq_at": "2026-09-27 13:14:00",
        "frp": "2.79",
        "confidence": "nominal"
      },
      "geometry": {
        "type": "Point",
        "coordinates": [
          9.5041,
          36.8167
        ]
      }
    },
    {
      "type": "Feature",
      "properties": {
        "source": "viirs_snpp",
        "satellite": "N",
        "acq_at": "2026-09-27 13:14:00",
        "frp": "2.79",
        "confidence": "nominal"
      },
      "geometry": {
        "type": "Point",
        "coordinates": [
          9.5034,
          36.82181
        ]
      }
    },
    {
      "type": "Feature",
      "properties": {
        "source": "viirs_snpp",
        "satellite": "N",
        "acq_at": "2026-09-27 13:14:00",
        "frp": "2.79",
        "confidence": "nominal"
      },
      "geometry": {
        "type": "Point",
        "coordinates": [
          9.49937,
          36.82153
        ]
      }
    },
    {
      "type": "Feature",
      "properties": {
        "source": "viirs_snpp",
        "satellite": "N",
        "acq_at": "2026-09-27 13:14:00",
        "frp": "2.87",
        "confidence": "nominal"
      },
      "geometry": {
        "type": "Point",
        "coordinates": [
          9.50396,
          36.8188
        ]
      }
    },
    {
      "type": "Feature",
      "properties": {
        "source": "viirs_snpp",
        "satellite": "N",
        "acq_at": "2026-09-27 13:14:00",
        "frp": "2.87",
        "confidence": "nominal"
      },
      "geometry": {
        "type": "Point",
        "coordinates": [
          9.49994,
          36.81854
        ]
      }
    },
    {
      "type": "Feature",
      "properties": {
        "source": "viirs_snpp",
        "satellite": "N",
        "acq_at": "2026-09-27 13:14:00",
        "frp": "2.87",
        "confidence": "nominal"
      },
      "geometry": {
        "type": "Point",
        "coordinates": [
          9.49916,
          36.82365
        ]
      }
    },
    {
      "type": "Feature",
      "properties": {
        "source": "viirs_snpp",
        "satellite": "N",
        "acq_at": "2026-09-27 13:14:00",
        "frp": "1.82",
        "confidence": "low"
      },
      "geometry": {
        "type": "Point",
        "coordinates": [
          9.56712,
          36.87991
        ]
      }
    },
    {
      "type": "Feature",
      "properties": {
        "source": "viirs_snpp",
        "satellite": "N",
        "acq_at": "2026-09-27 13:14:00",
        "frp": "7.43",
        "confidence": "nominal"
      },
      "geometry": {
        "type": "Point",
        "coordinates": [
          6.51478,
          36.68755
        ]
      }
    },
    {
      "type": "Feature",
      "properties": {
        "source": "viirs_snpp",
        "satellite": "N",
        "acq_at": "2026-09-27 13:14:00",
        "frp": "5.1",
        "confidence": "nominal"
      },
      "geometry": {
        "type": "Point",
        "coordinates": [
          6.51646,
          36.68886
        ]
      }
    },
    {
      "type": "Feature",
      "properties": {
        "source": "viirs_snpp",
        "satellite": "N",
        "acq_at": "2026-09-27 13:14:00",
        "frp": "5.1",
        "confidence": "nominal"
      },
      "geometry": {
        "type": "Point",
        "coordinates": [
          6.51172,
          36.68843
        ]
      }
    },
    {
      "type": "Feature",
      "properties": {
        "source": "viirs_snpp",
        "satellite": "N",
        "acq_at": "2026-09-27 13:14:00",
        "frp": "3.28",
        "confidence": "nominal"
      },
      "geometry": {
        "type": "Point",
        "coordinates": [
          9.23501,
          36.92653
        ]
      }
    },
    {
      "type": "Feature",
      "properties": {
        "source": "viirs_snpp",
        "satellite": "N",
        "acq_at": "2026-09-27 13:14:00",
        "frp": "2.59",
        "confidence": "nominal"
      },
      "geometry": {
        "type": "Point",
        "coordinates": [
          9.63796,
          36.974
        ]
      }
    },
    {
      "type": "Feature",
      "properties": {
        "source": "viirs_snpp",
        "satellite": "N",
        "acq_at": "2026-09-27 13:14:00",
        "frp": "3.05",
        "confidence": "nominal"
      },
      "geometry": {
        "type": "Point",
        "coordinates": [
          9.60306,
          37.02374
        ]
      }
    },
    {
      "type": "Feature",
      "properties": {
        "source": "viirs_snpp",
        "satellite": "N",
        "acq_at": "2026-09-27 13:14:00",
        "frp": "4.03",
        "confidence": "nominal"
      },
      "geometry": {
        "type": "Point",
        "coordinates": [
          9.60319,
          37.02507
        ]
      }
    },
    {
      "type": "Feature",
      "properties": {
        "source": "viirs_snpp",
        "satellite": "N",
        "acq_at": "2026-09-27 13:14:00",
        "frp": "4.64",
        "confidence": "nominal"
      },
      "geometry": {
        "type": "Point",
        "coordinates": [
          13.8566,
          37.24657
        ]
      }
    },
    {
      "type": "Feature",
      "properties": {
        "source": "viirs_snpp",
        "satellite": "N",
        "acq_at": "2026-09-27 13:14:00",
        "frp": "21.65",
        "confidence": "high"
      },
      "geometry": {
        "type": "Point",
        "coordinates": [
          13.31568,
          37.39075
        ]
      }
    },
    {
      "type": "Feature",
      "properties": {
        "source": "viirs_snpp",
        "satellite": "N",
        "acq_at": "2026-09-27 13:14:00",
        "frp": "21.65",
        "confidence": "high"
      },
      "geometry": {
        "type": "Point",
        "coordinates": [
          13.31478,
          37.39706
        ]
      }
    },
    {
      "type": "Feature",
      "properties": {
        "source": "viirs_snpp",
        "satellite": "N",
        "acq_at": "2026-09-27 13:14:00",
        "frp": "7.8",
        "confidence": "nominal"
      },
      "geometry": {
        "type": "Point",
        "coordinates": [
          12.87786,
          37.58894
        ]
      }
    },
    {
      "type": "Feature",
      "properties": {
        "source": "viirs_snpp",
        "satellite": "N",
        "acq_at": "2026-09-27 13:14:00",
        "frp": "4.63",
        "confidence": "nominal"
      },
      "geometry": {
        "type": "Point",
        "coordinates": [
          12.65086,
          37.70238
        ]
      }
    },
    {
      "type": "Feature",
      "properties": {
        "source": "viirs_snpp",
        "satellite": "N",
        "acq_at": "2026-09-27 13:14:00",
        "frp": "4.24",
        "confidence": "nominal"
      },
      "geometry": {
        "type": "Point",
        "coordinates": [
          12.68701,
          37.87589
        ]
      }
    },
    {
      "type": "Feature",
      "properties": {
        "source": "viirs_snpp",
        "satellite": "N",
        "acq_at": "2026-09-27 13:14:00",
        "frp": "5.03",
        "confidence": "nominal"
      },
      "geometry": {
        "type": "Point",
        "coordinates": [
          12.92669,
          37.89093
        ]
      }
    },
    {
      "type": "Feature",
      "properties": {
        "source": "viirs_snpp",
        "satellite": "N",
        "acq_at": "2026-09-27 13:14:00",
        "frp": "3.12",
        "confidence": "nominal"
      },
      "geometry": {
        "type": "Point",
        "coordinates": [
          12.73058,
          37.94552
        ]
      }
    },
    {
      "type": "Feature",
      "properties": {
        "source": "viirs_snpp",
        "satellite": "N",
        "acq_at": "2026-09-27 13:16:00",
        "frp": "3.14",
        "confidence": "nominal"
      },
      "geometry": {
        "type": "Point",
        "coordinates": [
          8.94099,
          39.37093
        ]
      }
    },
    {
      "type": "Feature",
      "properties": {
        "source": "viirs_snpp",
        "satellite": "N",
        "acq_at": "2026-09-27 13:16:00",
        "frp": "3.14",
        "confidence": "nominal"
      },
      "geometry": {
        "type": "Point",
        "coordinates": [
          8.9372,
          39.37069
        ]
      }
    },
    {
      "type": "Feature",
      "properties": {
        "source": "viirs_snpp",
        "satellite": "N",
        "acq_at": "2026-09-27 13:16:00",
        "frp": "8.23",
        "confidence": "nominal"
      },
      "geometry": {
        "type": "Point",
        "coordinates": [
          15.46418,
          41.09061
        ]
      }
    },
    {
      "type": "Feature",
      "properties": {
        "source": "viirs_snpp",
        "satellite": "N",
        "acq_at": "2026-09-27 13:16:00",
        "frp": "6.84",
        "confidence": "nominal"
      },
      "geometry": {
        "type": "Point",
        "coordinates": [
          15.10022,
          41.40834
        ]
      }
    },
    {
      "type": "Feature",
      "properties": {
        "source": "viirs_snpp",
        "satellite": "N",
        "acq_at": "2026-09-27 13:16:00",
        "frp": "6.5",
        "confidence": "nominal"
      },
      "geometry": {
        "type": "Point",
        "coordinates": [
          15.1002,
          41.41298
        ]
      }
    },
    {
      "type": "Feature",
      "properties": {
        "source": "viirs_snpp",
        "satellite": "N",
        "acq_at": "2026-09-27 13:16:00",
        "frp": "4.31",
        "confidence": "nominal"
      },
      "geometry": {
        "type": "Point",
        "coordinates": [
          8.43242,
          44.75328
        ]
      }
    },
    {
      "type": "Feature",
      "properties": {
        "source": "viirs_snpp",
        "satellite": "N",
        "acq_at": "2026-09-27 13:16:00",
        "frp": "2.03",
        "confidence": "nominal"
      },
      "geometry": {
        "type": "Point",
        "coordinates": [
          10.57385,
          44.93867
        ]
      }
    },
    {
      "type": "Feature",
      "properties": {
        "source": "viirs_snpp",
        "satellite": "N",
        "acq_at": "2026-09-27 13:16:00",
        "frp": "3.48",
        "confidence": "nominal"
      },
      "geometry": {
        "type": "Point",
        "coordinates": [
          8.56787,
          45.32555
        ]
      }
    },
    {
      "type": "Feature",
      "properties": {
        "source": "viirs_snpp",
        "satellite": "N",
        "acq_at": "2026-09-27 13:16:00",
        "frp": "3.22",
        "confidence": "nominal"
      },
      "geometry": {
        "type": "Point",
        "coordinates": [
          9.20384,
          45.58435
        ]
      }
    },
    {
      "type": "Feature",
      "properties": {
        "source": "viirs_snpp",
        "satellite": "N",
        "acq_at": "2026-09-27 13:16:00",
        "frp": "1.65",
        "confidence": "nominal"
      },
      "geometry": {
        "type": "Point",
        "coordinates": [
          8.07676,
          45.55289
        ]
      }
    },
    {
      "type": "Feature",
      "properties": {
        "source": "viirs_snpp",
        "satellite": "N",
        "acq_at": "2026-09-27 13:16:00",
        "frp": "1.5",
        "confidence": "nominal"
      },
      "geometry": {
        "type": "Point",
        "coordinates": [
          8.07773,
          45.55427
        ]
      }
    },
    {
      "type": "Feature",
      "properties": {
        "source": "viirs_snpp",
        "satellite": "N",
        "acq_at": "2026-09-27 23:52:00",
        "frp": "0.55",
        "confidence": "nominal"
      },
      "geometry": {
        "type": "Point",
        "coordinates": [
          15.555,
          41.08271
        ]
      }
    },
    {
      "type": "Feature",
      "properties": {
        "source": "viirs_snpp",
        "satellite": "N",
        "acq_at": "2026-09-27 23:52:00",
        "frp": "1.12",
        "confidence": "nominal"
      },
      "geometry": {
        "type": "Point",
        "coordinates": [
          15.55388,
          41.0831
        ]
      }
    },
    {
      "type": "Feature",
      "properties": {
        "source": "viirs_snpp",
        "satellite": "N",
        "acq_at": "2026-09-28 01:32:00",
        "frp": "0.9",
        "confidence": "nominal"
      },
      "geometry": {
        "type": "Point",
        "coordinates": [
          13.25217,
          46.00473
        ]
      }
    },
    {
      "type": "Feature",
      "properties": {
        "source": "viirs_snpp",
        "satellite": "N",
        "acq_at": "2026-09-28 01:32:00",
        "frp": "0.88",
        "confidence": "nominal"
      },
      "geometry": {
        "type": "Point",
        "coordinates": [
          11.83434,
          43.23603
        ]
      }
    },
    {
      "type": "Feature",
      "properties": {
        "source": "viirs_snpp",
        "satellite": "N",
        "acq_at": "2026-09-28 01:32:00",
        "frp": "0.88",
        "confidence": "nominal"
      },
      "geometry": {
        "type": "Point",
        "coordinates": [
          11.83927,
          43.23514
        ]
      }
    },
    {
      "type": "Feature",
      "properties": {
        "source": "viirs_snpp",
        "satellite": "N",
        "acq_at": "2026-09-28 01:34:00",
        "frp": "1.28",
        "confidence": "nominal"
      },
      "geometry": {
        "type": "Point",
        "coordinates": [
          17.37192,
          40.53725
        ]
      }
    },
    {
      "type": "Feature",
      "properties": {
        "source": "viirs_snpp",
        "satellite": "N",
        "acq_at": "2026-09-28 01:34:00",
        "frp": "0.38",
        "confidence": "nominal"
      },
      "geometry": {
        "type": "Point",
        "coordinates": [
          9.39228,
          42.00941
        ]
      }
    },
    {
      "type": "Feature",
      "properties": {
        "source": "viirs_snpp",
        "satellite": "N",
        "acq_at": "2026-09-28 01:34:00",
        "frp": "0.78",
        "confidence": "nominal"
      },
      "geometry": {
        "type": "Point",
        "coordinates": [
          8.59954,
          39.6172
        ]
      }
    },
    {
      "type": "Feature",
      "properties": {
        "source": "viirs_snpp",
        "satellite": "N",
        "acq_at": "2026-09-28 01:34:00",
        "frp": "0.43",
        "confidence": "nominal"
      },
      "geometry": {
        "type": "Point",
        "coordinates": [
          8.40675,
          39.21275
        ]
      }
    },
    {
      "type": "Feature",
      "properties": {
        "source": "viirs_snpp",
        "satellite": "N",
        "acq_at": "2026-09-28 01:34:00",
        "frp": "0.98",
        "confidence": "nominal"
      },
      "geometry": {
        "type": "Point",
        "coordinates": [
          14.36937,
          36.98095
        ]
      }
    },
    {
      "type": "Feature",
      "properties": {
        "source": "viirs_snpp",
        "satellite": "N",
        "acq_at": "2026-09-28 01:34:00",
        "frp": "0.22",
        "confidence": "nominal"
      },
      "geometry": {
        "type": "Point",
        "coordinates": [
          9.93486,
          36.17442
        ]
      }
    },
    {
      "type": "Feature",
      "properties": {
        "source": "viirs_snpp",
        "satellite": "N",
        "acq_at": "2026-09-28 01:34:00",
        "frp": "0.57",
        "confidence": "nominal"
      },
      "geometry": {
        "type": "Point",
        "coordinates": [
          6.87941,
          36.14975
        ]
      }
    },
    {
      "type": "Feature",
      "properties": {
        "source": "viirs_snpp",
        "satellite": "N",
        "acq_at": "2026-09-28 01:37:00",
        "frp": "0.76",
        "confidence": "nominal"
      },
      "geometry": {
        "type": "Point",
        "coordinates": [
          6.86771,
          35.55028
        ]
      }
    },
    {
      "type": "Feature",
      "properties": {
        "source": "viirs_snpp",
        "satellite": "N",
        "acq_at": "2026-09-29 01:13:00",
        "frp": "0.52",
        "confidence": "nominal"
      },
      "geometry": {
        "type": "Point",
        "coordinates": [
          14.45595,
          46.8633
        ]
      }
    },
    {
      "type": "Feature",
      "properties": {
        "source": "viirs_snpp",
        "satellite": "N",
        "acq_at": "2026-09-29 01:13:00",
        "frp": "0.71",
        "confidence": "nominal"
      },
      "geometry": {
        "type": "Point",
        "coordinates": [
          13.25113,
          46.00415
        ]
      }
    },
    {
      "type": "Feature",
      "properties": {
        "source": "viirs_snpp",
        "satellite": "N",
        "acq_at": "2026-09-29 01:13:00",
        "frp": "1.63",
        "confidence": "nominal"
      },
      "geometry": {
        "type": "Point",
        "coordinates": [
          11.79689,
          45.70397
        ]
      }
    },
    {
      "type": "Feature",
      "properties": {
        "source": "viirs_snpp",
        "satellite": "N",
        "acq_at": "2026-09-29 01:13:00",
        "frp": "2.03",
        "confidence": "nominal"
      },
      "geometry": {
        "type": "Point",
        "coordinates": [
          6.21747,
          43.82923
        ]
      }
    },
    {
      "type": "Feature",
      "properties": {
        "source": "viirs_snpp",
        "satellite": "N",
        "acq_at": "2026-09-29 01:13:00",
        "frp": "2.62",
        "confidence": "nominal"
      },
      "geometry": {
        "type": "Point",
        "coordinates": [
          15.22612,
          41.47178
        ]
      }
    },
    {
      "type": "Feature",
      "properties": {
        "source": "viirs_snpp",
        "satellite": "N",
        "acq_at": "2026-09-29 01:13:00",
        "frp": "0.74",
        "confidence": "nominal"
      },
      "geometry": {
        "type": "Point",
        "coordinates": [
          16.65637,
          40.67482
        ]
      }
    },
    {
      "type": "Feature",
      "properties": {
        "source": "viirs_snpp",
        "satellite": "N",
        "acq_at": "2026-09-29 01:13:00",
        "frp": "0.26",
        "confidence": "nominal"
      },
      "geometry": {
        "type": "Point",
        "coordinates": [
          17.63656,
          40.4165
        ]
      }
    },
    {
      "type": "Feature",
      "properties": {
        "source": "viirs_snpp",
        "satellite": "N",
        "acq_at": "2026-09-29 01:13:00",
        "frp": "0.38",
        "confidence": "nominal"
      },
      "geometry": {
        "type": "Point",
        "coordinates": [
          16.86329,
          40.43407
        ]
      }
    },
    {
      "type": "Feature",
      "properties": {
        "source": "viirs_snpp",
        "satellite": "N",
        "acq_at": "2026-09-29 01:13:00",
        "frp": "1.07",
        "confidence": "nominal"
      },
      "geometry": {
        "type": "Point",
        "coordinates": [
          17.03589,
          39.09608
        ]
      }
    },
    {
      "type": "Feature",
      "properties": {
        "source": "viirs_snpp",
        "satellite": "N",
        "acq_at": "2026-09-29 01:13:00",
        "frp": "1.07",
        "confidence": "nominal"
      },
      "geometry": {
        "type": "Point",
        "coordinates": [
          17.02931,
          39.09356
        ]
      }
    },
    {
      "type": "Feature",
      "properties": {
        "source": "viirs_snpp",
        "satellite": "N",
        "acq_at": "2026-09-29 01:13:00",
        "frp": "1.07",
        "confidence": "nominal"
      },
      "geometry": {
        "type": "Point",
        "coordinates": [
          17.03473,
          39.09251
        ]
      }
    },
    {
      "type": "Feature",
      "properties": {
        "source": "viirs_snpp",
        "satellite": "N",
        "acq_at": "2026-09-29 01:15:00",
        "frp": "1.33",
        "confidence": "nominal"
      },
      "geometry": {
        "type": "Point",
        "coordinates": [
          8.79935,
          40.22482
        ]
      }
    },
    {
      "type": "Feature",
      "properties": {
        "source": "viirs_snpp",
        "satellite": "N",
        "acq_at": "2026-09-29 01:15:00",
        "frp": "1.19",
        "confidence": "nominal"
      },
      "geometry": {
        "type": "Point",
        "coordinates": [
          8.81591,
          40.22285
        ]
      }
    },
    {
      "type": "Feature",
      "properties": {
        "source": "viirs_snpp",
        "satellite": "N",
        "acq_at": "2026-09-29 01:15:00",
        "frp": "0.5",
        "confidence": "nominal"
      },
      "geometry": {
        "type": "Point",
        "coordinates": [
          16.56177,
          38.47958
        ]
      }
    },
    {
      "type": "Feature",
      "properties": {
        "source": "viirs_snpp",
        "satellite": "N",
        "acq_at": "2026-09-29 01:15:00",
        "frp": "0.74",
        "confidence": "nominal"
      },
      "geometry": {
        "type": "Point",
        "coordinates": [
          8.75955,
          39.66309
        ]
      }
    },
    {
      "type": "Feature",
      "properties": {
        "source": "viirs_snpp",
        "satellite": "N",
        "acq_at": "2026-09-29 01:15:00",
        "frp": "0.48",
        "confidence": "nominal"
      },
      "geometry": {
        "type": "Point",
        "coordinates": [
          14.67375,
          37.67612
        ]
      }
    },
    {
      "type": "Feature",
      "properties": {
        "source": "viirs_snpp",
        "satellite": "N",
        "acq_at": "2026-09-29 01:15:00",
        "frp": "1.19",
        "confidence": "nominal"
      },
      "geometry": {
        "type": "Point",
        "coordinates": [
          15.21786,
          37.12134
        ]
      }
    },
    {
      "type": "Feature",
      "properties": {
        "source": "viirs_snpp",
        "satellite": "N",
        "acq_at": "2026-09-29 01:15:00",
        "frp": "0.55",
        "confidence": "nominal"
      },
      "geometry": {
        "type": "Point",
        "coordinates": [
          14.47635,
          36.90685
        ]
      }
    },
    {
      "type": "Feature",
      "properties": {
        "source": "viirs_snpp",
        "satellite": "N",
        "acq_at": "2026-09-29 01:15:00",
        "frp": "0.55",
        "confidence": "nominal"
      },
      "geometry": {
        "type": "Point",
        "coordinates": [
          14.47543,
          36.90345
        ]
      }
    },
    {
      "type": "Feature",
      "properties": {
        "source": "viirs_snpp",
        "satellite": "N",
        "acq_at": "2026-09-29 01:15:00",
        "frp": "0.5",
        "confidence": "nominal"
      },
      "geometry": {
        "type": "Point",
        "coordinates": [
          15.04247,
          36.73022
        ]
      }
    },
    {
      "type": "Feature",
      "properties": {
        "source": "viirs_snpp",
        "satellite": "N",
        "acq_at": "2026-09-29 01:15:00",
        "frp": "0.39",
        "confidence": "nominal"
      },
      "geometry": {
        "type": "Point",
        "coordinates": [
          9.98847,
          36.76606
        ]
      }
    },
    {
      "type": "Feature",
      "properties": {
        "source": "viirs_snpp",
        "satellite": "N",
        "acq_at": "2026-09-29 01:15:00",
        "frp": "2.36",
        "confidence": "nominal"
      },
      "geometry": {
        "type": "Point",
        "coordinates": [
          6.95976,
          36.58101
        ]
      }
    },
    {
      "type": "Feature",
      "properties": {
        "source": "viirs_snpp",
        "satellite": "N",
        "acq_at": "2026-09-29 01:15:00",
        "frp": "2.36",
        "confidence": "nominal"
      },
      "geometry": {
        "type": "Point",
        "coordinates": [
          6.96563,
          36.58035
        ]
      }
    },
    {
      "type": "Feature",
      "properties": {
        "source": "viirs_snpp",
        "satellite": "N",
        "acq_at": "2026-09-29 01:15:00",
        "frp": "0.48",
        "confidence": "nominal"
      },
      "geometry": {
        "type": "Point",
        "coordinates": [
          8.76441,
          36.11664
        ]
      }
    },
    {
      "type": "Feature",
      "properties": {
        "source": "viirs_snpp",
        "satellite": "N",
        "acq_at": "2026-09-29 01:15:00",
        "frp": "0.98",
        "confidence": "nominal"
      },
      "geometry": {
        "type": "Point",
        "coordinates": [
          8.59426,
          35.85152
        ]
      }
    },
    {
      "type": "Feature",
      "properties": {
        "source": "viirs_snpp",
        "satellite": "N",
        "acq_at": "2026-09-29 01:15:00",
        "frp": "0.29",
        "confidence": "nominal"
      },
      "geometry": {
        "type": "Point",
        "coordinates": [
          11.01041,
          35.49173
        ]
      }
    },
    {
      "type": "Feature",
      "properties": {
        "source": "viirs_snpp",
        "satellite": "N",
        "acq_at": "2026-09-29 10:56:00",
        "frp": "2.91",
        "confidence": "nominal"
      },
      "geometry": {
        "type": "Point",
        "coordinates": [
          17.02954,
          39.05623
        ]
      }
    },
    {
      "type": "Feature",
      "properties": {
        "source": "viirs_snpp",
        "satellite": "N",
        "acq_at": "2026-09-29 10:56:00",
        "frp": "15.36",
        "confidence": "high"
      },
      "geometry": {
        "type": "Point",
        "coordinates": [
          16.98349,
          39.07019
        ]
      }
    },
    {
      "type": "Feature",
      "properties": {
        "source": "viirs_snpp",
        "satellite": "N",
        "acq_at": "2026-09-29 10:56:00",
        "frp": "15.36",
        "confidence": "high"
      },
      "geometry": {
        "type": "Point",
        "coordinates": [
          16.97695,
          39.06815
        ]
      }
    },
    {
      "type": "Feature",
      "properties": {
        "source": "viirs_snpp",
        "satellite": "N",
        "acq_at": "2026-09-29 10:56:00",
        "frp": "3.27",
        "confidence": "nominal"
      },
      "geometry": {
        "type": "Point",
        "coordinates": [
          16.45146,
          38.9532
        ]
      }
    },
    {
      "type": "Feature",
      "properties": {
        "source": "viirs_snpp",
        "satellite": "N",
        "acq_at": "2026-09-29 10:58:00",
        "frp": "1.83",
        "confidence": "nominal"
      },
      "geometry": {
        "type": "Point",
        "coordinates": [
          17.9574,
          40.49111
        ]
      }
    },
    {
      "type": "Feature",
      "properties": {
        "source": "viirs_snpp",
        "satellite": "N",
        "acq_at": "2026-09-29 10:58:00",
        "frp": "2.2",
        "confidence": "low"
      },
      "geometry": {
        "type": "Point",
        "coordinates": [
          17.93497,
          40.51052
        ]
      }
    },
    {
      "type": "Feature",
      "properties": {
        "source": "viirs_snpp",
        "satellite": "N",
        "acq_at": "2026-09-29 10:58:00",
        "frp": "3.74",
        "confidence": "nominal"
      },
      "geometry": {
        "type": "Point",
        "coordinates": [
          18.00546,
          40.60664
        ]
      }
    },
    {
      "type": "Feature",
      "properties": {
        "source": "viirs_snpp",
        "satellite": "N",
        "acq_at": "2026-09-29 10:58:00",
        "frp": "5.86",
        "confidence": "nominal"
      },
      "geometry": {
        "type": "Point",
        "coordinates": [
          16.40103,
          40.36722
        ]
      }
    },
    {
      "type": "Feature",
      "properties": {
        "source": "viirs_snpp",
        "satellite": "N",
        "acq_at": "2026-09-29 10:58:00",
        "frp": "5.86",
        "confidence": "nominal"
      },
      "geometry": {
        "type": "Point",
        "coordinates": [
          16.39421,
          40.36507
        ]
      }
    },
    {
      "type": "Feature",
      "properties": {
        "source": "viirs_snpp",
        "satellite": "N",
        "acq_at": "2026-09-29 10:58:00",
        "frp": "10.05",
        "confidence": "nominal"
      },
      "geometry": {
        "type": "Point",
        "coordinates": [
          16.57865,
          40.86886
        ]
      }
    },
    {
      "type": "Feature",
      "properties": {
        "source": "viirs_snpp",
        "satellite": "N",
        "acq_at": "2026-09-29 10:58:00",
        "frp": "22.79",
        "confidence": "high"
      },
      "geometry": {
        "type": "Point",
        "coordinates": [
          14.91683,
          40.54028
        ]
      }
    },
    {
      "type": "Feature",
      "properties": {
        "source": "viirs_snpp",
        "satellite": "N",
        "acq_at": "2026-09-29 10:58:00",
        "frp": "10.6",
        "confidence": "nominal"
      },
      "geometry": {
        "type": "Point",
        "coordinates": [
          14.90922,
          40.53778
        ]
      }
    },
    {
      "type": "Feature",
      "properties": {
        "source": "viirs_snpp",
        "satellite": "N",
        "acq_at": "2026-09-29 10:58:00",
        "frp": "15.05",
        "confidence": "high"
      },
      "geometry": {
        "type": "Point",
        "coordinates": [
          14.91525,
          40.54174
        ]
      }
    },
    {
      "type": "Feature",
      "properties": {
        "source": "viirs_snpp",
        "satellite": "N",
        "acq_at": "2026-09-29 10:58:00",
        "frp": "15.05",
        "confidence": "nominal"
      },
      "geometry": {
        "type": "Point",
        "coordinates": [
          14.90764,
          40.5392
        ]
      }
    },
    {
      "type": "Feature",
      "properties": {
        "source": "viirs_snpp",
        "satellite": "N",
        "acq_at": "2026-09-29 10:58:00",
        "frp": "4.08",
        "confidence": "nominal"
      },
      "geometry": {
        "type": "Point",
        "coordinates": [
          15.65189,
          40.99955
        ]
      }
    },
    {
      "type": "Feature",
      "properties": {
        "source": "viirs_snpp",
        "satellite": "N",
        "acq_at": "2026-09-29 10:58:00",
        "frp": "3.68",
        "confidence": "nominal"
      },
      "geometry": {
        "type": "Point",
        "coordinates": [
          15.65056,
          40.99874
        ]
      }
    },
    {
      "type": "Feature",
      "properties": {
        "source": "viirs_snpp",
        "satellite": "N",
        "acq_at": "2026-09-29 10:58:00",
        "frp": "5.26",
        "confidence": "nominal"
      },
      "geometry": {
        "type": "Point",
        "coordinates": [
          15.76798,
          41.58048
        ]
      }
    },
    {
      "type": "Feature",
      "properties": {
        "source": "viirs_snpp",
        "satellite": "N",
        "acq_at": "2026-09-29 10:58:00",
        "frp": "4.5",
        "confidence": "nominal"
      },
      "geometry": {
        "type": "Point",
        "coordinates": [
          15.26313,
          41.76926
        ]
      }
    },
    {
      "type": "Feature",
      "properties": {
        "source": "viirs_snpp",
        "satellite": "N",
        "acq_at": "2026-09-29 10:58:00",
        "frp": "3.26",
        "confidence": "nominal"
      },
      "geometry": {
        "type": "Point",
        "coordinates": [
          15.09093,
          41.73466
        ]
      }
    },
    {
      "type": "Feature",
      "properties": {
        "source": "viirs_snpp",
        "satellite": "N",
        "acq_at": "2026-09-29 10:58:00",
        "frp": "2.26",
        "confidence": "nominal"
      },
      "geometry": {
        "type": "Point",
        "coordinates": [
          15.22111,
          41.89977
        ]
      }
    },
    {
      "type": "Feature",
      "properties": {
        "source": "viirs_snpp",
        "satellite": "N",
        "acq_at": "2026-09-29 10:58:00",
        "frp": "2.69",
        "confidence": "nominal"
      },
      "geometry": {
        "type": "Point",
        "coordinates": [
          18.977,
          44.52056
        ]
      }
    },
    {
      "type": "Feature",
      "properties": {
        "source": "viirs_snpp",
        "satellite": "N",
        "acq_at": "2026-09-29 10:58:00",
        "frp": "2.93",
        "confidence": "nominal"
      },
      "geometry": {
        "type": "Point",
        "coordinates": [
          18.97669,
          44.52338
        ]
      }
    },
    {
      "type": "Feature",
      "properties": {
        "source": "viirs_snpp",
        "satellite": "N",
        "acq_at": "2026-09-29 10:58:00",
        "frp": "3.43",
        "confidence": "nominal"
      },
      "geometry": {
        "type": "Point",
        "coordinates": [
          15.40077,
          44.1819
        ]
      }
    },
    {
      "type": "Feature",
      "properties": {
        "source": "viirs_snpp",
        "satellite": "N",
        "acq_at": "2026-09-29 10:58:00",
        "frp": "1.96",
        "confidence": "nominal"
      },
      "geometry": {
        "type": "Point",
        "coordinates": [
          18.44713,
          45.16674
        ]
      }
    },
    {
      "type": "Feature",
      "properties": {
        "source": "viirs_snpp",
        "satellite": "N",
        "acq_at": "2026-09-29 10:58:00",
        "frp": "2.51",
        "confidence": "nominal"
      },
      "geometry": {
        "type": "Point",
        "coordinates": [
          18.44933,
          45.16324
        ]
      }
    },
    {
      "type": "Feature",
      "properties": {
        "source": "viirs_snpp",
        "satellite": "N",
        "acq_at": "2026-09-29 10:58:00",
        "frp": "2.21",
        "confidence": "nominal"
      },
      "geometry": {
        "type": "Point",
        "coordinates": [
          18.42694,
          45.24675
        ]
      }
    },
    {
      "type": "Feature",
      "properties": {
        "source": "viirs_snpp",
        "satellite": "N",
        "acq_at": "2026-09-29 10:58:00",
        "frp": "1.19",
        "confidence": "nominal"
      },
      "geometry": {
        "type": "Point",
        "coordinates": [
          16.17903,
          45.89277
        ]
      }
    },
    {
      "type": "Feature",
      "properties": {
        "source": "viirs_snpp",
        "satellite": "N",
        "acq_at": "2026-09-28 12:55:00",
        "frp": "3.5",
        "confidence": "nominal"
      },
      "geometry": {
        "type": "Point",
        "coordinates": [
          9.88902,
          37.14677
        ]
      }
    },
    {
      "type": "Feature",
      "properties": {
        "source": "viirs_snpp",
        "satellite": "N",
        "acq_at": "2026-09-28 12:55:00",
        "frp": "1.73",
        "confidence": "nominal"
      },
      "geometry": {
        "type": "Point",
        "coordinates": [
          8.05039,
          36.24751
        ]
      }
    },
    {
      "type": "Feature",
      "properties": {
        "source": "viirs_snpp",
        "satellite": "N",
        "acq_at": "2026-09-28 12:55:00",
        "frp": "1.8",
        "confidence": "low"
      },
      "geometry": {
        "type": "Point",
        "coordinates": [
          7.13348,
          36.22149
        ]
      }
    },
    {
      "type": "Feature",
      "properties": {
        "source": "viirs_snpp",
        "satellite": "N",
        "acq_at": "2026-09-28 12:55:00",
        "frp": "4.64",
        "confidence": "nominal"
      },
      "geometry": {
        "type": "Point",
        "coordinates": [
          9.14905,
          36.46938
        ]
      }
    },
    {
      "type": "Feature",
      "properties": {
        "source": "viirs_snpp",
        "satellite": "N",
        "acq_at": "2026-09-28 12:55:00",
        "frp": "3.08",
        "confidence": "nominal"
      },
      "geometry": {
        "type": "Point",
        "coordinates": [
          7.13079,
          36.23548
        ]
      }
    },
    {
      "type": "Feature",
      "properties": {
        "source": "viirs_snpp",
        "satellite": "N",
        "acq_at": "2026-09-28 12:55:00",
        "frp": "9.17",
        "confidence": "nominal"
      },
      "geometry": {
        "type": "Point",
        "coordinates": [
          9.25474,
          36.49701
        ]
      }
    },
    {
      "type": "Feature",
      "properties": {
        "source": "viirs_snpp",
        "satellite": "N",
        "acq_at": "2026-09-28 12:55:00",
        "frp": "1.96",
        "confidence": "low"
      },
      "geometry": {
        "type": "Point",
        "coordinates": [
          7.1333,
          36.23577
        ]
      }
    },
    {
      "type": "Feature",
      "properties": {
        "source": "viirs_snpp",
        "satellite": "N",
        "acq_at": "2026-09-28 12:55:00",
        "frp": "3.82",
        "confidence": "low"
      },
      "geometry": {
        "type": "Point",
        "coordinates": [
          9.2535,
          36.49763
        ]
      }
    },
    {
      "type": "Feature",
      "properties": {
        "source": "viirs_snpp",
        "satellite": "N",
        "acq_at": "2026-09-28 12:55:00",
        "frp": "4.43",
        "confidence": "nominal"
      },
      "geometry": {
        "type": "Point",
        "coordinates": [
          9.25838,
          36.50601
        ]
      }
    },
    {
      "type": "Feature",
      "properties": {
        "source": "viirs_snpp",
        "satellite": "N",
        "acq_at": "2026-09-28 12:55:00",
        "frp": "5.08",
        "confidence": "nominal"
      },
      "geometry": {
        "type": "Point",
        "coordinates": [
          8.62601,
          36.4438
        ]
      }
    },
    {
      "type": "Feature",
      "properties": {
        "source": "viirs_snpp",
        "satellite": "N",
        "acq_at": "2026-09-28 12:55:00",
        "frp": "6.09",
        "confidence": "nominal"
      },
      "geometry": {
        "type": "Point",
        "coordinates": [
          9.26771,
          36.52668
        ]
      }
    },
    {
      "type": "Feature",
      "properties": {
        "source": "viirs_snpp",
        "satellite": "N",
        "acq_at": "2026-09-28 12:55:00",
        "frp": "2.51",
        "confidence": "low"
      },
      "geometry": {
        "type": "Point",
        "coordinates": [
          7.2617,
          36.29147
        ]
      }
    },
    {
      "type": "Feature",
      "properties": {
        "source": "viirs_snpp",
        "satellite": "N",
        "acq_at": "2026-09-28 12:55:00",
        "frp": "2.72",
        "confidence": "low"
      },
      "geometry": {
        "type": "Point",
        "coordinates": [
          7.27063,
          36.2962
        ]
      }
    },
    {
      "type": "Feature",
      "properties": {
        "source": "viirs_snpp",
        "satellite": "N",
        "acq_at": "2026-09-28 12:55:00",
        "frp": "3.15",
        "confidence": "nominal"
      },
      "geometry": {
        "type": "Point",
        "coordinates": [
          7.04113,
          36.27776
        ]
      }
    },
    {
      "type": "Feature",
      "properties": {
        "source": "viirs_snpp",
        "satellite": "N",
        "acq_at": "2026-09-28 12:55:00",
        "frp": "4.14",
        "confidence": "nominal"
      },
      "geometry": {
        "type": "Point",
        "coordinates": [
          7.04035,
          36.28123
        ]
      }
    },
    {
      "type": "Feature",
      "properties": {
        "source": "viirs_snpp",
        "satellite": "N",
        "acq_at": "2026-09-28 12:55:00",
        "frp": "2.38",
        "confidence": "low"
      },
      "geometry": {
        "type": "Point",
        "coordinates": [
          6.96422,
          36.27142
        ]
      }
    },
    {
      "type": "Feature",
      "properties": {
        "source": "viirs_snpp",
        "satellite": "N",
        "acq_at": "2026-09-28 12:55:00",
        "frp": "2.43",
        "confidence": "low"
      },
      "geometry": {
        "type": "Point",
        "coordinates": [
          7.14813,
          36.34173
        ]
      }
    },
    {
      "type": "Feature",
      "properties": {
        "source": "viirs_snpp",
        "satellite": "N",
        "acq_at": "2026-09-28 12:55:00",
        "frp": "1.33",
        "confidence": "low"
      },
      "geometry": {
        "type": "Point",
        "coordinates": [
          8.84338,
          36.57178
        ]
      }
    },
    {
      "type": "Feature",
      "properties": {
        "source": "viirs_snpp",
        "satellite": "N",
        "acq_at": "2026-09-28 12:55:00",
        "frp": "3.05",
        "confidence": "nominal"
      },
      "geometry": {
        "type": "Point",
        "coordinates": [
          6.86885,
          36.3457
        ]
      }
    },
    {
      "type": "Feature",
      "properties": {
        "source": "viirs_snpp",
        "satellite": "N",
        "acq_at": "2026-09-28 12:55:00",
        "frp": "3.92",
        "confidence": "nominal"
      },
      "geometry": {
        "type": "Point",
        "coordinates": [
          14.12614,
          37.15286
        ]
      }
    },
    {
      "type": "Feature",
      "properties": {
        "source": "viirs_snpp",
        "satellite": "N",
        "acq_at": "2026-09-28 12:55:00",
        "frp": "5.61",
        "confidence": "high"
      },
      "geometry": {
        "type": "Point",
        "coordinates": [
          14.26731,
          37.17241
        ]
      }
    },
    {
      "type": "Feature",
      "properties": {
        "source": "viirs_snpp",
        "satellite": "N",
        "acq_at": "2026-09-28 12:55:00",
        "frp": "18.89",
        "confidence": "high"
      },
      "geometry": {
        "type": "Point",
        "coordinates": [
          14.02267,
          37.16648
        ]
      }
    },
    {
      "type": "Feature",
      "properties": {
        "source": "viirs_snpp",
        "satellite": "N",
        "acq_at": "2026-09-28 12:55:00",
        "frp": "7.83",
        "confidence": "nominal"
      },
      "geometry": {
        "type": "Point",
        "coordinates": [
          14.01929,
          37.16626
        ]
      }
    },
    {
      "type": "Feature",
      "properties": {
        "source": "viirs_snpp",
        "satellite": "N",
        "acq_at": "2026-09-28 12:55:00",
        "frp": "3.34",
        "confidence": "nominal"
      },
      "geometry": {
        "type": "Point",
        "coordinates": [
          13.997,
          37.17496
        ]
      }
    },
    {
      "type": "Feature",
      "properties": {
        "source": "viirs_snpp",
        "satellite": "N",
        "acq_at": "2026-09-28 12:55:00",
        "frp": "4.96",
        "confidence": "low"
      },
      "geometry": {
        "type": "Point",
        "coordinates": [
          9.18516,
          36.84274
        ]
      }
    },
    {
      "type": "Feature",
      "properties": {
        "source": "viirs_snpp",
        "satellite": "N",
        "acq_at": "2026-09-28 12:55:00",
        "frp": "1.66",
        "confidence": "nominal"
      },
      "geometry": {
        "type": "Point",
        "coordinates": [
          10.01734,
          36.9341
        ]
      }
    },
    {
      "type": "Feature",
      "properties": {
        "source": "viirs_snpp",
        "satellite": "N",
        "acq_at": "2026-09-28 12:55:00",
        "frp": "5.75",
        "confidence": "low"
      },
      "geometry": {
        "type": "Point",
        "coordinates": [
          9.42771,
          36.87276
        ]
      }
    },
    {
      "type": "Feature",
      "properties": {
        "source": "viirs_snpp",
        "satellite": "N",
        "acq_at": "2026-09-28 12:55:00",
        "frp": "5.21",
        "confidence": "nominal"
      },
      "geometry": {
        "type": "Point",
        "coordinates": [
          14.63905,
          37.34895
        ]
      }
    },
    {
      "type": "Feature",
      "properties": {
        "source": "viirs_snpp",
        "satellite": "N",
        "acq_at": "2026-09-28 12:55:00",
        "frp": "3.7",
        "confidence": "nominal"
      },
      "geometry": {
        "type": "Point",
        "coordinates": [
          14.63517,
          37.34871
        ]
      }
    },
    {
      "type": "Feature",
      "properties": {
        "source": "viirs_snpp",
        "satellite": "N",
        "acq_at": "2026-09-28 12:55:00",
        "frp": "8.72",
        "confidence": "nominal"
      },
      "geometry": {
        "type": "Point",
        "coordinates": [
          9.46491,
          36.91662
        ]
      }
    },
    {
      "type": "Feature",
      "properties": {
        "source": "viirs_snpp",
        "satellite": "N",
        "acq_at": "2026-09-28 12:55:00",
        "frp": "4.13",
        "confidence": "nominal"
      },
      "geometry": {
        "type": "Point",
        "coordinates": [
          9.44622,
          36.91459
        ]
      }
    },
    {
      "type": "Feature",
      "properties": {
        "source": "viirs_snpp",
        "satellite": "N",
        "acq_at": "2026-09-28 12:55:00",
        "frp": "4.54",
        "confidence": "nominal"
      },
      "geometry": {
        "type": "Point",
        "coordinates": [
          6.63858,
          36.60204
        ]
      }
    },
    {
      "type": "Feature",
      "properties": {
        "source": "viirs_snpp",
        "satellite": "N",
        "acq_at": "2026-09-28 12:55:00",
        "frp": "1.84",
        "confidence": "low"
      },
      "geometry": {
        "type": "Point",
        "coordinates": [
          6.63601,
          36.60295
        ]
      }
    },
    {
      "type": "Feature",
      "properties": {
        "source": "viirs_snpp",
        "satellite": "N",
        "acq_at": "2026-09-28 12:55:00",
        "frp": "2.95",
        "confidence": "low"
      },
      "geometry": {
        "type": "Point",
        "coordinates": [
          9.43216,
          36.94798
        ]
      }
    },
    {
      "type": "Feature",
      "properties": {
        "source": "viirs_snpp",
        "satellite": "N",
        "acq_at": "2026-09-28 12:55:00",
        "frp": "6.54",
        "confidence": "nominal"
      },
      "geometry": {
        "type": "Point",
        "coordinates": [
          14.09543,
          37.36639
        ]
      }
    },
    {
      "type": "Feature",
      "properties": {
        "source": "viirs_snpp",
        "satellite": "N",
        "acq_at": "2026-09-28 12:55:00",
        "frp": "1.86",
        "confidence": "nominal"
      },
      "geometry": {
        "type": "Point",
        "coordinates": [
          14.78327,
          37.42008
        ]
      }
    },
    {
      "type": "Feature",
      "properties": {
        "source": "viirs_snpp",
        "satellite": "N",
        "acq_at": "2026-09-28 12:55:00",
        "frp": "3.14",
        "confidence": "nominal"
      },
      "geometry": {
        "type": "Point",
        "coordinates": [
          9.4596,
          36.97878
        ]
      }
    },
    {
      "type": "Feature",
      "properties": {
        "source": "viirs_snpp",
        "satellite": "N",
        "acq_at": "2026-09-28 12:55:00",
        "frp": "6.06",
        "confidence": "nominal"
      },
      "geometry": {
        "type": "Point",
        "coordinates": [
          14.6498,
          37.43319
        ]
      }
    },
    {
      "type": "Feature",
      "properties": {
        "source": "viirs_snpp",
        "satellite": "N",
        "acq_at": "2026-09-28 12:55:00",
        "frp": "3.54",
        "confidence": "low"
      },
      "geometry": {
        "type": "Point",
        "coordinates": [
          14.64565,
          37.43293
        ]
      }
    },
    {
      "type": "Feature",
      "properties": {
        "source": "viirs_snpp",
        "satellite": "N",
        "acq_at": "2026-09-28 12:55:00",
        "frp": "3.54",
        "confidence": "nominal"
      },
      "geometry": {
        "type": "Point",
        "coordinates": [
          14.64164,
          37.43268
        ]
      }
    },
    {
      "type": "Feature",
      "properties": {
        "source": "viirs_snpp",
        "satellite": "N",
        "acq_at": "2026-09-28 12:55:00",
        "frp": "7.14",
        "confidence": "nominal"
      },
      "geometry": {
        "type": "Point",
        "coordinates": [
          6.81846,
          36.69407
        ]
      }
    },
    {
      "type": "Feature",
      "properties": {
        "source": "viirs_snpp",
        "satellite": "N",
        "acq_at": "2026-09-28 12:55:00",
        "frp": "11.18",
        "confidence": "nominal"
      },
      "geometry": {
        "type": "Point",
        "coordinates": [
          9.52759,
          37.03805
        ]
      }
    },
    {
      "type": "Feature",
      "properties": {
        "source": "viirs_snpp",
        "satellite": "N",
        "acq_at": "2026-09-28 12:55:00",
        "frp": "6.22",
        "confidence": "nominal"
      },
      "geometry": {
        "type": "Point",
        "coordinates": [
          9.67315,
          37.0577
        ]
      }
    },
    {
      "type": "Feature",
      "properties": {
        "source": "viirs_snpp",
        "satellite": "N",
        "acq_at": "2026-09-28 12:55:00",
        "frp": "7.06",
        "confidence": "nominal"
      },
      "geometry": {
        "type": "Point",
        "coordinates": [
          9.6716,
          37.05962
        ]
      }
    },
    {
      "type": "Feature",
      "properties": {
        "source": "viirs_snpp",
        "satellite": "N",
        "acq_at": "2026-09-28 12:55:00",
        "frp": "6.5",
        "confidence": "nominal"
      },
      "geometry": {
        "type": "Point",
        "coordinates": [
          13.68227,
          37.54964
        ]
      }
    },
    {
      "type": "Feature",
      "properties": {
        "source": "viirs_snpp",
        "satellite": "N",
        "acq_at": "2026-09-28 12:55:00",
        "frp": "53.67",
        "confidence": "nominal"
      },
      "geometry": {
        "type": "Point",
        "coordinates": [
          13.80817,
          37.57339
        ]
      }
    },
    {
      "type": "Feature",
      "properties": {
        "source": "viirs_snpp",
        "satellite": "N",
        "acq_at": "2026-09-28 12:55:00",
        "frp": "2.03",
        "confidence": "nominal"
      },
      "geometry": {
        "type": "Point",
        "coordinates": [
          13.90871,
          37.7165
        ]
      }
    },
    {
      "type": "Feature",
      "properties": {
        "source": "viirs_snpp",
        "satellite": "N",
        "acq_at": "2026-09-28 12:55:00",
        "frp": "10.25",
        "confidence": "nominal"
      },
      "geometry": {
        "type": "Point",
        "coordinates": [
          12.99258,
          37.73143
        ]
      }
    },
    {
      "type": "Feature",
      "properties": {
        "source": "viirs_snpp",
        "satellite": "N",
        "acq_at": "2026-09-28 12:55:00",
        "frp": "1.16",
        "confidence": "nominal"
      },
      "geometry": {
        "type": "Point",
        "coordinates": [
          15.88603,
          37.9854
        ]
      }
    },
    {
      "type": "Feature",
      "properties": {
        "source": "viirs_snpp",
        "satellite": "N",
        "acq_at": "2026-09-28 12:55:00",
        "frp": "5.7",
        "confidence": "nominal"
      },
      "geometry": {
        "type": "Point",
        "coordinates": [
          12.85364,
          37.78855
        ]
      }
    },
    {
      "type": "Feature",
      "properties": {
        "source": "viirs_snpp",
        "satellite": "N",
        "acq_at": "2026-09-28 12:55:00",
        "frp": "2.15",
        "confidence": "nominal"
      },
      "geometry": {
        "type": "Point",
        "coordinates": [
          12.85224,
          37.78835
        ]
      }
    },
    {
      "type": "Feature",
      "properties": {
        "source": "viirs_snpp",
        "satellite": "N",
        "acq_at": "2026-09-28 12:55:00",
        "frp": "7.72",
        "confidence": "nominal"
      },
      "geometry": {
        "type": "Point",
        "coordinates": [
          13.02729,
          37.87417
        ]
      }
    },
    {
      "type": "Feature",
      "properties": {
        "source": "viirs_snpp",
        "satellite": "N",
        "acq_at": "2026-09-28 12:55:00",
        "frp": "7.72",
        "confidence": "nominal"
      },
      "geometry": {
        "type": "Point",
        "coordinates": [
          13.02049,
          37.87365
        ]
      }
    },
    {
      "type": "Feature",
      "properties": {
        "source": "viirs_snpp",
        "satellite": "N",
        "acq_at": "2026-09-28 12:55:00",
        "frp": "3.92",
        "confidence": "nominal"
      },
      "geometry": {
        "type": "Point",
        "coordinates": [
          13.21916,
          37.93974
        ]
      }
    },
    {
      "type": "Feature",
      "properties": {
        "source": "viirs_snpp",
        "satellite": "N",
        "acq_at": "2026-09-28 12:55:00",
        "frp": "4.67",
        "confidence": "nominal"
      },
      "geometry": {
        "type": "Point",
        "coordinates": [
          13.06441,
          37.92868
        ]
      }
    },
    {
      "type": "Feature",
      "properties": {
        "source": "viirs_snpp",
        "satellite": "N",
        "acq_at": "2026-09-28 12:55:00",
        "frp": "3.44",
        "confidence": "nominal"
      },
      "geometry": {
        "type": "Point",
        "coordinates": [
          17.16955,
          39.00312
        ]
      }
    },
    {
      "type": "Feature",
      "properties": {
        "source": "viirs_snpp",
        "satellite": "N",
        "acq_at": "2026-09-28 12:55:00",
        "frp": "5.81",
        "confidence": "nominal"
      },
      "geometry": {
        "type": "Point",
        "coordinates": [
          17.02702,
          39.09623
        ]
      }
    },
    {
      "type": "Feature",
      "properties": {
        "source": "viirs_snpp",
        "satellite": "N",
        "acq_at": "2026-09-28 12:55:00",
        "frp": "1.49",
        "confidence": "nominal"
      },
      "geometry": {
        "type": "Point",
        "coordinates": [
          16.06844,
          39.14532
        ]
      }
    },
    {
      "type": "Feature",
      "properties": {
        "source": "viirs_snpp",
        "satellite": "N",
        "acq_at": "2026-09-28 12:55:00",
        "frp": "19.21",
        "confidence": "high"
      },
      "geometry": {
        "type": "Point",
        "coordinates": [
          16.4047,
          40.38255
        ]
      }
    },
    {
      "type": "Feature",
      "properties": {
        "source": "viirs_snpp",
        "satellite": "N",
        "acq_at": "2026-09-28 12:55:00",
        "frp": "9.8",
        "confidence": "nominal"
      },
      "geometry": {
        "type": "Point",
        "coordinates": [
          16.40713,
          40.37936
        ]
      }
    },
    {
      "type": "Feature",
      "properties": {
        "source": "viirs_snpp",
        "satellite": "N",
        "acq_at": "2026-09-28 12:55:00",
        "frp": "9.8",
        "confidence": "high"
      },
      "geometry": {
        "type": "Point",
        "coordinates": [
          16.40727,
          40.38532
        ]
      }
    },
    {
      "type": "Feature",
      "properties": {
        "source": "viirs_snpp",
        "satellite": "N",
        "acq_at": "2026-09-28 12:55:00",
        "frp": "3.53",
        "confidence": "nominal"
      },
      "geometry": {
        "type": "Point",
        "coordinates": [
          15.15724,
          40.61826
        ]
      }
    },
    {
      "type": "Feature",
      "properties": {
        "source": "viirs_snpp",
        "satellite": "N",
        "acq_at": "2026-09-28 12:55:00",
        "frp": "2.62",
        "confidence": "nominal"
      },
      "geometry": {
        "type": "Point",
        "coordinates": [
          16.76746,
          40.81877
        ]
      }
    },
    {
      "type": "Feature",
      "properties": {
        "source": "viirs_snpp",
        "satellite": "N",
        "acq_at": "2026-09-28 12:55:00",
        "frp": "13.38",
        "confidence": "high"
      },
      "geometry": {
        "type": "Point",
        "coordinates": [
          16.18963,
          40.87115
        ]
      }
    },
    {
      "type": "Feature",
      "properties": {
        "source": "viirs_snpp",
        "satellite": "N",
        "acq_at": "2026-09-28 12:55:00",
        "frp": "7.27",
        "confidence": "nominal"
      },
      "geometry": {
        "type": "Point",
        "coordinates": [
          16.18429,
          40.87095
        ]
      }
    },
    {
      "type": "Feature",
      "properties": {
        "source": "viirs_snpp",
        "satellite": "N",
        "acq_at": "2026-09-28 12:55:00",
        "frp": "7.27",
        "confidence": "nominal"
      },
      "geometry": {
        "type": "Point",
        "coordinates": [
          16.1788,
          40.87074
        ]
      }
    },
    {
      "type": "Feature",
      "properties": {
        "source": "viirs_snpp",
        "satellite": "N",
        "acq_at": "2026-09-28 12:55:00",
        "frp": "6.23",
        "confidence": "nominal"
      },
      "geometry": {
        "type": "Point",
        "coordinates": [
          15.80666,
          40.88492
        ]
      }
    },
    {
      "type": "Feature",
      "properties": {
        "source": "viirs_snpp",
        "satellite": "N",
        "acq_at": "2026-09-28 12:55:00",
        "frp": "7.47",
        "confidence": "nominal"
      },
      "geometry": {
        "type": "Point",
        "coordinates": [
          15.80369,
          40.88523
        ]
      }
    },
    {
      "type": "Feature",
      "properties": {
        "source": "viirs_snpp",
        "satellite": "N",
        "acq_at": "2026-09-28 12:55:00",
        "frp": "6.26",
        "confidence": "nominal"
      },
      "geometry": {
        "type": "Point",
        "coordinates": [
          16.14175,
          40.96209
        ]
      }
    },
    {
      "type": "Feature",
      "properties": {
        "source": "viirs_snpp",
        "satellite": "N",
        "acq_at": "2026-09-28 12:55:00",
        "frp": "6.26",
        "confidence": "high"
      },
      "geometry": {
        "type": "Point",
        "coordinates": [
          16.14082,
          40.96795
        ]
      }
    },
    {
      "type": "Feature",
      "properties": {
        "source": "viirs_snpp",
        "satellite": "N",
        "acq_at": "2026-09-28 12:55:00",
        "frp": "2.08",
        "confidence": "low"
      },
      "geometry": {
        "type": "Point",
        "coordinates": [
          14.31375,
          40.94086
        ]
      }
    },
    {
      "type": "Feature",
      "properties": {
        "source": "viirs_snpp",
        "satellite": "N",
        "acq_at": "2026-09-28 12:55:00",
        "frp": "2.91",
        "confidence": "nominal"
      },
      "geometry": {
        "type": "Point",
        "coordinates": [
          15.5317,
          41.07615
        ]
      }
    },
    {
      "type": "Feature",
      "properties": {
        "source": "viirs_snpp",
        "satellite": "N",
        "acq_at": "2026-09-28 12:55:00",
        "frp": "2.48",
        "confidence": "nominal"
      },
      "geometry": {
        "type": "Point",
        "coordinates": [
          14.05655,
          41.01242
        ]
      }
    },
    {
      "type": "Feature",
      "properties": {
        "source": "viirs_snpp",
        "satellite": "N",
        "acq_at": "2026-09-28 12:55:00",
        "frp": "1.46",
        "confidence": "nominal"
      },
      "geometry": {
        "type": "Point",
        "coordinates": [
          14.05511,
          41.01143
        ]
      }
    },
    {
      "type": "Feature",
      "properties": {
        "source": "viirs_snpp",
        "satellite": "N",
        "acq_at": "2026-09-28 12:55:00",
        "frp": "4.62",
        "confidence": "nominal"
      },
      "geometry": {
        "type": "Point",
        "coordinates": [
          15.77413,
          41.13906
        ]
      }
    },
    {
      "type": "Feature",
      "properties": {
        "source": "viirs_snpp",
        "satellite": "N",
        "acq_at": "2026-09-28 12:55:00",
        "frp": "7.8",
        "confidence": "high"
      },
      "geometry": {
        "type": "Point",
        "coordinates": [
          15.77384,
          41.14485
        ]
      }
    },
    {
      "type": "Feature",
      "properties": {
        "source": "viirs_snpp",
        "satellite": "N",
        "acq_at": "2026-09-28 12:55:00",
        "frp": "6.15",
        "confidence": "nominal"
      },
      "geometry": {
        "type": "Point",
        "coordinates": [
          15.78164,
          41.20893
        ]
      }
    },
    {
      "type": "Feature",
      "properties": {
        "source": "viirs_snpp",
        "satellite": "N",
        "acq_at": "2026-09-28 12:55:00",
        "frp": "4.95",
        "confidence": "nominal"
      },
      "geometry": {
        "type": "Point",
        "coordinates": [
          15.7763,
          41.2087
        ]
      }
    },
    {
      "type": "Feature",
      "properties": {
        "source": "viirs_snpp",
        "satellite": "N",
        "acq_at": "2026-09-28 12:55:00",
        "frp": "6.05",
        "confidence": "high"
      },
      "geometry": {
        "type": "Point",
        "coordinates": [
          15.77759,
          41.20851
        ]
      }
    },
    {
      "type": "Feature",
      "properties": {
        "source": "viirs_snpp",
        "satellite": "N",
        "acq_at": "2026-09-28 12:55:00",
        "frp": "1.79",
        "confidence": "nominal"
      },
      "geometry": {
        "type": "Point",
        "coordinates": [
          15.03068,
          41.25114
        ]
      }
    },
    {
      "type": "Feature",
      "properties": {
        "source": "viirs_snpp",
        "satellite": "N",
        "acq_at": "2026-09-28 12:55:00",
        "frp": "2.55",
        "confidence": "nominal"
      },
      "geometry": {
        "type": "Point",
        "coordinates": [
          14.80869,
          41.27914
        ]
      }
    },
    {
      "type": "Feature",
      "properties": {
        "source": "viirs_snpp",
        "satellite": "N",
        "acq_at": "2026-09-28 12:55:00",
        "frp": "12.38",
        "confidence": "nominal"
      },
      "geometry": {
        "type": "Point",
        "coordinates": [
          15.85139,
          41.42644
        ]
      }
    },
    {
      "type": "Feature",
      "properties": {
        "source": "viirs_snpp",
        "satellite": "N",
        "acq_at": "2026-09-28 12:55:00",
        "frp": "6.17",
        "confidence": "nominal"
      },
      "geometry": {
        "type": "Point",
        "coordinates": [
          15.85317,
          41.42563
        ]
      }
    },
    {
      "type": "Feature",
      "properties": {
        "source": "viirs_snpp",
        "satellite": "N",
        "acq_at": "2026-09-28 12:55:00",
        "frp": "3.02",
        "confidence": "nominal"
      },
      "geometry": {
        "type": "Point",
        "coordinates": [
          15.83155,
          41.42485
        ]
      }
    },
    {
      "type": "Feature",
      "properties": {
        "source": "viirs_snpp",
        "satellite": "N",
        "acq_at": "2026-09-28 12:55:00",
        "frp": "6.17",
        "confidence": "high"
      },
      "geometry": {
        "type": "Point",
        "coordinates": [
          15.85282,
          41.43145
        ]
      }
    },
    {
      "type": "Feature",
      "properties": {
        "source": "viirs_snpp",
        "satellite": "N",
        "acq_at": "2026-09-28 12:55:00",
        "frp": "8.67",
        "confidence": "nominal"
      },
      "geometry": {
        "type": "Point",
        "coordinates": [
          15.55404,
          41.57089
        ]
      }
    },
    {
      "type": "Feature",
      "properties": {
        "source": "viirs_snpp",
        "satellite": "N",
        "acq_at": "2026-09-28 12:55:00",
        "frp": "3.25",
        "confidence": "nominal"
      },
      "geometry": {
        "type": "Point",
        "coordinates": [
          14.97843,
          41.79244
        ]
      }
    },
    {
      "type": "Feature",
      "properties": {
        "source": "viirs_snpp",
        "satellite": "N",
        "acq_at": "2026-09-28 12:55:00",
        "frp": "3.87",
        "confidence": "nominal"
      },
      "geometry": {
        "type": "Point",
        "coordinates": [
          18.31253,
          42.68308
        ]
      }
    },
    {
      "type": "Feature",
      "properties": {
        "source": "viirs_snpp",
        "satellite": "N",
        "acq_at": "2026-09-28 12:55:00",
        "frp": "4.09",
        "confidence": "nominal"
      },
      "geometry": {
        "type": "Point",
        "coordinates": [
          11.11018,
          42.70417
        ]
      }
    },
    {
      "type": "Feature",
      "properties": {
        "source": "viirs_snpp",
        "satellite": "N",
        "acq_at": "2026-09-28 12:57:00",
        "frp": "13.88",
        "confidence": "high"
      },
      "geometry": {
        "type": "Point",
        "coordinates": [
          17.73868,
          43.03565
        ]
      }
    },
    {
      "type": "Feature",
      "properties": {
        "source": "viirs_snpp",
        "satellite": "N",
        "acq_at": "2026-09-28 12:57:00",
        "frp": "13.65",
        "confidence": "high"
      },
      "geometry": {
        "type": "Point",
        "coordinates": [
          17.74126,
          43.0365
        ]
      }
    },
    {
      "type": "Feature",
      "properties": {
        "source": "viirs_snpp",
        "satellite": "N",
        "acq_at": "2026-09-28 12:57:00",
        "frp": "2.38",
        "confidence": "nominal"
      },
      "geometry": {
        "type": "Point",
        "coordinates": [
          11.06565,
          44.50356
        ]
      }
    },
    {
      "type": "Feature",
      "properties": {
        "source": "viirs_snpp",
        "satellite": "N",
        "acq_at": "2026-09-28 12:57:00",
        "frp": "2.31",
        "confidence": "nominal"
      },
      "geometry": {
        "type": "Point",
        "coordinates": [
          17.3517,
          47.06235
        ]
      }
    },
    {
      "type": "Feature",
      "properties": {
        "source": "viirs_snpp",
        "satellite": "N",
        "acq_at": "2026-09-28 11:17:00",
        "frp": "3.14",
        "confidence": "nominal"
      },
      "geometry": {
        "type": "Point",
        "coordinates": [
          13.94165,
          37.13008
        ]
      }
    },
    {
      "type": "Feature",
      "properties": {
        "source": "viirs_snpp",
        "satellite": "N",
        "acq_at": "2026-09-28 11:17:00",
        "frp": "14.76",
        "confidence": "high"
      },
      "geometry": {
        "type": "Point",
        "coordinates": [
          14.45926,
          37.38171
        ]
      }
    },
    {
      "type": "Feature",
      "properties": {
        "source": "viirs_snpp",
        "satellite": "N",
        "acq_at": "2026-09-28 11:17:00",
        "frp": "4.54",
        "confidence": "nominal"
      },
      "geometry": {
        "type": "Point",
        "coordinates": [
          16.23617,
          38.28362
        ]
      }
    },
    {
      "type": "Feature",
      "properties": {
        "source": "viirs_snpp",
        "satellite": "N",
        "acq_at": "2026-09-28 11:17:00",
        "frp": "5.34",
        "confidence": "nominal"
      },
      "geometry": {
        "type": "Point",
        "coordinates": [
          16.23496,
          38.28385
        ]
      }
    },
    {
      "type": "Feature",
      "properties": {
        "source": "viirs_snpp",
        "satellite": "N",
        "acq_at": "2026-09-28 11:17:00",
        "frp": "4.49",
        "confidence": "nominal"
      },
      "geometry": {
        "type": "Point",
        "coordinates": [
          13.80926,
          37.71872
        ]
      }
    },
    {
      "type": "Feature",
      "properties": {
        "source": "viirs_snpp",
        "satellite": "N",
        "acq_at": "2026-09-28 11:17:00",
        "frp": "18.6",
        "confidence": "high"
      },
      "geometry": {
        "type": "Point",
        "coordinates": [
          13.29895,
          37.8875
        ]
      }
    },
    {
      "type": "Feature",
      "properties": {
        "source": "viirs_snpp",
        "satellite": "N",
        "acq_at": "2026-09-28 11:17:00",
        "frp": "2.48",
        "confidence": "low"
      },
      "geometry": {
        "type": "Point",
        "coordinates": [
          17.10881,
          38.94972
        ]
      }
    },
    {
      "type": "Feature",
      "properties": {
        "source": "viirs_snpp",
        "satellite": "N",
        "acq_at": "2026-09-28 11:17:00",
        "frp": "2.03",
        "confidence": "nominal"
      },
      "geometry": {
        "type": "Point",
        "coordinates": [
          17.10986,
          38.95167
        ]
      }
    },
    {
      "type": "Feature",
      "properties": {
        "source": "viirs_snpp",
        "satellite": "N",
        "acq_at": "2026-09-28 11:17:00",
        "frp": "10.75",
        "confidence": "high"
      },
      "geometry": {
        "type": "Point",
        "coordinates": [
          13.29286,
          37.88799
        ]
      }
    },
    {
      "type": "Feature",
      "properties": {
        "source": "viirs_snpp",
        "satellite": "N",
        "acq_at": "2026-09-28 11:17:00",
        "frp": "10.75",
        "confidence": "nominal"
      },
      "geometry": {
        "type": "Point",
        "coordinates": [
          13.29931,
          37.88995
        ]
      }
    },
    {
      "type": "Feature",
      "properties": {
        "source": "viirs_snpp",
        "satellite": "N",
        "acq_at": "2026-09-28 11:17:00",
        "frp": "3.73",
        "confidence": "nominal"
      },
      "geometry": {
        "type": "Point",
        "coordinates": [
          17.16746,
          39.00552
        ]
      }
    },
    {
      "type": "Feature",
      "properties": {
        "source": "viirs_snpp",
        "satellite": "N",
        "acq_at": "2026-09-28 11:17:00",
        "frp": "3.73",
        "confidence": "nominal"
      },
      "geometry": {
        "type": "Point",
        "coordinates": [
          17.16393,
          39.0046
        ]
      }
    },
    {
      "type": "Feature",
      "properties": {
        "source": "viirs_snpp",
        "satellite": "N",
        "acq_at": "2026-09-28 11:17:00",
        "frp": "5.43",
        "confidence": "nominal"
      },
      "geometry": {
        "type": "Point",
        "coordinates": [
          13.16585,
          37.88404
        ]
      }
    },
    {
      "type": "Feature",
      "properties": {
        "source": "viirs_snpp",
        "satellite": "N",
        "acq_at": "2026-09-28 11:17:00",
        "frp": "5.22",
        "confidence": "nominal"
      },
      "geometry": {
        "type": "Point",
        "coordinates": [
          12.8959,
          37.87214
        ]
      }
    },
    {
      "type": "Feature",
      "properties": {
        "source": "viirs_snpp",
        "satellite": "N",
        "acq_at": "2026-09-28 11:17:00",
        "frp": "6.04",
        "confidence": "nominal"
      },
      "geometry": {
        "type": "Point",
        "coordinates": [
          13.06415,
          37.93011
        ]
      }
    },
    {
      "type": "Feature",
      "properties": {
        "source": "viirs_snpp",
        "satellite": "N",
        "acq_at": "2026-09-28 11:17:00",
        "frp": "1.74",
        "confidence": "nominal"
      },
      "geometry": {
        "type": "Point",
        "coordinates": [
          16.86706,
          39.01592
        ]
      }
    },
    {
      "type": "Feature",
      "properties": {
        "source": "viirs_snpp",
        "satellite": "N",
        "acq_at": "2026-09-28 11:17:00",
        "frp": "2.01",
        "confidence": "nominal"
      },
      "geometry": {
        "type": "Point",
        "coordinates": [
          16.86696,
          39.01566
        ]
      }
    },
    {
      "type": "Feature",
      "properties": {
        "source": "viirs_snpp",
        "satellite": "N",
        "acq_at": "2026-09-28 11:17:00",
        "frp": "3.88",
        "confidence": "nominal"
      },
      "geometry": {
        "type": "Point",
        "coordinates": [
          12.90019,
          37.87275
        ]
      }
    },
    {
      "type": "Feature",
      "properties": {
        "source": "viirs_snpp",
        "satellite": "N",
        "acq_at": "2026-09-28 11:17:00",
        "frp": "5.48",
        "confidence": "nominal"
      },
      "geometry": {
        "type": "Point",
        "coordinates": [
          13.06179,
          37.92973
        ]
      }
    },
    {
      "type": "Feature",
      "properties": {
        "source": "viirs_snpp",
        "satellite": "N",
        "acq_at": "2026-09-28 11:17:00",
        "frp": "13.47",
        "confidence": "high"
      },
      "geometry": {
        "type": "Point",
        "coordinates": [
          17.02288,
          39.09587
        ]
      }
    },
    {
      "type": "Feature",
      "properties": {
        "source": "viirs_snpp",
        "satellite": "N",
        "acq_at": "2026-09-28 11:17:00",
        "frp": "8.92",
        "confidence": "high"
      },
      "geometry": {
        "type": "Point",
        "coordinates": [
          17.01901,
          39.09486
        ]
      }
    },
    {
      "type": "Feature",
      "properties": {
        "source": "viirs_snpp",
        "satellite": "N",
        "acq_at": "2026-09-28 11:17:00",
        "frp": "11.36",
        "confidence": "nominal"
      },
      "geometry": {
        "type": "Point",
        "coordinates": [
          12.72887,
          37.91227
        ]
      }
    },
    {
      "type": "Feature",
      "properties": {
        "source": "viirs_snpp",
        "satellite": "N",
        "acq_at": "2026-09-28 11:17:00",
        "frp": "11.18",
        "confidence": "nominal"
      },
      "geometry": {
        "type": "Point",
        "coordinates": [
          12.72755,
          37.91141
        ]
      }
    },
    {
      "type": "Feature",
      "properties": {
        "source": "viirs_snpp",
        "satellite": "N",
        "acq_at": "2026-09-28 11:17:00",
        "frp": "5.81",
        "confidence": "nominal"
      },
      "geometry": {
        "type": "Point",
        "coordinates": [
          17.94065,
          40.3342
        ]
      }
    },
    {
      "type": "Feature",
      "properties": {
        "source": "viirs_snpp",
        "satellite": "N",
        "acq_at": "2026-09-28 11:17:00",
        "frp": "16.03",
        "confidence": "nominal"
      },
      "geometry": {
        "type": "Point",
        "coordinates": [
          17.87437,
          40.35345
        ]
      }
    },
    {
      "type": "Feature",
      "properties": {
        "source": "viirs_snpp",
        "satellite": "N",
        "acq_at": "2026-09-28 11:17:00",
        "frp": "5.32",
        "confidence": "high"
      },
      "geometry": {
        "type": "Point",
        "coordinates": [
          16.62386,
          40.2474
        ]
      }
    },
    {
      "type": "Feature",
      "properties": {
        "source": "viirs_snpp",
        "satellite": "N",
        "acq_at": "2026-09-28 11:17:00",
        "frp": "5.26",
        "confidence": "nominal"
      },
      "geometry": {
        "type": "Point",
        "coordinates": [
          16.84664,
          40.39034
        ]
      }
    },
    {
      "type": "Feature",
      "properties": {
        "source": "viirs_snpp",
        "satellite": "N",
        "acq_at": "2026-09-28 11:17:00",
        "frp": "3.48",
        "confidence": "nominal"
      },
      "geometry": {
        "type": "Point",
        "coordinates": [
          16.21058,
          40.71649
        ]
      }
    },
    {
      "type": "Feature",
      "properties": {
        "source": "viirs_snpp",
        "satellite": "N",
        "acq_at": "2026-09-28 11:17:00",
        "frp": "2.97",
        "confidence": "nominal"
      },
      "geometry": {
        "type": "Point",
        "coordinates": [
          15.16212,
          40.49926
        ]
      }
    },
    {
      "type": "Feature",
      "properties": {
        "source": "viirs_snpp",
        "satellite": "N",
        "acq_at": "2026-09-28 11:17:00",
        "frp": "2.58",
        "confidence": "nominal"
      },
      "geometry": {
        "type": "Point",
        "coordinates": [
          16.46502,
          40.85784
        ]
      }
    },
    {
      "type": "Feature",
      "properties": {
        "source": "viirs_snpp",
        "satellite": "N",
        "acq_at": "2026-09-28 11:17:00",
        "frp": "2.58",
        "confidence": "nominal"
      },
      "geometry": {
        "type": "Point",
        "coordinates": [
          16.46128,
          40.85686
        ]
      }
    },
    {
      "type": "Feature",
      "properties": {
        "source": "viirs_snpp",
        "satellite": "N",
        "acq_at": "2026-09-28 11:17:00",
        "frp": "4.13",
        "confidence": "nominal"
      },
      "geometry": {
        "type": "Point",
        "coordinates": [
          16.21603,
          40.86377
        ]
      }
    },
    {
      "type": "Feature",
      "properties": {
        "source": "viirs_snpp",
        "satellite": "N",
        "acq_at": "2026-09-28 11:17:00",
        "frp": "3.64",
        "confidence": "low"
      },
      "geometry": {
        "type": "Point",
        "coordinates": [
          16.21517,
          40.86515
        ]
      }
    },
    {
      "type": "Feature",
      "properties": {
        "source": "viirs_snpp",
        "satellite": "N",
        "acq_at": "2026-09-28 11:17:00",
        "frp": "13.7",
        "confidence": "high"
      },
      "geometry": {
        "type": "Point",
        "coordinates": [
          15.87921,
          40.83639
        ]
      }
    },
    {
      "type": "Feature",
      "properties": {
        "source": "viirs_snpp",
        "satellite": "N",
        "acq_at": "2026-09-28 11:17:00",
        "frp": "7.03",
        "confidence": "high"
      },
      "geometry": {
        "type": "Point",
        "coordinates": [
          15.65958,
          40.90165
        ]
      }
    },
    {
      "type": "Feature",
      "properties": {
        "source": "viirs_snpp",
        "satellite": "N",
        "acq_at": "2026-09-28 11:17:00",
        "frp": "2.6",
        "confidence": "nominal"
      },
      "geometry": {
        "type": "Point",
        "coordinates": [
          15.90841,
          41.0806
        ]
      }
    },
    {
      "type": "Feature",
      "properties": {
        "source": "viirs_snpp",
        "satellite": "N",
        "acq_at": "2026-09-28 11:17:00",
        "frp": "2.5",
        "confidence": "nominal"
      },
      "geometry": {
        "type": "Point",
        "coordinates": [
          15.77161,
          41.14569
        ]
      }
    },
    {
      "type": "Feature",
      "properties": {
        "source": "viirs_snpp",
        "satellite": "N",
        "acq_at": "2026-09-28 11:17:00",
        "frp": "2.5",
        "confidence": "nominal"
      },
      "geometry": {
        "type": "Point",
        "coordinates": [
          15.76763,
          41.14462
        ]
      }
    },
    {
      "type": "Feature",
      "properties": {
        "source": "viirs_snpp",
        "satellite": "N",
        "acq_at": "2026-09-28 11:17:00",
        "frp": "14.55",
        "confidence": "high"
      },
      "geometry": {
        "type": "Point",
        "coordinates": [
          14.01619,
          40.98419
        ]
      }
    },
    {
      "type": "Feature",
      "properties": {
        "source": "viirs_snpp",
        "satellite": "N",
        "acq_at": "2026-09-28 11:17:00",
        "frp": "4.53",
        "confidence": "nominal"
      },
      "geometry": {
        "type": "Point",
        "coordinates": [
          15.42741,
          41.37927
        ]
      }
    },
    {
      "type": "Feature",
      "properties": {
        "source": "viirs_snpp",
        "satellite": "N",
        "acq_at": "2026-09-28 11:17:00",
        "frp": "12.9",
        "confidence": "nominal"
      },
      "geometry": {
        "type": "Point",
        "coordinates": [
          14.0211,
          40.9856
        ]
      }
    },
    {
      "type": "Feature",
      "properties": {
        "source": "viirs_snpp",
        "satellite": "N",
        "acq_at": "2026-09-28 11:17:00",
        "frp": "3.47",
        "confidence": "nominal"
      },
      "geometry": {
        "type": "Point",
        "coordinates": [
          15.49929,
          41.72086
        ]
      }
    },
    {
      "type": "Feature",
      "properties": {
        "source": "viirs_snpp",
        "satellite": "N",
        "acq_at": "2026-09-28 11:17:00",
        "frp": "2.38",
        "confidence": "nominal"
      },
      "geometry": {
        "type": "Point",
        "coordinates": [
          15.49693,
          41.72583
        ]
      }
    },
    {
      "type": "Feature",
      "properties": {
        "source": "viirs_snpp",
        "satellite": "N",
        "acq_at": "2026-09-28 11:17:00",
        "frp": "3.22",
        "confidence": "nominal"
      },
      "geometry": {
        "type": "Point",
        "coordinates": [
          18.97657,
          44.79924
        ]
      }
    },
    {
      "type": "Feature",
      "properties": {
        "source": "viirs_snpp",
        "satellite": "N",
        "acq_at": "2026-09-28 11:17:00",
        "frp": "4.42",
        "confidence": "nominal"
      },
      "geometry": {
        "type": "Point",
        "coordinates": [
          18.0825,
          44.86548
        ]
      }
    },
    {
      "type": "Feature",
      "properties": {
        "source": "viirs_snpp",
        "satellite": "N",
        "acq_at": "2026-09-28 11:17:00",
        "frp": "1.94",
        "confidence": "low"
      },
      "geometry": {
        "type": "Point",
        "coordinates": [
          17.33874,
          44.9693
        ]
      }
    },
    {
      "type": "Feature",
      "properties": {
        "source": "viirs_noaa20",
        "satellite": "N20",
        "acq_at": "2026-09-27 13:33:00",
        "frp": "5.52",
        "confidence": "nominal"
      },
      "geometry": {
        "type": "Point",
        "coordinates": [
          6.98973,
          35.96712
        ]
      }
    },
    {
      "type": "Feature",
      "properties": {
        "source": "viirs_noaa20",
        "satellite": "N20",
        "acq_at": "2026-09-27 13:33:00",
        "frp": "5.11",
        "confidence": "nominal"
      },
      "geometry": {
        "type": "Point",
        "coordinates": [
          6.98915,
          35.96388
        ]
      }
    },
    {
      "type": "Feature",
      "properties": {
        "source": "viirs_noaa20",
        "satellite": "N20",
        "acq_at": "2026-09-27 13:33:00",
        "frp": "5.51",
        "confidence": "nominal"
      },
      "geometry": {
        "type": "Point",
        "coordinates": [
          6.66798,
          36.47567
        ]
      }
    },
    {
      "type": "Feature",
      "properties": {
        "source": "viirs_noaa20",
        "satellite": "N20",
        "acq_at": "2026-09-27 13:33:00",
        "frp": "5.01",
        "confidence": "nominal"
      },
      "geometry": {
        "type": "Point",
        "coordinates": [
          6.66545,
          36.47356
        ]
      }
    },
    {
      "type": "Feature",
      "properties": {
        "source": "viirs_noaa20",
        "satellite": "N20",
        "acq_at": "2026-09-27 13:33:00",
        "frp": "8.28",
        "confidence": "nominal"
      },
      "geometry": {
        "type": "Point",
        "coordinates": [
          9.32551,
          36.72535
        ]
      }
    },
    {
      "type": "Feature",
      "properties": {
        "source": "viirs_noaa20",
        "satellite": "N20",
        "acq_at": "2026-09-27 13:33:00",
        "frp": "9.65",
        "confidence": "nominal"
      },
      "geometry": {
        "type": "Point",
        "coordinates": [
          6.51593,
          36.68924
        ]
      }
    },
    {
      "type": "Feature",
      "properties": {
        "source": "viirs_noaa20",
        "satellite": "N20",
        "acq_at": "2026-09-28 00:11:00",
        "frp": "5.53",
        "confidence": "nominal"
      },
      "geometry": {
        "type": "Point",
        "coordinates": [
          9.39647,
          41.85878
        ]
      }
    },
    {
      "type": "Feature",
      "properties": {
        "source": "viirs_noaa20",
        "satellite": "N20",
        "acq_at": "2026-09-28 00:13:00",
        "frp": "2.27",
        "confidence": "nominal"
      },
      "geometry": {
        "type": "Point",
        "coordinates": [
          16.56388,
          38.54382
        ]
      }
    },
    {
      "type": "Feature",
      "properties": {
        "source": "viirs_noaa20",
        "satellite": "N20",
        "acq_at": "2026-09-28 00:13:00",
        "frp": "1.82",
        "confidence": "nominal"
      },
      "geometry": {
        "type": "Point",
        "coordinates": [
          16.56524,
          38.54234
        ]
      }
    },
    {
      "type": "Feature",
      "properties": {
        "source": "viirs_noaa20",
        "satellite": "N20",
        "acq_at": "2026-09-28 00:13:00",
        "frp": "0.82",
        "confidence": "nominal"
      },
      "geometry": {
        "type": "Point",
        "coordinates": [
          13.89836,
          37.64367
        ]
      }
    },
    {
      "type": "Feature",
      "properties": {
        "source": "viirs_noaa20",
        "satellite": "N20",
        "acq_at": "2026-09-28 00:13:00",
        "frp": "0.74",
        "confidence": "nominal"
      },
      "geometry": {
        "type": "Point",
        "coordinates": [
          13.89845,
          37.64676
        ]
      }
    },
    {
      "type": "Feature",
      "properties": {
        "source": "viirs_noaa20",
        "satellite": "N20",
        "acq_at": "2026-09-28 00:13:00",
        "frp": "4.81",
        "confidence": "nominal"
      },
      "geometry": {
        "type": "Point",
        "coordinates": [
          14.36817,
          36.98359
        ]
      }
    },
    {
      "type": "Feature",
      "properties": {
        "source": "viirs_noaa20",
        "satellite": "N20",
        "acq_at": "2026-09-28 00:13:00",
        "frp": "3.27",
        "confidence": "nominal"
      },
      "geometry": {
        "type": "Point",
        "coordinates": [
          14.3637,
          36.98386
        ]
      }
    },
    {
      "type": "Feature",
      "properties": {
        "source": "viirs_noaa20",
        "satellite": "N20",
        "acq_at": "2026-09-28 01:52:00",
        "frp": "0.88",
        "confidence": "nominal"
      },
      "geometry": {
        "type": "Point",
        "coordinates": [
          12.54513,
          43.36567
        ]
      }
    },
    {
      "type": "Feature",
      "properties": {
        "source": "viirs_noaa20",
        "satellite": "N20",
        "acq_at": "2026-09-28 01:52:00",
        "frp": "1.08",
        "confidence": "nominal"
      },
      "geometry": {
        "type": "Point",
        "coordinates": [
          11.83719,
          43.23578
        ]
      }
    },
    {
      "type": "Feature",
      "properties": {
        "source": "viirs_noaa20",
        "satellite": "N20",
        "acq_at": "2026-09-28 01:52:00",
        "frp": "1.77",
        "confidence": "nominal"
      },
      "geometry": {
        "type": "Point",
        "coordinates": [
          17.359,
          40.54681
        ]
      }
    },
    {
      "type": "Feature",
      "properties": {
        "source": "viirs_noaa20",
        "satellite": "N20",
        "acq_at": "2026-09-28 01:52:00",
        "frp": "1.29",
        "confidence": "nominal"
      },
      "geometry": {
        "type": "Point",
        "coordinates": [
          17.36489,
          40.54498
        ]
      }
    },
    {
      "type": "Feature",
      "properties": {
        "source": "viirs_noaa20",
        "satellite": "N20",
        "acq_at": "2026-09-28 01:52:00",
        "frp": "1.77",
        "confidence": "nominal"
      },
      "geometry": {
        "type": "Point",
        "coordinates": [
          17.35045,
          40.54274
        ]
      }
    },
    {
      "type": "Feature",
      "properties": {
        "source": "viirs_noaa20",
        "satellite": "N20",
        "acq_at": "2026-09-28 01:52:00",
        "frp": "1.29",
        "confidence": "nominal"
      },
      "geometry": {
        "type": "Point",
        "coordinates": [
          17.36803,
          40.53728
        ]
      }
    },
    {
      "type": "Feature",
      "properties": {
        "source": "viirs_noaa20",
        "satellite": "N20",
        "acq_at": "2026-09-28 01:52:00",
        "frp": "2.53",
        "confidence": "nominal"
      },
      "geometry": {
        "type": "Point",
        "coordinates": [
          17.36142,
          40.54609
        ]
      }
    },
    {
      "type": "Feature",
      "properties": {
        "source": "viirs_noaa20",
        "satellite": "N20",
        "acq_at": "2026-09-28 01:52:00",
        "frp": "1.2",
        "confidence": "nominal"
      },
      "geometry": {
        "type": "Point",
        "coordinates": [
          17.35279,
          40.54201
        ]
      }
    },
    {
      "type": "Feature",
      "properties": {
        "source": "viirs_noaa20",
        "satellite": "N20",
        "acq_at": "2026-09-28 01:52:00",
        "frp": "0.74",
        "confidence": "nominal"
      },
      "geometry": {
        "type": "Point",
        "coordinates": [
          17.37046,
          40.53664
        ]
      }
    },
    {
      "type": "Feature",
      "properties": {
        "source": "viirs_noaa20",
        "satellite": "N20",
        "acq_at": "2026-09-28 01:52:00",
        "frp": "0.9",
        "confidence": "nominal"
      },
      "geometry": {
        "type": "Point",
        "coordinates": [
          9.38802,
          42.00811
        ]
      }
    },
    {
      "type": "Feature",
      "properties": {
        "source": "viirs_noaa20",
        "satellite": "N20",
        "acq_at": "2026-09-28 01:54:00",
        "frp": "0.47",
        "confidence": "nominal"
      },
      "geometry": {
        "type": "Point",
        "coordinates": [
          9.00946,
          39.57938
        ]
      }
    },
    {
      "type": "Feature",
      "properties": {
        "source": "viirs_noaa20",
        "satellite": "N20",
        "acq_at": "2026-09-28 01:54:00",
        "frp": "0.91",
        "confidence": "nominal"
      },
      "geometry": {
        "type": "Point",
        "coordinates": [
          8.59924,
          39.61861
        ]
      }
    },
    {
      "type": "Feature",
      "properties": {
        "source": "viirs_noaa20",
        "satellite": "N20",
        "acq_at": "2026-09-28 11:34:00",
        "frp": "3.72",
        "confidence": "nominal"
      },
      "geometry": {
        "type": "Point",
        "coordinates": [
          14.32237,
          37.22193
        ]
      }
    },
    {
      "type": "Feature",
      "properties": {
        "source": "viirs_noaa20",
        "satellite": "N20",
        "acq_at": "2026-09-28 11:34:00",
        "frp": "5.11",
        "confidence": "nominal"
      },
      "geometry": {
        "type": "Point",
        "coordinates": [
          14.3209,
          37.22624
        ]
      }
    },
    {
      "type": "Feature",
      "properties": {
        "source": "viirs_noaa20",
        "satellite": "N20",
        "acq_at": "2026-09-28 11:34:00",
        "frp": "4.98",
        "confidence": "nominal"
      },
      "geometry": {
        "type": "Point",
        "coordinates": [
          14.77202,
          37.36043
        ]
      }
    },
    {
      "type": "Feature",
      "properties": {
        "source": "viirs_noaa20",
        "satellite": "N20",
        "acq_at": "2026-09-28 11:34:00",
        "frp": "1.73",
        "confidence": "nominal"
      },
      "geometry": {
        "type": "Point",
        "coordinates": [
          9.82351,
          36.36454
        ]
      }
    },
    {
      "type": "Feature",
      "properties": {
        "source": "viirs_noaa20",
        "satellite": "N20",
        "acq_at": "2026-09-28 11:34:00",
        "frp": "3.47",
        "confidence": "low"
      },
      "geometry": {
        "type": "Point",
        "coordinates": [
          14.66786,
          37.56841
        ]
      }
    },
    {
      "type": "Feature",
      "properties": {
        "source": "viirs_noaa20",
        "satellite": "N20",
        "acq_at": "2026-09-28 11:34:00",
        "frp": "4.28",
        "confidence": "nominal"
      },
      "geometry": {
        "type": "Point",
        "coordinates": [
          13.75318,
          37.54955
        ]
      }
    },
    {
      "type": "Feature",
      "properties": {
        "source": "viirs_noaa20",
        "satellite": "N20",
        "acq_at": "2026-09-28 11:34:00",
        "frp": "5.76",
        "confidence": "low"
      },
      "geometry": {
        "type": "Point",
        "coordinates": [
          13.8067,
          37.57154
        ]
      }
    },
    {
      "type": "Feature",
      "properties": {
        "source": "viirs_noaa20",
        "satellite": "N20",
        "acq_at": "2026-09-28 11:34:00",
        "frp": "10.66",
        "confidence": "nominal"
      },
      "geometry": {
        "type": "Point",
        "coordinates": [
          13.68544,
          37.54805
        ]
      }
    },
    {
      "type": "Feature",
      "properties": {
        "source": "viirs_noaa20",
        "satellite": "N20",
        "acq_at": "2026-09-28 11:34:00",
        "frp": "10.36",
        "confidence": "nominal"
      },
      "geometry": {
        "type": "Point",
        "coordinates": [
          13.68053,
          37.54691
        ]
      }
    },
    {
      "type": "Feature",
      "properties": {
        "source": "viirs_noaa20",
        "satellite": "N20",
        "acq_at": "2026-09-28 11:34:00",
        "frp": "2.66",
        "confidence": "low"
      },
      "geometry": {
        "type": "Point",
        "coordinates": [
          8.8221,
          36.35275
        ]
      }
    },
    {
      "type": "Feature",
      "properties": {
        "source": "viirs_noaa20",
        "satellite": "N20",
        "acq_at": "2026-09-28 11:34:00",
        "frp": "6.19",
        "confidence": "nominal"
      },
      "geometry": {
        "type": "Point",
        "coordinates": [
          16.23687,
          38.28334
        ]
      }
    },
    {
      "type": "Feature",
      "properties": {
        "source": "viirs_noaa20",
        "satellite": "N20",
        "acq_at": "2026-09-28 11:34:00",
        "frp": "6.55",
        "confidence": "nominal"
      },
      "geometry": {
        "type": "Point",
        "coordinates": [
          16.23595,
          38.28334
        ]
      }
    },
    {
      "type": "Feature",
      "properties": {
        "source": "viirs_noaa20",
        "satellite": "N20",
        "acq_at": "2026-09-28 11:34:00",
        "frp": "7.47",
        "confidence": "nominal"
      },
      "geometry": {
        "type": "Point",
        "coordinates": [
          6.40898,
          35.80297
        ]
      }
    },
    {
      "type": "Feature",
      "properties": {
        "source": "viirs_noaa20",
        "satellite": "N20",
        "acq_at": "2026-09-28 11:34:00",
        "frp": "2.72",
        "confidence": "nominal"
      },
      "geometry": {
        "type": "Point",
        "coordinates": [
          9.91867,
          36.95101
        ]
      }
    },
    {
      "type": "Feature",
      "properties": {
        "source": "viirs_noaa20",
        "satellite": "N20",
        "acq_at": "2026-09-28 11:34:00",
        "frp": "4.95",
        "confidence": "nominal"
      },
      "geometry": {
        "type": "Point",
        "coordinates": [
          13.19951,
          37.81184
        ]
      }
    },
    {
      "type": "Feature",
      "properties": {
        "source": "viirs_noaa20",
        "satellite": "N20",
        "acq_at": "2026-09-28 11:34:00",
        "frp": "5.84",
        "confidence": "nominal"
      },
      "geometry": {
        "type": "Point",
        "coordinates": [
          9.44932,
          36.91703
        ]
      }
    },
    {
      "type": "Feature",
      "properties": {
        "source": "viirs_noaa20",
        "satellite": "N20",
        "acq_at": "2026-09-28 11:34:00",
        "frp": "4.1",
        "confidence": "nominal"
      },
      "geometry": {
        "type": "Point",
        "coordinates": [
          9.44495,
          36.91583
        ]
      }
    },
    {
      "type": "Feature",
      "properties": {
        "source": "viirs_noaa20",
        "satellite": "N20",
        "acq_at": "2026-09-28 11:34:00",
        "frp": "2.97",
        "confidence": "nominal"
      },
      "geometry": {
        "type": "Point",
        "coordinates": [
          9.45652,
          36.92517
        ]
      }
    },
    {
      "type": "Feature",
      "properties": {
        "source": "viirs_noaa20",
        "satellite": "N20",
        "acq_at": "2026-09-28 11:34:00",
        "frp": "5.16",
        "confidence": "nominal"
      },
      "geometry": {
        "type": "Point",
        "coordinates": [
          7.2619,
          36.29482
        ]
      }
    },
    {
      "type": "Feature",
      "properties": {
        "source": "viirs_noaa20",
        "satellite": "N20",
        "acq_at": "2026-09-28 11:34:00",
        "frp": "3.99",
        "confidence": "nominal"
      },
      "geometry": {
        "type": "Point",
        "coordinates": [
          13.02589,
          37.86771
        ]
      }
    },
    {
      "type": "Feature",
      "properties": {
        "source": "viirs_noaa20",
        "satellite": "N20",
        "acq_at": "2026-09-28 11:34:00",
        "frp": "11.33",
        "confidence": "nominal"
      },
      "geometry": {
        "type": "Point",
        "coordinates": [
          13.0241,
          37.87222
        ]
      }
    },
    {
      "type": "Feature",
      "properties": {
        "source": "viirs_noaa20",
        "satellite": "N20",
        "acq_at": "2026-09-28 11:34:00",
        "frp": "4.26",
        "confidence": "nominal"
      },
      "geometry": {
        "type": "Point",
        "coordinates": [
          9.76001,
          37.0686
        ]
      }
    },
    {
      "type": "Feature",
      "properties": {
        "source": "viirs_noaa20",
        "satellite": "N20",
        "acq_at": "2026-09-28 11:34:00",
        "frp": "7.68",
        "confidence": "high"
      },
      "geometry": {
        "type": "Point",
        "coordinates": [
          9.88519,
          37.10814
        ]
      }
    },
    {
      "type": "Feature",
      "properties": {
        "source": "viirs_noaa20",
        "satellite": "N20",
        "acq_at": "2026-09-28 11:34:00",
        "frp": "8.75",
        "confidence": "nominal"
      },
      "geometry": {
        "type": "Point",
        "coordinates": [
          9.88058,
          37.10691
        ]
      }
    },
    {
      "type": "Feature",
      "properties": {
        "source": "viirs_noaa20",
        "satellite": "N20",
        "acq_at": "2026-09-28 11:34:00",
        "frp": "9.63",
        "confidence": "nominal"
      },
      "geometry": {
        "type": "Point",
        "coordinates": [
          12.89825,
          37.87209
        ]
      }
    },
    {
      "type": "Feature",
      "properties": {
        "source": "viirs_noaa20",
        "satellite": "N20",
        "acq_at": "2026-09-28 11:34:00",
        "frp": "4.66",
        "confidence": "nominal"
      },
      "geometry": {
        "type": "Point",
        "coordinates": [
          12.90192,
          37.87519
        ]
      }
    },
    {
      "type": "Feature",
      "properties": {
        "source": "viirs_noaa20",
        "satellite": "N20",
        "acq_at": "2026-09-28 11:34:00",
        "frp": "4.66",
        "confidence": "nominal"
      },
      "geometry": {
        "type": "Point",
        "coordinates": [
          12.89622,
          37.87381
        ]
      }
    },
    {
      "type": "Feature",
      "properties": {
        "source": "viirs_noaa20",
        "satellite": "N20",
        "acq_at": "2026-09-28 11:34:00",
        "frp": "1.8",
        "confidence": "low"
      },
      "geometry": {
        "type": "Point",
        "coordinates": [
          9.76268,
          37.06698
        ]
      }
    },
    {
      "type": "Feature",
      "properties": {
        "source": "viirs_noaa20",
        "satellite": "N20",
        "acq_at": "2026-09-28 11:34:00",
        "frp": "10.79",
        "confidence": "nominal"
      },
      "geometry": {
        "type": "Point",
        "coordinates": [
          9.88278,
          37.10598
        ]
      }
    },
    {
      "type": "Feature",
      "properties": {
        "source": "viirs_noaa20",
        "satellite": "N20",
        "acq_at": "2026-09-28 11:34:00",
        "frp": "1.57",
        "confidence": "low"
      },
      "geometry": {
        "type": "Point",
        "coordinates": [
          9.76047,
          37.07241
        ]
      }
    },
    {
      "type": "Feature",
      "properties": {
        "source": "viirs_noaa20",
        "satellite": "N20",
        "acq_at": "2026-09-28 11:34:00",
        "frp": "8.54",
        "confidence": "nominal"
      },
      "geometry": {
        "type": "Point",
        "coordinates": [
          13.06723,
          37.92996
        ]
      }
    },
    {
      "type": "Feature",
      "properties": {
        "source": "viirs_noaa20",
        "satellite": "N20",
        "acq_at": "2026-09-28 11:34:00",
        "frp": "10.79",
        "confidence": "nominal"
      },
      "geometry": {
        "type": "Point",
        "coordinates": [
          9.88055,
          37.11136
        ]
      }
    },
    {
      "type": "Feature",
      "properties": {
        "source": "viirs_noaa20",
        "satellite": "N20",
        "acq_at": "2026-09-28 11:34:00",
        "frp": "3.73",
        "confidence": "nominal"
      },
      "geometry": {
        "type": "Point",
        "coordinates": [
          9.67721,
          37.05552
        ]
      }
    },
    {
      "type": "Feature",
      "properties": {
        "source": "viirs_noaa20",
        "satellite": "N20",
        "acq_at": "2026-09-28 11:34:00",
        "frp": "4.93",
        "confidence": "nominal"
      },
      "geometry": {
        "type": "Point",
        "coordinates": [
          13.06531,
          37.93442
        ]
      }
    },
    {
      "type": "Feature",
      "properties": {
        "source": "viirs_noaa20",
        "satellite": "N20",
        "acq_at": "2026-09-28 11:34:00",
        "frp": "4.77",
        "confidence": "nominal"
      },
      "geometry": {
        "type": "Point",
        "coordinates": [
          9.48179,
          37.01982
        ]
      }
    },
    {
      "type": "Feature",
      "properties": {
        "source": "viirs_noaa20",
        "satellite": "N20",
        "acq_at": "2026-09-28 11:34:00",
        "frp": "3.47",
        "confidence": "nominal"
      },
      "geometry": {
        "type": "Point",
        "coordinates": [
          9.47727,
          37.01856
        ]
      }
    },
    {
      "type": "Feature",
      "properties": {
        "source": "viirs_noaa20",
        "satellite": "N20",
        "acq_at": "2026-09-28 11:34:00",
        "frp": "2.12",
        "confidence": "low"
      },
      "geometry": {
        "type": "Point",
        "coordinates": [
          17.10806,
          38.94793
        ]
      }
    },
    {
      "type": "Feature",
      "properties": {
        "source": "viirs_noaa20",
        "satellite": "N20",
        "acq_at": "2026-09-28 11:34:00",
        "frp": "1.76",
        "confidence": "low"
      },
      "geometry": {
        "type": "Point",
        "coordinates": [
          9.70352,
          37.21157
        ]
      }
    },
    {
      "type": "Feature",
      "properties": {
        "source": "viirs_noaa20",
        "satellite": "N20",
        "acq_at": "2026-09-28 11:34:00",
        "frp": "1.24",
        "confidence": "nominal"
      },
      "geometry": {
        "type": "Point",
        "coordinates": [
          17.16752,
          39.00221
        ]
      }
    },
    {
      "type": "Feature",
      "properties": {
        "source": "viirs_noaa20",
        "satellite": "N20",
        "acq_at": "2026-09-28 11:34:00",
        "frp": "3.1",
        "confidence": "nominal"
      },
      "geometry": {
        "type": "Point",
        "coordinates": [
          17.16644,
          39.00586
        ]
      }
    },
    {
      "type": "Feature",
      "properties": {
        "source": "viirs_noaa20",
        "satellite": "N20",
        "acq_at": "2026-09-28 11:34:00",
        "frp": "4.92",
        "confidence": "nominal"
      },
      "geometry": {
        "type": "Point",
        "coordinates": [
          17.12133,
          39.00092
        ]
      }
    },
    {
      "type": "Feature",
      "properties": {
        "source": "viirs_noaa20",
        "satellite": "N20",
        "acq_at": "2026-09-28 11:34:00",
        "frp": "28.85",
        "confidence": "high"
      },
      "geometry": {
        "type": "Point",
        "coordinates": [
          9.57848,
          37.25928
        ]
      }
    },
    {
      "type": "Feature",
      "properties": {
        "source": "viirs_noaa20",
        "satellite": "N20",
        "acq_at": "2026-09-28 11:34:00",
        "frp": "10.84",
        "confidence": "nominal"
      },
      "geometry": {
        "type": "Point",
        "coordinates": [
          17.02928,
          39.0932
        ]
      }
    },
    {
      "type": "Feature",
      "properties": {
        "source": "viirs_noaa20",
        "satellite": "N20",
        "acq_at": "2026-09-28 11:34:00",
        "frp": "8.32",
        "confidence": "nominal"
      },
      "geometry": {
        "type": "Point",
        "coordinates": [
          17.02244,
          39.09575
        ]
      }
    },
    {
      "type": "Feature",
      "properties": {
        "source": "viirs_noaa20",
        "satellite": "N20",
        "acq_at": "2026-09-28 11:34:00",
        "frp": "5.52",
        "confidence": "nominal"
      },
      "geometry": {
        "type": "Point",
        "coordinates": [
          6.63831,
          36.60092
        ]
      }
    },
    {
      "type": "Feature",
      "properties": {
        "source": "viirs_noaa20",
        "satellite": "N20",
        "acq_at": "2026-09-28 11:34:00",
        "frp": "7.62",
        "confidence": "nominal"
      },
      "geometry": {
        "type": "Point",
        "coordinates": [
          6.63898,
          36.59942
        ]
      }
    },
    {
      "type": "Feature",
      "properties": {
        "source": "viirs_noaa20",
        "satellite": "N20",
        "acq_at": "2026-09-28 11:34:00",
        "frp": "2.97",
        "confidence": "nominal"
      },
      "geometry": {
        "type": "Point",
        "coordinates": [
          18.38295,
          39.87858
        ]
      }
    },
    {
      "type": "Feature",
      "properties": {
        "source": "viirs_noaa20",
        "satellite": "N20",
        "acq_at": "2026-09-28 11:34:00",
        "frp": "2.82",
        "confidence": "nominal"
      },
      "geometry": {
        "type": "Point",
        "coordinates": [
          18.04942,
          40.00817
        ]
      }
    },
    {
      "type": "Feature",
      "properties": {
        "source": "viirs_noaa20",
        "satellite": "N20",
        "acq_at": "2026-09-28 11:34:00",
        "frp": "7.66",
        "confidence": "nominal"
      },
      "geometry": {
        "type": "Point",
        "coordinates": [
          15.81958,
          39.74353
        ]
      }
    },
    {
      "type": "Feature",
      "properties": {
        "source": "viirs_noaa20",
        "satellite": "N20",
        "acq_at": "2026-09-28 11:34:00",
        "frp": "12.88",
        "confidence": "nominal"
      },
      "geometry": {
        "type": "Point",
        "coordinates": [
          15.81845,
          39.74449
        ]
      }
    },
    {
      "type": "Feature",
      "properties": {
        "source": "viirs_noaa20",
        "satellite": "N20",
        "acq_at": "2026-09-28 11:34:00",
        "frp": "2.19",
        "confidence": "nominal"
      },
      "geometry": {
        "type": "Point",
        "coordinates": [
          17.97603,
          40.38737
        ]
      }
    },
    {
      "type": "Feature",
      "properties": {
        "source": "viirs_noaa20",
        "satellite": "N20",
        "acq_at": "2026-09-28 11:34:00",
        "frp": "1.91",
        "confidence": "nominal"
      },
      "geometry": {
        "type": "Point",
        "coordinates": [
          18.01348,
          40.44609
        ]
      }
    },
    {
      "type": "Feature",
      "properties": {
        "source": "viirs_noaa20",
        "satellite": "N20",
        "acq_at": "2026-09-28 11:34:00",
        "frp": "2.18",
        "confidence": "nominal"
      },
      "geometry": {
        "type": "Point",
        "coordinates": [
          18.08271,
          40.51352
        ]
      }
    },
    {
      "type": "Feature",
      "properties": {
        "source": "viirs_noaa20",
        "satellite": "N20",
        "acq_at": "2026-09-28 11:34:00",
        "frp": "3.51",
        "confidence": "nominal"
      },
      "geometry": {
        "type": "Point",
        "coordinates": [
          16.62497,
          40.24499
        ]
      }
    },
    {
      "type": "Feature",
      "properties": {
        "source": "viirs_noaa20",
        "satellite": "N20",
        "acq_at": "2026-09-28 11:34:00",
        "frp": "2.61",
        "confidence": "nominal"
      },
      "geometry": {
        "type": "Point",
        "coordinates": [
          16.6225,
          40.24643
        ]
      }
    },
    {
      "type": "Feature",
      "properties": {
        "source": "viirs_noaa20",
        "satellite": "N20",
        "acq_at": "2026-09-28 11:34:00",
        "frp": "11.1",
        "confidence": "nominal"
      },
      "geometry": {
        "type": "Point",
        "coordinates": [
          16.84999,
          40.38773
        ]
      }
    },
    {
      "type": "Feature",
      "properties": {
        "source": "viirs_noaa20",
        "satellite": "N20",
        "acq_at": "2026-09-28 11:34:00",
        "frp": "3.46",
        "confidence": "nominal"
      },
      "geometry": {
        "type": "Point",
        "coordinates": [
          16.43199,
          40.30573
        ]
      }
    },
    {
      "type": "Feature",
      "properties": {
        "source": "viirs_noaa20",
        "satellite": "N20",
        "acq_at": "2026-09-28 11:36:00",
        "frp": "3.61",
        "confidence": "low"
      },
      "geometry": {
        "type": "Point",
        "coordinates": [
          16.46734,
          40.85809
        ]
      }
    },
    {
      "type": "Feature",
      "properties": {
        "source": "viirs_noaa20",
        "satellite": "N20",
        "acq_at": "2026-09-28 11:36:00",
        "frp": "8.22",
        "confidence": "nominal"
      },
      "geometry": {
        "type": "Point",
        "coordinates": [
          16.21853,
          40.86089
        ]
      }
    },
    {
      "type": "Feature",
      "properties": {
        "source": "viirs_noaa20",
        "satellite": "N20",
        "acq_at": "2026-09-28 11:36:00",
        "frp": "6.43",
        "confidence": "nominal"
      },
      "geometry": {
        "type": "Point",
        "coordinates": [
          15.65734,
          40.90129
        ]
      }
    },
    {
      "type": "Feature",
      "properties": {
        "source": "viirs_noaa20",
        "satellite": "N20",
        "acq_at": "2026-09-28 11:36:00",
        "frp": "4.35",
        "confidence": "nominal"
      },
      "geometry": {
        "type": "Point",
        "coordinates": [
          15.89247,
          40.98082
        ]
      }
    },
    {
      "type": "Feature",
      "properties": {
        "source": "viirs_noaa20",
        "satellite": "N20",
        "acq_at": "2026-09-28 11:36:00",
        "frp": "3.73",
        "confidence": "nominal"
      },
      "geometry": {
        "type": "Point",
        "coordinates": [
          15.89093,
          40.9805
        ]
      }
    },
    {
      "type": "Feature",
      "properties": {
        "source": "viirs_noaa20",
        "satellite": "N20",
        "acq_at": "2026-09-28 11:36:00",
        "frp": "4.39",
        "confidence": "nominal"
      },
      "geometry": {
        "type": "Point",
        "coordinates": [
          15.90945,
          41.07124
        ]
      }
    },
    {
      "type": "Feature",
      "properties": {
        "source": "viirs_noaa20",
        "satellite": "N20",
        "acq_at": "2026-09-28 11:36:00",
        "frp": "4.91",
        "confidence": "nominal"
      },
      "geometry": {
        "type": "Point",
        "coordinates": [
          15.55377,
          41.08187
        ]
      }
    },
    {
      "type": "Feature",
      "properties": {
        "source": "viirs_noaa20",
        "satellite": "N20",
        "acq_at": "2026-09-28 11:36:00",
        "frp": "18.5",
        "confidence": "nominal"
      },
      "geometry": {
        "type": "Point",
        "coordinates": [
          15.77269,
          41.14265
        ]
      }
    },
    {
      "type": "Feature",
      "properties": {
        "source": "viirs_noaa20",
        "satellite": "N20",
        "acq_at": "2026-09-28 11:36:00",
        "frp": "4.79",
        "confidence": "nominal"
      },
      "geometry": {
        "type": "Point",
        "coordinates": [
          15.77135,
          41.14635
        ]
      }
    },
    {
      "type": "Feature",
      "properties": {
        "source": "viirs_noaa20",
        "satellite": "N20",
        "acq_at": "2026-09-28 11:36:00",
        "frp": "2.12",
        "confidence": "nominal"
      },
      "geometry": {
        "type": "Point",
        "coordinates": [
          15.86284,
          41.22435
        ]
      }
    },
    {
      "type": "Feature",
      "properties": {
        "source": "viirs_noaa20",
        "satellite": "N20",
        "acq_at": "2026-09-28 11:36:00",
        "frp": "2.64",
        "confidence": "nominal"
      },
      "geometry": {
        "type": "Point",
        "coordinates": [
          14.61745,
          41.04802
        ]
      }
    },
    {
      "type": "Feature",
      "properties": {
        "source": "viirs_noaa20",
        "satellite": "N20",
        "acq_at": "2026-09-28 11:36:00",
        "frp": "3.53",
        "confidence": "nominal"
      },
      "geometry": {
        "type": "Point",
        "coordinates": [
          15.33906,
          41.40666
        ]
      }
    },
    {
      "type": "Feature",
      "properties": {
        "source": "viirs_noaa20",
        "satellite": "N20",
        "acq_at": "2026-09-28 11:36:00",
        "frp": "2.42",
        "confidence": "low"
      },
      "geometry": {
        "type": "Point",
        "coordinates": [
          15.50143,
          41.72117
        ]
      }
    },
    {
      "type": "Feature",
      "properties": {
        "source": "viirs_noaa20",
        "satellite": "N20",
        "acq_at": "2026-09-28 11:36:00",
        "frp": "3.93",
        "confidence": "nominal"
      },
      "geometry": {
        "type": "Point",
        "coordinates": [
          16.55486,
          43.58479
        ]
      }
    },
    {
      "type": "Feature",
      "properties": {
        "source": "viirs_noaa20",
        "satellite": "N20",
        "acq_at": "2026-09-28 11:36:00",
        "frp": "8.65",
        "confidence": "nominal"
      },
      "geometry": {
        "type": "Point",
        "coordinates": [
          16.54962,
          43.58379
        ]
      }
    },
    {
      "type": "Feature",
      "properties": {
        "source": "viirs_noaa20",
        "satellite": "N20",
        "acq_at": "2026-09-28 11:36:00",
        "frp": "1.77",
        "confidence": "nominal"
      },
      "geometry": {
        "type": "Point",
        "coordinates": [
          13.46511,
          43.34771
        ]
      }
    },
    {
      "type": "Feature",
      "properties": {
        "source": "viirs_noaa20",
        "satellite": "N20",
        "acq_at": "2026-09-28 11:36:00",
        "frp": "3.54",
        "confidence": "nominal"
      },
      "geometry": {
        "type": "Point",
        "coordinates": [
          18.08243,
          44.86451
        ]
      }
    },
    {
      "type": "Feature",
      "properties": {
        "source": "viirs_noaa20",
        "satellite": "N20",
        "acq_at": "2026-09-28 11:36:00",
        "frp": "1.66",
        "confidence": "nominal"
      },
      "geometry": {
        "type": "Point",
        "coordinates": [
          17.87134,
          44.8702
        ]
      }
    },
    {
      "type": "Feature",
      "properties": {
        "source": "viirs_noaa20",
        "satellite": "N20",
        "acq_at": "2026-09-28 11:36:00",
        "frp": "1.19",
        "confidence": "nominal"
      },
      "geometry": {
        "type": "Point",
        "coordinates": [
          17.9016,
          44.88939
        ]
      }
    },
    {
      "type": "Feature",
      "properties": {
        "source": "viirs_noaa20",
        "satellite": "N20",
        "acq_at": "2026-09-28 11:36:00",
        "frp": "1.59",
        "confidence": "nominal"
      },
      "geometry": {
        "type": "Point",
        "coordinates": [
          18.04658,
          44.94744
        ]
      }
    },
    {
      "type": "Feature",
      "properties": {
        "source": "viirs_noaa20",
        "satellite": "N20",
        "acq_at": "2026-09-28 11:36:00",
        "frp": "2.41",
        "confidence": "nominal"
      },
      "geometry": {
        "type": "Point",
        "coordinates": [
          17.1865,
          44.84968
        ]
      }
    },
    {
      "type": "Feature",
      "properties": {
        "source": "viirs_noaa20",
        "satellite": "N20",
        "acq_at": "2026-09-28 11:36:00",
        "frp": "2.2",
        "confidence": "nominal"
      },
      "geometry": {
        "type": "Point",
        "coordinates": [
          17.77856,
          44.97825
        ]
      }
    },
    {
      "type": "Feature",
      "properties": {
        "source": "viirs_noaa20",
        "satellite": "N20",
        "acq_at": "2026-09-28 11:36:00",
        "frp": "3.33",
        "confidence": "nominal"
      },
      "geometry": {
        "type": "Point",
        "coordinates": [
          18.44095,
          45.15538
        ]
      }
    },
    {
      "type": "Feature",
      "properties": {
        "source": "viirs_noaa20",
        "satellite": "N20",
        "acq_at": "2026-09-28 11:36:00",
        "frp": "1.81",
        "confidence": "nominal"
      },
      "geometry": {
        "type": "Point",
        "coordinates": [
          17.33682,
          44.9691
        ]
      }
    },
    {
      "type": "Feature",
      "properties": {
        "source": "viirs_noaa20",
        "satellite": "N20",
        "acq_at": "2026-09-28 11:36:00",
        "frp": "1.06",
        "confidence": "nominal"
      },
      "geometry": {
        "type": "Point",
        "coordinates": [
          17.24883,
          45.12807
        ]
      }
    },
    {
      "type": "Feature",
      "properties": {
        "source": "viirs_noaa20",
        "satellite": "N20",
        "acq_at": "2026-09-28 11:36:00",
        "frp": "3.35",
        "confidence": "nominal"
      },
      "geometry": {
        "type": "Point",
        "coordinates": [
          18.69933,
          45.40047
        ]
      }
    },
    {
      "type": "Feature",
      "properties": {
        "source": "viirs_noaa20",
        "satellite": "N20",
        "acq_at": "2026-09-28 11:38:00",
        "frp": "1.92",
        "confidence": "low"
      },
      "geometry": {
        "type": "Point",
        "coordinates": [
          16.59244,
          47.19115
        ]
      }
    },
    {
      "type": "Feature",
      "properties": {
        "source": "viirs_noaa20",
        "satellite": "N20",
        "acq_at": "2026-09-28 13:14:00",
        "frp": "4.03",
        "confidence": "nominal"
      },
      "geometry": {
        "type": "Point",
        "coordinates": [
          8.05019,
          36.24596
        ]
      }
    },
    {
      "type": "Feature",
      "properties": {
        "source": "viirs_noaa20",
        "satellite": "N20",
        "acq_at": "2026-09-28 13:14:00",
        "frp": "11.01",
        "confidence": "nominal"
      },
      "geometry": {
        "type": "Point",
        "coordinates": [
          8.64793,
          36.33839
        ]
      }
    },
    {
      "type": "Feature",
      "properties": {
        "source": "viirs_noaa20",
        "satellite": "N20",
        "acq_at": "2026-09-28 13:14:00",
        "frp": "11.01",
        "confidence": "nominal"
      },
      "geometry": {
        "type": "Point",
        "coordinates": [
          8.64387,
          36.33812
        ]
      }
    },
    {
      "type": "Feature",
      "properties": {
        "source": "viirs_noaa20",
        "satellite": "N20",
        "acq_at": "2026-09-28 13:14:00",
        "frp": "4.32",
        "confidence": "high"
      },
      "geometry": {
        "type": "Point",
        "coordinates": [
          8.64411,
          36.33569
        ]
      }
    },
    {
      "type": "Feature",
      "properties": {
        "source": "viirs_noaa20",
        "satellite": "N20",
        "acq_at": "2026-09-28 13:14:00",
        "frp": "16.68",
        "confidence": "nominal"
      },
      "geometry": {
        "type": "Point",
        "coordinates": [
          8.64355,
          36.34104
        ]
      }
    },
    {
      "type": "Feature",
      "properties": {
        "source": "viirs_noaa20",
        "satellite": "N20",
        "acq_at": "2026-09-28 13:14:00",
        "frp": "4.19",
        "confidence": "nominal"
      },
      "geometry": {
        "type": "Point",
        "coordinates": [
          9.09361,
          36.41091
        ]
      }
    },
    {
      "type": "Feature",
      "properties": {
        "source": "viirs_noaa20",
        "satellite": "N20",
        "acq_at": "2026-09-28 13:14:00",
        "frp": "16.54",
        "confidence": "nominal"
      },
      "geometry": {
        "type": "Point",
        "coordinates": [
          7.25855,
          36.29125
        ]
      }
    },
    {
      "type": "Feature",
      "properties": {
        "source": "viirs_noaa20",
        "satellite": "N20",
        "acq_at": "2026-09-28 13:14:00",
        "frp": "3.8",
        "confidence": "nominal"
      },
      "geometry": {
        "type": "Point",
        "coordinates": [
          7.03854,
          36.27994
        ]
      }
    },
    {
      "type": "Feature",
      "properties": {
        "source": "viirs_noaa20",
        "satellite": "N20",
        "acq_at": "2026-09-28 13:14:00",
        "frp": "3.93",
        "confidence": "nominal"
      },
      "geometry": {
        "type": "Point",
        "coordinates": [
          8.66872,
          36.45341
        ]
      }
    },
    {
      "type": "Feature",
      "properties": {
        "source": "viirs_noaa20",
        "satellite": "N20",
        "acq_at": "2026-09-28 13:14:00",
        "frp": "2.36",
        "confidence": "nominal"
      },
      "geometry": {
        "type": "Point",
        "coordinates": [
          9.26856,
          36.52615
        ]
      }
    },
    {
      "type": "Feature",
      "properties": {
        "source": "viirs_noaa20",
        "satellite": "N20",
        "acq_at": "2026-09-28 13:14:00",
        "frp": "11.65",
        "confidence": "nominal"
      },
      "geometry": {
        "type": "Point",
        "coordinates": [
          9.23205,
          36.52411
        ]
      }
    },
    {
      "type": "Feature",
      "properties": {
        "source": "viirs_noaa20",
        "satellite": "N20",
        "acq_at": "2026-09-28 13:14:00",
        "frp": "11.65",
        "confidence": "high"
      },
      "geometry": {
        "type": "Point",
        "coordinates": [
          9.23118,
          36.52963
        ]
      }
    },
    {
      "type": "Feature",
      "properties": {
        "source": "viirs_noaa20",
        "satellite": "N20",
        "acq_at": "2026-09-28 13:14:00",
        "frp": "14.32",
        "confidence": "nominal"
      },
      "geometry": {
        "type": "Point",
        "coordinates": [
          9.22632,
          36.52936
        ]
      }
    },
    {
      "type": "Feature",
      "properties": {
        "source": "viirs_noaa20",
        "satellite": "N20",
        "acq_at": "2026-09-28 13:14:00",
        "frp": "1.93",
        "confidence": "low"
      },
      "geometry": {
        "type": "Point",
        "coordinates": [
          8.84312,
          36.56869
        ]
      }
    },
    {
      "type": "Feature",
      "properties": {
        "source": "viirs_noaa20",
        "satellite": "N20",
        "acq_at": "2026-09-28 13:14:00",
        "frp": "2.58",
        "confidence": "nominal"
      },
      "geometry": {
        "type": "Point",
        "coordinates": [
          8.84267,
          36.57412
        ]
      }
    },
    {
      "type": "Feature",
      "properties": {
        "source": "viirs_noaa20",
        "satellite": "N20",
        "acq_at": "2026-09-28 13:14:00",
        "frp": "4.03",
        "confidence": "low"
      },
      "geometry": {
        "type": "Point",
        "coordinates": [
          9.24085,
          36.60735
        ]
      }
    },
    {
      "type": "Feature",
      "properties": {
        "source": "viirs_noaa20",
        "satellite": "N20",
        "acq_at": "2026-09-28 13:16:00",
        "frp": "7.61",
        "confidence": "low"
      },
      "geometry": {
        "type": "Point",
        "coordinates": [
          6.23057,
          36.50728
        ]
      }
    },
    {
      "type": "Feature",
      "properties": {
        "source": "viirs_noaa20",
        "satellite": "N20",
        "acq_at": "2026-09-28 13:16:00",
        "frp": "3.85",
        "confidence": "nominal"
      },
      "geometry": {
        "type": "Point",
        "coordinates": [
          9.44757,
          36.76877
        ]
      }
    },
    {
      "type": "Feature",
      "properties": {
        "source": "viirs_noaa20",
        "satellite": "N20",
        "acq_at": "2026-09-28 13:16:00",
        "frp": "2.19",
        "confidence": "nominal"
      },
      "geometry": {
        "type": "Point",
        "coordinates": [
          9.39479,
          36.83141
        ]
      }
    },
    {
      "type": "Feature",
      "properties": {
        "source": "viirs_noaa20",
        "satellite": "N20",
        "acq_at": "2026-09-28 13:16:00",
        "frp": "1",
        "confidence": "nominal"
      },
      "geometry": {
        "type": "Point",
        "coordinates": [
          9.22655,
          36.83362
        ]
      }
    },
    {
      "type": "Feature",
      "properties": {
        "source": "viirs_noaa20",
        "satellite": "N20",
        "acq_at": "2026-09-28 13:16:00",
        "frp": "4.8",
        "confidence": "low"
      },
      "geometry": {
        "type": "Point",
        "coordinates": [
          9.42134,
          36.87233
        ]
      }
    },
    {
      "type": "Feature",
      "properties": {
        "source": "viirs_noaa20",
        "satellite": "N20",
        "acq_at": "2026-09-28 13:16:00",
        "frp": "2.05",
        "confidence": "nominal"
      },
      "geometry": {
        "type": "Point",
        "coordinates": [
          7.7189,
          36.76751
        ]
      }
    },
    {
      "type": "Feature",
      "properties": {
        "source": "viirs_noaa20",
        "satellite": "N20",
        "acq_at": "2026-09-28 13:16:00",
        "frp": "4.11",
        "confidence": "nominal"
      },
      "geometry": {
        "type": "Point",
        "coordinates": [
          9.50646,
          36.9053
        ]
      }
    },
    {
      "type": "Feature",
      "properties": {
        "source": "viirs_noaa20",
        "satellite": "N20",
        "acq_at": "2026-09-28 13:16:00",
        "frp": "2.89",
        "confidence": "nominal"
      },
      "geometry": {
        "type": "Point",
        "coordinates": [
          9.50935,
          36.90847
        ]
      }
    },
    {
      "type": "Feature",
      "properties": {
        "source": "viirs_noaa20",
        "satellite": "N20",
        "acq_at": "2026-09-28 13:16:00",
        "frp": "2.89",
        "confidence": "nominal"
      },
      "geometry": {
        "type": "Point",
        "coordinates": [
          9.50389,
          36.9082
        ]
      }
    },
    {
      "type": "Feature",
      "properties": {
        "source": "viirs_noaa20",
        "satellite": "N20",
        "acq_at": "2026-09-28 13:16:00",
        "frp": "2.49",
        "confidence": "nominal"
      },
      "geometry": {
        "type": "Point",
        "coordinates": [
          9.62565,
          36.93129
        ]
      }
    },
    {
      "type": "Feature",
      "properties": {
        "source": "viirs_noaa20",
        "satellite": "N20",
        "acq_at": "2026-09-28 13:16:00",
        "frp": "12.97",
        "confidence": "nominal"
      },
      "geometry": {
        "type": "Point",
        "coordinates": [
          14.13248,
          37.15393
        ]
      }
    },
    {
      "type": "Feature",
      "properties": {
        "source": "viirs_noaa20",
        "satellite": "N20",
        "acq_at": "2026-09-28 13:16:00",
        "frp": "6.7",
        "confidence": "nominal"
      },
      "geometry": {
        "type": "Point",
        "coordinates": [
          14.27234,
          37.1704
        ]
      }
    },
    {
      "type": "Feature",
      "properties": {
        "source": "viirs_noaa20",
        "satellite": "N20",
        "acq_at": "2026-09-28 13:16:00",
        "frp": "10.78",
        "confidence": "nominal"
      },
      "geometry": {
        "type": "Point",
        "coordinates": [
          14.13186,
          37.15681
        ]
      }
    },
    {
      "type": "Feature",
      "properties": {
        "source": "viirs_noaa20",
        "satellite": "N20",
        "acq_at": "2026-09-28 13:16:00",
        "frp": "4.56",
        "confidence": "nominal"
      },
      "geometry": {
        "type": "Point",
        "coordinates": [
          14.27198,
          37.17257
        ]
      }
    },
    {
      "type": "Feature",
      "properties": {
        "source": "viirs_noaa20",
        "satellite": "N20",
        "acq_at": "2026-09-28 13:16:00",
        "frp": "3.17",
        "confidence": "nominal"
      },
      "geometry": {
        "type": "Point",
        "coordinates": [
          9.5295,
          37.0371
        ]
      }
    },
    {
      "type": "Feature",
      "properties": {
        "source": "viirs_noaa20",
        "satellite": "N20",
        "acq_at": "2026-09-28 13:16:00",
        "frp": "4.4",
        "confidence": "nominal"
      },
      "geometry": {
        "type": "Point",
        "coordinates": [
          9.72893,
          37.05841
        ]
      }
    },
    {
      "type": "Feature",
      "properties": {
        "source": "viirs_noaa20",
        "satellite": "N20",
        "acq_at": "2026-09-28 13:16:00",
        "frp": "47.39",
        "confidence": "nominal"
      },
      "geometry": {
        "type": "Point",
        "coordinates": [
          9.43753,
          37.09473
        ]
      }
    },
    {
      "type": "Feature",
      "properties": {
        "source": "viirs_noaa20",
        "satellite": "N20",
        "acq_at": "2026-09-28 13:16:00",
        "frp": "46.39",
        "confidence": "nominal"
      },
      "geometry": {
        "type": "Point",
        "coordinates": [
          9.43243,
          37.09445
        ]
      }
    },
    {
      "type": "Feature",
      "properties": {
        "source": "viirs_noaa20",
        "satellite": "N20",
        "acq_at": "2026-09-28 13:16:00",
        "frp": "47.39",
        "confidence": "nominal"
      },
      "geometry": {
        "type": "Point",
        "coordinates": [
          9.43652,
          37.10033
        ]
      }
    },
    {
      "type": "Feature",
      "properties": {
        "source": "viirs_noaa20",
        "satellite": "N20",
        "acq_at": "2026-09-28 13:16:00",
        "frp": "47.86",
        "confidence": "high"
      },
      "geometry": {
        "type": "Point",
        "coordinates": [
          9.43964,
          37.09804
        ]
      }
    },
    {
      "type": "Feature",
      "properties": {
        "source": "viirs_noaa20",
        "satellite": "N20",
        "acq_at": "2026-09-28 13:16:00",
        "frp": "94.09",
        "confidence": "low"
      },
      "geometry": {
        "type": "Point",
        "coordinates": [
          9.43455,
          37.0978
        ]
      }
    },
    {
      "type": "Feature",
      "properties": {
        "source": "viirs_noaa20",
        "satellite": "N20",
        "acq_at": "2026-09-28 13:16:00",
        "frp": "13.03",
        "confidence": "nominal"
      },
      "geometry": {
        "type": "Point",
        "coordinates": [
          13.76637,
          37.49065
        ]
      }
    },
    {
      "type": "Feature",
      "properties": {
        "source": "viirs_noaa20",
        "satellite": "N20",
        "acq_at": "2026-09-28 13:16:00",
        "frp": "4.45",
        "confidence": "nominal"
      },
      "geometry": {
        "type": "Point",
        "coordinates": [
          14.034,
          41.13596
        ]
      }
    },
    {
      "type": "Feature",
      "properties": {
        "source": "viirs_noaa20",
        "satellite": "N20",
        "acq_at": "2026-09-28 13:18:00",
        "frp": "2.07",
        "confidence": "nominal"
      },
      "geometry": {
        "type": "Point",
        "coordinates": [
          9.24038,
          45.57868
        ]
      }
    },
    {
      "type": "Feature",
      "properties": {
        "source": "viirs_noaa20",
        "satellite": "N20",
        "acq_at": "2026-09-28 13:18:00",
        "frp": "1.88",
        "confidence": "nominal"
      },
      "geometry": {
        "type": "Point",
        "coordinates": [
          9.20966,
          45.58379
        ]
      }
    },
    {
      "type": "Feature",
      "properties": {
        "source": "viirs_noaa20",
        "satellite": "N20",
        "acq_at": "2026-09-28 13:18:00",
        "frp": "2.36",
        "confidence": "nominal"
      },
      "geometry": {
        "type": "Point",
        "coordinates": [
          9.20716,
          45.58125
        ]
      }
    },
    {
      "type": "Feature",
      "properties": {
        "source": "viirs_noaa20",
        "satellite": "N20",
        "acq_at": "2026-09-28 23:54:00",
        "frp": "2.75",
        "confidence": "nominal"
      },
      "geometry": {
        "type": "Point",
        "coordinates": [
          17.0277,
          39.09602
        ]
      }
    },
    {
      "type": "Feature",
      "properties": {
        "source": "viirs_noaa20",
        "satellite": "N20",
        "acq_at": "2026-09-28 23:54:00",
        "frp": "1.85",
        "confidence": "nominal"
      },
      "geometry": {
        "type": "Point",
        "coordinates": [
          17.03365,
          39.09584
        ]
      }
    },
    {
      "type": "Feature",
      "properties": {
        "source": "viirs_noaa20",
        "satellite": "N20",
        "acq_at": "2026-09-28 23:54:00",
        "frp": "1.31",
        "confidence": "nominal"
      },
      "geometry": {
        "type": "Point",
        "coordinates": [
          17.03078,
          39.09174
        ]
      }
    },
    {
      "type": "Feature",
      "properties": {
        "source": "viirs_noaa20",
        "satellite": "N20",
        "acq_at": "2026-09-28 23:52:00",
        "frp": "0.91",
        "confidence": "nominal"
      },
      "geometry": {
        "type": "Point",
        "coordinates": [
          18.88837,
          47.28494
        ]
      }
    },
    {
      "type": "Feature",
      "properties": {
        "source": "viirs_noaa20",
        "satellite": "N20",
        "acq_at": "2026-09-28 23:52:00",
        "frp": "1.06",
        "confidence": "nominal"
      },
      "geometry": {
        "type": "Point",
        "coordinates": [
          18.88789,
          47.27896
        ]
      }
    },
    {
      "type": "Feature",
      "properties": {
        "source": "viirs_noaa20",
        "satellite": "N20",
        "acq_at": "2026-09-28 23:52:00",
        "frp": "1.42",
        "confidence": "nominal"
      },
      "geometry": {
        "type": "Point",
        "coordinates": [
          17.68211,
          43.24975
        ]
      }
    },
    {
      "type": "Feature",
      "properties": {
        "source": "viirs_noaa20",
        "satellite": "N20",
        "acq_at": "2026-09-28 23:52:00",
        "frp": "0.89",
        "confidence": "nominal"
      },
      "geometry": {
        "type": "Point",
        "coordinates": [
          18.92505,
          42.76293
        ]
      }
    },
    {
      "type": "Feature",
      "properties": {
        "source": "viirs_noaa20",
        "satellite": "N20",
        "acq_at": "2026-09-28 23:52:00",
        "frp": "0.67",
        "confidence": "nominal"
      },
      "geometry": {
        "type": "Point",
        "coordinates": [
          18.92501,
          42.76331
        ]
      }
    },
    {
      "type": "Feature",
      "properties": {
        "source": "viirs_noaa20",
        "satellite": "N20",
        "acq_at": "2026-09-28 23:52:00",
        "frp": "0.67",
        "confidence": "nominal"
      },
      "geometry": {
        "type": "Point",
        "coordinates": [
          18.93063,
          42.76309
        ]
      }
    },
    {
      "type": "Feature",
      "properties": {
        "source": "viirs_noaa20",
        "satellite": "N20",
        "acq_at": "2026-09-28 23:54:00",
        "frp": "0.59",
        "confidence": "nominal"
      },
      "geometry": {
        "type": "Point",
        "coordinates": [
          15.21337,
          41.47358
        ]
      }
    },
    {
      "type": "Feature",
      "properties": {
        "source": "viirs_noaa20",
        "satellite": "N20",
        "acq_at": "2026-09-29 01:32:00",
        "frp": "0.8",
        "confidence": "nominal"
      },
      "geometry": {
        "type": "Point",
        "coordinates": [
          11.79209,
          45.70201
        ]
      }
    },
    {
      "type": "Feature",
      "properties": {
        "source": "viirs_noaa20",
        "satellite": "N20",
        "acq_at": "2026-09-29 01:32:00",
        "frp": "0.8",
        "confidence": "nominal"
      },
      "geometry": {
        "type": "Point",
        "coordinates": [
          11.7974,
          45.70101
        ]
      }
    },
    {
      "type": "Feature",
      "properties": {
        "source": "viirs_noaa20",
        "satellite": "N20",
        "acq_at": "2026-09-29 01:34:00",
        "frp": "4.34",
        "confidence": "nominal"
      },
      "geometry": {
        "type": "Point",
        "coordinates": [
          6.21733,
          43.82806
        ]
      }
    },
    {
      "type": "Feature",
      "properties": {
        "source": "viirs_noaa20",
        "satellite": "N20",
        "acq_at": "2026-09-29 01:34:00",
        "frp": "0.33",
        "confidence": "nominal"
      },
      "geometry": {
        "type": "Point",
        "coordinates": [
          10.90076,
          42.77435
        ]
      }
    },
    {
      "type": "Feature",
      "properties": {
        "source": "viirs_noaa20",
        "satellite": "N20",
        "acq_at": "2026-09-29 01:34:00",
        "frp": "1.54",
        "confidence": "nominal"
      },
      "geometry": {
        "type": "Point",
        "coordinates": [
          15.22493,
          41.47101
        ]
      }
    },
    {
      "type": "Feature",
      "properties": {
        "source": "viirs_noaa20",
        "satellite": "N20",
        "acq_at": "2026-09-29 01:34:00",
        "frp": "0.71",
        "confidence": "nominal"
      },
      "geometry": {
        "type": "Point",
        "coordinates": [
          17.03555,
          39.09702
        ]
      }
    },
    {
      "type": "Feature",
      "properties": {
        "source": "viirs_noaa20",
        "satellite": "N20",
        "acq_at": "2026-09-29 01:34:00",
        "frp": "0.71",
        "confidence": "nominal"
      },
      "geometry": {
        "type": "Point",
        "coordinates": [
          17.03359,
          39.09219
        ]
      }
    },
    {
      "type": "Feature",
      "properties": {
        "source": "viirs_noaa20",
        "satellite": "N20",
        "acq_at": "2026-09-29 01:34:00",
        "frp": "1.36",
        "confidence": "nominal"
      },
      "geometry": {
        "type": "Point",
        "coordinates": [
          8.79882,
          40.2237
        ]
      }
    },
    {
      "type": "Feature",
      "properties": {
        "source": "viirs_noaa20",
        "satellite": "N20",
        "acq_at": "2026-09-29 01:34:00",
        "frp": "0.9",
        "confidence": "nominal"
      },
      "geometry": {
        "type": "Point",
        "coordinates": [
          8.81767,
          40.22034
        ]
      }
    },
    {
      "type": "Feature",
      "properties": {
        "source": "viirs_noaa20",
        "satellite": "N20",
        "acq_at": "2026-09-29 01:34:00",
        "frp": "0.58",
        "confidence": "nominal"
      },
      "geometry": {
        "type": "Point",
        "coordinates": [
          8.75862,
          39.66355
        ]
      }
    },
    {
      "type": "Feature",
      "properties": {
        "source": "viirs_noaa20",
        "satellite": "N20",
        "acq_at": "2026-09-29 01:34:00",
        "frp": "0.6",
        "confidence": "nominal"
      },
      "geometry": {
        "type": "Point",
        "coordinates": [
          13.6549,
          37.28287
        ]
      }
    },
    {
      "type": "Feature",
      "properties": {
        "source": "viirs_noaa20",
        "satellite": "N20",
        "acq_at": "2026-09-29 01:34:00",
        "frp": "0.69",
        "confidence": "nominal"
      },
      "geometry": {
        "type": "Point",
        "coordinates": [
          13.65262,
          37.28286
        ]
      }
    },
    {
      "type": "Feature",
      "properties": {
        "source": "viirs_noaa20",
        "satellite": "N20",
        "acq_at": "2026-09-29 01:37:00",
        "frp": "1.08",
        "confidence": "nominal"
      },
      "geometry": {
        "type": "Point",
        "coordinates": [
          10.94883,
          36.83416
        ]
      }
    },
    {
      "type": "Feature",
      "properties": {
        "source": "viirs_noaa20",
        "satellite": "N20",
        "acq_at": "2026-09-29 01:37:00",
        "frp": "1.03",
        "confidence": "nominal"
      },
      "geometry": {
        "type": "Point",
        "coordinates": [
          9.22248,
          36.85168
        ]
      }
    },
    {
      "type": "Feature",
      "properties": {
        "source": "viirs_noaa20",
        "satellite": "N20",
        "acq_at": "2026-09-29 01:37:00",
        "frp": "1.3",
        "confidence": "nominal"
      },
      "geometry": {
        "type": "Point",
        "coordinates": [
          6.96219,
          36.58012
        ]
      }
    },
    {
      "type": "Feature",
      "properties": {
        "source": "viirs_noaa20",
        "satellite": "N20",
        "acq_at": "2026-09-29 01:37:00",
        "frp": "0.86",
        "confidence": "nominal"
      },
      "geometry": {
        "type": "Point",
        "coordinates": [
          8.59418,
          35.85129
        ]
      }
    },
    {
      "type": "Feature",
      "properties": {
        "source": "modis",
        "satellite": "A",
        "acq_at": "2026-09-27 13:29:00",
        "frp": "24.53",
        "confidence": "70"
      },
      "geometry": {
        "type": "Point",
        "coordinates": [
          16.60109,
          43.77275
        ]
      }
    },
    {
      "type": "Feature",
      "properties": {
        "source": "modis",
        "satellite": "A",
        "acq_at": "2026-09-27 13:29:00",
        "frp": "16.81",
        "confidence": "63"
      },
      "geometry": {
        "type": "Point",
        "coordinates": [
          16.10682,
          46.22701
        ]
      }
    },
    {
      "type": "Feature",
      "properties": {
        "source": "modis",
        "satellite": "T",
        "acq_at": "2026-09-27 19:15:00",
        "frp": "28.49",
        "confidence": "95"
      },
      "geometry": {
        "type": "Point",
        "coordinates": [
          9.93696,
          36.17352
        ]
      }
    },
    {
      "type": "Feature",
      "properties": {
        "source": "modis",
        "satellite": "T",
        "acq_at": "2026-09-28 08:50:00",
        "frp": "10.68",
        "confidence": "52"
      },
      "geometry": {
        "type": "Point",
        "coordinates": [
          11.92436,
          45.90675
        ]
      }
    },
    {
      "type": "Feature",
      "properties": {
        "source": "modis",
        "satellite": "T",
        "acq_at": "2026-09-28 08:50:00",
        "frp": "7.24",
        "confidence": "51"
      },
      "geometry": {
        "type": "Point",
        "coordinates": [
          11.40385,
          45.71766
        ]
      }
    },
    {
      "type": "Feature",
      "properties": {
        "source": "modis",
        "satellite": "T",
        "acq_at": "2026-09-28 08:50:00",
        "frp": "11.33",
        "confidence": "67"
      },
      "geometry": {
        "type": "Point",
        "coordinates": [
          11.39656,
          45.7159
        ]
      }
    },
    {
      "type": "Feature",
      "properties": {
        "source": "modis",
        "satellite": "T",
        "acq_at": "2026-09-28 08:50:00",
        "frp": "8.27",
        "confidence": "59"
      },
      "geometry": {
        "type": "Point",
        "coordinates": [
          12.02255,
          45.50694
        ]
      }
    },
    {
      "type": "Feature",
      "properties": {
        "source": "modis",
        "satellite": "T",
        "acq_at": "2026-09-28 08:50:00",
        "frp": "7.99",
        "confidence": "58"
      },
      "geometry": {
        "type": "Point",
        "coordinates": [
          11.94035,
          45.39386
        ]
      }
    },
    {
      "type": "Feature",
      "properties": {
        "source": "modis",
        "satellite": "T",
        "acq_at": "2026-09-28 08:50:00",
        "frp": "15.43",
        "confidence": "69"
      },
      "geometry": {
        "type": "Point",
        "coordinates": [
          11.92645,
          45.26626
        ]
      }
    },
    {
      "type": "Feature",
      "properties": {
        "source": "modis",
        "satellite": "T",
        "acq_at": "2026-09-28 08:50:00",
        "frp": "7.18",
        "confidence": "61"
      },
      "geometry": {
        "type": "Point",
        "coordinates": [
          8.83873,
          45.84031
        ]
      }
    },
    {
      "type": "Feature",
      "properties": {
        "source": "modis",
        "satellite": "T",
        "acq_at": "2026-09-28 08:50:00",
        "frp": "7.08",
        "confidence": "64"
      },
      "geometry": {
        "type": "Point",
        "coordinates": [
          9.11467,
          45.62317
        ]
      }
    },
    {
      "type": "Feature",
      "properties": {
        "source": "modis",
        "satellite": "T",
        "acq_at": "2026-09-28 08:50:00",
        "frp": "5.36",
        "confidence": "58"
      },
      "geometry": {
        "type": "Point",
        "coordinates": [
          9.57687,
          45.52834
        ]
      }
    },
    {
      "type": "Feature",
      "properties": {
        "source": "modis",
        "satellite": "T",
        "acq_at": "2026-09-28 08:52:00",
        "frp": "9.14",
        "confidence": "60"
      },
      "geometry": {
        "type": "Point",
        "coordinates": [
          11.24469,
          44.49498
        ]
      }
    },
    {
      "type": "Feature",
      "properties": {
        "source": "modis",
        "satellite": "T",
        "acq_at": "2026-09-28 08:52:00",
        "frp": "8",
        "confidence": "61"
      },
      "geometry": {
        "type": "Point",
        "coordinates": [
          7.72599,
          45.10658
        ]
      }
    },
    {
      "type": "Feature",
      "properties": {
        "source": "modis",
        "satellite": "T",
        "acq_at": "2026-09-28 08:52:00",
        "frp": "41.69",
        "confidence": "71"
      },
      "geometry": {
        "type": "Point",
        "coordinates": [
          15.83638,
          41.45063
        ]
      }
    },
    {
      "type": "Feature",
      "properties": {
        "source": "modis",
        "satellite": "T",
        "acq_at": "2026-09-28 08:52:00",
        "frp": "33.57",
        "confidence": "68"
      },
      "geometry": {
        "type": "Point",
        "coordinates": [
          15.83238,
          41.45661
        ]
      }
    },
    {
      "type": "Feature",
      "properties": {
        "source": "modis",
        "satellite": "T",
        "acq_at": "2026-09-28 08:52:00",
        "frp": "34.61",
        "confidence": "79"
      },
      "geometry": {
        "type": "Point",
        "coordinates": [
          8.87906,
          39.45868
        ]
      }
    },
    {
      "type": "Feature",
      "properties": {
        "source": "modis",
        "satellite": "T",
        "acq_at": "2026-09-28 08:52:00",
        "frp": "20.32",
        "confidence": "70"
      },
      "geometry": {
        "type": "Point",
        "coordinates": [
          8.89695,
          39.45517
        ]
      }
    },
    {
      "type": "Feature",
      "properties": {
        "source": "modis",
        "satellite": "T",
        "acq_at": "2026-09-28 08:54:00",
        "frp": "14.07",
        "confidence": "58"
      },
      "geometry": {
        "type": "Point",
        "coordinates": [
          9.17197,
          36.84045
        ]
      }
    },
    {
      "type": "Feature",
      "properties": {
        "source": "modis",
        "satellite": "T",
        "acq_at": "2026-09-28 08:54:00",
        "frp": "15.38",
        "confidence": "51"
      },
      "geometry": {
        "type": "Point",
        "coordinates": [
          9.18953,
          36.84232
        ]
      }
    },
    {
      "type": "Feature",
      "properties": {
        "source": "modis",
        "satellite": "T",
        "acq_at": "2026-09-28 08:54:00",
        "frp": "12.88",
        "confidence": "68"
      },
      "geometry": {
        "type": "Point",
        "coordinates": [
          7.11572,
          36.71551
        ]
      }
    },
    {
      "type": "Feature",
      "properties": {
        "source": "modis",
        "satellite": "T",
        "acq_at": "2026-09-28 08:54:00",
        "frp": "18.19",
        "confidence": "68"
      },
      "geometry": {
        "type": "Point",
        "coordinates": [
          8.66813,
          36.08643
        ]
      }
    },
    {
      "type": "Feature",
      "properties": {
        "source": "modis",
        "satellite": "T",
        "acq_at": "2026-09-28 08:54:00",
        "frp": "23.85",
        "confidence": "71"
      },
      "geometry": {
        "type": "Point",
        "coordinates": [
          8.6594,
          36.07986
        ]
      }
    },
    {
      "type": "Feature",
      "properties": {
        "source": "modis",
        "satellite": "T",
        "acq_at": "2026-09-28 08:54:00",
        "frp": "7.37",
        "confidence": "52"
      },
      "geometry": {
        "type": "Point",
        "coordinates": [
          6.18855,
          36.16846
        ]
      }
    },
    {
      "type": "Feature",
      "properties": {
        "source": "modis",
        "satellite": "A",
        "acq_at": "2026-09-28 14:05:00",
        "frp": "7.23",
        "confidence": "66"
      },
      "geometry": {
        "type": "Point",
        "coordinates": [
          14.22177,
          37.13189
        ]
      }
    },
    {
      "type": "Feature",
      "properties": {
        "source": "modis",
        "satellite": "A",
        "acq_at": "2026-09-28 14:05:00",
        "frp": "13.83",
        "confidence": "74"
      },
      "geometry": {
        "type": "Point",
        "coordinates": [
          14.26771,
          37.17039
        ]
      }
    },
    {
      "type": "Feature",
      "properties": {
        "source": "modis",
        "satellite": "A",
        "acq_at": "2026-09-28 14:05:00",
        "frp": "8.58",
        "confidence": "65"
      },
      "geometry": {
        "type": "Point",
        "coordinates": [
          14.12955,
          37.1555
        ]
      }
    },
    {
      "type": "Feature",
      "properties": {
        "source": "modis",
        "satellite": "A",
        "acq_at": "2026-09-28 14:05:00",
        "frp": "12.75",
        "confidence": "70"
      },
      "geometry": {
        "type": "Point",
        "coordinates": [
          14.00324,
          37.17466
        ]
      }
    },
    {
      "type": "Feature",
      "properties": {
        "source": "modis",
        "satellite": "A",
        "acq_at": "2026-09-28 14:05:00",
        "frp": "6.33",
        "confidence": "48"
      },
      "geometry": {
        "type": "Point",
        "coordinates": [
          13.98948,
          37.17212
        ]
      }
    },
    {
      "type": "Feature",
      "properties": {
        "source": "modis",
        "satellite": "A",
        "acq_at": "2026-09-28 14:05:00",
        "frp": "7.46",
        "confidence": "0"
      },
      "geometry": {
        "type": "Point",
        "coordinates": [
          13.78782,
          37.15521
        ]
      }
    },
    {
      "type": "Feature",
      "properties": {
        "source": "modis",
        "satellite": "A",
        "acq_at": "2026-09-28 14:05:00",
        "frp": "8.22",
        "confidence": "68"
      },
      "geometry": {
        "type": "Point",
        "coordinates": [
          14.92598,
          37.37019
        ]
      }
    },
    {
      "type": "Feature",
      "properties": {
        "source": "modis",
        "satellite": "A",
        "acq_at": "2026-09-28 14:05:00",
        "frp": "23.87",
        "confidence": "82"
      },
      "geometry": {
        "type": "Point",
        "coordinates": [
          14.91346,
          37.368
        ]
      }
    },
    {
      "type": "Feature",
      "properties": {
        "source": "modis",
        "satellite": "A",
        "acq_at": "2026-09-28 14:05:00",
        "frp": "7.58",
        "confidence": "26"
      },
      "geometry": {
        "type": "Point",
        "coordinates": [
          14.64293,
          37.34008
        ]
      }
    },
    {
      "type": "Feature",
      "properties": {
        "source": "modis",
        "satellite": "A",
        "acq_at": "2026-09-28 14:05:00",
        "frp": "6.17",
        "confidence": "66"
      },
      "geometry": {
        "type": "Point",
        "coordinates": [
          14.72305,
          37.45784
        ]
      }
    },
    {
      "type": "Feature",
      "properties": {
        "source": "modis",
        "satellite": "A",
        "acq_at": "2026-09-28 14:05:00",
        "frp": "11.38",
        "confidence": "63"
      },
      "geometry": {
        "type": "Point",
        "coordinates": [
          13.54928,
          37.47502
        ]
      }
    },
    {
      "type": "Feature",
      "properties": {
        "source": "modis",
        "satellite": "A",
        "acq_at": "2026-09-28 14:05:00",
        "frp": "16.05",
        "confidence": "72"
      },
      "geometry": {
        "type": "Point",
        "coordinates": [
          13.31736,
          37.4733
        ]
      }
    },
    {
      "type": "Feature",
      "properties": {
        "source": "modis",
        "satellite": "A",
        "acq_at": "2026-09-28 14:05:00",
        "frp": "42.96",
        "confidence": "76"
      },
      "geometry": {
        "type": "Point",
        "coordinates": [
          9.74627,
          37.06668
        ]
      }
    },
    {
      "type": "Feature",
      "properties": {
        "source": "modis",
        "satellite": "A",
        "acq_at": "2026-09-28 14:05:00",
        "frp": "18.6",
        "confidence": "63"
      },
      "geometry": {
        "type": "Point",
        "coordinates": [
          9.76639,
          37.07112
        ]
      }
    },
    {
      "type": "Feature",
      "properties": {
        "source": "modis",
        "satellite": "A",
        "acq_at": "2026-09-28 14:05:00",
        "frp": "34.3",
        "confidence": "72"
      },
      "geometry": {
        "type": "Point",
        "coordinates": [
          9.74179,
          37.06559
        ]
      }
    },
    {
      "type": "Feature",
      "properties": {
        "source": "modis",
        "satellite": "A",
        "acq_at": "2026-09-28 14:05:00",
        "frp": "19.81",
        "confidence": "50"
      },
      "geometry": {
        "type": "Point",
        "coordinates": [
          9.43839,
          37.09283
        ]
      }
    },
    {
      "type": "Feature",
      "properties": {
        "source": "modis",
        "satellite": "A",
        "acq_at": "2026-09-28 14:05:00",
        "frp": "19.51",
        "confidence": "77"
      },
      "geometry": {
        "type": "Point",
        "coordinates": [
          13.16984,
          37.86202
        ]
      }
    },
    {
      "type": "Feature",
      "properties": {
        "source": "modis",
        "satellite": "A",
        "acq_at": "2026-09-28 14:05:00",
        "frp": "10.14",
        "confidence": "66"
      },
      "geometry": {
        "type": "Point",
        "coordinates": [
          12.98866,
          37.82721
        ]
      }
    },
    {
      "type": "Feature",
      "properties": {
        "source": "modis",
        "satellite": "A",
        "acq_at": "2026-09-28 14:05:00",
        "frp": "21.26",
        "confidence": "55"
      },
      "geometry": {
        "type": "Point",
        "coordinates": [
          9.43239,
          37.09065
        ]
      }
    },
    {
      "type": "Feature",
      "properties": {
        "source": "modis",
        "satellite": "A",
        "acq_at": "2026-09-28 14:05:00",
        "frp": "63.75",
        "confidence": "77"
      },
      "geometry": {
        "type": "Point",
        "coordinates": [
          9.53395,
          37.24846
        ]
      }
    },
    {
      "type": "Feature",
      "properties": {
        "source": "modis",
        "satellite": "A",
        "acq_at": "2026-09-28 14:05:00",
        "frp": "24.55",
        "confidence": "81"
      },
      "geometry": {
        "type": "Point",
        "coordinates": [
          16.16756,
          38.68699
        ]
      }
    },
    {
      "type": "Feature",
      "properties": {
        "source": "modis",
        "satellite": "A",
        "acq_at": "2026-09-28 14:05:00",
        "frp": "33.02",
        "confidence": "32"
      },
      "geometry": {
        "type": "Point",
        "coordinates": [
          6.00208,
          36.79386
        ]
      }
    },
    {
      "type": "Feature",
      "properties": {
        "source": "modis",
        "satellite": "A",
        "acq_at": "2026-09-28 14:05:00",
        "frp": "4.5",
        "confidence": "56"
      },
      "geometry": {
        "type": "Point",
        "coordinates": [
          17.40293,
          40.70401
        ]
      }
    },
    {
      "type": "Feature",
      "properties": {
        "source": "modis",
        "satellite": "A",
        "acq_at": "2026-09-28 14:05:00",
        "frp": "4.29",
        "confidence": "26"
      },
      "geometry": {
        "type": "Point",
        "coordinates": [
          16.20521,
          40.58013
        ]
      }
    },
    {
      "type": "Feature",
      "properties": {
        "source": "modis",
        "satellite": "A",
        "acq_at": "2026-09-28 14:08:00",
        "frp": "7.5",
        "confidence": "61"
      },
      "geometry": {
        "type": "Point",
        "coordinates": [
          15.76014,
          40.67861
        ]
      }
    },
    {
      "type": "Feature",
      "properties": {
        "source": "modis",
        "satellite": "A",
        "acq_at": "2026-09-28 14:08:00",
        "frp": "5.96",
        "confidence": "49"
      },
      "geometry": {
        "type": "Point",
        "coordinates": [
          15.74864,
          40.67679
        ]
      }
    },
    {
      "type": "Feature",
      "properties": {
        "source": "modis",
        "satellite": "A",
        "acq_at": "2026-09-28 14:08:00",
        "frp": "5.04",
        "confidence": "65"
      },
      "geometry": {
        "type": "Point",
        "coordinates": [
          16.19228,
          40.86655
        ]
      }
    },
    {
      "type": "Feature",
      "properties": {
        "source": "modis",
        "satellite": "A",
        "acq_at": "2026-09-28 14:08:00",
        "frp": "6.89",
        "confidence": "71"
      },
      "geometry": {
        "type": "Point",
        "coordinates": [
          16.18084,
          40.86479
        ]
      }
    },
    {
      "type": "Feature",
      "properties": {
        "source": "modis",
        "satellite": "A",
        "acq_at": "2026-09-28 14:08:00",
        "frp": "5.14",
        "confidence": "58"
      },
      "geometry": {
        "type": "Point",
        "coordinates": [
          15.82443,
          40.94127
        ]
      }
    },
    {
      "type": "Feature",
      "properties": {
        "source": "modis",
        "satellite": "A",
        "acq_at": "2026-09-28 14:08:00",
        "frp": "10.12",
        "confidence": "72"
      },
      "geometry": {
        "type": "Point",
        "coordinates": [
          15.66218,
          41.02636
        ]
      }
    },
    {
      "type": "Feature",
      "properties": {
        "source": "modis",
        "satellite": "A",
        "acq_at": "2026-09-28 14:08:00",
        "frp": "4.9",
        "confidence": "54"
      },
      "geometry": {
        "type": "Point",
        "coordinates": [
          15.47064,
          41.08046
        ]
      }
    },
    {
      "type": "Feature",
      "properties": {
        "source": "modis",
        "satellite": "A",
        "acq_at": "2026-09-28 14:08:00",
        "frp": "5.82",
        "confidence": "68"
      },
      "geometry": {
        "type": "Point",
        "coordinates": [
          15.56013,
          41.14931
        ]
      }
    },
    {
      "type": "Feature",
      "properties": {
        "source": "modis",
        "satellite": "A",
        "acq_at": "2026-09-28 14:08:00",
        "frp": "6.04",
        "confidence": "58"
      },
      "geometry": {
        "type": "Point",
        "coordinates": [
          14.05338,
          41.01197
        ]
      }
    },
    {
      "type": "Feature",
      "properties": {
        "source": "modis",
        "satellite": "A",
        "acq_at": "2026-09-28 14:08:00",
        "frp": "6.16",
        "confidence": "61"
      },
      "geometry": {
        "type": "Point",
        "coordinates": [
          15.04608,
          41.22585
        ]
      }
    },
    {
      "type": "Feature",
      "properties": {
        "source": "modis",
        "satellite": "A",
        "acq_at": "2026-09-28 14:08:00",
        "frp": "8.17",
        "confidence": "68"
      },
      "geometry": {
        "type": "Point",
        "coordinates": [
          15.00734,
          41.47117
        ]
      }
    },
    {
      "type": "Feature",
      "properties": {
        "source": "modis",
        "satellite": "A",
        "acq_at": "2026-09-28 14:08:00",
        "frp": "6.35",
        "confidence": "27"
      },
      "geometry": {
        "type": "Point",
        "coordinates": [
          13.13527,
          41.44015
        ]
      }
    },
    {
      "type": "Feature",
      "properties": {
        "source": "modis",
        "satellite": "A",
        "acq_at": "2026-09-28 14:08:00",
        "frp": "7.09",
        "confidence": "59"
      },
      "geometry": {
        "type": "Point",
        "coordinates": [
          11.14162,
          43.84629
        ]
      }
    },
    {
      "type": "Feature",
      "properties": {
        "source": "modis",
        "satellite": "A",
        "acq_at": "2026-09-28 14:08:00",
        "frp": "7.86",
        "confidence": "61"
      },
      "geometry": {
        "type": "Point",
        "coordinates": [
          11.12605,
          43.84333
        ]
      }
    },
    {
      "type": "Feature",
      "properties": {
        "source": "modis",
        "satellite": "A",
        "acq_at": "2026-09-28 14:08:00",
        "frp": "9.17",
        "confidence": "70"
      },
      "geometry": {
        "type": "Point",
        "coordinates": [
          11.41503,
          44.52657
        ]
      }
    },
    {
      "type": "Feature",
      "properties": {
        "source": "modis",
        "satellite": "A",
        "acq_at": "2026-09-28 14:08:00",
        "frp": "10.75",
        "confidence": "72"
      },
      "geometry": {
        "type": "Point",
        "coordinates": [
          11.59387,
          44.62329
        ]
      }
    },
    {
      "type": "Feature",
      "properties": {
        "source": "modis",
        "satellite": "A",
        "acq_at": "2026-09-28 14:08:00",
        "frp": "8.26",
        "confidence": "67"
      },
      "geometry": {
        "type": "Point",
        "coordinates": [
          11.39465,
          45.71638
        ]
      }
    },
    {
      "type": "Feature",
      "properties": {
        "source": "modis",
        "satellite": "A",
        "acq_at": "2026-09-28 14:08:00",
        "frp": "5.29",
        "confidence": "58"
      },
      "geometry": {
        "type": "Point",
        "coordinates": [
          11.38022,
          45.71373
        ]
      }
    },
    {
      "type": "Feature",
      "properties": {
        "source": "modis",
        "satellite": "T",
        "acq_at": "2026-09-28 19:55:00",
        "frp": "15.12",
        "confidence": "75"
      },
      "geometry": {
        "type": "Point",
        "coordinates": [
          8.81683,
          40.224
        ]
      }
    },
    {
      "type": "Feature",
      "properties": {
        "source": "modis",
        "satellite": "T",
        "acq_at": "2026-09-28 19:55:00",
        "frp": "6.79",
        "confidence": "9"
      },
      "geometry": {
        "type": "Point",
        "coordinates": [
          8.82811,
          40.22149
        ]
      }
    },
    {
      "type": "Feature",
      "properties": {
        "source": "modis",
        "satellite": "T",
        "acq_at": "2026-09-28 19:55:00",
        "frp": "11.17",
        "confidence": "61"
      },
      "geometry": {
        "type": "Point",
        "coordinates": [
          8.81177,
          40.21996
        ]
      }
    },
    {
      "type": "Feature",
      "properties": {
        "source": "modis",
        "satellite": "T",
        "acq_at": "2026-09-29 07:52:00",
        "frp": "6.19",
        "confidence": "42"
      },
      "geometry": {
        "type": "Point",
        "coordinates": [
          15.4992,
          41.77769
        ]
      }
    },
    {
      "type": "Feature",
      "properties": {
        "source": "modis",
        "satellite": "T",
        "acq_at": "2026-09-29 07:52:00",
        "frp": "7.59",
        "confidence": "70"
      },
      "geometry": {
        "type": "Point",
        "coordinates": [
          15.50084,
          41.54035
        ]
      }
    },
    {
      "type": "Feature",
      "properties": {
        "source": "modis",
        "satellite": "T",
        "acq_at": "2026-09-29 07:52:00",
        "frp": "7.5",
        "confidence": "70"
      },
      "geometry": {
        "type": "Point",
        "coordinates": [
          15.21473,
          41.55416
        ]
      }
    },
    {
      "type": "Feature",
      "properties": {
        "source": "modis",
        "satellite": "T",
        "acq_at": "2026-09-29 07:52:00",
        "frp": "4.44",
        "confidence": "59"
      },
      "geometry": {
        "type": "Point",
        "coordinates": [
          15.86997,
          41.41402
        ]
      }
    },
    {
      "type": "Feature",
      "properties": {
        "source": "modis",
        "satellite": "T",
        "acq_at": "2026-09-29 07:52:00",
        "frp": "4.01",
        "confidence": "62"
      },
      "geometry": {
        "type": "Point",
        "coordinates": [
          15.37907,
          41.39971
        ]
      }
    },
    {
      "type": "Feature",
      "properties": {
        "source": "modis",
        "satellite": "T",
        "acq_at": "2026-09-29 07:52:00",
        "frp": "5.93",
        "confidence": "66"
      },
      "geometry": {
        "type": "Point",
        "coordinates": [
          15.43041,
          41.38408
        ]
      }
    },
    {
      "type": "Feature",
      "properties": {
        "source": "modis",
        "satellite": "T",
        "acq_at": "2026-09-29 07:52:00",
        "frp": "4.38",
        "confidence": "53"
      },
      "geometry": {
        "type": "Point",
        "coordinates": [
          16.43002,
          40.70009
        ]
      }
    },
    {
      "type": "Feature",
      "properties": {
        "source": "modis",
        "satellite": "T",
        "acq_at": "2026-09-29 07:52:00",
        "frp": "5.73",
        "confidence": "65"
      },
      "geometry": {
        "type": "Point",
        "coordinates": [
          18.00528,
          40.3682
        ]
      }
    },
    {
      "type": "Feature",
      "properties": {
        "source": "modis",
        "satellite": "T",
        "acq_at": "2026-09-29 07:54:00",
        "frp": "4.87",
        "confidence": "68"
      },
      "geometry": {
        "type": "Point",
        "coordinates": [
          16.9888,
          39.07636
        ]
      }
    },
    {
      "type": "Feature",
      "properties": {
        "source": "viirs_snpp",
        "satellite": "N",
        "acq_at": "2026-09-29 12:36:00",
        "frp": "2.93",
        "confidence": "low"
      },
      "geometry": {
        "type": "Point",
        "coordinates": [
          9.50429,
          36.13448
        ]
      }
    },
    {
      "type": "Feature",
      "properties": {
        "source": "viirs_snpp",
        "satellite": "N",
        "acq_at": "2026-09-29 12:36:00",
        "frp": "17.19",
        "confidence": "nominal"
      },
      "geometry": {
        "type": "Point",
        "coordinates": [
          9.52334,
          36.37698
        ]
      }
    },
    {
      "type": "Feature",
      "properties": {
        "source": "viirs_snpp",
        "satellite": "N",
        "acq_at": "2026-09-29 12:36:00",
        "frp": "2.64",
        "confidence": "nominal"
      },
      "geometry": {
        "type": "Point",
        "coordinates": [
          6.12481,
          35.82285
        ]
      }
    },
    {
      "type": "Feature",
      "properties": {
        "source": "viirs_snpp",
        "satellite": "N",
        "acq_at": "2026-09-29 12:36:00",
        "frp": "1.53",
        "confidence": "nominal"
      },
      "geometry": {
        "type": "Point",
        "coordinates": [
          8.49956,
          36.23522
        ]
      }
    },
    {
      "type": "Feature",
      "properties": {
        "source": "viirs_snpp",
        "satellite": "N",
        "acq_at": "2026-09-29 12:36:00",
        "frp": "1.7",
        "confidence": "nominal"
      },
      "geometry": {
        "type": "Point",
        "coordinates": [
          7.42318,
          36.13391
        ]
      }
    },
    {
      "type": "Feature",
      "properties": {
        "source": "viirs_snpp",
        "satellite": "N",
        "acq_at": "2026-09-29 12:36:00",
        "frp": "5.97",
        "confidence": "nominal"
      },
      "geometry": {
        "type": "Point",
        "coordinates": [
          8.94055,
          36.40191
        ]
      }
    },
    {
      "type": "Feature",
      "properties": {
        "source": "viirs_snpp",
        "satellite": "N",
        "acq_at": "2026-09-29 12:36:00",
        "frp": "1.92",
        "confidence": "nominal"
      },
      "geometry": {
        "type": "Point",
        "coordinates": [
          8.95255,
          36.40714
        ]
      }
    },
    {
      "type": "Feature",
      "properties": {
        "source": "viirs_snpp",
        "satellite": "N",
        "acq_at": "2026-09-29 12:36:00",
        "frp": "2.54",
        "confidence": "low"
      },
      "geometry": {
        "type": "Point",
        "coordinates": [
          8.6359,
          36.36875
        ]
      }
    },
    {
      "type": "Feature",
      "properties": {
        "source": "viirs_snpp",
        "satellite": "N",
        "acq_at": "2026-09-29 12:36:00",
        "frp": "4.29",
        "confidence": "nominal"
      },
      "geometry": {
        "type": "Point",
        "coordinates": [
          8.63165,
          36.36809
        ]
      }
    },
    {
      "type": "Feature",
      "properties": {
        "source": "viirs_snpp",
        "satellite": "N",
        "acq_at": "2026-09-29 12:36:00",
        "frp": "3.93",
        "confidence": "nominal"
      },
      "geometry": {
        "type": "Point",
        "coordinates": [
          9.21518,
          36.49105
        ]
      }
    },
    {
      "type": "Feature",
      "properties": {
        "source": "viirs_snpp",
        "satellite": "N",
        "acq_at": "2026-09-29 12:36:00",
        "frp": "1.66",
        "confidence": "low"
      },
      "geometry": {
        "type": "Point",
        "coordinates": [
          9.02862,
          36.49703
        ]
      }
    },
    {
      "type": "Feature",
      "properties": {
        "source": "viirs_snpp",
        "satellite": "N",
        "acq_at": "2026-09-29 12:36:00",
        "frp": "1.61",
        "confidence": "nominal"
      },
      "geometry": {
        "type": "Point",
        "coordinates": [
          8.99027,
          36.49122
        ]
      }
    },
    {
      "type": "Feature",
      "properties": {
        "source": "viirs_snpp",
        "satellite": "N",
        "acq_at": "2026-09-29 12:36:00",
        "frp": "2.88",
        "confidence": "nominal"
      },
      "geometry": {
        "type": "Point",
        "coordinates": [
          7.3232,
          36.25227
        ]
      }
    },
    {
      "type": "Feature",
      "properties": {
        "source": "viirs_snpp",
        "satellite": "N",
        "acq_at": "2026-09-29 12:36:00",
        "frp": "4.63",
        "confidence": "low"
      },
      "geometry": {
        "type": "Point",
        "coordinates": [
          7.32236,
          36.25559
        ]
      }
    },
    {
      "type": "Feature",
      "properties": {
        "source": "viirs_snpp",
        "satellite": "N",
        "acq_at": "2026-09-29 12:36:00",
        "frp": "6.53",
        "confidence": "nominal"
      },
      "geometry": {
        "type": "Point",
        "coordinates": [
          7.18345,
          36.2323
        ]
      }
    },
    {
      "type": "Feature",
      "properties": {
        "source": "viirs_snpp",
        "satellite": "N",
        "acq_at": "2026-09-29 12:36:00",
        "frp": "4.8",
        "confidence": "nominal"
      },
      "geometry": {
        "type": "Point",
        "coordinates": [
          7.17906,
          36.23156
        ]
      }
    },
    {
      "type": "Feature",
      "properties": {
        "source": "viirs_snpp",
        "satellite": "N",
        "acq_at": "2026-09-29 12:36:00",
        "frp": "11.21",
        "confidence": "nominal"
      },
      "geometry": {
        "type": "Point",
        "coordinates": [
          14.11589,
          37.22141
        ]
      }
    },
    {
      "type": "Feature",
      "properties": {
        "source": "viirs_snpp",
        "satellite": "N",
        "acq_at": "2026-09-29 12:36:00",
        "frp": "1.58",
        "confidence": "low"
      },
      "geometry": {
        "type": "Point",
        "coordinates": [
          10.89649,
          36.83852
        ]
      }
    },
    {
      "type": "Feature",
      "properties": {
        "source": "viirs_snpp",
        "satellite": "N",
        "acq_at": "2026-09-29 12:36:00",
        "frp": "6.96",
        "confidence": "nominal"
      },
      "geometry": {
        "type": "Point",
        "coordinates": [
          7.10041,
          36.34505
        ]
      }
    },
    {
      "type": "Feature",
      "properties": {
        "source": "viirs_snpp",
        "satellite": "N",
        "acq_at": "2026-09-29 12:36:00",
        "frp": "6.21",
        "confidence": "nominal"
      },
      "geometry": {
        "type": "Point",
        "coordinates": [
          14.11691,
          37.31689
        ]
      }
    },
    {
      "type": "Feature",
      "properties": {
        "source": "viirs_snpp",
        "satellite": "N",
        "acq_at": "2026-09-29 12:36:00",
        "frp": "1.68",
        "confidence": "nominal"
      },
      "geometry": {
        "type": "Point",
        "coordinates": [
          6.85325,
          36.32409
        ]
      }
    },
    {
      "type": "Feature",
      "properties": {
        "source": "viirs_snpp",
        "satellite": "N",
        "acq_at": "2026-09-29 12:36:00",
        "frp": "1.82",
        "confidence": "nominal"
      },
      "geometry": {
        "type": "Point",
        "coordinates": [
          14.95726,
          37.44085
        ]
      }
    },
    {
      "type": "Feature",
      "properties": {
        "source": "viirs_snpp",
        "satellite": "N",
        "acq_at": "2026-09-29 12:36:00",
        "frp": "10.16",
        "confidence": "nominal"
      },
      "geometry": {
        "type": "Point",
        "coordinates": [
          6.11519,
          36.23884
        ]
      }
    },
    {
      "type": "Feature",
      "properties": {
        "source": "viirs_snpp",
        "satellite": "N",
        "acq_at": "2026-09-29 12:36:00",
        "frp": "10.1",
        "confidence": "nominal"
      },
      "geometry": {
        "type": "Point",
        "coordinates": [
          6.11686,
          36.23757
        ]
      }
    },
    {
      "type": "Feature",
      "properties": {
        "source": "viirs_snpp",
        "satellite": "N",
        "acq_at": "2026-09-29 12:36:00",
        "frp": "4.85",
        "confidence": "nominal"
      },
      "geometry": {
        "type": "Point",
        "coordinates": [
          9.29094,
          36.77308
        ]
      }
    },
    {
      "type": "Feature",
      "properties": {
        "source": "viirs_snpp",
        "satellite": "N",
        "acq_at": "2026-09-29 12:36:00",
        "frp": "11.74",
        "confidence": "nominal"
      },
      "geometry": {
        "type": "Point",
        "coordinates": [
          9.29019,
          36.77638
        ]
      }
    },
    {
      "type": "Feature",
      "properties": {
        "source": "viirs_snpp",
        "satellite": "N",
        "acq_at": "2026-09-29 12:36:00",
        "frp": "4.74",
        "confidence": "nominal"
      },
      "geometry": {
        "type": "Point",
        "coordinates": [
          9.36186,
          36.79379
        ]
      }
    },
    {
      "type": "Feature",
      "properties": {
        "source": "viirs_snpp",
        "satellite": "N",
        "acq_at": "2026-09-29 12:36:00",
        "frp": "4.11",
        "confidence": "low"
      },
      "geometry": {
        "type": "Point",
        "coordinates": [
          9.35756,
          36.79315
        ]
      }
    },
    {
      "type": "Feature",
      "properties": {
        "source": "viirs_snpp",
        "satellite": "N",
        "acq_at": "2026-09-29 12:36:00",
        "frp": "2.8",
        "confidence": "nominal"
      },
      "geometry": {
        "type": "Point",
        "coordinates": [
          9.18561,
          36.82564
        ]
      }
    },
    {
      "type": "Feature",
      "properties": {
        "source": "viirs_snpp",
        "satellite": "N",
        "acq_at": "2026-09-29 12:36:00",
        "frp": "3.47",
        "confidence": "low"
      },
      "geometry": {
        "type": "Point",
        "coordinates": [
          9.62519,
          36.89388
        ]
      }
    },
    {
      "type": "Feature",
      "properties": {
        "source": "viirs_snpp",
        "satellite": "N",
        "acq_at": "2026-09-29 12:36:00",
        "frp": "1.83",
        "confidence": "low"
      },
      "geometry": {
        "type": "Point",
        "coordinates": [
          9.18485,
          36.82894
        ]
      }
    },
    {
      "type": "Feature",
      "properties": {
        "source": "viirs_snpp",
        "satellite": "N",
        "acq_at": "2026-09-29 12:36:00",
        "frp": "1.83",
        "confidence": "nominal"
      },
      "geometry": {
        "type": "Point",
        "coordinates": [
          9.18408,
          36.83223
        ]
      }
    },
    {
      "type": "Feature",
      "properties": {
        "source": "viirs_snpp",
        "satellite": "N",
        "acq_at": "2026-09-29 12:36:00",
        "frp": "4.77",
        "confidence": "low"
      },
      "geometry": {
        "type": "Point",
        "coordinates": [
          9.47281,
          36.89822
        ]
      }
    },
    {
      "type": "Feature",
      "properties": {
        "source": "viirs_snpp",
        "satellite": "N",
        "acq_at": "2026-09-29 12:36:00",
        "frp": "3.32",
        "confidence": "nominal"
      },
      "geometry": {
        "type": "Point",
        "coordinates": [
          9.46851,
          36.8976
        ]
      }
    },
    {
      "type": "Feature",
      "properties": {
        "source": "viirs_snpp",
        "satellite": "N",
        "acq_at": "2026-09-29 12:36:00",
        "frp": "3.32",
        "confidence": "nominal"
      },
      "geometry": {
        "type": "Point",
        "coordinates": [
          9.46774,
          36.9009
        ]
      }
    },
    {
      "type": "Feature",
      "properties": {
        "source": "viirs_snpp",
        "satellite": "N",
        "acq_at": "2026-09-29 12:36:00",
        "frp": "1.82",
        "confidence": "low"
      },
      "geometry": {
        "type": "Point",
        "coordinates": [
          9.36318,
          36.90949
        ]
      }
    },
    {
      "type": "Feature",
      "properties": {
        "source": "viirs_snpp",
        "satellite": "N",
        "acq_at": "2026-09-29 12:36:00",
        "frp": "5.42",
        "confidence": "nominal"
      },
      "geometry": {
        "type": "Point",
        "coordinates": [
          9.22447,
          36.89241
        ]
      }
    },
    {
      "type": "Feature",
      "properties": {
        "source": "viirs_snpp",
        "satellite": "N",
        "acq_at": "2026-09-29 12:36:00",
        "frp": "2.27",
        "confidence": "low"
      },
      "geometry": {
        "type": "Point",
        "coordinates": [
          9.22799,
          36.89634
        ]
      }
    },
    {
      "type": "Feature",
      "properties": {
        "source": "viirs_snpp",
        "satellite": "N",
        "acq_at": "2026-09-29 12:36:00",
        "frp": "5.71",
        "confidence": "nominal"
      },
      "geometry": {
        "type": "Point",
        "coordinates": [
          9.57607,
          36.95771
        ]
      }
    },
    {
      "type": "Feature",
      "properties": {
        "source": "viirs_snpp",
        "satellite": "N",
        "acq_at": "2026-09-29 12:36:00",
        "frp": "4.96",
        "confidence": "low"
      },
      "geometry": {
        "type": "Point",
        "coordinates": [
          9.57174,
          36.95708
        ]
      }
    },
    {
      "type": "Feature",
      "properties": {
        "source": "viirs_snpp",
        "satellite": "N",
        "acq_at": "2026-09-29 12:36:00",
        "frp": "1.35",
        "confidence": "low"
      },
      "geometry": {
        "type": "Point",
        "coordinates": [
          6.18816,
          36.42049
        ]
      }
    },
    {
      "type": "Feature",
      "properties": {
        "source": "viirs_snpp",
        "satellite": "N",
        "acq_at": "2026-09-29 12:36:00",
        "frp": "2.36",
        "confidence": "low"
      },
      "geometry": {
        "type": "Point",
        "coordinates": [
          6.54521,
          36.50737
        ]
      }
    },
    {
      "type": "Feature",
      "properties": {
        "source": "viirs_snpp",
        "satellite": "N",
        "acq_at": "2026-09-29 12:36:00",
        "frp": "2.73",
        "confidence": "low"
      },
      "geometry": {
        "type": "Point",
        "coordinates": [
          9.37621,
          36.96947
        ]
      }
    },
    {
      "type": "Feature",
      "properties": {
        "source": "viirs_snpp",
        "satellite": "N",
        "acq_at": "2026-09-29 12:36:00",
        "frp": "3.21",
        "confidence": "nominal"
      },
      "geometry": {
        "type": "Point",
        "coordinates": [
          13.49785,
          37.51033
        ]
      }
    },
    {
      "type": "Feature",
      "properties": {
        "source": "viirs_snpp",
        "satellite": "N",
        "acq_at": "2026-09-29 12:36:00",
        "frp": "2.98",
        "confidence": "low"
      },
      "geometry": {
        "type": "Point",
        "coordinates": [
          9.53349,
          37.00624
        ]
      }
    },
    {
      "type": "Feature",
      "properties": {
        "source": "viirs_snpp",
        "satellite": "N",
        "acq_at": "2026-09-29 12:36:00",
        "frp": "2.98",
        "confidence": "nominal"
      },
      "geometry": {
        "type": "Point",
        "coordinates": [
          9.52912,
          37.0056
        ]
      }
    },
    {
      "type": "Feature",
      "properties": {
        "source": "viirs_snpp",
        "satellite": "N",
        "acq_at": "2026-09-29 12:36:00",
        "frp": "19.82",
        "confidence": "nominal"
      },
      "geometry": {
        "type": "Point",
        "coordinates": [
          9.53016,
          37.00789
        ]
      }
    },
    {
      "type": "Feature",
      "properties": {
        "source": "viirs_snpp",
        "satellite": "N",
        "acq_at": "2026-09-29 12:36:00",
        "frp": "3.59",
        "confidence": "nominal"
      },
      "geometry": {
        "type": "Point",
        "coordinates": [
          13.49588,
          37.5123
        ]
      }
    },
    {
      "type": "Feature",
      "properties": {
        "source": "viirs_snpp",
        "satellite": "N",
        "acq_at": "2026-09-29 12:36:00",
        "frp": "2.86",
        "confidence": "low"
      },
      "geometry": {
        "type": "Point",
        "coordinates": [
          9.1083,
          36.95953
        ]
      }
    },
    {
      "type": "Feature",
      "properties": {
        "source": "viirs_snpp",
        "satellite": "N",
        "acq_at": "2026-09-29 12:36:00",
        "frp": "5.97",
        "confidence": "low"
      },
      "geometry": {
        "type": "Point",
        "coordinates": [
          13.83386,
          37.61537
        ]
      }
    },
    {
      "type": "Feature",
      "properties": {
        "source": "viirs_snpp",
        "satellite": "N",
        "acq_at": "2026-09-29 12:36:00",
        "frp": "3.09",
        "confidence": "nominal"
      },
      "geometry": {
        "type": "Point",
        "coordinates": [
          9.66163,
          37.21075
        ]
      }
    },
    {
      "type": "Feature",
      "properties": {
        "source": "viirs_snpp",
        "satellite": "N",
        "acq_at": "2026-09-29 12:36:00",
        "frp": "3.09",
        "confidence": "nominal"
      },
      "geometry": {
        "type": "Point",
        "coordinates": [
          9.66085,
          37.21407
        ]
      }
    },
    {
      "type": "Feature",
      "properties": {
        "source": "viirs_snpp",
        "satellite": "N",
        "acq_at": "2026-09-29 12:36:00",
        "frp": "2.18",
        "confidence": "nominal"
      },
      "geometry": {
        "type": "Point",
        "coordinates": [
          9.20852,
          37.19118
        ]
      }
    },
    {
      "type": "Feature",
      "properties": {
        "source": "viirs_snpp",
        "satellite": "N",
        "acq_at": "2026-09-29 12:36:00",
        "frp": "5.71",
        "confidence": "low"
      },
      "geometry": {
        "type": "Point",
        "coordinates": [
          9.52374,
          37.2646
        ]
      }
    },
    {
      "type": "Feature",
      "properties": {
        "source": "viirs_snpp",
        "satellite": "N",
        "acq_at": "2026-09-29 12:36:00",
        "frp": "5.71",
        "confidence": "low"
      },
      "geometry": {
        "type": "Point",
        "coordinates": [
          9.5194,
          37.26398
        ]
      }
    },
    {
      "type": "Feature",
      "properties": {
        "source": "viirs_snpp",
        "satellite": "N",
        "acq_at": "2026-09-29 12:36:00",
        "frp": "2.13",
        "confidence": "nominal"
      },
      "geometry": {
        "type": "Point",
        "coordinates": [
          9.50429,
          37.27206
        ]
      }
    },
    {
      "type": "Feature",
      "properties": {
        "source": "viirs_snpp",
        "satellite": "N",
        "acq_at": "2026-09-29 12:36:00",
        "frp": "4.24",
        "confidence": "nominal"
      },
      "geometry": {
        "type": "Point",
        "coordinates": [
          9.50358,
          37.27538
        ]
      }
    },
    {
      "type": "Feature",
      "properties": {
        "source": "viirs_snpp",
        "satellite": "N",
        "acq_at": "2026-09-29 12:36:00",
        "frp": "4.11",
        "confidence": "nominal"
      },
      "geometry": {
        "type": "Point",
        "coordinates": [
          13.11405,
          37.87222
        ]
      }
    },
    {
      "type": "Feature",
      "properties": {
        "source": "viirs_snpp",
        "satellite": "N",
        "acq_at": "2026-09-29 12:36:00",
        "frp": "4.16",
        "confidence": "nominal"
      },
      "geometry": {
        "type": "Point",
        "coordinates": [
          13.10834,
          37.87157
        ]
      }
    },
    {
      "type": "Feature",
      "properties": {
        "source": "viirs_snpp",
        "satellite": "N",
        "acq_at": "2026-09-29 12:36:00",
        "frp": "3.42",
        "confidence": "nominal"
      },
      "geometry": {
        "type": "Point",
        "coordinates": [
          12.80091,
          37.99738
        ]
      }
    },
    {
      "type": "Feature",
      "properties": {
        "source": "viirs_snpp",
        "satellite": "N",
        "acq_at": "2026-09-29 12:38:00",
        "frp": "3.49",
        "confidence": "nominal"
      },
      "geometry": {
        "type": "Point",
        "coordinates": [
          16.36907,
          38.89101
        ]
      }
    },
    {
      "type": "Feature",
      "properties": {
        "source": "viirs_snpp",
        "satellite": "N",
        "acq_at": "2026-09-29 12:38:00",
        "frp": "4.28",
        "confidence": "nominal"
      },
      "geometry": {
        "type": "Point",
        "coordinates": [
          16.98414,
          39.06437
        ]
      }
    },
    {
      "type": "Feature",
      "properties": {
        "source": "viirs_snpp",
        "satellite": "N",
        "acq_at": "2026-09-29 12:38:00",
        "frp": "9.96",
        "confidence": "nominal"
      },
      "geometry": {
        "type": "Point",
        "coordinates": [
          16.98359,
          39.06905
        ]
      }
    },
    {
      "type": "Feature",
      "properties": {
        "source": "viirs_snpp",
        "satellite": "N",
        "acq_at": "2026-09-29 12:38:00",
        "frp": "9.96",
        "confidence": "nominal"
      },
      "geometry": {
        "type": "Point",
        "coordinates": [
          16.98303,
          39.07374
        ]
      }
    },
    {
      "type": "Feature",
      "properties": {
        "source": "viirs_snpp",
        "satellite": "N",
        "acq_at": "2026-09-29 12:38:00",
        "frp": "9.96",
        "confidence": "nominal"
      },
      "geometry": {
        "type": "Point",
        "coordinates": [
          16.97649,
          39.07323
        ]
      }
    },
    {
      "type": "Feature",
      "properties": {
        "source": "viirs_snpp",
        "satellite": "N",
        "acq_at": "2026-09-29 12:38:00",
        "frp": "4.83",
        "confidence": "nominal"
      },
      "geometry": {
        "type": "Point",
        "coordinates": [
          16.36725,
          39.66071
        ]
      }
    },
    {
      "type": "Feature",
      "properties": {
        "source": "viirs_snpp",
        "satellite": "N",
        "acq_at": "2026-09-29 12:38:00",
        "frp": "2.84",
        "confidence": "low"
      },
      "geometry": {
        "type": "Point",
        "coordinates": [
          9.12376,
          39.62413
        ]
      }
    },
    {
      "type": "Feature",
      "properties": {
        "source": "viirs_snpp",
        "satellite": "N",
        "acq_at": "2026-09-29 12:38:00",
        "frp": "2.68",
        "confidence": "nominal"
      },
      "geometry": {
        "type": "Point",
        "coordinates": [
          15.57844,
          40.39072
        ]
      }
    },
    {
      "type": "Feature",
      "properties": {
        "source": "viirs_snpp",
        "satellite": "N",
        "acq_at": "2026-09-29 12:38:00",
        "frp": "15.11",
        "confidence": "nominal"
      },
      "geometry": {
        "type": "Point",
        "coordinates": [
          14.91164,
          40.53942
        ]
      }
    },
    {
      "type": "Feature",
      "properties": {
        "source": "viirs_snpp",
        "satellite": "N",
        "acq_at": "2026-09-29 12:38:00",
        "frp": "4.94",
        "confidence": "nominal"
      },
      "geometry": {
        "type": "Point",
        "coordinates": [
          14.91558,
          40.53863
        ]
      }
    },
    {
      "type": "Feature",
      "properties": {
        "source": "viirs_snpp",
        "satellite": "N",
        "acq_at": "2026-09-29 12:38:00",
        "frp": "4.6",
        "confidence": "nominal"
      },
      "geometry": {
        "type": "Point",
        "coordinates": [
          14.91493,
          40.54288
        ]
      }
    },
    {
      "type": "Feature",
      "properties": {
        "source": "viirs_snpp",
        "satellite": "N",
        "acq_at": "2026-09-29 12:38:00",
        "frp": "14.86",
        "confidence": "nominal"
      },
      "geometry": {
        "type": "Point",
        "coordinates": [
          16.45152,
          40.85543
        ]
      }
    },
    {
      "type": "Feature",
      "properties": {
        "source": "viirs_snpp",
        "satellite": "N",
        "acq_at": "2026-09-29 12:38:00",
        "frp": "14.76",
        "confidence": "nominal"
      },
      "geometry": {
        "type": "Point",
        "coordinates": [
          16.44509,
          40.85493
        ]
      }
    },
    {
      "type": "Feature",
      "properties": {
        "source": "viirs_snpp",
        "satellite": "N",
        "acq_at": "2026-09-29 12:38:00",
        "frp": "14.87",
        "confidence": "nominal"
      },
      "geometry": {
        "type": "Point",
        "coordinates": [
          15.86721,
          40.95721
        ]
      }
    },
    {
      "type": "Feature",
      "properties": {
        "source": "viirs_snpp",
        "satellite": "N",
        "acq_at": "2026-09-29 12:38:00",
        "frp": "13.05",
        "confidence": "nominal"
      },
      "geometry": {
        "type": "Point",
        "coordinates": [
          15.55601,
          41.09247
        ]
      }
    },
    {
      "type": "Feature",
      "properties": {
        "source": "viirs_snpp",
        "satellite": "N",
        "acq_at": "2026-09-29 12:38:00",
        "frp": "13.05",
        "confidence": "nominal"
      },
      "geometry": {
        "type": "Point",
        "coordinates": [
          15.54993,
          41.09196
        ]
      }
    },
    {
      "type": "Feature",
      "properties": {
        "source": "viirs_snpp",
        "satellite": "N",
        "acq_at": "2026-09-29 12:38:00",
        "frp": "9.51",
        "confidence": "nominal"
      },
      "geometry": {
        "type": "Point",
        "coordinates": [
          15.84988,
          41.4252
        ]
      }
    },
    {
      "type": "Feature",
      "properties": {
        "source": "viirs_snpp",
        "satellite": "N",
        "acq_at": "2026-09-29 12:38:00",
        "frp": "4.09",
        "confidence": "nominal"
      },
      "geometry": {
        "type": "Point",
        "coordinates": [
          13.71647,
          41.49873
        ]
      }
    },
    {
      "type": "Feature",
      "properties": {
        "source": "viirs_snpp",
        "satellite": "N",
        "acq_at": "2026-09-29 12:38:00",
        "frp": "3.33",
        "confidence": "nominal"
      },
      "geometry": {
        "type": "Point",
        "coordinates": [
          14.75319,
          42.06415
        ]
      }
    },
    {
      "type": "Feature",
      "properties": {
        "source": "viirs_snpp",
        "satellite": "N",
        "acq_at": "2026-09-29 12:38:00",
        "frp": "4.71",
        "confidence": "nominal"
      },
      "geometry": {
        "type": "Point",
        "coordinates": [
          15.27486,
          44.09323
        ]
      }
    },
    {
      "type": "Feature",
      "properties": {
        "source": "viirs_snpp",
        "satellite": "N",
        "acq_at": "2026-09-29 12:38:00",
        "frp": "12.6",
        "confidence": "nominal"
      },
      "geometry": {
        "type": "Point",
        "coordinates": [
          6.24584,
          43.45555
        ]
      }
    },
    {
      "type": "Feature",
      "properties": {
        "source": "viirs_snpp",
        "satellite": "N",
        "acq_at": "2026-09-29 12:38:00",
        "frp": "6.43",
        "confidence": "nominal"
      },
      "geometry": {
        "type": "Point",
        "coordinates": [
          17.0617,
          44.65553
        ]
      }
    },
    {
      "type": "Feature",
      "properties": {
        "source": "viirs_snpp",
        "satellite": "N",
        "acq_at": "2026-09-29 12:38:00",
        "frp": "3.85",
        "confidence": "nominal"
      },
      "geometry": {
        "type": "Point",
        "coordinates": [
          17.0011,
          44.72745
        ]
      }
    },
    {
      "type": "Feature",
      "properties": {
        "source": "viirs_snpp",
        "satellite": "N",
        "acq_at": "2026-09-29 12:38:00",
        "frp": "2.69",
        "confidence": "nominal"
      },
      "geometry": {
        "type": "Point",
        "coordinates": [
          17.77961,
          44.82545
        ]
      }
    },
    {
      "type": "Feature",
      "properties": {
        "source": "viirs_snpp",
        "satellite": "N",
        "acq_at": "2026-09-29 12:38:00",
        "frp": "3.41",
        "confidence": "nominal"
      },
      "geometry": {
        "type": "Point",
        "coordinates": [
          18.0982,
          44.87322
        ]
      }
    },
    {
      "type": "Feature",
      "properties": {
        "source": "viirs_snpp",
        "satellite": "N",
        "acq_at": "2026-09-29 12:38:00",
        "frp": "1.71",
        "confidence": "nominal"
      },
      "geometry": {
        "type": "Point",
        "coordinates": [
          18.09766,
          44.87848
        ]
      }
    },
    {
      "type": "Feature",
      "properties": {
        "source": "viirs_snpp",
        "satellite": "N",
        "acq_at": "2026-09-29 12:38:00",
        "frp": "2.29",
        "confidence": "nominal"
      },
      "geometry": {
        "type": "Point",
        "coordinates": [
          18.09969,
          44.87756
        ]
      }
    },
    {
      "type": "Feature",
      "properties": {
        "source": "viirs_snpp",
        "satellite": "N",
        "acq_at": "2026-09-29 12:38:00",
        "frp": "2.29",
        "confidence": "nominal"
      },
      "geometry": {
        "type": "Point",
        "coordinates": [
          18.09547,
          44.87737
        ]
      }
    },
    {
      "type": "Feature",
      "properties": {
        "source": "viirs_snpp",
        "satellite": "N",
        "acq_at": "2026-09-29 12:38:00",
        "frp": "2.66",
        "confidence": "nominal"
      },
      "geometry": {
        "type": "Point",
        "coordinates": [
          17.40434,
          45.12043
        ]
      }
    },
    {
      "type": "Feature",
      "properties": {
        "source": "viirs_snpp",
        "satellite": "N",
        "acq_at": "2026-09-29 12:38:00",
        "frp": "9.66",
        "confidence": "nominal"
      },
      "geometry": {
        "type": "Point",
        "coordinates": [
          12.34654,
          44.88612
        ]
      }
    },
    {
      "type": "Feature",
      "properties": {
        "source": "viirs_snpp",
        "satellite": "N",
        "acq_at": "2026-09-29 12:38:00",
        "frp": "11.64",
        "confidence": "nominal"
      },
      "geometry": {
        "type": "Point",
        "coordinates": [
          12.33947,
          44.88541
        ]
      }
    },
    {
      "type": "Feature",
      "properties": {
        "source": "viirs_snpp",
        "satellite": "N",
        "acq_at": "2026-09-29 12:38:00",
        "frp": "24.17",
        "confidence": "nominal"
      },
      "geometry": {
        "type": "Point",
        "coordinates": [
          12.34575,
          44.88411
        ]
      }
    },
    {
      "type": "Feature",
      "properties": {
        "source": "viirs_snpp",
        "satellite": "N",
        "acq_at": "2026-09-29 12:38:00",
        "frp": "2.44",
        "confidence": "nominal"
      },
      "geometry": {
        "type": "Point",
        "coordinates": [
          12.12332,
          44.8906
        ]
      }
    },
    {
      "type": "Feature",
      "properties": {
        "source": "viirs_snpp",
        "satellite": "N",
        "acq_at": "2026-09-29 12:38:00",
        "frp": "3.23",
        "confidence": "nominal"
      },
      "geometry": {
        "type": "Point",
        "coordinates": [
          10.32902,
          45.45913
        ]
      }
    },
    {
      "type": "Feature",
      "properties": {
        "source": "viirs_snpp",
        "satellite": "N",
        "acq_at": "2026-09-29 12:40:00",
        "frp": "4.84",
        "confidence": "nominal"
      },
      "geometry": {
        "type": "Point",
        "coordinates": [
          18.84432,
          46.72305
        ]
      }
    },
    {
      "type": "Feature",
      "properties": {
        "source": "viirs_snpp",
        "satellite": "N",
        "acq_at": "2026-09-30 00:56:00",
        "frp": "0.28",
        "confidence": "nominal"
      },
      "geometry": {
        "type": "Point",
        "coordinates": [
          11.91173,
          44.27172
        ]
      }
    },
    {
      "type": "Feature",
      "properties": {
        "source": "viirs_snpp",
        "satellite": "N",
        "acq_at": "2026-09-30 00:56:00",
        "frp": "1.21",
        "confidence": "nominal"
      },
      "geometry": {
        "type": "Point",
        "coordinates": [
          14.36571,
          41.02752
        ]
      }
    },
    {
      "type": "Feature",
      "properties": {
        "source": "viirs_snpp",
        "satellite": "N",
        "acq_at": "2026-09-30 00:56:00",
        "frp": "1.55",
        "confidence": "nominal"
      },
      "geometry": {
        "type": "Point",
        "coordinates": [
          17.56622,
          40.54239
        ]
      }
    },
    {
      "type": "Feature",
      "properties": {
        "source": "viirs_snpp",
        "satellite": "N",
        "acq_at": "2026-09-30 00:56:00",
        "frp": "2.78",
        "confidence": "nominal"
      },
      "geometry": {
        "type": "Point",
        "coordinates": [
          17.37288,
          40.39592
        ]
      }
    },
    {
      "type": "Feature",
      "properties": {
        "source": "viirs_snpp",
        "satellite": "N",
        "acq_at": "2026-09-30 00:56:00",
        "frp": "0.3",
        "confidence": "nominal"
      },
      "geometry": {
        "type": "Point",
        "coordinates": [
          18.03698,
          40.0846
        ]
      }
    },
    {
      "type": "Feature",
      "properties": {
        "source": "viirs_snpp",
        "satellite": "N",
        "acq_at": "2026-09-30 00:56:00",
        "frp": "0.24",
        "confidence": "nominal"
      },
      "geometry": {
        "type": "Point",
        "coordinates": [
          18.06215,
          39.96162
        ]
      }
    },
    {
      "type": "Feature",
      "properties": {
        "source": "viirs_snpp",
        "satellite": "N",
        "acq_at": "2026-09-30 00:56:00",
        "frp": "0.75",
        "confidence": "nominal"
      },
      "geometry": {
        "type": "Point",
        "coordinates": [
          14.17086,
          37.6294
        ]
      }
    },
    {
      "type": "Feature",
      "properties": {
        "source": "viirs_snpp",
        "satellite": "N",
        "acq_at": "2026-09-30 00:56:00",
        "frp": "4.91",
        "confidence": "nominal"
      },
      "geometry": {
        "type": "Point",
        "coordinates": [
          14.14539,
          37.60427
        ]
      }
    },
    {
      "type": "Feature",
      "properties": {
        "source": "viirs_snpp",
        "satellite": "N",
        "acq_at": "2026-09-30 00:56:00",
        "frp": "1.21",
        "confidence": "nominal"
      },
      "geometry": {
        "type": "Point",
        "coordinates": [
          15.21832,
          37.12106
        ]
      }
    },
    {
      "type": "Feature",
      "properties": {
        "source": "viirs_snpp",
        "satellite": "N",
        "acq_at": "2026-09-30 00:56:00",
        "frp": "0.57",
        "confidence": "nominal"
      },
      "geometry": {
        "type": "Point",
        "coordinates": [
          9.94595,
          37.1202
        ]
      }
    },
    {
      "type": "Feature",
      "properties": {
        "source": "viirs_snpp",
        "satellite": "N",
        "acq_at": "2026-09-30 00:58:00",
        "frp": "0.42",
        "confidence": "nominal"
      },
      "geometry": {
        "type": "Point",
        "coordinates": [
          6.95691,
          36.86399
        ]
      }
    },
    {
      "type": "Feature",
      "properties": {
        "source": "viirs_snpp",
        "satellite": "N",
        "acq_at": "2026-09-30 00:58:00",
        "frp": "0.66",
        "confidence": "nominal"
      },
      "geometry": {
        "type": "Point",
        "coordinates": [
          8.10425,
          36.17328
        ]
      }
    },
    {
      "type": "Feature",
      "properties": {
        "source": "viirs_snpp",
        "satellite": "N",
        "acq_at": "2026-09-30 02:34:00",
        "frp": "0.49",
        "confidence": "nominal"
      },
      "geometry": {
        "type": "Point",
        "coordinates": [
          9.81078,
          44.79309
        ]
      }
    },
    {
      "type": "Feature",
      "properties": {
        "source": "viirs_snpp",
        "satellite": "N",
        "acq_at": "2026-09-30 10:41:00",
        "frp": "4.75",
        "confidence": "nominal"
      },
      "geometry": {
        "type": "Point",
        "coordinates": [
          18.0895,
          44.85942
        ]
      }
    },
    {
      "type": "Feature",
      "properties": {
        "source": "viirs_snpp",
        "satellite": "N",
        "acq_at": "2026-09-30 10:41:00",
        "frp": "2.06",
        "confidence": "nominal"
      },
      "geometry": {
        "type": "Point",
        "coordinates": [
          17.48401,
          45.12946
        ]
      }
    },
    {
      "type": "Feature",
      "properties": {
        "source": "viirs_snpp",
        "satellite": "N",
        "acq_at": "2026-09-30 10:41:00",
        "frp": "1.56",
        "confidence": "nominal"
      },
      "geometry": {
        "type": "Point",
        "coordinates": [
          17.48376,
          45.12897
        ]
      }
    },
    {
      "type": "Feature",
      "properties": {
        "source": "viirs_noaa20",
        "satellite": "N20",
        "acq_at": "2026-09-29 11:15:00",
        "frp": "2.06",
        "confidence": "nominal"
      },
      "geometry": {
        "type": "Point",
        "coordinates": [
          14.01579,
          37.16641
        ]
      }
    },
    {
      "type": "Feature",
      "properties": {
        "source": "viirs_noaa20",
        "satellite": "N20",
        "acq_at": "2026-09-29 11:15:00",
        "frp": "2.78",
        "confidence": "nominal"
      },
      "geometry": {
        "type": "Point",
        "coordinates": [
          14.29546,
          37.34749
        ]
      }
    },
    {
      "type": "Feature",
      "properties": {
        "source": "viirs_noaa20",
        "satellite": "N20",
        "acq_at": "2026-09-29 11:15:00",
        "frp": "11.81",
        "confidence": "high"
      },
      "geometry": {
        "type": "Point",
        "coordinates": [
          14.20046,
          37.45232
        ]
      }
    },
    {
      "type": "Feature",
      "properties": {
        "source": "viirs_noaa20",
        "satellite": "N20",
        "acq_at": "2026-09-29 11:15:00",
        "frp": "11.46",
        "confidence": "high"
      },
      "geometry": {
        "type": "Point",
        "coordinates": [
          14.19876,
          37.44882
        ]
      }
    },
    {
      "type": "Feature",
      "properties": {
        "source": "viirs_noaa20",
        "satellite": "N20",
        "acq_at": "2026-09-29 11:15:00",
        "frp": "5.38",
        "confidence": "nominal"
      },
      "geometry": {
        "type": "Point",
        "coordinates": [
          13.79599,
          37.41688
        ]
      }
    },
    {
      "type": "Feature",
      "properties": {
        "source": "viirs_noaa20",
        "satellite": "N20",
        "acq_at": "2026-09-29 11:15:00",
        "frp": "2.95",
        "confidence": "nominal"
      },
      "geometry": {
        "type": "Point",
        "coordinates": [
          13.39433,
          37.34763
        ]
      }
    },
    {
      "type": "Feature",
      "properties": {
        "source": "viirs_noaa20",
        "satellite": "N20",
        "acq_at": "2026-09-29 11:15:00",
        "frp": "2.95",
        "confidence": "nominal"
      },
      "geometry": {
        "type": "Point",
        "coordinates": [
          13.39248,
          37.35346
        ]
      }
    },
    {
      "type": "Feature",
      "properties": {
        "source": "viirs_noaa20",
        "satellite": "N20",
        "acq_at": "2026-09-29 11:15:00",
        "frp": "4.46",
        "confidence": "nominal"
      },
      "geometry": {
        "type": "Point",
        "coordinates": [
          13.33568,
          37.46254
        ]
      }
    },
    {
      "type": "Feature",
      "properties": {
        "source": "viirs_noaa20",
        "satellite": "N20",
        "acq_at": "2026-09-29 11:15:00",
        "frp": "4.46",
        "confidence": "nominal"
      },
      "geometry": {
        "type": "Point",
        "coordinates": [
          13.33015,
          37.46097
        ]
      }
    },
    {
      "type": "Feature",
      "properties": {
        "source": "viirs_noaa20",
        "satellite": "N20",
        "acq_at": "2026-09-29 11:15:00",
        "frp": "8.59",
        "confidence": "nominal"
      },
      "geometry": {
        "type": "Point",
        "coordinates": [
          12.91143,
          37.58594
        ]
      }
    },
    {
      "type": "Feature",
      "properties": {
        "source": "viirs_noaa20",
        "satellite": "N20",
        "acq_at": "2026-09-29 11:15:00",
        "frp": "4.94",
        "confidence": "nominal"
      },
      "geometry": {
        "type": "Point",
        "coordinates": [
          12.97974,
          37.81837
        ]
      }
    },
    {
      "type": "Feature",
      "properties": {
        "source": "viirs_noaa20",
        "satellite": "N20",
        "acq_at": "2026-09-29 11:15:00",
        "frp": "4.34",
        "confidence": "nominal"
      },
      "geometry": {
        "type": "Point",
        "coordinates": [
          13.36305,
          37.94649
        ]
      }
    },
    {
      "type": "Feature",
      "properties": {
        "source": "viirs_noaa20",
        "satellite": "N20",
        "acq_at": "2026-09-29 11:15:00",
        "frp": "4.68",
        "confidence": "nominal"
      },
      "geometry": {
        "type": "Point",
        "coordinates": [
          13.04872,
          37.88923
        ]
      }
    },
    {
      "type": "Feature",
      "properties": {
        "source": "viirs_noaa20",
        "satellite": "N20",
        "acq_at": "2026-09-29 11:15:00",
        "frp": "4.28",
        "confidence": "nominal"
      },
      "geometry": {
        "type": "Point",
        "coordinates": [
          17.03669,
          39.05315
        ]
      }
    },
    {
      "type": "Feature",
      "properties": {
        "source": "viirs_noaa20",
        "satellite": "N20",
        "acq_at": "2026-09-29 11:15:00",
        "frp": "4.34",
        "confidence": "nominal"
      },
      "geometry": {
        "type": "Point",
        "coordinates": [
          12.80213,
          37.95774
        ]
      }
    },
    {
      "type": "Feature",
      "properties": {
        "source": "viirs_noaa20",
        "satellite": "N20",
        "acq_at": "2026-09-29 11:15:00",
        "frp": "3.81",
        "confidence": "nominal"
      },
      "geometry": {
        "type": "Point",
        "coordinates": [
          9.9629,
          37.11433
        ]
      }
    },
    {
      "type": "Feature",
      "properties": {
        "source": "viirs_noaa20",
        "satellite": "N20",
        "acq_at": "2026-09-29 11:15:00",
        "frp": "3.25",
        "confidence": "nominal"
      },
      "geometry": {
        "type": "Point",
        "coordinates": [
          9.9635,
          37.11409
        ]
      }
    },
    {
      "type": "Feature",
      "properties": {
        "source": "viirs_noaa20",
        "satellite": "N20",
        "acq_at": "2026-09-29 11:15:00",
        "frp": "3.78",
        "confidence": "nominal"
      },
      "geometry": {
        "type": "Point",
        "coordinates": [
          18.12157,
          39.98734
        ]
      }
    },
    {
      "type": "Feature",
      "properties": {
        "source": "viirs_noaa20",
        "satellite": "N20",
        "acq_at": "2026-09-29 11:15:00",
        "frp": "5.7",
        "confidence": "nominal"
      },
      "geometry": {
        "type": "Point",
        "coordinates": [
          18.15449,
          40.25172
        ]
      }
    },
    {
      "type": "Feature",
      "properties": {
        "source": "viirs_noaa20",
        "satellite": "N20",
        "acq_at": "2026-09-29 11:15:00",
        "frp": "6.32",
        "confidence": "nominal"
      },
      "geometry": {
        "type": "Point",
        "coordinates": [
          17.66822,
          40.43645
        ]
      }
    },
    {
      "type": "Feature",
      "properties": {
        "source": "viirs_noaa20",
        "satellite": "N20",
        "acq_at": "2026-09-29 11:15:00",
        "frp": "2.04",
        "confidence": "nominal"
      },
      "geometry": {
        "type": "Point",
        "coordinates": [
          17.94032,
          40.50826
        ]
      }
    },
    {
      "type": "Feature",
      "properties": {
        "source": "viirs_noaa20",
        "satellite": "N20",
        "acq_at": "2026-09-29 11:15:00",
        "frp": "2.93",
        "confidence": "nominal"
      },
      "geometry": {
        "type": "Point",
        "coordinates": [
          17.93826,
          40.50945
        ]
      }
    },
    {
      "type": "Feature",
      "properties": {
        "source": "viirs_noaa20",
        "satellite": "N20",
        "acq_at": "2026-09-29 11:15:00",
        "frp": "11.85",
        "confidence": "nominal"
      },
      "geometry": {
        "type": "Point",
        "coordinates": [
          16.58025,
          40.86543
        ]
      }
    },
    {
      "type": "Feature",
      "properties": {
        "source": "viirs_noaa20",
        "satellite": "N20",
        "acq_at": "2026-09-29 11:15:00",
        "frp": "19.43",
        "confidence": "nominal"
      },
      "geometry": {
        "type": "Point",
        "coordinates": [
          16.58471,
          40.87138
        ]
      }
    },
    {
      "type": "Feature",
      "properties": {
        "source": "viirs_noaa20",
        "satellite": "N20",
        "acq_at": "2026-09-29 11:15:00",
        "frp": "12.94",
        "confidence": "nominal"
      },
      "geometry": {
        "type": "Point",
        "coordinates": [
          16.57822,
          40.86459
        ]
      }
    },
    {
      "type": "Feature",
      "properties": {
        "source": "viirs_noaa20",
        "satellite": "N20",
        "acq_at": "2026-09-29 11:15:00",
        "frp": "20.93",
        "confidence": "nominal"
      },
      "geometry": {
        "type": "Point",
        "coordinates": [
          16.58278,
          40.87062
        ]
      }
    },
    {
      "type": "Feature",
      "properties": {
        "source": "viirs_noaa20",
        "satellite": "N20",
        "acq_at": "2026-09-29 11:15:00",
        "frp": "28.05",
        "confidence": "nominal"
      },
      "geometry": {
        "type": "Point",
        "coordinates": [
          14.91545,
          40.53697
        ]
      }
    },
    {
      "type": "Feature",
      "properties": {
        "source": "viirs_noaa20",
        "satellite": "N20",
        "acq_at": "2026-09-29 11:15:00",
        "frp": "24.7",
        "confidence": "nominal"
      },
      "geometry": {
        "type": "Point",
        "coordinates": [
          14.91699,
          40.54277
        ]
      }
    },
    {
      "type": "Feature",
      "properties": {
        "source": "viirs_noaa20",
        "satellite": "N20",
        "acq_at": "2026-09-29 11:15:00",
        "frp": "28.05",
        "confidence": "nominal"
      },
      "geometry": {
        "type": "Point",
        "coordinates": [
          14.91328,
          40.54181
        ]
      }
    },
    {
      "type": "Feature",
      "properties": {
        "source": "viirs_noaa20",
        "satellite": "N20",
        "acq_at": "2026-09-29 11:15:00",
        "frp": "4.03",
        "confidence": "nominal"
      },
      "geometry": {
        "type": "Point",
        "coordinates": [
          15.85728,
          41.01082
        ]
      }
    },
    {
      "type": "Feature",
      "properties": {
        "source": "viirs_noaa20",
        "satellite": "N20",
        "acq_at": "2026-09-29 11:15:00",
        "frp": "2.57",
        "confidence": "nominal"
      },
      "geometry": {
        "type": "Point",
        "coordinates": [
          15.48701,
          40.92876
        ]
      }
    },
    {
      "type": "Feature",
      "properties": {
        "source": "viirs_noaa20",
        "satellite": "N20",
        "acq_at": "2026-09-29 11:15:00",
        "frp": "3.23",
        "confidence": "nominal"
      },
      "geometry": {
        "type": "Point",
        "coordinates": [
          15.48697,
          40.92702
        ]
      }
    },
    {
      "type": "Feature",
      "properties": {
        "source": "viirs_noaa20",
        "satellite": "N20",
        "acq_at": "2026-09-29 11:15:00",
        "frp": "2.85",
        "confidence": "nominal"
      },
      "geometry": {
        "type": "Point",
        "coordinates": [
          15.38723,
          40.98994
        ]
      }
    },
    {
      "type": "Feature",
      "properties": {
        "source": "viirs_noaa20",
        "satellite": "N20",
        "acq_at": "2026-09-29 11:15:00",
        "frp": "8.12",
        "confidence": "nominal"
      },
      "geometry": {
        "type": "Point",
        "coordinates": [
          9.09948,
          39.33335
        ]
      }
    },
    {
      "type": "Feature",
      "properties": {
        "source": "viirs_noaa20",
        "satellite": "N20",
        "acq_at": "2026-09-29 11:15:00",
        "frp": "8.12",
        "confidence": "nominal"
      },
      "geometry": {
        "type": "Point",
        "coordinates": [
          9.10409,
          39.3423
        ]
      }
    },
    {
      "type": "Feature",
      "properties": {
        "source": "viirs_noaa20",
        "satellite": "N20",
        "acq_at": "2026-09-29 11:15:00",
        "frp": "12.28",
        "confidence": "nominal"
      },
      "geometry": {
        "type": "Point",
        "coordinates": [
          9.0994,
          39.34276
        ]
      }
    },
    {
      "type": "Feature",
      "properties": {
        "source": "viirs_noaa20",
        "satellite": "N20",
        "acq_at": "2026-09-29 11:15:00",
        "frp": "11.53",
        "confidence": "nominal"
      },
      "geometry": {
        "type": "Point",
        "coordinates": [
          15.34089,
          41.42842
        ]
      }
    },
    {
      "type": "Feature",
      "properties": {
        "source": "viirs_noaa20",
        "satellite": "N20",
        "acq_at": "2026-09-29 11:15:00",
        "frp": "4.27",
        "confidence": "nominal"
      },
      "geometry": {
        "type": "Point",
        "coordinates": [
          15.21133,
          41.43198
        ]
      }
    },
    {
      "type": "Feature",
      "properties": {
        "source": "viirs_noaa20",
        "satellite": "N20",
        "acq_at": "2026-09-29 11:15:00",
        "frp": "2.1",
        "confidence": "nominal"
      },
      "geometry": {
        "type": "Point",
        "coordinates": [
          15.21232,
          41.4307
        ]
      }
    },
    {
      "type": "Feature",
      "properties": {
        "source": "viirs_noaa20",
        "satellite": "N20",
        "acq_at": "2026-09-29 11:15:00",
        "frp": "3.66",
        "confidence": "nominal"
      },
      "geometry": {
        "type": "Point",
        "coordinates": [
          9.34146,
          39.95029
        ]
      }
    },
    {
      "type": "Feature",
      "properties": {
        "source": "viirs_noaa20",
        "satellite": "N20",
        "acq_at": "2026-09-29 11:15:00",
        "frp": "3.19",
        "confidence": "nominal"
      },
      "geometry": {
        "type": "Point",
        "coordinates": [
          15.09329,
          41.73487
        ]
      }
    },
    {
      "type": "Feature",
      "properties": {
        "source": "viirs_noaa20",
        "satellite": "N20",
        "acq_at": "2026-09-29 11:15:00",
        "frp": "2.73",
        "confidence": "nominal"
      },
      "geometry": {
        "type": "Point",
        "coordinates": [
          15.09162,
          41.73805
        ]
      }
    },
    {
      "type": "Feature",
      "properties": {
        "source": "viirs_noaa20",
        "satellite": "N20",
        "acq_at": "2026-09-29 11:17:00",
        "frp": "2.5",
        "confidence": "nominal"
      },
      "geometry": {
        "type": "Point",
        "coordinates": [
          13.44947,
          42.96548
        ]
      }
    },
    {
      "type": "Feature",
      "properties": {
        "source": "viirs_noaa20",
        "satellite": "N20",
        "acq_at": "2026-09-29 11:17:00",
        "frp": "3.32",
        "confidence": "nominal"
      },
      "geometry": {
        "type": "Point",
        "coordinates": [
          17.3392,
          44.87672
        ]
      }
    },
    {
      "type": "Feature",
      "properties": {
        "source": "viirs_noaa20",
        "satellite": "N20",
        "acq_at": "2026-09-29 11:17:00",
        "frp": "2.89",
        "confidence": "nominal"
      },
      "geometry": {
        "type": "Point",
        "coordinates": [
          16.81999,
          44.86191
        ]
      }
    },
    {
      "type": "Feature",
      "properties": {
        "source": "viirs_noaa20",
        "satellite": "N20",
        "acq_at": "2026-09-29 12:55:00",
        "frp": "7.12",
        "confidence": "nominal"
      },
      "geometry": {
        "type": "Point",
        "coordinates": [
          8.85248,
          36.24636
        ]
      }
    },
    {
      "type": "Feature",
      "properties": {
        "source": "viirs_noaa20",
        "satellite": "N20",
        "acq_at": "2026-09-29 12:55:00",
        "frp": "15.58",
        "confidence": "nominal"
      },
      "geometry": {
        "type": "Point",
        "coordinates": [
          8.93903,
          36.39992
        ]
      }
    },
    {
      "type": "Feature",
      "properties": {
        "source": "viirs_noaa20",
        "satellite": "N20",
        "acq_at": "2026-09-29 12:55:00",
        "frp": "3.77",
        "confidence": "nominal"
      },
      "geometry": {
        "type": "Point",
        "coordinates": [
          8.94797,
          36.40503
        ]
      }
    },
    {
      "type": "Feature",
      "properties": {
        "source": "viirs_noaa20",
        "satellite": "N20",
        "acq_at": "2026-09-29 12:55:00",
        "frp": "3.72",
        "confidence": "nominal"
      },
      "geometry": {
        "type": "Point",
        "coordinates": [
          9.29839,
          36.54633
        ]
      }
    },
    {
      "type": "Feature",
      "properties": {
        "source": "viirs_noaa20",
        "satellite": "N20",
        "acq_at": "2026-09-29 12:55:00",
        "frp": "2.22",
        "confidence": "nominal"
      },
      "geometry": {
        "type": "Point",
        "coordinates": [
          6.60955,
          36.38952
        ]
      }
    },
    {
      "type": "Feature",
      "properties": {
        "source": "viirs_noaa20",
        "satellite": "N20",
        "acq_at": "2026-09-29 12:55:00",
        "frp": "6.32",
        "confidence": "nominal"
      },
      "geometry": {
        "type": "Point",
        "coordinates": [
          9.28687,
          36.77535
        ]
      }
    },
    {
      "type": "Feature",
      "properties": {
        "source": "viirs_noaa20",
        "satellite": "N20",
        "acq_at": "2026-09-29 12:55:00",
        "frp": "7.31",
        "confidence": "nominal"
      },
      "geometry": {
        "type": "Point",
        "coordinates": [
          9.18535,
          36.8262
        ]
      }
    },
    {
      "type": "Feature",
      "properties": {
        "source": "viirs_noaa20",
        "satellite": "N20",
        "acq_at": "2026-09-29 12:55:00",
        "frp": "2.99",
        "confidence": "nominal"
      },
      "geometry": {
        "type": "Point",
        "coordinates": [
          9.45644,
          36.86034
        ]
      }
    },
    {
      "type": "Feature",
      "properties": {
        "source": "viirs_noaa20",
        "satellite": "N20",
        "acq_at": "2026-09-29 12:55:00",
        "frp": "1.91",
        "confidence": "nominal"
      },
      "geometry": {
        "type": "Point",
        "coordinates": [
          9.22673,
          36.84734
        ]
      }
    },
    {
      "type": "Feature",
      "properties": {
        "source": "viirs_noaa20",
        "satellite": "N20",
        "acq_at": "2026-09-29 12:55:00",
        "frp": "7.41",
        "confidence": "nominal"
      },
      "geometry": {
        "type": "Point",
        "coordinates": [
          9.40484,
          36.87727
        ]
      }
    },
    {
      "type": "Feature",
      "properties": {
        "source": "viirs_noaa20",
        "satellite": "N20",
        "acq_at": "2026-09-29 12:55:00",
        "frp": "3.54",
        "confidence": "low"
      },
      "geometry": {
        "type": "Point",
        "coordinates": [
          9.473,
          36.8968
        ]
      }
    },
    {
      "type": "Feature",
      "properties": {
        "source": "viirs_noaa20",
        "satellite": "N20",
        "acq_at": "2026-09-29 12:55:00",
        "frp": "3.54",
        "confidence": "nominal"
      },
      "geometry": {
        "type": "Point",
        "coordinates": [
          9.46816,
          36.89634
        ]
      }
    },
    {
      "type": "Feature",
      "properties": {
        "source": "viirs_noaa20",
        "satellite": "N20",
        "acq_at": "2026-09-29 12:55:00",
        "frp": "10.42",
        "confidence": "nominal"
      },
      "geometry": {
        "type": "Point",
        "coordinates": [
          9.46977,
          36.8984
        ]
      }
    },
    {
      "type": "Feature",
      "properties": {
        "source": "viirs_noaa20",
        "satellite": "N20",
        "acq_at": "2026-09-29 12:55:00",
        "frp": "2.55",
        "confidence": "nominal"
      },
      "geometry": {
        "type": "Point",
        "coordinates": [
          14.13407,
          37.23018
        ]
      }
    },
    {
      "type": "Feature",
      "properties": {
        "source": "viirs_noaa20",
        "satellite": "N20",
        "acq_at": "2026-09-29 12:55:00",
        "frp": "4.77",
        "confidence": "nominal"
      },
      "geometry": {
        "type": "Point",
        "coordinates": [
          9.17362,
          36.8803
        ]
      }
    },
    {
      "type": "Feature",
      "properties": {
        "source": "viirs_noaa20",
        "satellite": "N20",
        "acq_at": "2026-09-29 12:55:00",
        "frp": "6.18",
        "confidence": "nominal"
      },
      "geometry": {
        "type": "Point",
        "coordinates": [
          7.57672,
          36.73043
        ]
      }
    },
    {
      "type": "Feature",
      "properties": {
        "source": "viirs_noaa20",
        "satellite": "N20",
        "acq_at": "2026-09-29 12:55:00",
        "frp": "4.27",
        "confidence": "nominal"
      },
      "geometry": {
        "type": "Point",
        "coordinates": [
          14.14133,
          37.24749
        ]
      }
    },
    {
      "type": "Feature",
      "properties": {
        "source": "viirs_noaa20",
        "satellite": "N20",
        "acq_at": "2026-09-29 12:55:00",
        "frp": "3.17",
        "confidence": "nominal"
      },
      "geometry": {
        "type": "Point",
        "coordinates": [
          7.58768,
          36.7395
        ]
      }
    },
    {
      "type": "Feature",
      "properties": {
        "source": "viirs_noaa20",
        "satellite": "N20",
        "acq_at": "2026-09-29 12:55:00",
        "frp": "6.45",
        "confidence": "nominal"
      },
      "geometry": {
        "type": "Point",
        "coordinates": [
          9.5732,
          36.95584
        ]
      }
    },
    {
      "type": "Feature",
      "properties": {
        "source": "viirs_noaa20",
        "satellite": "N20",
        "acq_at": "2026-09-29 12:55:00",
        "frp": "1.9",
        "confidence": "low"
      },
      "geometry": {
        "type": "Point",
        "coordinates": [
          9.11015,
          36.96011
        ]
      }
    },
    {
      "type": "Feature",
      "properties": {
        "source": "viirs_noaa20",
        "satellite": "N20",
        "acq_at": "2026-09-29 12:55:00",
        "frp": "9.78",
        "confidence": "nominal"
      },
      "geometry": {
        "type": "Point",
        "coordinates": [
          9.52816,
          37.00434
        ]
      }
    },
    {
      "type": "Feature",
      "properties": {
        "source": "viirs_noaa20",
        "satellite": "N20",
        "acq_at": "2026-09-29 12:55:00",
        "frp": "9.78",
        "confidence": "nominal"
      },
      "geometry": {
        "type": "Point",
        "coordinates": [
          9.52776,
          37.00869
        ]
      }
    },
    {
      "type": "Feature",
      "properties": {
        "source": "viirs_noaa20",
        "satellite": "N20",
        "acq_at": "2026-09-29 12:55:00",
        "frp": "4.81",
        "confidence": "nominal"
      },
      "geometry": {
        "type": "Point",
        "coordinates": [
          9.10808,
          36.95977
        ]
      }
    },
    {
      "type": "Feature",
      "properties": {
        "source": "viirs_noaa20",
        "satellite": "N20",
        "acq_at": "2026-09-29 12:55:00",
        "frp": "9.64",
        "confidence": "nominal"
      },
      "geometry": {
        "type": "Point",
        "coordinates": [
          9.53128,
          37.00623
        ]
      }
    },
    {
      "type": "Feature",
      "properties": {
        "source": "viirs_noaa20",
        "satellite": "N20",
        "acq_at": "2026-09-29 12:55:00",
        "frp": "9.73",
        "confidence": "nominal"
      },
      "geometry": {
        "type": "Point",
        "coordinates": [
          9.52596,
          37.00576
        ]
      }
    },
    {
      "type": "Feature",
      "properties": {
        "source": "viirs_noaa20",
        "satellite": "N20",
        "acq_at": "2026-09-29 12:55:00",
        "frp": "6.15",
        "confidence": "nominal"
      },
      "geometry": {
        "type": "Point",
        "coordinates": [
          9.5873,
          37.03752
        ]
      }
    },
    {
      "type": "Feature",
      "properties": {
        "source": "viirs_noaa20",
        "satellite": "N20",
        "acq_at": "2026-09-29 12:55:00",
        "frp": "6.03",
        "confidence": "nominal"
      },
      "geometry": {
        "type": "Point",
        "coordinates": [
          13.34225,
          37.36976
        ]
      }
    },
    {
      "type": "Feature",
      "properties": {
        "source": "viirs_noaa20",
        "satellite": "N20",
        "acq_at": "2026-09-29 12:55:00",
        "frp": "9.78",
        "confidence": "high"
      },
      "geometry": {
        "type": "Point",
        "coordinates": [
          13.46674,
          37.52765
        ]
      }
    },
    {
      "type": "Feature",
      "properties": {
        "source": "viirs_noaa20",
        "satellite": "N20",
        "acq_at": "2026-09-29 12:55:00",
        "frp": "7.25",
        "confidence": "nominal"
      },
      "geometry": {
        "type": "Point",
        "coordinates": [
          9.49322,
          37.25132
        ]
      }
    },
    {
      "type": "Feature",
      "properties": {
        "source": "viirs_noaa20",
        "satellite": "N20",
        "acq_at": "2026-09-29 12:55:00",
        "frp": "3.98",
        "confidence": "nominal"
      },
      "geometry": {
        "type": "Point",
        "coordinates": [
          13.90038,
          37.56738
        ]
      }
    },
    {
      "type": "Feature",
      "properties": {
        "source": "viirs_noaa20",
        "satellite": "N20",
        "acq_at": "2026-09-29 12:55:00",
        "frp": "5.93",
        "confidence": "high"
      },
      "geometry": {
        "type": "Point",
        "coordinates": [
          13.9289,
          37.60809
        ]
      }
    },
    {
      "type": "Feature",
      "properties": {
        "source": "viirs_noaa20",
        "satellite": "N20",
        "acq_at": "2026-09-29 12:55:00",
        "frp": "5.42",
        "confidence": "nominal"
      },
      "geometry": {
        "type": "Point",
        "coordinates": [
          13.14604,
          37.82558
        ]
      }
    },
    {
      "type": "Feature",
      "properties": {
        "source": "viirs_noaa20",
        "satellite": "N20",
        "acq_at": "2026-09-29 12:55:00",
        "frp": "1.72",
        "confidence": "nominal"
      },
      "geometry": {
        "type": "Point",
        "coordinates": [
          12.94198,
          37.9045
        ]
      }
    },
    {
      "type": "Feature",
      "properties": {
        "source": "viirs_noaa20",
        "satellite": "N20",
        "acq_at": "2026-09-29 12:55:00",
        "frp": "3.87",
        "confidence": "nominal"
      },
      "geometry": {
        "type": "Point",
        "coordinates": [
          12.67136,
          37.89821
        ]
      }
    },
    {
      "type": "Feature",
      "properties": {
        "source": "viirs_noaa20",
        "satellite": "N20",
        "acq_at": "2026-09-29 12:55:00",
        "frp": "5.47",
        "confidence": "nominal"
      },
      "geometry": {
        "type": "Point",
        "coordinates": [
          16.22954,
          38.9088
        ]
      }
    },
    {
      "type": "Feature",
      "properties": {
        "source": "viirs_noaa20",
        "satellite": "N20",
        "acq_at": "2026-09-29 12:55:00",
        "frp": "5.47",
        "confidence": "nominal"
      },
      "geometry": {
        "type": "Point",
        "coordinates": [
          16.22931,
          38.91515
        ]
      }
    },
    {
      "type": "Feature",
      "properties": {
        "source": "viirs_noaa20",
        "satellite": "N20",
        "acq_at": "2026-09-29 12:55:00",
        "frp": "6.66",
        "confidence": "nominal"
      },
      "geometry": {
        "type": "Point",
        "coordinates": [
          16.98833,
          39.07029
        ]
      }
    },
    {
      "type": "Feature",
      "properties": {
        "source": "viirs_noaa20",
        "satellite": "N20",
        "acq_at": "2026-09-29 12:57:00",
        "frp": "7.85",
        "confidence": "nominal"
      },
      "geometry": {
        "type": "Point",
        "coordinates": [
          15.87545,
          40.9588
        ]
      }
    },
    {
      "type": "Feature",
      "properties": {
        "source": "viirs_noaa20",
        "satellite": "N20",
        "acq_at": "2026-09-29 12:57:00",
        "frp": "5.04",
        "confidence": "nominal"
      },
      "geometry": {
        "type": "Point",
        "coordinates": [
          15.8753,
          40.9555
        ]
      }
    },
    {
      "type": "Feature",
      "properties": {
        "source": "viirs_noaa20",
        "satellite": "N20",
        "acq_at": "2026-09-29 12:57:00",
        "frp": "7.38",
        "confidence": "high"
      },
      "geometry": {
        "type": "Point",
        "coordinates": [
          14.29343,
          41.06791
        ]
      }
    },
    {
      "type": "Feature",
      "properties": {
        "source": "viirs_noaa20",
        "satellite": "N20",
        "acq_at": "2026-09-29 12:57:00",
        "frp": "4.64",
        "confidence": "nominal"
      },
      "geometry": {
        "type": "Point",
        "coordinates": [
          15.8559,
          41.42189
        ]
      }
    },
    {
      "type": "Feature",
      "properties": {
        "source": "viirs_noaa20",
        "satellite": "N20",
        "acq_at": "2026-09-29 12:57:00",
        "frp": "4.64",
        "confidence": "nominal"
      },
      "geometry": {
        "type": "Point",
        "coordinates": [
          15.84921,
          41.42174
        ]
      }
    },
    {
      "type": "Feature",
      "properties": {
        "source": "viirs_noaa20",
        "satellite": "N20",
        "acq_at": "2026-09-29 12:57:00",
        "frp": "3.35",
        "confidence": "nominal"
      },
      "geometry": {
        "type": "Point",
        "coordinates": [
          17.0638,
          44.65526
        ]
      }
    },
    {
      "type": "Feature",
      "properties": {
        "source": "viirs_noaa20",
        "satellite": "N20",
        "acq_at": "2026-09-29 12:57:00",
        "frp": "2.19",
        "confidence": "nominal"
      },
      "geometry": {
        "type": "Point",
        "coordinates": [
          11.06822,
          44.50279
        ]
      }
    },
    {
      "type": "Feature",
      "properties": {
        "source": "viirs_noaa20",
        "satellite": "N20",
        "acq_at": "2026-09-29 12:57:00",
        "frp": "5.35",
        "confidence": "nominal"
      },
      "geometry": {
        "type": "Point",
        "coordinates": [
          12.12236,
          44.90229
        ]
      }
    },
    {
      "type": "Feature",
      "properties": {
        "source": "viirs_noaa20",
        "satellite": "N20",
        "acq_at": "2026-09-29 12:57:00",
        "frp": "3.5",
        "confidence": "nominal"
      },
      "geometry": {
        "type": "Point",
        "coordinates": [
          12.12824,
          44.90454
        ]
      }
    },
    {
      "type": "Feature",
      "properties": {
        "source": "viirs_noaa20",
        "satellite": "N20",
        "acq_at": "2026-09-29 12:57:00",
        "frp": "3.5",
        "confidence": "nominal"
      },
      "geometry": {
        "type": "Point",
        "coordinates": [
          12.12345,
          44.90435
        ]
      }
    },
    {
      "type": "Feature",
      "properties": {
        "source": "viirs_noaa20",
        "satellite": "N20",
        "acq_at": "2026-09-29 12:57:00",
        "frp": "1.15",
        "confidence": "nominal"
      },
      "geometry": {
        "type": "Point",
        "coordinates": [
          11.74204,
          45.50464
        ]
      }
    },
    {
      "type": "Feature",
      "properties": {
        "source": "viirs_noaa20",
        "satellite": "N20",
        "acq_at": "2026-09-29 12:57:00",
        "frp": "5.11",
        "confidence": "nominal"
      },
      "geometry": {
        "type": "Point",
        "coordinates": [
          12.3774,
          45.93491
        ]
      }
    },
    {
      "type": "Feature",
      "properties": {
        "source": "viirs_noaa20",
        "satellite": "N20",
        "acq_at": "2026-09-30 01:13:00",
        "frp": "0.72",
        "confidence": "nominal"
      },
      "geometry": {
        "type": "Point",
        "coordinates": [
          8.68067,
          45.78195
        ]
      }
    },
    {
      "type": "Feature",
      "properties": {
        "source": "viirs_noaa20",
        "satellite": "N20",
        "acq_at": "2026-09-30 01:13:00",
        "frp": "0.72",
        "confidence": "nominal"
      },
      "geometry": {
        "type": "Point",
        "coordinates": [
          11.07064,
          45.34455
        ]
      }
    },
    {
      "type": "Feature",
      "properties": {
        "source": "viirs_noaa20",
        "satellite": "N20",
        "acq_at": "2026-09-30 01:13:00",
        "frp": "1.27",
        "confidence": "nominal"
      },
      "geometry": {
        "type": "Point",
        "coordinates": [
          8.88367,
          45.09946
        ]
      }
    },
    {
      "type": "Feature",
      "properties": {
        "source": "viirs_noaa20",
        "satellite": "N20",
        "acq_at": "2026-09-30 01:13:00",
        "frp": "0.64",
        "confidence": "nominal"
      },
      "geometry": {
        "type": "Point",
        "coordinates": [
          9.81257,
          44.79274
        ]
      }
    },
    {
      "type": "Feature",
      "properties": {
        "source": "viirs_noaa20",
        "satellite": "N20",
        "acq_at": "2026-09-30 01:13:00",
        "frp": "0.86",
        "confidence": "nominal"
      },
      "geometry": {
        "type": "Point",
        "coordinates": [
          11.91001,
          44.27094
        ]
      }
    },
    {
      "type": "Feature",
      "properties": {
        "source": "viirs_noaa20",
        "satellite": "N20",
        "acq_at": "2026-09-30 01:13:00",
        "frp": "0.97",
        "confidence": "nominal"
      },
      "geometry": {
        "type": "Point",
        "coordinates": [
          12.54486,
          43.36607
        ]
      }
    },
    {
      "type": "Feature",
      "properties": {
        "source": "viirs_noaa20",
        "satellite": "N20",
        "acq_at": "2026-09-30 01:15:00",
        "frp": "1.15",
        "confidence": "nominal"
      },
      "geometry": {
        "type": "Point",
        "coordinates": [
          13.53106,
          41.38735
        ]
      }
    },
    {
      "type": "Feature",
      "properties": {
        "source": "viirs_noaa20",
        "satellite": "N20",
        "acq_at": "2026-09-30 01:15:00",
        "frp": "1.15",
        "confidence": "nominal"
      },
      "geometry": {
        "type": "Point",
        "coordinates": [
          13.53009,
          41.38403
        ]
      }
    },
    {
      "type": "Feature",
      "properties": {
        "source": "viirs_noaa20",
        "satellite": "N20",
        "acq_at": "2026-09-30 01:15:00",
        "frp": "3.27",
        "confidence": "nominal"
      },
      "geometry": {
        "type": "Point",
        "coordinates": [
          17.56827,
          40.54256
        ]
      }
    },
    {
      "type": "Feature",
      "properties": {
        "source": "viirs_noaa20",
        "satellite": "N20",
        "acq_at": "2026-09-30 01:15:00",
        "frp": "3.27",
        "confidence": "nominal"
      },
      "geometry": {
        "type": "Point",
        "coordinates": [
          17.56189,
          40.54391
        ]
      }
    },
    {
      "type": "Feature",
      "properties": {
        "source": "viirs_noaa20",
        "satellite": "N20",
        "acq_at": "2026-09-30 01:15:00",
        "frp": "2.1",
        "confidence": "nominal"
      },
      "geometry": {
        "type": "Point",
        "coordinates": [
          17.37279,
          40.3953
        ]
      }
    },
    {
      "type": "Feature",
      "properties": {
        "source": "viirs_noaa20",
        "satellite": "N20",
        "acq_at": "2026-09-30 01:15:00",
        "frp": "1.47",
        "confidence": "nominal"
      },
      "geometry": {
        "type": "Point",
        "coordinates": [
          13.92629,
          41.02241
        ]
      }
    },
    {
      "type": "Feature",
      "properties": {
        "source": "viirs_noaa20",
        "satellite": "N20",
        "acq_at": "2026-09-30 01:15:00",
        "frp": "2.69",
        "confidence": "nominal"
      },
      "geometry": {
        "type": "Point",
        "coordinates": [
          17.17771,
          39.01273
        ]
      }
    },
    {
      "type": "Feature",
      "properties": {
        "source": "viirs_noaa20",
        "satellite": "N20",
        "acq_at": "2026-09-30 01:15:00",
        "frp": "0.32",
        "confidence": "nominal"
      },
      "geometry": {
        "type": "Point",
        "coordinates": [
          16.73897,
          39.00782
        ]
      }
    },
    {
      "type": "Feature",
      "properties": {
        "source": "viirs_noaa20",
        "satellite": "N20",
        "acq_at": "2026-09-30 01:15:00",
        "frp": "0.68",
        "confidence": "nominal"
      },
      "geometry": {
        "type": "Point",
        "coordinates": [
          9.12619,
          39.34124
        ]
      }
    },
    {
      "type": "Feature",
      "properties": {
        "source": "viirs_noaa20",
        "satellite": "N20",
        "acq_at": "2026-09-30 01:15:00",
        "frp": "0.37",
        "confidence": "nominal"
      },
      "geometry": {
        "type": "Point",
        "coordinates": [
          14.16898,
          37.6299
        ]
      }
    },
    {
      "type": "Feature",
      "properties": {
        "source": "viirs_noaa20",
        "satellite": "N20",
        "acq_at": "2026-09-30 01:15:00",
        "frp": "4.83",
        "confidence": "nominal"
      },
      "geometry": {
        "type": "Point",
        "coordinates": [
          14.14585,
          37.60472
        ]
      }
    },
    {
      "type": "Feature",
      "properties": {
        "source": "viirs_noaa20",
        "satellite": "N20",
        "acq_at": "2026-09-30 01:15:00",
        "frp": "2.72",
        "confidence": "nominal"
      },
      "geometry": {
        "type": "Point",
        "coordinates": [
          14.14436,
          37.60592
        ]
      }
    },
    {
      "type": "Feature",
      "properties": {
        "source": "viirs_noaa20",
        "satellite": "N20",
        "acq_at": "2026-09-30 01:15:00",
        "frp": "2.04",
        "confidence": "nominal"
      },
      "geometry": {
        "type": "Point",
        "coordinates": [
          14.14924,
          37.605
        ]
      }
    },
    {
      "type": "Feature",
      "properties": {
        "source": "viirs_noaa20",
        "satellite": "N20",
        "acq_at": "2026-09-30 01:15:00",
        "frp": "0.37",
        "confidence": "nominal"
      },
      "geometry": {
        "type": "Point",
        "coordinates": [
          8.1038,
          36.1751
        ]
      }
    },
    {
      "type": "Feature",
      "properties": {
        "source": "viirs_noaa20",
        "satellite": "N20",
        "acq_at": "2026-09-30 01:15:00",
        "frp": "0.73",
        "confidence": "nominal"
      },
      "geometry": {
        "type": "Point",
        "coordinates": [
          8.59186,
          35.85272
        ]
      }
    },
    {
      "type": "Feature",
      "properties": {
        "source": "modis",
        "satellite": "A",
        "acq_at": "2026-09-29 14:42:00",
        "frp": "6.72",
        "confidence": "64"
      },
      "geometry": {
        "type": "Point",
        "coordinates": [
          9.14301,
          36.23718
        ]
      }
    },
    {
      "type": "Feature",
      "properties": {
        "source": "modis",
        "satellite": "A",
        "acq_at": "2026-09-29 14:42:00",
        "frp": "4.11",
        "confidence": "45"
      },
      "geometry": {
        "type": "Point",
        "coordinates": [
          8.54591,
          36.44487
        ]
      }
    },
    {
      "type": "Feature",
      "properties": {
        "source": "modis",
        "satellite": "A",
        "acq_at": "2026-09-29 14:42:00",
        "frp": "12.09",
        "confidence": "73"
      },
      "geometry": {
        "type": "Point",
        "coordinates": [
          10.13256,
          36.69736
        ]
      }
    },
    {
      "type": "Feature",
      "properties": {
        "source": "modis",
        "satellite": "A",
        "acq_at": "2026-09-29 14:42:00",
        "frp": "9.38",
        "confidence": "70"
      },
      "geometry": {
        "type": "Point",
        "coordinates": [
          10.12122,
          36.69582
        ]
      }
    },
    {
      "type": "Feature",
      "properties": {
        "source": "modis",
        "satellite": "A",
        "acq_at": "2026-09-29 14:42:00",
        "frp": "7.94",
        "confidence": "64"
      },
      "geometry": {
        "type": "Point",
        "coordinates": [
          9.01554,
          36.67215
        ]
      }
    },
    {
      "type": "Feature",
      "properties": {
        "source": "modis",
        "satellite": "A",
        "acq_at": "2026-09-29 14:42:00",
        "frp": "31.48",
        "confidence": "61"
      },
      "geometry": {
        "type": "Point",
        "coordinates": [
          13.3425,
          37.37531
        ]
      }
    },
    {
      "type": "Feature",
      "properties": {
        "source": "modis",
        "satellite": "A",
        "acq_at": "2026-09-29 14:42:00",
        "frp": "7.9",
        "confidence": "52"
      },
      "geometry": {
        "type": "Point",
        "coordinates": [
          6.75276,
          36.5539
        ]
      }
    },
    {
      "type": "Feature",
      "properties": {
        "source": "modis",
        "satellite": "A",
        "acq_at": "2026-09-29 14:42:00",
        "frp": "46.7",
        "confidence": "93"
      },
      "geometry": {
        "type": "Point",
        "coordinates": [
          9.52998,
          36.9841
        ]
      }
    },
    {
      "type": "Feature",
      "properties": {
        "source": "modis",
        "satellite": "A",
        "acq_at": "2026-09-29 14:42:00",
        "frp": "14.4",
        "confidence": "76"
      },
      "geometry": {
        "type": "Point",
        "coordinates": [
          6.75063,
          36.56282
        ]
      }
    },
    {
      "type": "Feature",
      "properties": {
        "source": "modis",
        "satellite": "A",
        "acq_at": "2026-09-29 14:42:00",
        "frp": "9.64",
        "confidence": "68"
      },
      "geometry": {
        "type": "Point",
        "coordinates": [
          9.55602,
          37.24757
        ]
      }
    },
    {
      "type": "Feature",
      "properties": {
        "source": "modis",
        "satellite": "A",
        "acq_at": "2026-09-29 14:42:00",
        "frp": "6.21",
        "confidence": "55"
      },
      "geometry": {
        "type": "Point",
        "coordinates": [
          9.50594,
          37.26774
        ]
      }
    },
    {
      "type": "Feature",
      "properties": {
        "source": "modis",
        "satellite": "A",
        "acq_at": "2026-09-29 14:42:00",
        "frp": "18.79",
        "confidence": "70"
      },
      "geometry": {
        "type": "Point",
        "coordinates": [
          9.61903,
          37.30279
        ]
      }
    },
    {
      "type": "Feature",
      "properties": {
        "source": "modis",
        "satellite": "A",
        "acq_at": "2026-09-29 14:42:00",
        "frp": "14.55",
        "confidence": "0"
      },
      "geometry": {
        "type": "Point",
        "coordinates": [
          9.60788,
          37.30127
        ]
      }
    },
    {
      "type": "Feature",
      "properties": {
        "source": "modis",
        "satellite": "A",
        "acq_at": "2026-09-29 14:42:00",
        "frp": "10.44",
        "confidence": "0"
      },
      "geometry": {
        "type": "Point",
        "coordinates": [
          13.10895,
          37.80679
        ]
      }
    },
    {
      "type": "Feature",
      "properties": {
        "source": "modis",
        "satellite": "A",
        "acq_at": "2026-09-29 14:42:00",
        "frp": "19.52",
        "confidence": "77"
      },
      "geometry": {
        "type": "Point",
        "coordinates": [
          13.21881,
          37.87921
        ]
      }
    },
    {
      "type": "Feature",
      "properties": {
        "source": "modis",
        "satellite": "A",
        "acq_at": "2026-09-29 14:42:00",
        "frp": "31.94",
        "confidence": "83"
      },
      "geometry": {
        "type": "Point",
        "coordinates": [
          12.89907,
          37.8761
        ]
      }
    },
    {
      "type": "Feature",
      "properties": {
        "source": "modis",
        "satellite": "A",
        "acq_at": "2026-09-29 14:42:00",
        "frp": "43.33",
        "confidence": "86"
      },
      "geometry": {
        "type": "Point",
        "coordinates": [
          12.88279,
          37.87429
        ]
      }
    },
    {
      "type": "Feature",
      "properties": {
        "source": "modis",
        "satellite": "A",
        "acq_at": "2026-09-29 14:42:00",
        "frp": "27.63",
        "confidence": "79"
      },
      "geometry": {
        "type": "Point",
        "coordinates": [
          12.89222,
          37.88278
        ]
      }
    },
    {
      "type": "Feature",
      "properties": {
        "source": "modis",
        "satellite": "A",
        "acq_at": "2026-09-29 14:42:00",
        "frp": "6.5",
        "confidence": "45"
      },
      "geometry": {
        "type": "Point",
        "coordinates": [
          12.87582,
          37.88105
        ]
      }
    },
    {
      "type": "Feature",
      "properties": {
        "source": "modis",
        "satellite": "A",
        "acq_at": "2026-09-29 14:44:00",
        "frp": "5.79",
        "confidence": "69"
      },
      "geometry": {
        "type": "Point",
        "coordinates": [
          9.00645,
          39.63073
        ]
      }
    },
    {
      "type": "Feature",
      "properties": {
        "source": "modis",
        "satellite": "A",
        "acq_at": "2026-09-29 14:44:00",
        "frp": "41.97",
        "confidence": "74"
      },
      "geometry": {
        "type": "Point",
        "coordinates": [
          15.91112,
          41.04704
        ]
      }
    },
    {
      "type": "Feature",
      "properties": {
        "source": "modis",
        "satellite": "A",
        "acq_at": "2026-09-29 14:44:00",
        "frp": "11.8",
        "confidence": "71"
      },
      "geometry": {
        "type": "Point",
        "coordinates": [
          11.84348,
          42.22728
        ]
      }
    },
    {
      "type": "Feature",
      "properties": {
        "source": "modis",
        "satellite": "T",
        "acq_at": "2026-09-29 18:56:00",
        "frp": "9.52",
        "confidence": "42"
      },
      "geometry": {
        "type": "Point",
        "coordinates": [
          14.15228,
          37.60448
        ]
      }
    },
    {
      "type": "Feature",
      "properties": {
        "source": "modis",
        "satellite": "T",
        "acq_at": "2026-09-30 08:30:00",
        "frp": "11.65",
        "confidence": "68"
      },
      "geometry": {
        "type": "Point",
        "coordinates": [
          16.73615,
          47.41214
        ]
      }
    },
    {
      "type": "Feature",
      "properties": {
        "source": "modis",
        "satellite": "T",
        "acq_at": "2026-09-30 08:30:00",
        "frp": "7.24",
        "confidence": "47"
      },
      "geometry": {
        "type": "Point",
        "coordinates": [
          16.06518,
          47.1324
        ]
      }
    },
    {
      "type": "Feature",
      "properties": {
        "source": "modis",
        "satellite": "T",
        "acq_at": "2026-09-30 08:30:00",
        "frp": "10.2",
        "confidence": "61"
      },
      "geometry": {
        "type": "Point",
        "coordinates": [
          16.06135,
          47.12233
        ]
      }
    },
    {
      "type": "Feature",
      "properties": {
        "source": "modis",
        "satellite": "T",
        "acq_at": "2026-09-30 08:30:00",
        "frp": "8.29",
        "confidence": "30"
      },
      "geometry": {
        "type": "Point",
        "coordinates": [
          16.73083,
          46.95097
        ]
      }
    },
    {
      "type": "Feature",
      "properties": {
        "source": "modis",
        "satellite": "T",
        "acq_at": "2026-09-30 08:30:00",
        "frp": "11.62",
        "confidence": "64"
      },
      "geometry": {
        "type": "Point",
        "coordinates": [
          16.10182,
          47.05243
        ]
      }
    },
    {
      "type": "Feature",
      "properties": {
        "source": "modis",
        "satellite": "T",
        "acq_at": "2026-09-30 08:30:00",
        "frp": "6.84",
        "confidence": "50"
      },
      "geometry": {
        "type": "Point",
        "coordinates": [
          16.85081,
          46.89302
        ]
      }
    },
    {
      "type": "Feature",
      "properties": {
        "source": "modis",
        "satellite": "T",
        "acq_at": "2026-09-30 08:30:00",
        "frp": "7.56",
        "confidence": "55"
      },
      "geometry": {
        "type": "Point",
        "coordinates": [
          16.47341,
          46.37809
        ]
      }
    },
    {
      "type": "Feature",
      "properties": {
        "source": "modis",
        "satellite": "T",
        "acq_at": "2026-09-30 08:30:00",
        "frp": "7.59",
        "confidence": "57"
      },
      "geometry": {
        "type": "Point",
        "coordinates": [
          16.46643,
          46.37482
        ]
      }
    },
    {
      "type": "Feature",
      "properties": {
        "source": "modis",
        "satellite": "T",
        "acq_at": "2026-09-30 08:30:00",
        "frp": "9.02",
        "confidence": "56"
      },
      "geometry": {
        "type": "Point",
        "coordinates": [
          16.15534,
          46.34704
        ]
      }
    },
    {
      "type": "Feature",
      "properties": {
        "source": "modis",
        "satellite": "T",
        "acq_at": "2026-09-30 08:30:00",
        "frp": "9.17",
        "confidence": "60"
      },
      "geometry": {
        "type": "Point",
        "coordinates": [
          16.17365,
          46.3434
        ]
      }
    },
    {
      "type": "Feature",
      "properties": {
        "source": "modis",
        "satellite": "T",
        "acq_at": "2026-09-30 08:30:00",
        "frp": "3.95",
        "confidence": "63"
      },
      "geometry": {
        "type": "Point",
        "coordinates": [
          11.42114,
          45.7118
        ]
      }
    },
    {
      "type": "Feature",
      "properties": {
        "source": "modis",
        "satellite": "T",
        "acq_at": "2026-09-30 08:30:00",
        "frp": "8.01",
        "confidence": "63"
      },
      "geometry": {
        "type": "Point",
        "coordinates": [
          9.05668,
          45.87673
        ]
      }
    },
    {
      "type": "Feature",
      "properties": {
        "source": "modis",
        "satellite": "T",
        "acq_at": "2026-09-30 08:30:00",
        "frp": "5.96",
        "confidence": "63"
      },
      "geometry": {
        "type": "Point",
        "coordinates": [
          10.41779,
          45.17667
        ]
      }
    },
    {
      "type": "Feature",
      "properties": {
        "source": "modis",
        "satellite": "T",
        "acq_at": "2026-09-30 08:30:00",
        "frp": "4.49",
        "confidence": "50"
      },
      "geometry": {
        "type": "Point",
        "coordinates": [
          11.03093,
          44.81382
        ]
      }
    },
    {
      "type": "Feature",
      "properties": {
        "source": "modis",
        "satellite": "T",
        "acq_at": "2026-09-30 08:33:00",
        "frp": "12.12",
        "confidence": "57"
      },
      "geometry": {
        "type": "Point",
        "coordinates": [
          16.8347,
          41.0084
        ]
      }
    },
    {
      "type": "Feature",
      "properties": {
        "source": "modis",
        "satellite": "T",
        "acq_at": "2026-09-30 08:33:00",
        "frp": "5.14",
        "confidence": "60"
      },
      "geometry": {
        "type": "Point",
        "coordinates": [
          12.27991,
          41.79391
        ]
      }
    },
    {
      "type": "Feature",
      "properties": {
        "source": "modis",
        "satellite": "T",
        "acq_at": "2026-09-30 08:33:00",
        "frp": "9.45",
        "confidence": "45"
      },
      "geometry": {
        "type": "Point",
        "coordinates": [
          15.7246,
          40.97808
        ]
      }
    },
    {
      "type": "Feature",
      "properties": {
        "source": "modis",
        "satellite": "T",
        "acq_at": "2026-09-30 08:33:00",
        "frp": "18.41",
        "confidence": "68"
      },
      "geometry": {
        "type": "Point",
        "coordinates": [
          16.3766,
          40.39331
        ]
      }
    },
    {
      "type": "Feature",
      "properties": {
        "source": "modis",
        "satellite": "T",
        "acq_at": "2026-09-30 08:33:00",
        "frp": "14.55",
        "confidence": "63"
      },
      "geometry": {
        "type": "Point",
        "coordinates": [
          16.27585,
          40.34638
        ]
      }
    },
    {
      "type": "Feature",
      "properties": {
        "source": "modis",
        "satellite": "T",
        "acq_at": "2026-09-30 08:35:00",
        "frp": "5.27",
        "confidence": "62"
      },
      "geometry": {
        "type": "Point",
        "coordinates": [
          6.80866,
          36.74181
        ]
      }
    },
    {
      "type": "Feature",
      "properties": {
        "source": "modis",
        "satellite": "T",
        "acq_at": "2026-09-30 08:35:00",
        "frp": "8.29",
        "confidence": "65"
      },
      "geometry": {
        "type": "Point",
        "coordinates": [
          8.57555,
          36.31421
        ]
      }
    },
    {
      "type": "Feature",
      "properties": {
        "source": "modis",
        "satellite": "T",
        "acq_at": "2026-09-30 08:35:00",
        "frp": "7.93",
        "confidence": "64"
      },
      "geometry": {
        "type": "Point",
        "coordinates": [
          8.58687,
          36.31245
        ]
      }
    },
    {
      "type": "Feature",
      "properties": {
        "source": "viirs_snpp",
        "satellite": "N",
        "acq_at": "2026-09-30 12:19:00",
        "frp": "4.71",
        "confidence": "nominal"
      },
      "geometry": {
        "type": "Point",
        "coordinates": [
          9.06354,
          36.26076
        ]
      }
    },
    {
      "type": "Feature",
      "properties": {
        "source": "viirs_snpp",
        "satellite": "N",
        "acq_at": "2026-09-30 12:19:00",
        "frp": "4.93",
        "confidence": "nominal"
      },
      "geometry": {
        "type": "Point",
        "coordinates": [
          14.69721,
          37.28886
        ]
      }
    },
    {
      "type": "Feature",
      "properties": {
        "source": "viirs_snpp",
        "satellite": "N",
        "acq_at": "2026-09-30 12:19:00",
        "frp": "4.19",
        "confidence": "nominal"
      },
      "geometry": {
        "type": "Point",
        "coordinates": [
          14.69746,
          37.29701
        ]
      }
    },
    {
      "type": "Feature",
      "properties": {
        "source": "viirs_snpp",
        "satellite": "N",
        "acq_at": "2026-09-30 12:19:00",
        "frp": "8.57",
        "confidence": "nominal"
      },
      "geometry": {
        "type": "Point",
        "coordinates": [
          8.58492,
          36.31523
        ]
      }
    },
    {
      "type": "Feature",
      "properties": {
        "source": "viirs_snpp",
        "satellite": "N",
        "acq_at": "2026-09-30 12:19:00",
        "frp": "3.89",
        "confidence": "nominal"
      },
      "geometry": {
        "type": "Point",
        "coordinates": [
          14.1647,
          37.30635
        ]
      }
    },
    {
      "type": "Feature",
      "properties": {
        "source": "viirs_snpp",
        "satellite": "N",
        "acq_at": "2026-09-30 12:19:00",
        "frp": "3.89",
        "confidence": "nominal"
      },
      "geometry": {
        "type": "Point",
        "coordinates": [
          14.16831,
          37.3103
        ]
      }
    },
    {
      "type": "Feature",
      "properties": {
        "source": "viirs_snpp",
        "satellite": "N",
        "acq_at": "2026-09-30 12:19:00",
        "frp": "10.03",
        "confidence": "nominal"
      },
      "geometry": {
        "type": "Point",
        "coordinates": [
          14.62721,
          37.38691
        ]
      }
    },
    {
      "type": "Feature",
      "properties": {
        "source": "viirs_snpp",
        "satellite": "N",
        "acq_at": "2026-09-30 12:19:00",
        "frp": "3.22",
        "confidence": "low"
      },
      "geometry": {
        "type": "Point",
        "coordinates": [
          14.27103,
          37.35848
        ]
      }
    },
    {
      "type": "Feature",
      "properties": {
        "source": "viirs_snpp",
        "satellite": "N",
        "acq_at": "2026-09-30 12:19:00",
        "frp": "9.13",
        "confidence": "nominal"
      },
      "geometry": {
        "type": "Point",
        "coordinates": [
          13.98322,
          37.35753
        ]
      }
    },
    {
      "type": "Feature",
      "properties": {
        "source": "viirs_snpp",
        "satellite": "N",
        "acq_at": "2026-09-30 12:19:00",
        "frp": "5.61",
        "confidence": "nominal"
      },
      "geometry": {
        "type": "Point",
        "coordinates": [
          14.69375,
          37.48413
        ]
      }
    },
    {
      "type": "Feature",
      "properties": {
        "source": "viirs_snpp",
        "satellite": "N",
        "acq_at": "2026-09-30 12:19:00",
        "frp": "5.97",
        "confidence": "nominal"
      },
      "geometry": {
        "type": "Point",
        "coordinates": [
          7.82366,
          36.31734
        ]
      }
    },
    {
      "type": "Feature",
      "properties": {
        "source": "viirs_snpp",
        "satellite": "N",
        "acq_at": "2026-09-30 12:19:00",
        "frp": "4.64",
        "confidence": "nominal"
      },
      "geometry": {
        "type": "Point",
        "coordinates": [
          7.82268,
          36.32122
        ]
      }
    },
    {
      "type": "Feature",
      "properties": {
        "source": "viirs_snpp",
        "satellite": "N",
        "acq_at": "2026-09-30 12:19:00",
        "frp": "7.66",
        "confidence": "nominal"
      },
      "geometry": {
        "type": "Point",
        "coordinates": [
          7.82771,
          36.32183
        ]
      }
    },
    {
      "type": "Feature",
      "properties": {
        "source": "viirs_snpp",
        "satellite": "N",
        "acq_at": "2026-09-30 12:19:00",
        "frp": "10.29",
        "confidence": "nominal"
      },
      "geometry": {
        "type": "Point",
        "coordinates": [
          14.18921,
          37.44448
        ]
      }
    },
    {
      "type": "Feature",
      "properties": {
        "source": "viirs_snpp",
        "satellite": "N",
        "acq_at": "2026-09-30 12:19:00",
        "frp": "2.89",
        "confidence": "nominal"
      },
      "geometry": {
        "type": "Point",
        "coordinates": [
          14.18484,
          37.44385
        ]
      }
    },
    {
      "type": "Feature",
      "properties": {
        "source": "viirs_snpp",
        "satellite": "N",
        "acq_at": "2026-09-30 12:19:00",
        "frp": "10.29",
        "confidence": "nominal"
      },
      "geometry": {
        "type": "Point",
        "coordinates": [
          14.19282,
          37.44843
        ]
      }
    },
    {
      "type": "Feature",
      "properties": {
        "source": "viirs_snpp",
        "satellite": "N",
        "acq_at": "2026-09-30 12:19:00",
        "frp": "10.29",
        "confidence": "nominal"
      },
      "geometry": {
        "type": "Point",
        "coordinates": [
          14.18847,
          37.44779
        ]
      }
    },
    {
      "type": "Feature",
      "properties": {
        "source": "viirs_snpp",
        "satellite": "N",
        "acq_at": "2026-09-30 12:19:00",
        "frp": "2.89",
        "confidence": "nominal"
      },
      "geometry": {
        "type": "Point",
        "coordinates": [
          14.1841,
          37.44716
        ]
      }
    },
    {
      "type": "Feature",
      "properties": {
        "source": "viirs_snpp",
        "satellite": "N",
        "acq_at": "2026-09-30 12:19:00",
        "frp": "2.96",
        "confidence": "nominal"
      },
      "geometry": {
        "type": "Point",
        "coordinates": [
          13.92812,
          37.44394
        ]
      }
    },
    {
      "type": "Feature",
      "properties": {
        "source": "viirs_snpp",
        "satellite": "N",
        "acq_at": "2026-09-30 12:19:00",
        "frp": "4.93",
        "confidence": "nominal"
      },
      "geometry": {
        "type": "Point",
        "coordinates": [
          13.85217,
          37.44295
        ]
      }
    },
    {
      "type": "Feature",
      "properties": {
        "source": "viirs_snpp",
        "satellite": "N",
        "acq_at": "2026-09-30 12:19:00",
        "frp": "5.91",
        "confidence": "nominal"
      },
      "geometry": {
        "type": "Point",
        "coordinates": [
          7.05596,
          36.23104
        ]
      }
    },
    {
      "type": "Feature",
      "properties": {
        "source": "viirs_snpp",
        "satellite": "N",
        "acq_at": "2026-09-30 12:19:00",
        "frp": "3.76",
        "confidence": "nominal"
      },
      "geometry": {
        "type": "Point",
        "coordinates": [
          13.80349,
          37.45961
        ]
      }
    },
    {
      "type": "Feature",
      "properties": {
        "source": "viirs_snpp",
        "satellite": "N",
        "acq_at": "2026-09-30 12:19:00",
        "frp": "2.11",
        "confidence": "nominal"
      },
      "geometry": {
        "type": "Point",
        "coordinates": [
          13.8351,
          37.47796
        ]
      }
    },
    {
      "type": "Feature",
      "properties": {
        "source": "viirs_snpp",
        "satellite": "N",
        "acq_at": "2026-09-30 12:19:00",
        "frp": "10.49",
        "confidence": "nominal"
      },
      "geometry": {
        "type": "Point",
        "coordinates": [
          13.83432,
          37.48126
        ]
      }
    },
    {
      "type": "Feature",
      "properties": {
        "source": "viirs_snpp",
        "satellite": "N",
        "acq_at": "2026-09-30 12:19:00",
        "frp": "2.83",
        "confidence": "nominal"
      },
      "geometry": {
        "type": "Point",
        "coordinates": [
          13.60419,
          37.45023
        ]
      }
    },
    {
      "type": "Feature",
      "properties": {
        "source": "viirs_snpp",
        "satellite": "N",
        "acq_at": "2026-09-30 12:19:00",
        "frp": "10.61",
        "confidence": "nominal"
      },
      "geometry": {
        "type": "Point",
        "coordinates": [
          9.35776,
          36.7371
        ]
      }
    },
    {
      "type": "Feature",
      "properties": {
        "source": "viirs_snpp",
        "satellite": "N",
        "acq_at": "2026-09-30 12:19:00",
        "frp": "21.53",
        "confidence": "nominal"
      },
      "geometry": {
        "type": "Point",
        "coordinates": [
          9.36159,
          36.74158
        ]
      }
    },
    {
      "type": "Feature",
      "properties": {
        "source": "viirs_snpp",
        "satellite": "N",
        "acq_at": "2026-09-30 12:19:00",
        "frp": "10.61",
        "confidence": "nominal"
      },
      "geometry": {
        "type": "Point",
        "coordinates": [
          9.35661,
          36.74065
        ]
      }
    },
    {
      "type": "Feature",
      "properties": {
        "source": "viirs_snpp",
        "satellite": "N",
        "acq_at": "2026-09-30 12:19:00",
        "frp": "3.71",
        "confidence": "low"
      },
      "geometry": {
        "type": "Point",
        "coordinates": [
          9.3604,
          36.73829
        ]
      }
    },
    {
      "type": "Feature",
      "properties": {
        "source": "viirs_snpp",
        "satellite": "N",
        "acq_at": "2026-09-30 12:19:00",
        "frp": "25.79",
        "confidence": "nominal"
      },
      "geometry": {
        "type": "Point",
        "coordinates": [
          9.35924,
          36.74184
        ]
      }
    },
    {
      "type": "Feature",
      "properties": {
        "source": "viirs_snpp",
        "satellite": "N",
        "acq_at": "2026-09-30 12:19:00",
        "frp": "25.79",
        "confidence": "low"
      },
      "geometry": {
        "type": "Point",
        "coordinates": [
          9.35425,
          36.74088
        ]
      }
    },
    {
      "type": "Feature",
      "properties": {
        "source": "viirs_snpp",
        "satellite": "N",
        "acq_at": "2026-09-30 12:19:00",
        "frp": "3.38",
        "confidence": "low"
      },
      "geometry": {
        "type": "Point",
        "coordinates": [
          13.87854,
          37.52809
        ]
      }
    },
    {
      "type": "Feature",
      "properties": {
        "source": "viirs_snpp",
        "satellite": "N",
        "acq_at": "2026-09-30 12:19:00",
        "frp": "4.42",
        "confidence": "low"
      },
      "geometry": {
        "type": "Point",
        "coordinates": [
          13.72521,
          37.51218
        ]
      }
    },
    {
      "type": "Feature",
      "properties": {
        "source": "viirs_snpp",
        "satellite": "N",
        "acq_at": "2026-09-30 12:19:00",
        "frp": "3.87",
        "confidence": "nominal"
      },
      "geometry": {
        "type": "Point",
        "coordinates": [
          9.37135,
          36.77426
        ]
      }
    },
    {
      "type": "Feature",
      "properties": {
        "source": "viirs_snpp",
        "satellite": "N",
        "acq_at": "2026-09-30 12:19:00",
        "frp": "2.27",
        "confidence": "low"
      },
      "geometry": {
        "type": "Point",
        "coordinates": [
          6.54039,
          36.20517
        ]
      }
    },
    {
      "type": "Feature",
      "properties": {
        "source": "viirs_snpp",
        "satellite": "N",
        "acq_at": "2026-09-30 12:19:00",
        "frp": "5.48",
        "confidence": "nominal"
      },
      "geometry": {
        "type": "Point",
        "coordinates": [
          13.58997,
          37.51582
        ]
      }
    },
    {
      "type": "Feature",
      "properties": {
        "source": "viirs_snpp",
        "satellite": "N",
        "acq_at": "2026-09-30 12:19:00",
        "frp": "5.93",
        "confidence": "nominal"
      },
      "geometry": {
        "type": "Point",
        "coordinates": [
          13.58564,
          37.51517
        ]
      }
    },
    {
      "type": "Feature",
      "properties": {
        "source": "viirs_snpp",
        "satellite": "N",
        "acq_at": "2026-09-30 12:19:00",
        "frp": "6.02",
        "confidence": "nominal"
      },
      "geometry": {
        "type": "Point",
        "coordinates": [
          7.12706,
          36.36918
        ]
      }
    },
    {
      "type": "Feature",
      "properties": {
        "source": "viirs_snpp",
        "satellite": "N",
        "acq_at": "2026-09-30 12:19:00",
        "frp": "3.98",
        "confidence": "nominal"
      },
      "geometry": {
        "type": "Point",
        "coordinates": [
          9.49895,
          36.87319
        ]
      }
    },
    {
      "type": "Feature",
      "properties": {
        "source": "viirs_snpp",
        "satellite": "N",
        "acq_at": "2026-09-30 12:19:00",
        "frp": "3.87",
        "confidence": "nominal"
      },
      "geometry": {
        "type": "Point",
        "coordinates": [
          9.66251,
          36.90154
        ]
      }
    },
    {
      "type": "Feature",
      "properties": {
        "source": "viirs_snpp",
        "satellite": "N",
        "acq_at": "2026-09-30 12:19:00",
        "frp": "1.32",
        "confidence": "nominal"
      },
      "geometry": {
        "type": "Point",
        "coordinates": [
          13.68333,
          37.58346
        ]
      }
    },
    {
      "type": "Feature",
      "properties": {
        "source": "viirs_snpp",
        "satellite": "N",
        "acq_at": "2026-09-30 12:19:00",
        "frp": "5.5",
        "confidence": "nominal"
      },
      "geometry": {
        "type": "Point",
        "coordinates": [
          13.19797,
          37.51686
        ]
      }
    },
    {
      "type": "Feature",
      "properties": {
        "source": "viirs_snpp",
        "satellite": "N",
        "acq_at": "2026-09-30 12:19:00",
        "frp": "5.49",
        "confidence": "nominal"
      },
      "geometry": {
        "type": "Point",
        "coordinates": [
          14.01395,
          37.64927
        ]
      }
    },
    {
      "type": "Feature",
      "properties": {
        "source": "viirs_snpp",
        "satellite": "N",
        "acq_at": "2026-09-30 12:19:00",
        "frp": "5.49",
        "confidence": "nominal"
      },
      "geometry": {
        "type": "Point",
        "coordinates": [
          14.00888,
          37.65195
        ]
      }
    },
    {
      "type": "Feature",
      "properties": {
        "source": "viirs_snpp",
        "satellite": "N",
        "acq_at": "2026-09-30 12:19:00",
        "frp": "14.45",
        "confidence": "nominal"
      },
      "geometry": {
        "type": "Point",
        "coordinates": [
          13.84302,
          37.66858
        ]
      }
    },
    {
      "type": "Feature",
      "properties": {
        "source": "viirs_snpp",
        "satellite": "N",
        "acq_at": "2026-09-30 12:19:00",
        "frp": "2.74",
        "confidence": "nominal"
      },
      "geometry": {
        "type": "Point",
        "coordinates": [
          9.05512,
          36.8574
        ]
      }
    },
    {
      "type": "Feature",
      "properties": {
        "source": "viirs_snpp",
        "satellite": "N",
        "acq_at": "2026-09-30 12:19:00",
        "frp": "2.73",
        "confidence": "low"
      },
      "geometry": {
        "type": "Point",
        "coordinates": [
          6.61296,
          36.39199
        ]
      }
    },
    {
      "type": "Feature",
      "properties": {
        "source": "viirs_snpp",
        "satellite": "N",
        "acq_at": "2026-09-30 12:17:00",
        "frp": "3.04",
        "confidence": "nominal"
      },
      "geometry": {
        "type": "Point",
        "coordinates": [
          9.49309,
          36.9868
        ]
      }
    },
    {
      "type": "Feature",
      "properties": {
        "source": "viirs_snpp",
        "satellite": "N",
        "acq_at": "2026-09-30 12:17:00",
        "frp": "8.54",
        "confidence": "nominal"
      },
      "geometry": {
        "type": "Point",
        "coordinates": [
          9.23371,
          36.94852
        ]
      }
    },
    {
      "type": "Feature",
      "properties": {
        "source": "viirs_snpp",
        "satellite": "N",
        "acq_at": "2026-09-30 12:17:00",
        "frp": "5.52",
        "confidence": "low"
      },
      "geometry": {
        "type": "Point",
        "coordinates": [
          7.23806,
          36.54975
        ]
      }
    },
    {
      "type": "Feature",
      "properties": {
        "source": "viirs_snpp",
        "satellite": "N",
        "acq_at": "2026-09-30 12:17:00",
        "frp": "1.95",
        "confidence": "low"
      },
      "geometry": {
        "type": "Point",
        "coordinates": [
          7.2337,
          36.54882
        ]
      }
    },
    {
      "type": "Feature",
      "properties": {
        "source": "viirs_snpp",
        "satellite": "N",
        "acq_at": "2026-09-30 12:17:00",
        "frp": "3.78",
        "confidence": "low"
      },
      "geometry": {
        "type": "Point",
        "coordinates": [
          6.445,
          36.37879
        ]
      }
    },
    {
      "type": "Feature",
      "properties": {
        "source": "viirs_snpp",
        "satellite": "N",
        "acq_at": "2026-09-30 12:17:00",
        "frp": "3.78",
        "confidence": "nominal"
      },
      "geometry": {
        "type": "Point",
        "coordinates": [
          6.44049,
          36.3778
        ]
      }
    },
    {
      "type": "Feature",
      "properties": {
        "source": "viirs_snpp",
        "satellite": "N",
        "acq_at": "2026-09-30 12:17:00",
        "frp": "3.37",
        "confidence": "nominal"
      },
      "geometry": {
        "type": "Point",
        "coordinates": [
          6.35589,
          36.3592
        ]
      }
    },
    {
      "type": "Feature",
      "properties": {
        "source": "viirs_snpp",
        "satellite": "N",
        "acq_at": "2026-09-30 12:17:00",
        "frp": "4.69",
        "confidence": "nominal"
      },
      "geometry": {
        "type": "Point",
        "coordinates": [
          9.56552,
          37.02655
        ]
      }
    },
    {
      "type": "Feature",
      "properties": {
        "source": "viirs_snpp",
        "satellite": "N",
        "acq_at": "2026-09-30 12:17:00",
        "frp": "3.23",
        "confidence": "nominal"
      },
      "geometry": {
        "type": "Point",
        "coordinates": [
          6.36832,
          36.37518
        ]
      }
    },
    {
      "type": "Feature",
      "properties": {
        "source": "viirs_snpp",
        "satellite": "N",
        "acq_at": "2026-09-30 12:17:00",
        "frp": "4.73",
        "confidence": "low"
      },
      "geometry": {
        "type": "Point",
        "coordinates": [
          9.5323,
          37.03147
        ]
      }
    },
    {
      "type": "Feature",
      "properties": {
        "source": "viirs_snpp",
        "satellite": "N",
        "acq_at": "2026-09-30 12:17:00",
        "frp": "2.35",
        "confidence": "low"
      },
      "geometry": {
        "type": "Point",
        "coordinates": [
          6.69309,
          36.5065
        ]
      }
    },
    {
      "type": "Feature",
      "properties": {
        "source": "viirs_snpp",
        "satellite": "N",
        "acq_at": "2026-09-30 12:17:00",
        "frp": "4.23",
        "confidence": "nominal"
      },
      "geometry": {
        "type": "Point",
        "coordinates": [
          12.77261,
          37.64835
        ]
      }
    },
    {
      "type": "Feature",
      "properties": {
        "source": "viirs_snpp",
        "satellite": "N",
        "acq_at": "2026-09-30 12:17:00",
        "frp": "3.11",
        "confidence": "low"
      },
      "geometry": {
        "type": "Point",
        "coordinates": [
          9.59333,
          37.10971
        ]
      }
    },
    {
      "type": "Feature",
      "properties": {
        "source": "viirs_snpp",
        "satellite": "N",
        "acq_at": "2026-09-30 12:17:00",
        "frp": "2.34",
        "confidence": "nominal"
      },
      "geometry": {
        "type": "Point",
        "coordinates": [
          12.97991,
          37.72095
        ]
      }
    },
    {
      "type": "Feature",
      "properties": {
        "source": "viirs_snpp",
        "satellite": "N",
        "acq_at": "2026-09-30 12:17:00",
        "frp": "34.84",
        "confidence": "nominal"
      },
      "geometry": {
        "type": "Point",
        "coordinates": [
          9.3692,
          37.1214
        ]
      }
    },
    {
      "type": "Feature",
      "properties": {
        "source": "viirs_snpp",
        "satellite": "N",
        "acq_at": "2026-09-30 12:17:00",
        "frp": "6.94",
        "confidence": "nominal"
      },
      "geometry": {
        "type": "Point",
        "coordinates": [
          12.79237,
          37.75315
        ]
      }
    },
    {
      "type": "Feature",
      "properties": {
        "source": "viirs_snpp",
        "satellite": "N",
        "acq_at": "2026-09-30 12:17:00",
        "frp": "8.92",
        "confidence": "nominal"
      },
      "geometry": {
        "type": "Point",
        "coordinates": [
          13.17219,
          37.81535
        ]
      }
    },
    {
      "type": "Feature",
      "properties": {
        "source": "viirs_snpp",
        "satellite": "N",
        "acq_at": "2026-09-30 12:17:00",
        "frp": "12.65",
        "confidence": "nominal"
      },
      "geometry": {
        "type": "Point",
        "coordinates": [
          12.82105,
          37.76445
        ]
      }
    },
    {
      "type": "Feature",
      "properties": {
        "source": "viirs_snpp",
        "satellite": "N",
        "acq_at": "2026-09-30 12:17:00",
        "frp": "12.98",
        "confidence": "nominal"
      },
      "geometry": {
        "type": "Point",
        "coordinates": [
          13.04,
          37.80525
        ]
      }
    },
    {
      "type": "Feature",
      "properties": {
        "source": "viirs_snpp",
        "satellite": "N",
        "acq_at": "2026-09-30 12:17:00",
        "frp": "22.29",
        "confidence": "nominal"
      },
      "geometry": {
        "type": "Point",
        "coordinates": [
          13.04029,
          37.80853
        ]
      }
    },
    {
      "type": "Feature",
      "properties": {
        "source": "viirs_snpp",
        "satellite": "N",
        "acq_at": "2026-09-30 12:17:00",
        "frp": "12",
        "confidence": "nominal"
      },
      "geometry": {
        "type": "Point",
        "coordinates": [
          16.13892,
          38.24709
        ]
      }
    },
    {
      "type": "Feature",
      "properties": {
        "source": "viirs_snpp",
        "satellite": "N",
        "acq_at": "2026-09-30 12:17:00",
        "frp": "12",
        "confidence": "nominal"
      },
      "geometry": {
        "type": "Point",
        "coordinates": [
          16.13424,
          38.2465
        ]
      }
    },
    {
      "type": "Feature",
      "properties": {
        "source": "viirs_snpp",
        "satellite": "N",
        "acq_at": "2026-09-30 12:17:00",
        "frp": "2.46",
        "confidence": "nominal"
      },
      "geometry": {
        "type": "Point",
        "coordinates": [
          13.23185,
          37.85153
        ]
      }
    },
    {
      "type": "Feature",
      "properties": {
        "source": "viirs_snpp",
        "satellite": "N",
        "acq_at": "2026-09-30 12:17:00",
        "frp": "6.19",
        "confidence": "nominal"
      },
      "geometry": {
        "type": "Point",
        "coordinates": [
          12.8286,
          37.79272
        ]
      }
    },
    {
      "type": "Feature",
      "properties": {
        "source": "viirs_snpp",
        "satellite": "N",
        "acq_at": "2026-09-30 12:17:00",
        "frp": "1.46",
        "confidence": "nominal"
      },
      "geometry": {
        "type": "Point",
        "coordinates": [
          13.22227,
          37.89097
        ]
      }
    },
    {
      "type": "Feature",
      "properties": {
        "source": "viirs_snpp",
        "satellite": "N",
        "acq_at": "2026-09-30 12:17:00",
        "frp": "2.05",
        "confidence": "low"
      },
      "geometry": {
        "type": "Point",
        "coordinates": [
          13.21361,
          37.88965
        ]
      }
    },
    {
      "type": "Feature",
      "properties": {
        "source": "viirs_snpp",
        "satellite": "N",
        "acq_at": "2026-09-30 12:17:00",
        "frp": "1.92",
        "confidence": "nominal"
      },
      "geometry": {
        "type": "Point",
        "coordinates": [
          13.19387,
          37.89687
        ]
      }
    },
    {
      "type": "Feature",
      "properties": {
        "source": "viirs_snpp",
        "satellite": "N",
        "acq_at": "2026-09-30 12:17:00",
        "frp": "1.02",
        "confidence": "nominal"
      },
      "geometry": {
        "type": "Point",
        "coordinates": [
          13.27026,
          37.91532
        ]
      }
    },
    {
      "type": "Feature",
      "properties": {
        "source": "viirs_snpp",
        "satellite": "N",
        "acq_at": "2026-09-30 12:17:00",
        "frp": "4.02",
        "confidence": "nominal"
      },
      "geometry": {
        "type": "Point",
        "coordinates": [
          9.73606,
          37.32196
        ]
      }
    },
    {
      "type": "Feature",
      "properties": {
        "source": "viirs_snpp",
        "satellite": "N",
        "acq_at": "2026-09-30 12:17:00",
        "frp": "2.24",
        "confidence": "low"
      },
      "geometry": {
        "type": "Point",
        "coordinates": [
          12.71706,
          37.84353
        ]
      }
    },
    {
      "type": "Feature",
      "properties": {
        "source": "viirs_snpp",
        "satellite": "N",
        "acq_at": "2026-09-30 12:17:00",
        "frp": "27",
        "confidence": "nominal"
      },
      "geometry": {
        "type": "Point",
        "coordinates": [
          12.8635,
          37.8698
        ]
      }
    },
    {
      "type": "Feature",
      "properties": {
        "source": "viirs_snpp",
        "satellite": "N",
        "acq_at": "2026-09-30 12:17:00",
        "frp": "3.79",
        "confidence": "nominal"
      },
      "geometry": {
        "type": "Point",
        "coordinates": [
          13.01419,
          37.89658
        ]
      }
    },
    {
      "type": "Feature",
      "properties": {
        "source": "viirs_snpp",
        "satellite": "N",
        "acq_at": "2026-09-30 12:17:00",
        "frp": "2",
        "confidence": "nominal"
      },
      "geometry": {
        "type": "Point",
        "coordinates": [
          13.01338,
          37.89987
        ]
      }
    },
    {
      "type": "Feature",
      "properties": {
        "source": "viirs_snpp",
        "satellite": "N",
        "acq_at": "2026-09-30 12:17:00",
        "frp": "3.74",
        "confidence": "nominal"
      },
      "geometry": {
        "type": "Point",
        "coordinates": [
          12.99043,
          37.92294
        ]
      }
    },
    {
      "type": "Feature",
      "properties": {
        "source": "viirs_snpp",
        "satellite": "N",
        "acq_at": "2026-09-30 12:17:00",
        "frp": "3.99",
        "confidence": "nominal"
      },
      "geometry": {
        "type": "Point",
        "coordinates": [
          12.99153,
          37.93675
        ]
      }
    },
    {
      "type": "Feature",
      "properties": {
        "source": "viirs_snpp",
        "satellite": "N",
        "acq_at": "2026-09-30 12:17:00",
        "frp": "3.99",
        "confidence": "nominal"
      },
      "geometry": {
        "type": "Point",
        "coordinates": [
          12.99072,
          37.94004
        ]
      }
    },
    {
      "type": "Feature",
      "properties": {
        "source": "viirs_snpp",
        "satellite": "N",
        "acq_at": "2026-09-30 12:17:00",
        "frp": "1.76",
        "confidence": "nominal"
      },
      "geometry": {
        "type": "Point",
        "coordinates": [
          12.67194,
          37.90062
        ]
      }
    },
    {
      "type": "Feature",
      "properties": {
        "source": "viirs_snpp",
        "satellite": "N",
        "acq_at": "2026-09-30 12:17:00",
        "frp": "5.95",
        "confidence": "nominal"
      },
      "geometry": {
        "type": "Point",
        "coordinates": [
          12.62382,
          37.93062
        ]
      }
    },
    {
      "type": "Feature",
      "properties": {
        "source": "viirs_snpp",
        "satellite": "N",
        "acq_at": "2026-09-30 12:17:00",
        "frp": "5.35",
        "confidence": "nominal"
      },
      "geometry": {
        "type": "Point",
        "coordinates": [
          12.64387,
          37.94061
        ]
      }
    },
    {
      "type": "Feature",
      "properties": {
        "source": "viirs_snpp",
        "satellite": "N",
        "acq_at": "2026-09-30 12:17:00",
        "frp": "2.9",
        "confidence": "nominal"
      },
      "geometry": {
        "type": "Point",
        "coordinates": [
          13.2784,
          38.05223
        ]
      }
    },
    {
      "type": "Feature",
      "properties": {
        "source": "viirs_snpp",
        "satellite": "N",
        "acq_at": "2026-09-30 12:17:00",
        "frp": "15.69",
        "confidence": "nominal"
      },
      "geometry": {
        "type": "Point",
        "coordinates": [
          12.78555,
          38.03079
        ]
      }
    },
    {
      "type": "Feature",
      "properties": {
        "source": "viirs_snpp",
        "satellite": "N",
        "acq_at": "2026-09-30 12:17:00",
        "frp": "8.7",
        "confidence": "nominal"
      },
      "geometry": {
        "type": "Point",
        "coordinates": [
          12.78909,
          38.03475
        ]
      }
    },
    {
      "type": "Feature",
      "properties": {
        "source": "viirs_snpp",
        "satellite": "N",
        "acq_at": "2026-09-30 12:17:00",
        "frp": "12.89",
        "confidence": "nominal"
      },
      "geometry": {
        "type": "Point",
        "coordinates": [
          12.78474,
          38.03408
        ]
      }
    },
    {
      "type": "Feature",
      "properties": {
        "source": "viirs_snpp",
        "satellite": "N",
        "acq_at": "2026-09-30 12:17:00",
        "frp": "3.21",
        "confidence": "nominal"
      },
      "geometry": {
        "type": "Point",
        "coordinates": [
          12.77172,
          38.03204
        ]
      }
    },
    {
      "type": "Feature",
      "properties": {
        "source": "viirs_snpp",
        "satellite": "N",
        "acq_at": "2026-09-30 12:17:00",
        "frp": "2.92",
        "confidence": "nominal"
      },
      "geometry": {
        "type": "Point",
        "coordinates": [
          17.06358,
          39.1656
        ]
      }
    },
    {
      "type": "Feature",
      "properties": {
        "source": "viirs_snpp",
        "satellite": "N",
        "acq_at": "2026-09-30 12:17:00",
        "frp": "2.87",
        "confidence": "nominal"
      },
      "geometry": {
        "type": "Point",
        "coordinates": [
          17.01276,
          39.19341
        ]
      }
    },
    {
      "type": "Feature",
      "properties": {
        "source": "viirs_snpp",
        "satellite": "N",
        "acq_at": "2026-09-30 12:17:00",
        "frp": "9.88",
        "confidence": "nominal"
      },
      "geometry": {
        "type": "Point",
        "coordinates": [
          17.82338,
          40.29042
        ]
      }
    },
    {
      "type": "Feature",
      "properties": {
        "source": "viirs_snpp",
        "satellite": "N",
        "acq_at": "2026-09-30 12:17:00",
        "frp": "3.06",
        "confidence": "nominal"
      },
      "geometry": {
        "type": "Point",
        "coordinates": [
          15.51533,
          40.10387
        ]
      }
    },
    {
      "type": "Feature",
      "properties": {
        "source": "viirs_snpp",
        "satellite": "N",
        "acq_at": "2026-09-30 12:17:00",
        "frp": "2.59",
        "confidence": "nominal"
      },
      "geometry": {
        "type": "Point",
        "coordinates": [
          17.95465,
          40.51796
        ]
      }
    },
    {
      "type": "Feature",
      "properties": {
        "source": "viirs_snpp",
        "satellite": "N",
        "acq_at": "2026-09-30 12:17:00",
        "frp": "7.28",
        "confidence": "nominal"
      },
      "geometry": {
        "type": "Point",
        "coordinates": [
          17.2086,
          40.59207
        ]
      }
    },
    {
      "type": "Feature",
      "properties": {
        "source": "viirs_snpp",
        "satellite": "N",
        "acq_at": "2026-09-30 12:17:00",
        "frp": "12.24",
        "confidence": "nominal"
      },
      "geometry": {
        "type": "Point",
        "coordinates": [
          17.32649,
          40.63984
        ]
      }
    },
    {
      "type": "Feature",
      "properties": {
        "source": "viirs_snpp",
        "satellite": "N",
        "acq_at": "2026-09-30 12:17:00",
        "frp": "7.23",
        "confidence": "nominal"
      },
      "geometry": {
        "type": "Point",
        "coordinates": [
          17.32383,
          40.64231
        ]
      }
    },
    {
      "type": "Feature",
      "properties": {
        "source": "viirs_snpp",
        "satellite": "N",
        "acq_at": "2026-09-30 12:17:00",
        "frp": "3.15",
        "confidence": "low"
      },
      "geometry": {
        "type": "Point",
        "coordinates": [
          16.81027,
          40.68817
        ]
      }
    },
    {
      "type": "Feature",
      "properties": {
        "source": "viirs_snpp",
        "satellite": "N",
        "acq_at": "2026-09-30 12:17:00",
        "frp": "3.72",
        "confidence": "nominal"
      },
      "geometry": {
        "type": "Point",
        "coordinates": [
          16.80795,
          40.68966
        ]
      }
    },
    {
      "type": "Feature",
      "properties": {
        "source": "viirs_snpp",
        "satellite": "N",
        "acq_at": "2026-09-30 12:17:00",
        "frp": "6.79",
        "confidence": "nominal"
      },
      "geometry": {
        "type": "Point",
        "coordinates": [
          15.77589,
          40.91805
        ]
      }
    },
    {
      "type": "Feature",
      "properties": {
        "source": "viirs_snpp",
        "satellite": "N",
        "acq_at": "2026-09-30 12:17:00",
        "frp": "1.52",
        "confidence": "nominal"
      },
      "geometry": {
        "type": "Point",
        "coordinates": [
          15.6972,
          41.17463
        ]
      }
    },
    {
      "type": "Feature",
      "properties": {
        "source": "viirs_snpp",
        "satellite": "N",
        "acq_at": "2026-09-30 12:17:00",
        "frp": "1.92",
        "confidence": "nominal"
      },
      "geometry": {
        "type": "Point",
        "coordinates": [
          14.67684,
          41.23269
        ]
      }
    },
    {
      "type": "Feature",
      "properties": {
        "source": "viirs_snpp",
        "satellite": "N",
        "acq_at": "2026-09-30 12:17:00",
        "frp": "2.24",
        "confidence": "nominal"
      },
      "geometry": {
        "type": "Point",
        "coordinates": [
          15.62091,
          41.57399
        ]
      }
    },
    {
      "type": "Feature",
      "properties": {
        "source": "viirs_snpp",
        "satellite": "N",
        "acq_at": "2026-09-30 12:19:00",
        "frp": "3.71",
        "confidence": "nominal"
      },
      "geometry": {
        "type": "Point",
        "coordinates": [
          12.71589,
          41.51322
        ]
      }
    },
    {
      "type": "Feature",
      "properties": {
        "source": "viirs_snpp",
        "satellite": "N",
        "acq_at": "2026-09-30 12:19:00",
        "frp": "3.71",
        "confidence": "low"
      },
      "geometry": {
        "type": "Point",
        "coordinates": [
          12.71128,
          41.51254
        ]
      }
    },
    {
      "type": "Feature",
      "properties": {
        "source": "viirs_snpp",
        "satellite": "N",
        "acq_at": "2026-09-30 12:19:00",
        "frp": "2.78",
        "confidence": "low"
      },
      "geometry": {
        "type": "Point",
        "coordinates": [
          15.24189,
          41.87959
        ]
      }
    },
    {
      "type": "Feature",
      "properties": {
        "source": "viirs_snpp",
        "satellite": "N",
        "acq_at": "2026-09-30 12:19:00",
        "frp": "2.58",
        "confidence": "nominal"
      },
      "geometry": {
        "type": "Point",
        "coordinates": [
          9.28309,
          41.56645
        ]
      }
    },
    {
      "type": "Feature",
      "properties": {
        "source": "viirs_snpp",
        "satellite": "N",
        "acq_at": "2026-09-30 12:19:00",
        "frp": "19.89",
        "confidence": "nominal"
      },
      "geometry": {
        "type": "Point",
        "coordinates": [
          18.97346,
          43.67881
        ]
      }
    },
    {
      "type": "Feature",
      "properties": {
        "source": "viirs_snpp",
        "satellite": "N",
        "acq_at": "2026-09-30 12:19:00",
        "frp": "15.47",
        "confidence": "nominal"
      },
      "geometry": {
        "type": "Point",
        "coordinates": [
          18.97697,
          43.6777
        ]
      }
    },
    {
      "type": "Feature",
      "properties": {
        "source": "viirs_snpp",
        "satellite": "N",
        "acq_at": "2026-09-30 12:19:00",
        "frp": "0.66",
        "confidence": "nominal"
      },
      "geometry": {
        "type": "Point",
        "coordinates": [
          11.86558,
          43.21296
        ]
      }
    },
    {
      "type": "Feature",
      "properties": {
        "source": "viirs_snpp",
        "satellite": "N",
        "acq_at": "2026-09-30 12:19:00",
        "frp": "5.89",
        "confidence": "nominal"
      },
      "geometry": {
        "type": "Point",
        "coordinates": [
          11.14979,
          43.83927
        ]
      }
    },
    {
      "type": "Feature",
      "properties": {
        "source": "viirs_snpp",
        "satellite": "N",
        "acq_at": "2026-09-30 12:19:00",
        "frp": "3.76",
        "confidence": "nominal"
      },
      "geometry": {
        "type": "Point",
        "coordinates": [
          18.59326,
          44.80254
        ]
      }
    },
    {
      "type": "Feature",
      "properties": {
        "source": "viirs_snpp",
        "satellite": "N",
        "acq_at": "2026-09-30 12:19:00",
        "frp": "6.89",
        "confidence": "nominal"
      },
      "geometry": {
        "type": "Point",
        "coordinates": [
          18.09005,
          44.84714
        ]
      }
    },
    {
      "type": "Feature",
      "properties": {
        "source": "viirs_snpp",
        "satellite": "N",
        "acq_at": "2026-09-30 12:19:00",
        "frp": "3.25",
        "confidence": "nominal"
      },
      "geometry": {
        "type": "Point",
        "coordinates": [
          16.79934,
          45.14696
        ]
      }
    },
    {
      "type": "Feature",
      "properties": {
        "source": "viirs_snpp",
        "satellite": "N",
        "acq_at": "2026-09-30 12:19:00",
        "frp": "2.91",
        "confidence": "nominal"
      },
      "geometry": {
        "type": "Point",
        "coordinates": [
          11.53152,
          44.51928
        ]
      }
    },
    {
      "type": "Feature",
      "properties": {
        "source": "viirs_snpp",
        "satellite": "N",
        "acq_at": "2026-09-30 12:19:00",
        "frp": "2.41",
        "confidence": "low"
      },
      "geometry": {
        "type": "Point",
        "coordinates": [
          18.6855,
          45.38292
        ]
      }
    },
    {
      "type": "Feature",
      "properties": {
        "source": "viirs_snpp",
        "satellite": "N",
        "acq_at": "2026-09-30 12:19:00",
        "frp": "5.29",
        "confidence": "nominal"
      },
      "geometry": {
        "type": "Point",
        "coordinates": [
          10.97238,
          44.65984
        ]
      }
    },
    {
      "type": "Feature",
      "properties": {
        "source": "viirs_snpp",
        "satellite": "N",
        "acq_at": "2026-09-30 12:19:00",
        "frp": "3",
        "confidence": "nominal"
      },
      "geometry": {
        "type": "Point",
        "coordinates": [
          12.12796,
          44.89357
        ]
      }
    },
    {
      "type": "Feature",
      "properties": {
        "source": "viirs_snpp",
        "satellite": "N",
        "acq_at": "2026-09-30 12:19:00",
        "frp": "3",
        "confidence": "nominal"
      },
      "geometry": {
        "type": "Point",
        "coordinates": [
          12.12704,
          44.89689
        ]
      }
    },
    {
      "type": "Feature",
      "properties": {
        "source": "viirs_snpp",
        "satellite": "N",
        "acq_at": "2026-09-30 12:19:00",
        "frp": "3.09",
        "confidence": "nominal"
      },
      "geometry": {
        "type": "Point",
        "coordinates": [
          12.11127,
          44.89812
        ]
      }
    },
    {
      "type": "Feature",
      "properties": {
        "source": "viirs_snpp",
        "satellite": "N",
        "acq_at": "2026-09-30 12:19:00",
        "frp": "2.61",
        "confidence": "nominal"
      },
      "geometry": {
        "type": "Point",
        "coordinates": [
          12.11529,
          44.90214
        ]
      }
    },
    {
      "type": "Feature",
      "properties": {
        "source": "viirs_snpp",
        "satellite": "N",
        "acq_at": "2026-09-30 12:19:00",
        "frp": "2.99",
        "confidence": "nominal"
      },
      "geometry": {
        "type": "Point",
        "coordinates": [
          12.10849,
          44.90809
        ]
      }
    },
    {
      "type": "Feature",
      "properties": {
        "source": "viirs_snpp",
        "satellite": "N",
        "acq_at": "2026-09-30 12:19:00",
        "frp": "7.81",
        "confidence": "nominal"
      },
      "geometry": {
        "type": "Point",
        "coordinates": [
          12.12148,
          44.91683
        ]
      }
    },
    {
      "type": "Feature",
      "properties": {
        "source": "viirs_snpp",
        "satellite": "N",
        "acq_at": "2026-09-30 12:19:00",
        "frp": "6.56",
        "confidence": "nominal"
      },
      "geometry": {
        "type": "Point",
        "coordinates": [
          12.12055,
          44.92015
        ]
      }
    },
    {
      "type": "Feature",
      "properties": {
        "source": "viirs_snpp",
        "satellite": "N",
        "acq_at": "2026-09-30 12:19:00",
        "frp": "2.62",
        "confidence": "nominal"
      },
      "geometry": {
        "type": "Point",
        "coordinates": [
          10.83634,
          44.79176
        ]
      }
    },
    {
      "type": "Feature",
      "properties": {
        "source": "viirs_snpp",
        "satellite": "N",
        "acq_at": "2026-09-30 12:19:00",
        "frp": "2.34",
        "confidence": "nominal"
      },
      "geometry": {
        "type": "Point",
        "coordinates": [
          11.10783,
          44.95567
        ]
      }
    },
    {
      "type": "Feature",
      "properties": {
        "source": "viirs_snpp",
        "satellite": "N",
        "acq_at": "2026-09-30 12:19:00",
        "frp": "2.64",
        "confidence": "nominal"
      },
      "geometry": {
        "type": "Point",
        "coordinates": [
          10.36032,
          44.9155
        ]
      }
    },
    {
      "type": "Feature",
      "properties": {
        "source": "viirs_snpp",
        "satellite": "N",
        "acq_at": "2026-09-30 12:19:00",
        "frp": "2.09",
        "confidence": "nominal"
      },
      "geometry": {
        "type": "Point",
        "coordinates": [
          11.36549,
          45.70663
        ]
      }
    },
    {
      "type": "Feature",
      "properties": {
        "source": "viirs_snpp",
        "satellite": "N",
        "acq_at": "2026-09-30 12:19:00",
        "frp": "4.15",
        "confidence": "nominal"
      },
      "geometry": {
        "type": "Point",
        "coordinates": [
          11.44192,
          45.74518
        ]
      }
    },
    {
      "type": "Feature",
      "properties": {
        "source": "viirs_snpp",
        "satellite": "N",
        "acq_at": "2026-09-30 12:19:00",
        "frp": "1.2",
        "confidence": "nominal"
      },
      "geometry": {
        "type": "Point",
        "coordinates": [
          9.29888,
          45.7566
        ]
      }
    },
    {
      "type": "Feature",
      "properties": {
        "source": "viirs_snpp",
        "satellite": "N",
        "acq_at": "2026-09-30 12:19:00",
        "frp": "3.76",
        "confidence": "nominal"
      },
      "geometry": {
        "type": "Point",
        "coordinates": [
          7.53802,
          47.39862
        ]
      }
    },
    {
      "type": "Feature",
      "properties": {
        "source": "viirs_snpp",
        "satellite": "N",
        "acq_at": "2026-10-01 00:35:00",
        "frp": "0.4",
        "confidence": "nominal"
      },
      "geometry": {
        "type": "Point",
        "coordinates": [
          11.90868,
          44.27215
        ]
      }
    },
    {
      "type": "Feature",
      "properties": {
        "source": "viirs_snpp",
        "satellite": "N",
        "acq_at": "2026-10-01 00:35:00",
        "frp": "2.21",
        "confidence": "nominal"
      },
      "geometry": {
        "type": "Point",
        "coordinates": [
          18.97442,
          43.67827
        ]
      }
    },
    {
      "type": "Feature",
      "properties": {
        "source": "viirs_snpp",
        "satellite": "N",
        "acq_at": "2026-10-01 00:35:00",
        "frp": "1.71",
        "confidence": "nominal"
      },
      "geometry": {
        "type": "Point",
        "coordinates": [
          15.49327,
          41.26803
        ]
      }
    },
    {
      "type": "Feature",
      "properties": {
        "source": "viirs_snpp",
        "satellite": "N",
        "acq_at": "2026-10-01 00:35:00",
        "frp": "0.89",
        "confidence": "nominal"
      },
      "geometry": {
        "type": "Point",
        "coordinates": [
          15.49843,
          41.26757
        ]
      }
    },
    {
      "type": "Feature",
      "properties": {
        "source": "viirs_snpp",
        "satellite": "N",
        "acq_at": "2026-10-01 00:35:00",
        "frp": "1.71",
        "confidence": "nominal"
      },
      "geometry": {
        "type": "Point",
        "coordinates": [
          15.49261,
          41.26379
        ]
      }
    },
    {
      "type": "Feature",
      "properties": {
        "source": "viirs_snpp",
        "satellite": "N",
        "acq_at": "2026-10-01 00:35:00",
        "frp": "0.58",
        "confidence": "nominal"
      },
      "geometry": {
        "type": "Point",
        "coordinates": [
          17.08545,
          41.00107
        ]
      }
    },
    {
      "type": "Feature",
      "properties": {
        "source": "viirs_snpp",
        "satellite": "N",
        "acq_at": "2026-10-01 00:37:00",
        "frp": "0.67",
        "confidence": "nominal"
      },
      "geometry": {
        "type": "Point",
        "coordinates": [
          17.55118,
          40.54197
        ]
      }
    },
    {
      "type": "Feature",
      "properties": {
        "source": "viirs_snpp",
        "satellite": "N",
        "acq_at": "2026-10-01 00:37:00",
        "frp": "2.91",
        "confidence": "nominal"
      },
      "geometry": {
        "type": "Point",
        "coordinates": [
          13.91072,
          40.70533
        ]
      }
    },
    {
      "type": "Feature",
      "properties": {
        "source": "viirs_snpp",
        "satellite": "N",
        "acq_at": "2026-10-01 00:37:00",
        "frp": "1.16",
        "confidence": "nominal"
      },
      "geometry": {
        "type": "Point",
        "coordinates": [
          14.47897,
          40.63531
        ]
      }
    },
    {
      "type": "Feature",
      "properties": {
        "source": "viirs_snpp",
        "satellite": "N",
        "acq_at": "2026-10-01 00:37:00",
        "frp": "2.8",
        "confidence": "nominal"
      },
      "geometry": {
        "type": "Point",
        "coordinates": [
          8.67251,
          40.28839
        ]
      }
    },
    {
      "type": "Feature",
      "properties": {
        "source": "viirs_snpp",
        "satellite": "N",
        "acq_at": "2026-10-01 00:37:00",
        "frp": "1.98",
        "confidence": "nominal"
      },
      "geometry": {
        "type": "Point",
        "coordinates": [
          8.66747,
          40.28773
        ]
      }
    },
    {
      "type": "Feature",
      "properties": {
        "source": "viirs_snpp",
        "satellite": "N",
        "acq_at": "2026-10-01 00:37:00",
        "frp": "1.92",
        "confidence": "nominal"
      },
      "geometry": {
        "type": "Point",
        "coordinates": [
          8.67359,
          40.2875
        ]
      }
    },
    {
      "type": "Feature",
      "properties": {
        "source": "viirs_snpp",
        "satellite": "N",
        "acq_at": "2026-10-01 00:37:00",
        "frp": "3.81",
        "confidence": "nominal"
      },
      "geometry": {
        "type": "Point",
        "coordinates": [
          15.44308,
          38.03371
        ]
      }
    },
    {
      "type": "Feature",
      "properties": {
        "source": "viirs_snpp",
        "satellite": "N",
        "acq_at": "2026-10-01 00:37:00",
        "frp": "0.55",
        "confidence": "nominal"
      },
      "geometry": {
        "type": "Point",
        "coordinates": [
          14.51324,
          36.88679
        ]
      }
    },
    {
      "type": "Feature",
      "properties": {
        "source": "viirs_snpp",
        "satellite": "N",
        "acq_at": "2026-10-01 00:37:00",
        "frp": "2.02",
        "confidence": "nominal"
      },
      "geometry": {
        "type": "Point",
        "coordinates": [
          13.76855,
          36.87646
        ]
      }
    },
    {
      "type": "Feature",
      "properties": {
        "source": "viirs_snpp",
        "satellite": "N",
        "acq_at": "2026-10-01 00:37:00",
        "frp": "0.52",
        "confidence": "nominal"
      },
      "geometry": {
        "type": "Point",
        "coordinates": [
          9.36194,
          37.12513
        ]
      }
    },
    {
      "type": "Feature",
      "properties": {
        "source": "viirs_snpp",
        "satellite": "N",
        "acq_at": "2026-10-01 00:37:00",
        "frp": "1.48",
        "confidence": "nominal"
      },
      "geometry": {
        "type": "Point",
        "coordinates": [
          9.40574,
          36.93819
        ]
      }
    },
    {
      "type": "Feature",
      "properties": {
        "source": "viirs_snpp",
        "satellite": "N",
        "acq_at": "2026-10-01 00:37:00",
        "frp": "0.66",
        "confidence": "nominal"
      },
      "geometry": {
        "type": "Point",
        "coordinates": [
          9.41164,
          36.93788
        ]
      }
    },
    {
      "type": "Feature",
      "properties": {
        "source": "viirs_snpp",
        "satellite": "N",
        "acq_at": "2026-10-01 00:37:00",
        "frp": "4.05",
        "confidence": "nominal"
      },
      "geometry": {
        "type": "Point",
        "coordinates": [
          9.40662,
          36.93246
        ]
      }
    },
    {
      "type": "Feature",
      "properties": {
        "source": "viirs_snpp",
        "satellite": "N",
        "acq_at": "2026-10-01 00:37:00",
        "frp": "2.34",
        "confidence": "nominal"
      },
      "geometry": {
        "type": "Point",
        "coordinates": [
          9.41199,
          36.93218
        ]
      }
    },
    {
      "type": "Feature",
      "properties": {
        "source": "viirs_snpp",
        "satellite": "N",
        "acq_at": "2026-10-01 00:37:00",
        "frp": "2.95",
        "confidence": "nominal"
      },
      "geometry": {
        "type": "Point",
        "coordinates": [
          9.40524,
          36.9363
        ]
      }
    },
    {
      "type": "Feature",
      "properties": {
        "source": "viirs_snpp",
        "satellite": "N",
        "acq_at": "2026-10-01 00:37:00",
        "frp": "2.95",
        "confidence": "nominal"
      },
      "geometry": {
        "type": "Point",
        "coordinates": [
          9.41099,
          36.93597
        ]
      }
    },
    {
      "type": "Feature",
      "properties": {
        "source": "viirs_snpp",
        "satellite": "N",
        "acq_at": "2026-10-01 00:37:00",
        "frp": "4.04",
        "confidence": "nominal"
      },
      "geometry": {
        "type": "Point",
        "coordinates": [
          6.92977,
          36.87859
        ]
      }
    },
    {
      "type": "Feature",
      "properties": {
        "source": "viirs_snpp",
        "satellite": "N",
        "acq_at": "2026-10-01 00:37:00",
        "frp": "26.5",
        "confidence": "nominal"
      },
      "geometry": {
        "type": "Point",
        "coordinates": [
          6.94165,
          36.87173
        ]
      }
    },
    {
      "type": "Feature",
      "properties": {
        "source": "viirs_snpp",
        "satellite": "N",
        "acq_at": "2026-10-01 00:37:00",
        "frp": "0.84",
        "confidence": "nominal"
      },
      "geometry": {
        "type": "Point",
        "coordinates": [
          16.39105,
          45.71925
        ]
      }
    },
    {
      "type": "Feature",
      "properties": {
        "source": "viirs_snpp",
        "satellite": "N",
        "acq_at": "2026-10-01 00:37:00",
        "frp": "1.23",
        "confidence": "nominal"
      },
      "geometry": {
        "type": "Point",
        "coordinates": [
          16.39033,
          45.71732
        ]
      }
    },
    {
      "type": "Feature",
      "properties": {
        "source": "viirs_snpp",
        "satellite": "N",
        "acq_at": "2026-10-01 02:15:00",
        "frp": "1.09",
        "confidence": "nominal"
      },
      "geometry": {
        "type": "Point",
        "coordinates": [
          12.54298,
          43.36736
        ]
      }
    },
    {
      "type": "Feature",
      "properties": {
        "source": "viirs_snpp",
        "satellite": "N",
        "acq_at": "2026-10-01 02:15:00",
        "frp": "0.56",
        "confidence": "nominal"
      },
      "geometry": {
        "type": "Point",
        "coordinates": [
          11.0042,
          43.74263
        ]
      }
    },
    {
      "type": "Feature",
      "properties": {
        "source": "viirs_snpp",
        "satellite": "N",
        "acq_at": "2026-10-01 02:15:00",
        "frp": "1.8",
        "confidence": "nominal"
      },
      "geometry": {
        "type": "Point",
        "coordinates": [
          15.41722,
          41.31194
        ]
      }
    },
    {
      "type": "Feature",
      "properties": {
        "source": "viirs_snpp",
        "satellite": "N",
        "acq_at": "2026-10-01 02:15:00",
        "frp": "1.55",
        "confidence": "nominal"
      },
      "geometry": {
        "type": "Point",
        "coordinates": [
          15.41082,
          41.31163
        ]
      }
    },
    {
      "type": "Feature",
      "properties": {
        "source": "viirs_snpp",
        "satellite": "N",
        "acq_at": "2026-10-01 02:15:00",
        "frp": "1.55",
        "confidence": "nominal"
      },
      "geometry": {
        "type": "Point",
        "coordinates": [
          15.41836,
          41.30915
        ]
      }
    },
    {
      "type": "Feature",
      "properties": {
        "source": "viirs_snpp",
        "satellite": "N",
        "acq_at": "2026-10-01 02:15:00",
        "frp": "0.64",
        "confidence": "nominal"
      },
      "geometry": {
        "type": "Point",
        "coordinates": [
          16.84265,
          40.53359
        ]
      }
    },
    {
      "type": "Feature",
      "properties": {
        "source": "viirs_snpp",
        "satellite": "N",
        "acq_at": "2026-10-01 02:17:00",
        "frp": "2.19",
        "confidence": "nominal"
      },
      "geometry": {
        "type": "Point",
        "coordinates": [
          9.40645,
          36.93711
        ]
      }
    },
    {
      "type": "Feature",
      "properties": {
        "source": "viirs_snpp",
        "satellite": "N",
        "acq_at": "2026-10-01 02:17:00",
        "frp": "1.84",
        "confidence": "nominal"
      },
      "geometry": {
        "type": "Point",
        "coordinates": [
          9.41036,
          36.93602
        ]
      }
    },
    {
      "type": "Feature",
      "properties": {
        "source": "viirs_noaa20",
        "satellite": "N20",
        "acq_at": "2026-09-30 10:58:00",
        "frp": "8.36",
        "confidence": "nominal"
      },
      "geometry": {
        "type": "Point",
        "coordinates": [
          14.00632,
          37.40421
        ]
      }
    },
    {
      "type": "Feature",
      "properties": {
        "source": "viirs_noaa20",
        "satellite": "N20",
        "acq_at": "2026-09-30 10:58:00",
        "frp": "3.6",
        "confidence": "nominal"
      },
      "geometry": {
        "type": "Point",
        "coordinates": [
          16.13764,
          38.24638
        ]
      }
    },
    {
      "type": "Feature",
      "properties": {
        "source": "viirs_noaa20",
        "satellite": "N20",
        "acq_at": "2026-09-30 10:58:00",
        "frp": "4.66",
        "confidence": "nominal"
      },
      "geometry": {
        "type": "Point",
        "coordinates": [
          17.04402,
          39.34323
        ]
      }
    },
    {
      "type": "Feature",
      "properties": {
        "source": "viirs_noaa20",
        "satellite": "N20",
        "acq_at": "2026-09-30 10:58:00",
        "frp": "3.59",
        "confidence": "nominal"
      },
      "geometry": {
        "type": "Point",
        "coordinates": [
          18.39259,
          39.88042
        ]
      }
    },
    {
      "type": "Feature",
      "properties": {
        "source": "viirs_noaa20",
        "satellite": "N20",
        "acq_at": "2026-09-30 10:58:00",
        "frp": "2.72",
        "confidence": "nominal"
      },
      "geometry": {
        "type": "Point",
        "coordinates": [
          18.17206,
          40.42038
        ]
      }
    },
    {
      "type": "Feature",
      "properties": {
        "source": "viirs_noaa20",
        "satellite": "N20",
        "acq_at": "2026-09-30 10:58:00",
        "frp": "2.72",
        "confidence": "nominal"
      },
      "geometry": {
        "type": "Point",
        "coordinates": [
          18.16961,
          40.42557
        ]
      }
    },
    {
      "type": "Feature",
      "properties": {
        "source": "viirs_noaa20",
        "satellite": "N20",
        "acq_at": "2026-09-30 10:58:00",
        "frp": "4.03",
        "confidence": "nominal"
      },
      "geometry": {
        "type": "Point",
        "coordinates": [
          17.83445,
          40.34975
        ]
      }
    },
    {
      "type": "Feature",
      "properties": {
        "source": "viirs_noaa20",
        "satellite": "N20",
        "acq_at": "2026-09-30 10:58:00",
        "frp": "3.35",
        "confidence": "nominal"
      },
      "geometry": {
        "type": "Point",
        "coordinates": [
          17.85774,
          40.53526
        ]
      }
    },
    {
      "type": "Feature",
      "properties": {
        "source": "viirs_noaa20",
        "satellite": "N20",
        "acq_at": "2026-09-30 10:58:00",
        "frp": "2.32",
        "confidence": "nominal"
      },
      "geometry": {
        "type": "Point",
        "coordinates": [
          17.85953,
          40.53581
        ]
      }
    },
    {
      "type": "Feature",
      "properties": {
        "source": "viirs_noaa20",
        "satellite": "N20",
        "acq_at": "2026-09-30 10:58:00",
        "frp": "12.7",
        "confidence": "high"
      },
      "geometry": {
        "type": "Point",
        "coordinates": [
          17.21228,
          40.59363
        ]
      }
    },
    {
      "type": "Feature",
      "properties": {
        "source": "viirs_noaa20",
        "satellite": "N20",
        "acq_at": "2026-09-30 10:58:00",
        "frp": "13.89",
        "confidence": "high"
      },
      "geometry": {
        "type": "Point",
        "coordinates": [
          17.21378,
          40.59066
        ]
      }
    },
    {
      "type": "Feature",
      "properties": {
        "source": "viirs_noaa20",
        "satellite": "N20",
        "acq_at": "2026-09-30 10:58:00",
        "frp": "10.44",
        "confidence": "nominal"
      },
      "geometry": {
        "type": "Point",
        "coordinates": [
          16.816,
          40.68915
        ]
      }
    },
    {
      "type": "Feature",
      "properties": {
        "source": "viirs_noaa20",
        "satellite": "N20",
        "acq_at": "2026-09-30 10:58:00",
        "frp": "6.98",
        "confidence": "nominal"
      },
      "geometry": {
        "type": "Point",
        "coordinates": [
          16.81082,
          40.68766
        ]
      }
    },
    {
      "type": "Feature",
      "properties": {
        "source": "viirs_noaa20",
        "satellite": "N20",
        "acq_at": "2026-09-30 10:58:00",
        "frp": "2.05",
        "confidence": "nominal"
      },
      "geometry": {
        "type": "Point",
        "coordinates": [
          17.283,
          40.83408
        ]
      }
    },
    {
      "type": "Feature",
      "properties": {
        "source": "viirs_noaa20",
        "satellite": "N20",
        "acq_at": "2026-09-30 10:58:00",
        "frp": "9.32",
        "confidence": "high"
      },
      "geometry": {
        "type": "Point",
        "coordinates": [
          16.81345,
          40.68936
        ]
      }
    },
    {
      "type": "Feature",
      "properties": {
        "source": "viirs_noaa20",
        "satellite": "N20",
        "acq_at": "2026-09-30 10:58:00",
        "frp": "9.67",
        "confidence": "high"
      },
      "geometry": {
        "type": "Point",
        "coordinates": [
          15.97353,
          41.00597
        ]
      }
    },
    {
      "type": "Feature",
      "properties": {
        "source": "viirs_noaa20",
        "satellite": "N20",
        "acq_at": "2026-09-30 10:58:00",
        "frp": "10.83",
        "confidence": "high"
      },
      "geometry": {
        "type": "Point",
        "coordinates": [
          15.9742,
          41.00394
        ]
      }
    },
    {
      "type": "Feature",
      "properties": {
        "source": "viirs_noaa20",
        "satellite": "N20",
        "acq_at": "2026-09-30 10:58:00",
        "frp": "2.41",
        "confidence": "nominal"
      },
      "geometry": {
        "type": "Point",
        "coordinates": [
          15.69306,
          41.27147
        ]
      }
    },
    {
      "type": "Feature",
      "properties": {
        "source": "viirs_noaa20",
        "satellite": "N20",
        "acq_at": "2026-09-30 10:58:00",
        "frp": "1.63",
        "confidence": "nominal"
      },
      "geometry": {
        "type": "Point",
        "coordinates": [
          15.69257,
          41.27457
        ]
      }
    },
    {
      "type": "Feature",
      "properties": {
        "source": "viirs_noaa20",
        "satellite": "N20",
        "acq_at": "2026-09-30 10:58:00",
        "frp": "3.17",
        "confidence": "nominal"
      },
      "geometry": {
        "type": "Point",
        "coordinates": [
          15.62073,
          41.38335
        ]
      }
    },
    {
      "type": "Feature",
      "properties": {
        "source": "viirs_noaa20",
        "satellite": "N20",
        "acq_at": "2026-09-30 10:58:00",
        "frp": "4.17",
        "confidence": "nominal"
      },
      "geometry": {
        "type": "Point",
        "coordinates": [
          15.62155,
          41.3807
        ]
      }
    },
    {
      "type": "Feature",
      "properties": {
        "source": "viirs_noaa20",
        "satellite": "N20",
        "acq_at": "2026-09-30 10:58:00",
        "frp": "3.02",
        "confidence": "low"
      },
      "geometry": {
        "type": "Point",
        "coordinates": [
          15.21904,
          41.36436
        ]
      }
    },
    {
      "type": "Feature",
      "properties": {
        "source": "viirs_noaa20",
        "satellite": "N20",
        "acq_at": "2026-09-30 10:58:00",
        "frp": "2.77",
        "confidence": "nominal"
      },
      "geometry": {
        "type": "Point",
        "coordinates": [
          15.65949,
          41.60354
        ]
      }
    },
    {
      "type": "Feature",
      "properties": {
        "source": "viirs_noaa20",
        "satellite": "N20",
        "acq_at": "2026-09-30 10:58:00",
        "frp": "2.5",
        "confidence": "low"
      },
      "geometry": {
        "type": "Point",
        "coordinates": [
          15.65976,
          41.60164
        ]
      }
    },
    {
      "type": "Feature",
      "properties": {
        "source": "viirs_noaa20",
        "satellite": "N20",
        "acq_at": "2026-09-30 10:58:00",
        "frp": "3.72",
        "confidence": "nominal"
      },
      "geometry": {
        "type": "Point",
        "coordinates": [
          15.51909,
          41.59153
        ]
      }
    },
    {
      "type": "Feature",
      "properties": {
        "source": "viirs_noaa20",
        "satellite": "N20",
        "acq_at": "2026-09-30 10:58:00",
        "frp": "3.72",
        "confidence": "nominal"
      },
      "geometry": {
        "type": "Point",
        "coordinates": [
          15.51357,
          41.58987
        ]
      }
    },
    {
      "type": "Feature",
      "properties": {
        "source": "viirs_noaa20",
        "satellite": "N20",
        "acq_at": "2026-09-30 10:58:00",
        "frp": "1.53",
        "confidence": "low"
      },
      "geometry": {
        "type": "Point",
        "coordinates": [
          15.4573,
          41.59896
        ]
      }
    },
    {
      "type": "Feature",
      "properties": {
        "source": "viirs_noaa20",
        "satellite": "N20",
        "acq_at": "2026-09-30 10:58:00",
        "frp": "3.21",
        "confidence": "nominal"
      },
      "geometry": {
        "type": "Point",
        "coordinates": [
          15.33387,
          41.60106
        ]
      }
    },
    {
      "type": "Feature",
      "properties": {
        "source": "viirs_noaa20",
        "satellite": "N20",
        "acq_at": "2026-09-30 10:58:00",
        "frp": "2.71",
        "confidence": "nominal"
      },
      "geometry": {
        "type": "Point",
        "coordinates": [
          15.33119,
          41.60269
        ]
      }
    },
    {
      "type": "Feature",
      "properties": {
        "source": "viirs_noaa20",
        "satellite": "N20",
        "acq_at": "2026-09-30 10:58:00",
        "frp": "12.49",
        "confidence": "high"
      },
      "geometry": {
        "type": "Point",
        "coordinates": [
          15.212,
          41.87441
        ]
      }
    },
    {
      "type": "Feature",
      "properties": {
        "source": "viirs_noaa20",
        "satellite": "N20",
        "acq_at": "2026-09-30 10:58:00",
        "frp": "3",
        "confidence": "nominal"
      },
      "geometry": {
        "type": "Point",
        "coordinates": [
          17.35246,
          44.95078
        ]
      }
    },
    {
      "type": "Feature",
      "properties": {
        "source": "viirs_noaa20",
        "satellite": "N20",
        "acq_at": "2026-09-30 10:58:00",
        "frp": "3",
        "confidence": "nominal"
      },
      "geometry": {
        "type": "Point",
        "coordinates": [
          17.3486,
          44.94975
        ]
      }
    },
    {
      "type": "Feature",
      "properties": {
        "source": "viirs_noaa20",
        "satellite": "N20",
        "acq_at": "2026-09-30 10:58:00",
        "frp": "5.16",
        "confidence": "nominal"
      },
      "geometry": {
        "type": "Point",
        "coordinates": [
          17.34898,
          44.94991
        ]
      }
    },
    {
      "type": "Feature",
      "properties": {
        "source": "viirs_noaa20",
        "satellite": "N20",
        "acq_at": "2026-09-30 10:58:00",
        "frp": "2.08",
        "confidence": "nominal"
      },
      "geometry": {
        "type": "Point",
        "coordinates": [
          16.25216,
          44.83239
        ]
      }
    },
    {
      "type": "Feature",
      "properties": {
        "source": "viirs_noaa20",
        "satellite": "N20",
        "acq_at": "2026-09-30 10:58:00",
        "frp": "1.91",
        "confidence": "nominal"
      },
      "geometry": {
        "type": "Point",
        "coordinates": [
          16.7877,
          44.99841
        ]
      }
    },
    {
      "type": "Feature",
      "properties": {
        "source": "viirs_noaa20",
        "satellite": "N20",
        "acq_at": "2026-09-30 11:00:00",
        "frp": "2.82",
        "confidence": "nominal"
      },
      "geometry": {
        "type": "Point",
        "coordinates": [
          16.67355,
          46.25238
        ]
      }
    },
    {
      "type": "Feature",
      "properties": {
        "source": "viirs_noaa20",
        "satellite": "N20",
        "acq_at": "2026-09-30 12:38:00",
        "frp": "3.67",
        "confidence": "nominal"
      },
      "geometry": {
        "type": "Point",
        "coordinates": [
          6.12495,
          35.82211
        ]
      }
    },
    {
      "type": "Feature",
      "properties": {
        "source": "viirs_noaa20",
        "satellite": "N20",
        "acq_at": "2026-09-30 12:38:00",
        "frp": "7.06",
        "confidence": "nominal"
      },
      "geometry": {
        "type": "Point",
        "coordinates": [
          7.93041,
          36.16087
        ]
      }
    },
    {
      "type": "Feature",
      "properties": {
        "source": "viirs_noaa20",
        "satellite": "N20",
        "acq_at": "2026-09-30 12:38:00",
        "frp": "4.46",
        "confidence": "nominal"
      },
      "geometry": {
        "type": "Point",
        "coordinates": [
          14.38548,
          37.02762
        ]
      }
    },
    {
      "type": "Feature",
      "properties": {
        "source": "viirs_noaa20",
        "satellite": "N20",
        "acq_at": "2026-09-30 12:38:00",
        "frp": "13.6",
        "confidence": "nominal"
      },
      "geometry": {
        "type": "Point",
        "coordinates": [
          8.58446,
          36.36023
        ]
      }
    },
    {
      "type": "Feature",
      "properties": {
        "source": "viirs_noaa20",
        "satellite": "N20",
        "acq_at": "2026-09-30 12:38:00",
        "frp": "13.6",
        "confidence": "nominal"
      },
      "geometry": {
        "type": "Point",
        "coordinates": [
          8.58006,
          36.35961
        ]
      }
    },
    {
      "type": "Feature",
      "properties": {
        "source": "viirs_noaa20",
        "satellite": "N20",
        "acq_at": "2026-09-30 12:38:00",
        "frp": "12.67",
        "confidence": "nominal"
      },
      "geometry": {
        "type": "Point",
        "coordinates": [
          8.58557,
          36.36238
        ]
      }
    },
    {
      "type": "Feature",
      "properties": {
        "source": "viirs_noaa20",
        "satellite": "N20",
        "acq_at": "2026-09-30 12:38:00",
        "frp": "12.67",
        "confidence": "nominal"
      },
      "geometry": {
        "type": "Point",
        "coordinates": [
          8.58116,
          36.36177
        ]
      }
    },
    {
      "type": "Feature",
      "properties": {
        "source": "viirs_noaa20",
        "satellite": "N20",
        "acq_at": "2026-09-30 12:38:00",
        "frp": "5.04",
        "confidence": "low"
      },
      "geometry": {
        "type": "Point",
        "coordinates": [
          6.94985,
          36.16049
        ]
      }
    },
    {
      "type": "Feature",
      "properties": {
        "source": "viirs_noaa20",
        "satellite": "N20",
        "acq_at": "2026-09-30 12:38:00",
        "frp": "5.72",
        "confidence": "nominal"
      },
      "geometry": {
        "type": "Point",
        "coordinates": [
          7.22327,
          36.22599
        ]
      }
    },
    {
      "type": "Feature",
      "properties": {
        "source": "viirs_noaa20",
        "satellite": "N20",
        "acq_at": "2026-09-30 12:38:00",
        "frp": "4.39",
        "confidence": "nominal"
      },
      "geometry": {
        "type": "Point",
        "coordinates": [
          14.9917,
          37.2133
        ]
      }
    },
    {
      "type": "Feature",
      "properties": {
        "source": "viirs_noaa20",
        "satellite": "N20",
        "acq_at": "2026-09-30 12:38:00",
        "frp": "3.93",
        "confidence": "nominal"
      },
      "geometry": {
        "type": "Point",
        "coordinates": [
          13.99117,
          37.18677
        ]
      }
    },
    {
      "type": "Feature",
      "properties": {
        "source": "viirs_noaa20",
        "satellite": "N20",
        "acq_at": "2026-09-30 12:38:00",
        "frp": "1.94",
        "confidence": "low"
      },
      "geometry": {
        "type": "Point",
        "coordinates": [
          8.69608,
          36.57917
        ]
      }
    },
    {
      "type": "Feature",
      "properties": {
        "source": "viirs_noaa20",
        "satellite": "N20",
        "acq_at": "2026-09-30 12:38:00",
        "frp": "2.61",
        "confidence": "nominal"
      },
      "geometry": {
        "type": "Point",
        "coordinates": [
          6.51278,
          36.29015
        ]
      }
    },
    {
      "type": "Feature",
      "properties": {
        "source": "viirs_noaa20",
        "satellite": "N20",
        "acq_at": "2026-09-30 12:38:00",
        "frp": "1.96",
        "confidence": "nominal"
      },
      "geometry": {
        "type": "Point",
        "coordinates": [
          9.03489,
          36.6647
        ]
      }
    },
    {
      "type": "Feature",
      "properties": {
        "source": "viirs_noaa20",
        "satellite": "N20",
        "acq_at": "2026-09-30 12:38:00",
        "frp": "8.85",
        "confidence": "nominal"
      },
      "geometry": {
        "type": "Point",
        "coordinates": [
          14.6985,
          37.29531
        ]
      }
    },
    {
      "type": "Feature",
      "properties": {
        "source": "viirs_noaa20",
        "satellite": "N20",
        "acq_at": "2026-09-30 12:38:00",
        "frp": "40.91",
        "confidence": "nominal"
      },
      "geometry": {
        "type": "Point",
        "coordinates": [
          9.35792,
          36.74268
        ]
      }
    },
    {
      "type": "Feature",
      "properties": {
        "source": "viirs_noaa20",
        "satellite": "N20",
        "acq_at": "2026-09-30 12:38:00",
        "frp": "1.92",
        "confidence": "low"
      },
      "geometry": {
        "type": "Point",
        "coordinates": [
          9.09894,
          36.7151
        ]
      }
    },
    {
      "type": "Feature",
      "properties": {
        "source": "viirs_noaa20",
        "satellite": "N20",
        "acq_at": "2026-09-30 12:38:00",
        "frp": "6.41",
        "confidence": "low"
      },
      "geometry": {
        "type": "Point",
        "coordinates": [
          9.25733,
          36.74683
        ]
      }
    },
    {
      "type": "Feature",
      "properties": {
        "source": "viirs_noaa20",
        "satellite": "N20",
        "acq_at": "2026-09-30 12:38:00",
        "frp": "14.79",
        "confidence": "nominal"
      },
      "geometry": {
        "type": "Point",
        "coordinates": [
          14.16834,
          37.31027
        ]
      }
    },
    {
      "type": "Feature",
      "properties": {
        "source": "viirs_noaa20",
        "satellite": "N20",
        "acq_at": "2026-09-30 12:38:00",
        "frp": "6.63",
        "confidence": "low"
      },
      "geometry": {
        "type": "Point",
        "coordinates": [
          6.44055,
          36.3742
        ]
      }
    },
    {
      "type": "Feature",
      "properties": {
        "source": "viirs_noaa20",
        "satellite": "N20",
        "acq_at": "2026-09-30 12:38:00",
        "frp": "4.8",
        "confidence": "nominal"
      },
      "geometry": {
        "type": "Point",
        "coordinates": [
          14.62837,
          37.38681
        ]
      }
    },
    {
      "type": "Feature",
      "properties": {
        "source": "viirs_noaa20",
        "satellite": "N20",
        "acq_at": "2026-09-30 12:38:00",
        "frp": "5.15",
        "confidence": "nominal"
      },
      "geometry": {
        "type": "Point",
        "coordinates": [
          9.58645,
          36.85959
        ]
      }
    },
    {
      "type": "Feature",
      "properties": {
        "source": "viirs_noaa20",
        "satellite": "N20",
        "acq_at": "2026-09-30 12:38:00",
        "frp": "16.93",
        "confidence": "nominal"
      },
      "geometry": {
        "type": "Point",
        "coordinates": [
          13.94654,
          37.36165
        ]
      }
    },
    {
      "type": "Feature",
      "properties": {
        "source": "viirs_noaa20",
        "satellite": "N20",
        "acq_at": "2026-09-30 12:38:00",
        "frp": "5.91",
        "confidence": "low"
      },
      "geometry": {
        "type": "Point",
        "coordinates": [
          7.23486,
          36.54764
        ]
      }
    },
    {
      "type": "Feature",
      "properties": {
        "source": "viirs_noaa20",
        "satellite": "N20",
        "acq_at": "2026-09-30 12:38:00",
        "frp": "5.89",
        "confidence": "nominal"
      },
      "geometry": {
        "type": "Point",
        "coordinates": [
          9.50058,
          36.87315
        ]
      }
    },
    {
      "type": "Feature",
      "properties": {
        "source": "viirs_noaa20",
        "satellite": "N20",
        "acq_at": "2026-09-30 12:38:00",
        "frp": "3.03",
        "confidence": "low"
      },
      "geometry": {
        "type": "Point",
        "coordinates": [
          7.22335,
          36.55949
        ]
      }
    },
    {
      "type": "Feature",
      "properties": {
        "source": "viirs_noaa20",
        "satellite": "N20",
        "acq_at": "2026-09-30 12:38:00",
        "frp": "4.46",
        "confidence": "nominal"
      },
      "geometry": {
        "type": "Point",
        "coordinates": [
          9.40227,
          36.88488
        ]
      }
    },
    {
      "type": "Feature",
      "properties": {
        "source": "viirs_noaa20",
        "satellite": "N20",
        "acq_at": "2026-09-30 12:38:00",
        "frp": "12.27",
        "confidence": "nominal"
      },
      "geometry": {
        "type": "Point",
        "coordinates": [
          14.69288,
          37.48234
        ]
      }
    },
    {
      "type": "Feature",
      "properties": {
        "source": "viirs_noaa20",
        "satellite": "N20",
        "acq_at": "2026-09-30 12:38:00",
        "frp": "12.95",
        "confidence": "nominal"
      },
      "geometry": {
        "type": "Point",
        "coordinates": [
          14.69029,
          37.48512
        ]
      }
    },
    {
      "type": "Feature",
      "properties": {
        "source": "viirs_noaa20",
        "satellite": "N20",
        "acq_at": "2026-09-30 12:38:00",
        "frp": "5.54",
        "confidence": "nominal"
      },
      "geometry": {
        "type": "Point",
        "coordinates": [
          14.19086,
          37.44258
        ]
      }
    },
    {
      "type": "Feature",
      "properties": {
        "source": "viirs_noaa20",
        "satellite": "N20",
        "acq_at": "2026-09-30 12:38:00",
        "frp": "2.92",
        "confidence": "low"
      },
      "geometry": {
        "type": "Point",
        "coordinates": [
          14.19045,
          37.44693
        ]
      }
    },
    {
      "type": "Feature",
      "properties": {
        "source": "viirs_noaa20",
        "satellite": "N20",
        "acq_at": "2026-09-30 12:38:00",
        "frp": "9.72",
        "confidence": "nominal"
      },
      "geometry": {
        "type": "Point",
        "coordinates": [
          13.62943,
          37.40915
        ]
      }
    },
    {
      "type": "Feature",
      "properties": {
        "source": "viirs_noaa20",
        "satellite": "N20",
        "acq_at": "2026-09-30 12:38:00",
        "frp": "6.38",
        "confidence": "nominal"
      },
      "geometry": {
        "type": "Point",
        "coordinates": [
          13.92742,
          37.44086
        ]
      }
    },
    {
      "type": "Feature",
      "properties": {
        "source": "viirs_noaa20",
        "satellite": "N20",
        "acq_at": "2026-09-30 12:38:00",
        "frp": "3.63",
        "confidence": "nominal"
      },
      "geometry": {
        "type": "Point",
        "coordinates": [
          9.493,
          36.97343
        ]
      }
    },
    {
      "type": "Feature",
      "properties": {
        "source": "viirs_noaa20",
        "satellite": "N20",
        "acq_at": "2026-09-30 12:38:00",
        "frp": "4.63",
        "confidence": "nominal"
      },
      "geometry": {
        "type": "Point",
        "coordinates": [
          9.38313,
          36.96609
        ]
      }
    },
    {
      "type": "Feature",
      "properties": {
        "source": "viirs_noaa20",
        "satellite": "N20",
        "acq_at": "2026-09-30 12:38:00",
        "frp": "6.5",
        "confidence": "nominal"
      },
      "geometry": {
        "type": "Point",
        "coordinates": [
          9.22996,
          36.94585
        ]
      }
    },
    {
      "type": "Feature",
      "properties": {
        "source": "viirs_noaa20",
        "satellite": "N20",
        "acq_at": "2026-09-30 12:38:00",
        "frp": "2.63",
        "confidence": "nominal"
      },
      "geometry": {
        "type": "Point",
        "coordinates": [
          13.60362,
          37.44922
        ]
      }
    },
    {
      "type": "Feature",
      "properties": {
        "source": "viirs_noaa20",
        "satellite": "N20",
        "acq_at": "2026-09-30 12:38:00",
        "frp": "5.67",
        "confidence": "nominal"
      },
      "geometry": {
        "type": "Point",
        "coordinates": [
          13.89602,
          37.48547
        ]
      }
    },
    {
      "type": "Feature",
      "properties": {
        "source": "viirs_noaa20",
        "satellite": "N20",
        "acq_at": "2026-09-30 12:38:00",
        "frp": "12.37",
        "confidence": "nominal"
      },
      "geometry": {
        "type": "Point",
        "coordinates": [
          13.83743,
          37.47997
        ]
      }
    },
    {
      "type": "Feature",
      "properties": {
        "source": "viirs_noaa20",
        "satellite": "N20",
        "acq_at": "2026-09-30 12:38:00",
        "frp": "12.37",
        "confidence": "nominal"
      },
      "geometry": {
        "type": "Point",
        "coordinates": [
          13.83287,
          37.47954
        ]
      }
    },
    {
      "type": "Feature",
      "properties": {
        "source": "viirs_noaa20",
        "satellite": "N20",
        "acq_at": "2026-09-30 12:38:00",
        "frp": "5.56",
        "confidence": "nominal"
      },
      "geometry": {
        "type": "Point",
        "coordinates": [
          13.92563,
          37.49257
        ]
      }
    },
    {
      "type": "Feature",
      "properties": {
        "source": "viirs_noaa20",
        "satellite": "N20",
        "acq_at": "2026-09-30 12:38:00",
        "frp": "5.28",
        "confidence": "nominal"
      },
      "geometry": {
        "type": "Point",
        "coordinates": [
          13.87708,
          37.52571
        ]
      }
    },
    {
      "type": "Feature",
      "properties": {
        "source": "viirs_noaa20",
        "satellite": "N20",
        "acq_at": "2026-09-30 12:38:00",
        "frp": "3.21",
        "confidence": "nominal"
      },
      "geometry": {
        "type": "Point",
        "coordinates": [
          13.82991,
          37.56449
        ]
      }
    },
    {
      "type": "Feature",
      "properties": {
        "source": "viirs_noaa20",
        "satellite": "N20",
        "acq_at": "2026-09-30 12:38:00",
        "frp": "6.11",
        "confidence": "nominal"
      },
      "geometry": {
        "type": "Point",
        "coordinates": [
          13.92892,
          37.60825
        ]
      }
    },
    {
      "type": "Feature",
      "properties": {
        "source": "viirs_noaa20",
        "satellite": "N20",
        "acq_at": "2026-09-30 12:38:00",
        "frp": "32.71",
        "confidence": "nominal"
      },
      "geometry": {
        "type": "Point",
        "coordinates": [
          9.37069,
          37.12109
        ]
      }
    },
    {
      "type": "Feature",
      "properties": {
        "source": "viirs_noaa20",
        "satellite": "N20",
        "acq_at": "2026-09-30 12:38:00",
        "frp": "32.71",
        "confidence": "nominal"
      },
      "geometry": {
        "type": "Point",
        "coordinates": [
          9.36597,
          37.12048
        ]
      }
    },
    {
      "type": "Feature",
      "properties": {
        "source": "viirs_noaa20",
        "satellite": "N20",
        "acq_at": "2026-09-30 12:38:00",
        "frp": "3.13",
        "confidence": "nominal"
      },
      "geometry": {
        "type": "Point",
        "coordinates": [
          14.01751,
          37.6494
        ]
      }
    },
    {
      "type": "Feature",
      "properties": {
        "source": "viirs_noaa20",
        "satellite": "N20",
        "acq_at": "2026-09-30 12:38:00",
        "frp": "3.13",
        "confidence": "nominal"
      },
      "geometry": {
        "type": "Point",
        "coordinates": [
          14.01272,
          37.64897
        ]
      }
    },
    {
      "type": "Feature",
      "properties": {
        "source": "viirs_noaa20",
        "satellite": "N20",
        "acq_at": "2026-09-30 12:38:00",
        "frp": "7.14",
        "confidence": "nominal"
      },
      "geometry": {
        "type": "Point",
        "coordinates": [
          13.83949,
          37.66365
        ]
      }
    },
    {
      "type": "Feature",
      "properties": {
        "source": "viirs_noaa20",
        "satellite": "N20",
        "acq_at": "2026-09-30 12:38:00",
        "frp": "7.14",
        "confidence": "nominal"
      },
      "geometry": {
        "type": "Point",
        "coordinates": [
          13.84428,
          37.6684
        ]
      }
    },
    {
      "type": "Feature",
      "properties": {
        "source": "viirs_noaa20",
        "satellite": "N20",
        "acq_at": "2026-09-30 12:38:00",
        "frp": "7.14",
        "confidence": "nominal"
      },
      "geometry": {
        "type": "Point",
        "coordinates": [
          13.83916,
          37.66793
        ]
      }
    },
    {
      "type": "Feature",
      "properties": {
        "source": "viirs_noaa20",
        "satellite": "N20",
        "acq_at": "2026-09-30 12:38:00",
        "frp": "7.59",
        "confidence": "nominal"
      },
      "geometry": {
        "type": "Point",
        "coordinates": [
          13.74846,
          37.69817
        ]
      }
    },
    {
      "type": "Feature",
      "properties": {
        "source": "viirs_noaa20",
        "satellite": "N20",
        "acq_at": "2026-09-30 12:38:00",
        "frp": "5.72",
        "confidence": "nominal"
      },
      "geometry": {
        "type": "Point",
        "coordinates": [
          13.75291,
          37.70289
        ]
      }
    },
    {
      "type": "Feature",
      "properties": {
        "source": "viirs_noaa20",
        "satellite": "N20",
        "acq_at": "2026-09-30 12:38:00",
        "frp": "3.39",
        "confidence": "low"
      },
      "geometry": {
        "type": "Point",
        "coordinates": [
          12.80555,
          37.74153
        ]
      }
    },
    {
      "type": "Feature",
      "properties": {
        "source": "viirs_noaa20",
        "satellite": "N20",
        "acq_at": "2026-09-30 12:38:00",
        "frp": "2.41",
        "confidence": "nominal"
      },
      "geometry": {
        "type": "Point",
        "coordinates": [
          12.79674,
          37.74067
        ]
      }
    },
    {
      "type": "Feature",
      "properties": {
        "source": "viirs_noaa20",
        "satellite": "N20",
        "acq_at": "2026-09-30 12:38:00",
        "frp": "1.71",
        "confidence": "low"
      },
      "geometry": {
        "type": "Point",
        "coordinates": [
          12.7963,
          37.74471
        ]
      }
    },
    {
      "type": "Feature",
      "properties": {
        "source": "viirs_noaa20",
        "satellite": "N20",
        "acq_at": "2026-09-30 12:38:00",
        "frp": "5.04",
        "confidence": "low"
      },
      "geometry": {
        "type": "Point",
        "coordinates": [
          13.17255,
          37.81451
        ]
      }
    },
    {
      "type": "Feature",
      "properties": {
        "source": "viirs_noaa20",
        "satellite": "N20",
        "acq_at": "2026-09-30 12:38:00",
        "frp": "35.22",
        "confidence": "nominal"
      },
      "geometry": {
        "type": "Point",
        "coordinates": [
          13.03792,
          37.80552
        ]
      }
    },
    {
      "type": "Feature",
      "properties": {
        "source": "viirs_noaa20",
        "satellite": "N20",
        "acq_at": "2026-09-30 12:38:00",
        "frp": "1.84",
        "confidence": "low"
      },
      "geometry": {
        "type": "Point",
        "coordinates": [
          12.82971,
          37.79307
        ]
      }
    },
    {
      "type": "Feature",
      "properties": {
        "source": "viirs_noaa20",
        "satellite": "N20",
        "acq_at": "2026-09-30 12:38:00",
        "frp": "3.69",
        "confidence": "nominal"
      },
      "geometry": {
        "type": "Point",
        "coordinates": [
          12.91821,
          37.839
        ]
      }
    },
    {
      "type": "Feature",
      "properties": {
        "source": "viirs_noaa20",
        "satellite": "N20",
        "acq_at": "2026-09-30 12:38:00",
        "frp": "3.69",
        "confidence": "nominal"
      },
      "geometry": {
        "type": "Point",
        "coordinates": [
          12.91359,
          37.83853
        ]
      }
    },
    {
      "type": "Feature",
      "properties": {
        "source": "viirs_noaa20",
        "satellite": "N20",
        "acq_at": "2026-09-30 12:38:00",
        "frp": "22.23",
        "confidence": "nominal"
      },
      "geometry": {
        "type": "Point",
        "coordinates": [
          13.22356,
          37.88865
        ]
      }
    },
    {
      "type": "Feature",
      "properties": {
        "source": "viirs_noaa20",
        "satellite": "N20",
        "acq_at": "2026-09-30 12:38:00",
        "frp": "10.34",
        "confidence": "nominal"
      },
      "geometry": {
        "type": "Point",
        "coordinates": [
          13.22284,
          37.89277
        ]
      }
    },
    {
      "type": "Feature",
      "properties": {
        "source": "viirs_noaa20",
        "satellite": "N20",
        "acq_at": "2026-09-30 12:38:00",
        "frp": "12.56",
        "confidence": "nominal"
      },
      "geometry": {
        "type": "Point",
        "coordinates": [
          13.1984,
          37.89464
        ]
      }
    },
    {
      "type": "Feature",
      "properties": {
        "source": "viirs_noaa20",
        "satellite": "N20",
        "acq_at": "2026-09-30 12:38:00",
        "frp": "12.56",
        "confidence": "nominal"
      },
      "geometry": {
        "type": "Point",
        "coordinates": [
          13.19377,
          37.8942
        ]
      }
    },
    {
      "type": "Feature",
      "properties": {
        "source": "viirs_noaa20",
        "satellite": "N20",
        "acq_at": "2026-09-30 12:38:00",
        "frp": "35.88",
        "confidence": "nominal"
      },
      "geometry": {
        "type": "Point",
        "coordinates": [
          13.19785,
          37.89877
        ]
      }
    },
    {
      "type": "Feature",
      "properties": {
        "source": "viirs_noaa20",
        "satellite": "N20",
        "acq_at": "2026-09-30 12:38:00",
        "frp": "18.43",
        "confidence": "nominal"
      },
      "geometry": {
        "type": "Point",
        "coordinates": [
          12.86301,
          37.86646
        ]
      }
    },
    {
      "type": "Feature",
      "properties": {
        "source": "viirs_noaa20",
        "satellite": "N20",
        "acq_at": "2026-09-30 12:38:00",
        "frp": "18.43",
        "confidence": "nominal"
      },
      "geometry": {
        "type": "Point",
        "coordinates": [
          12.86222,
          37.87049
        ]
      }
    },
    {
      "type": "Feature",
      "properties": {
        "source": "viirs_noaa20",
        "satellite": "N20",
        "acq_at": "2026-09-30 12:38:00",
        "frp": "4.51",
        "confidence": "nominal"
      },
      "geometry": {
        "type": "Point",
        "coordinates": [
          13.21033,
          37.9418
        ]
      }
    },
    {
      "type": "Feature",
      "properties": {
        "source": "viirs_noaa20",
        "satellite": "N20",
        "acq_at": "2026-09-30 12:38:00",
        "frp": "6.63",
        "confidence": "nominal"
      },
      "geometry": {
        "type": "Point",
        "coordinates": [
          12.99097,
          37.93685
        ]
      }
    },
    {
      "type": "Feature",
      "properties": {
        "source": "viirs_noaa20",
        "satellite": "N20",
        "acq_at": "2026-09-30 12:38:00",
        "frp": "4.94",
        "confidence": "nominal"
      },
      "geometry": {
        "type": "Point",
        "coordinates": [
          12.99688,
          37.95815
        ]
      }
    },
    {
      "type": "Feature",
      "properties": {
        "source": "viirs_noaa20",
        "satellite": "N20",
        "acq_at": "2026-09-30 12:38:00",
        "frp": "10.15",
        "confidence": "nominal"
      },
      "geometry": {
        "type": "Point",
        "coordinates": [
          16.13877,
          38.24376
        ]
      }
    },
    {
      "type": "Feature",
      "properties": {
        "source": "viirs_noaa20",
        "satellite": "N20",
        "acq_at": "2026-09-30 12:38:00",
        "frp": "5.09",
        "confidence": "nominal"
      },
      "geometry": {
        "type": "Point",
        "coordinates": [
          12.64349,
          37.93977
        ]
      }
    },
    {
      "type": "Feature",
      "properties": {
        "source": "viirs_noaa20",
        "satellite": "N20",
        "acq_at": "2026-09-30 12:38:00",
        "frp": "14.08",
        "confidence": "nominal"
      },
      "geometry": {
        "type": "Point",
        "coordinates": [
          16.13736,
          38.2465
        ]
      }
    },
    {
      "type": "Feature",
      "properties": {
        "source": "viirs_noaa20",
        "satellite": "N20",
        "acq_at": "2026-09-30 12:38:00",
        "frp": "2.23",
        "confidence": "nominal"
      },
      "geometry": {
        "type": "Point",
        "coordinates": [
          13.10828,
          38.00979
        ]
      }
    },
    {
      "type": "Feature",
      "properties": {
        "source": "viirs_noaa20",
        "satellite": "N20",
        "acq_at": "2026-09-30 12:38:00",
        "frp": "9.13",
        "confidence": "nominal"
      },
      "geometry": {
        "type": "Point",
        "coordinates": [
          12.78584,
          38.03164
        ]
      }
    },
    {
      "type": "Feature",
      "properties": {
        "source": "viirs_noaa20",
        "satellite": "N20",
        "acq_at": "2026-09-30 12:38:00",
        "frp": "4.21",
        "confidence": "nominal"
      },
      "geometry": {
        "type": "Point",
        "coordinates": [
          16.19777,
          38.7652
        ]
      }
    },
    {
      "type": "Feature",
      "properties": {
        "source": "viirs_noaa20",
        "satellite": "N20",
        "acq_at": "2026-09-30 12:38:00",
        "frp": "3.54",
        "confidence": "nominal"
      },
      "geometry": {
        "type": "Point",
        "coordinates": [
          17.1007,
          38.95818
        ]
      }
    },
    {
      "type": "Feature",
      "properties": {
        "source": "viirs_noaa20",
        "satellite": "N20",
        "acq_at": "2026-09-30 12:38:00",
        "frp": "1.63",
        "confidence": "nominal"
      },
      "geometry": {
        "type": "Point",
        "coordinates": [
          8.99867,
          39.40908
        ]
      }
    },
    {
      "type": "Feature",
      "properties": {
        "source": "viirs_noaa20",
        "satellite": "N20",
        "acq_at": "2026-09-30 12:38:00",
        "frp": "2.86",
        "confidence": "nominal"
      },
      "geometry": {
        "type": "Point",
        "coordinates": [
          18.32459,
          40.27301
        ]
      }
    },
    {
      "type": "Feature",
      "properties": {
        "source": "viirs_noaa20",
        "satellite": "N20",
        "acq_at": "2026-09-30 12:38:00",
        "frp": "9.35",
        "confidence": "nominal"
      },
      "geometry": {
        "type": "Point",
        "coordinates": [
          17.82349,
          40.28823
        ]
      }
    },
    {
      "type": "Feature",
      "properties": {
        "source": "viirs_noaa20",
        "satellite": "N20",
        "acq_at": "2026-09-30 12:38:00",
        "frp": "3.64",
        "confidence": "nominal"
      },
      "geometry": {
        "type": "Point",
        "coordinates": [
          17.32581,
          40.64048
        ]
      }
    },
    {
      "type": "Feature",
      "properties": {
        "source": "viirs_noaa20",
        "satellite": "N20",
        "acq_at": "2026-09-30 12:38:00",
        "frp": "4.46",
        "confidence": "nominal"
      },
      "geometry": {
        "type": "Point",
        "coordinates": [
          17.79704,
          40.67994
        ]
      }
    },
    {
      "type": "Feature",
      "properties": {
        "source": "viirs_noaa20",
        "satellite": "N20",
        "acq_at": "2026-09-30 12:38:00",
        "frp": "2.38",
        "confidence": "nominal"
      },
      "geometry": {
        "type": "Point",
        "coordinates": [
          16.7883,
          40.67432
        ]
      }
    },
    {
      "type": "Feature",
      "properties": {
        "source": "viirs_noaa20",
        "satellite": "N20",
        "acq_at": "2026-09-30 12:38:00",
        "frp": "2.38",
        "confidence": "nominal"
      },
      "geometry": {
        "type": "Point",
        "coordinates": [
          16.78422,
          40.67408
        ]
      }
    },
    {
      "type": "Feature",
      "properties": {
        "source": "viirs_noaa20",
        "satellite": "N20",
        "acq_at": "2026-09-30 12:38:00",
        "frp": "47.21",
        "confidence": "nominal"
      },
      "geometry": {
        "type": "Point",
        "coordinates": [
          15.77691,
          40.91789
        ]
      }
    },
    {
      "type": "Feature",
      "properties": {
        "source": "viirs_noaa20",
        "satellite": "N20",
        "acq_at": "2026-09-30 12:38:00",
        "frp": "4.83",
        "confidence": "nominal"
      },
      "geometry": {
        "type": "Point",
        "coordinates": [
          15.86682,
          41.09546
        ]
      }
    },
    {
      "type": "Feature",
      "properties": {
        "source": "viirs_noaa20",
        "satellite": "N20",
        "acq_at": "2026-09-30 12:38:00",
        "frp": "8.09",
        "confidence": "nominal"
      },
      "geometry": {
        "type": "Point",
        "coordinates": [
          15.30158,
          41.43481
        ]
      }
    },
    {
      "type": "Feature",
      "properties": {
        "source": "viirs_noaa20",
        "satellite": "N20",
        "acq_at": "2026-09-30 12:38:00",
        "frp": "6.2",
        "confidence": "nominal"
      },
      "geometry": {
        "type": "Point",
        "coordinates": [
          12.71436,
          41.51281
        ]
      }
    },
    {
      "type": "Feature",
      "properties": {
        "source": "viirs_noaa20",
        "satellite": "N20",
        "acq_at": "2026-09-30 12:38:00",
        "frp": "5.02",
        "confidence": "nominal"
      },
      "geometry": {
        "type": "Point",
        "coordinates": [
          14.7578,
          42.06088
        ]
      }
    },
    {
      "type": "Feature",
      "properties": {
        "source": "viirs_noaa20",
        "satellite": "N20",
        "acq_at": "2026-09-30 12:38:00",
        "frp": "11.04",
        "confidence": "nominal"
      },
      "geometry": {
        "type": "Point",
        "coordinates": [
          14.7544,
          42.06207
        ]
      }
    },
    {
      "type": "Feature",
      "properties": {
        "source": "viirs_noaa20",
        "satellite": "N20",
        "acq_at": "2026-09-30 12:38:00",
        "frp": "5.62",
        "confidence": "nominal"
      },
      "geometry": {
        "type": "Point",
        "coordinates": [
          17.29283,
          43.35923
        ]
      }
    },
    {
      "type": "Feature",
      "properties": {
        "source": "viirs_noaa20",
        "satellite": "N20",
        "acq_at": "2026-09-30 12:38:00",
        "frp": "3.6",
        "confidence": "nominal"
      },
      "geometry": {
        "type": "Point",
        "coordinates": [
          17.29569,
          43.36079
        ]
      }
    },
    {
      "type": "Feature",
      "properties": {
        "source": "viirs_noaa20",
        "satellite": "N20",
        "acq_at": "2026-09-30 12:38:00",
        "frp": "10.19",
        "confidence": "high"
      },
      "geometry": {
        "type": "Point",
        "coordinates": [
          18.97665,
          43.67991
        ]
      }
    },
    {
      "type": "Feature",
      "properties": {
        "source": "viirs_noaa20",
        "satellite": "N20",
        "acq_at": "2026-09-30 12:40:00",
        "frp": "3.06",
        "confidence": "nominal"
      },
      "geometry": {
        "type": "Point",
        "coordinates": [
          10.69421,
          43.72835
        ]
      }
    },
    {
      "type": "Feature",
      "properties": {
        "source": "viirs_noaa20",
        "satellite": "N20",
        "acq_at": "2026-09-30 12:40:00",
        "frp": "3.64",
        "confidence": "nominal"
      },
      "geometry": {
        "type": "Point",
        "coordinates": [
          18.10136,
          44.7912
        ]
      }
    },
    {
      "type": "Feature",
      "properties": {
        "source": "viirs_noaa20",
        "satellite": "N20",
        "acq_at": "2026-09-30 12:40:00",
        "frp": "2.48",
        "confidence": "nominal"
      },
      "geometry": {
        "type": "Point",
        "coordinates": [
          18.08908,
          44.84809
        ]
      }
    },
    {
      "type": "Feature",
      "properties": {
        "source": "viirs_noaa20",
        "satellite": "N20",
        "acq_at": "2026-09-30 12:40:00",
        "frp": "3.53",
        "confidence": "nominal"
      },
      "geometry": {
        "type": "Point",
        "coordinates": [
          17.29261,
          44.96147
        ]
      }
    },
    {
      "type": "Feature",
      "properties": {
        "source": "viirs_noaa20",
        "satellite": "N20",
        "acq_at": "2026-09-30 12:40:00",
        "frp": "3.19",
        "confidence": "nominal"
      },
      "geometry": {
        "type": "Point",
        "coordinates": [
          16.28109,
          44.9717
        ]
      }
    },
    {
      "type": "Feature",
      "properties": {
        "source": "viirs_noaa20",
        "satellite": "N20",
        "acq_at": "2026-09-30 12:40:00",
        "frp": "2.61",
        "confidence": "nominal"
      },
      "geometry": {
        "type": "Point",
        "coordinates": [
          18.41284,
          45.06198
        ]
      }
    },
    {
      "type": "Feature",
      "properties": {
        "source": "viirs_noaa20",
        "satellite": "N20",
        "acq_at": "2026-09-30 12:40:00",
        "frp": "1.26",
        "confidence": "nominal"
      },
      "geometry": {
        "type": "Point",
        "coordinates": [
          16.62739,
          45.00951
        ]
      }
    },
    {
      "type": "Feature",
      "properties": {
        "source": "viirs_noaa20",
        "satellite": "N20",
        "acq_at": "2026-09-30 12:40:00",
        "frp": "3.31",
        "confidence": "nominal"
      },
      "geometry": {
        "type": "Point",
        "coordinates": [
          18.41197,
          45.06167
        ]
      }
    },
    {
      "type": "Feature",
      "properties": {
        "source": "viirs_noaa20",
        "satellite": "N20",
        "acq_at": "2026-09-30 12:40:00",
        "frp": "3.66",
        "confidence": "nominal"
      },
      "geometry": {
        "type": "Point",
        "coordinates": [
          12.09682,
          44.85691
        ]
      }
    },
    {
      "type": "Feature",
      "properties": {
        "source": "viirs_noaa20",
        "satellite": "N20",
        "acq_at": "2026-09-30 12:40:00",
        "frp": "1.05",
        "confidence": "nominal"
      },
      "geometry": {
        "type": "Point",
        "coordinates": [
          12.02524,
          44.85098
        ]
      }
    },
    {
      "type": "Feature",
      "properties": {
        "source": "viirs_noaa20",
        "satellite": "N20",
        "acq_at": "2026-09-30 12:40:00",
        "frp": "3.66",
        "confidence": "nominal"
      },
      "geometry": {
        "type": "Point",
        "coordinates": [
          12.09614,
          44.86115
        ]
      }
    },
    {
      "type": "Feature",
      "properties": {
        "source": "viirs_noaa20",
        "satellite": "N20",
        "acq_at": "2026-09-30 12:40:00",
        "frp": "4.63",
        "confidence": "nominal"
      },
      "geometry": {
        "type": "Point",
        "coordinates": [
          12.11905,
          44.89312
        ]
      }
    },
    {
      "type": "Feature",
      "properties": {
        "source": "viirs_noaa20",
        "satellite": "N20",
        "acq_at": "2026-09-30 12:40:00",
        "frp": "3.28",
        "confidence": "nominal"
      },
      "geometry": {
        "type": "Point",
        "coordinates": [
          12.11215,
          44.90114
        ]
      }
    },
    {
      "type": "Feature",
      "properties": {
        "source": "viirs_noaa20",
        "satellite": "N20",
        "acq_at": "2026-09-30 12:40:00",
        "frp": "2.58",
        "confidence": "nominal"
      },
      "geometry": {
        "type": "Point",
        "coordinates": [
          17.24448,
          45.51705
        ]
      }
    },
    {
      "type": "Feature",
      "properties": {
        "source": "viirs_noaa20",
        "satellite": "N20",
        "acq_at": "2026-10-01 00:54:00",
        "frp": "0.56",
        "confidence": "nominal"
      },
      "geometry": {
        "type": "Point",
        "coordinates": [
          15.2827,
          47.44307
        ]
      }
    },
    {
      "type": "Feature",
      "properties": {
        "source": "viirs_noaa20",
        "satellite": "N20",
        "acq_at": "2026-10-01 00:56:00",
        "frp": "0.33",
        "confidence": "nominal"
      },
      "geometry": {
        "type": "Point",
        "coordinates": [
          17.06696,
          46.09069
        ]
      }
    },
    {
      "type": "Feature",
      "properties": {
        "source": "viirs_noaa20",
        "satellite": "N20",
        "acq_at": "2026-10-01 00:56:00",
        "frp": "1.86",
        "confidence": "nominal"
      },
      "geometry": {
        "type": "Point",
        "coordinates": [
          18.97554,
          43.67958
        ]
      }
    },
    {
      "type": "Feature",
      "properties": {
        "source": "viirs_noaa20",
        "satellite": "N20",
        "acq_at": "2026-10-01 00:56:00",
        "frp": "0.68",
        "confidence": "nominal"
      },
      "geometry": {
        "type": "Point",
        "coordinates": [
          11.90849,
          44.2725
        ]
      }
    },
    {
      "type": "Feature",
      "properties": {
        "source": "viirs_noaa20",
        "satellite": "N20",
        "acq_at": "2026-10-01 00:56:00",
        "frp": "1.36",
        "confidence": "nominal"
      },
      "geometry": {
        "type": "Point",
        "coordinates": [
          15.49389,
          41.2654
        ]
      }
    },
    {
      "type": "Feature",
      "properties": {
        "source": "viirs_noaa20",
        "satellite": "N20",
        "acq_at": "2026-10-01 00:56:00",
        "frp": "0.66",
        "confidence": "nominal"
      },
      "geometry": {
        "type": "Point",
        "coordinates": [
          13.5296,
          41.36997
        ]
      }
    },
    {
      "type": "Feature",
      "properties": {
        "source": "viirs_noaa20",
        "satellite": "N20",
        "acq_at": "2026-10-01 00:56:00",
        "frp": "0.21",
        "confidence": "nominal"
      },
      "geometry": {
        "type": "Point",
        "coordinates": [
          13.00615,
          41.39127
        ]
      }
    },
    {
      "type": "Feature",
      "properties": {
        "source": "viirs_noaa20",
        "satellite": "N20",
        "acq_at": "2026-10-01 00:56:00",
        "frp": "0.8",
        "confidence": "nominal"
      },
      "geometry": {
        "type": "Point",
        "coordinates": [
          13.76385,
          41.28231
        ]
      }
    },
    {
      "type": "Feature",
      "properties": {
        "source": "viirs_noaa20",
        "satellite": "N20",
        "acq_at": "2026-10-01 00:56:00",
        "frp": "4.05",
        "confidence": "nominal"
      },
      "geometry": {
        "type": "Point",
        "coordinates": [
          17.54916,
          40.5432
        ]
      }
    },
    {
      "type": "Feature",
      "properties": {
        "source": "viirs_noaa20",
        "satellite": "N20",
        "acq_at": "2026-10-01 00:56:00",
        "frp": "4.05",
        "confidence": "nominal"
      },
      "geometry": {
        "type": "Point",
        "coordinates": [
          17.55373,
          40.54242
        ]
      }
    },
    {
      "type": "Feature",
      "properties": {
        "source": "viirs_noaa20",
        "satellite": "N20",
        "acq_at": "2026-10-01 00:56:00",
        "frp": "0.93",
        "confidence": "nominal"
      },
      "geometry": {
        "type": "Point",
        "coordinates": [
          17.19431,
          40.49356
        ]
      }
    },
    {
      "type": "Feature",
      "properties": {
        "source": "viirs_noaa20",
        "satellite": "N20",
        "acq_at": "2026-10-01 00:56:00",
        "frp": "1.19",
        "confidence": "nominal"
      },
      "geometry": {
        "type": "Point",
        "coordinates": [
          14.48056,
          40.63759
        ]
      }
    },
    {
      "type": "Feature",
      "properties": {
        "source": "viirs_noaa20",
        "satellite": "N20",
        "acq_at": "2026-10-01 00:56:00",
        "frp": "2.59",
        "confidence": "nominal"
      },
      "geometry": {
        "type": "Point",
        "coordinates": [
          13.91514,
          40.70928
        ]
      }
    },
    {
      "type": "Feature",
      "properties": {
        "source": "viirs_noaa20",
        "satellite": "N20",
        "acq_at": "2026-10-01 00:56:00",
        "frp": "2.04",
        "confidence": "nominal"
      },
      "geometry": {
        "type": "Point",
        "coordinates": [
          13.91035,
          40.70993
        ]
      }
    },
    {
      "type": "Feature",
      "properties": {
        "source": "viirs_noaa20",
        "satellite": "N20",
        "acq_at": "2026-10-01 00:56:00",
        "frp": "2.04",
        "confidence": "nominal"
      },
      "geometry": {
        "type": "Point",
        "coordinates": [
          13.90933,
          40.70657
        ]
      }
    },
    {
      "type": "Feature",
      "properties": {
        "source": "viirs_noaa20",
        "satellite": "N20",
        "acq_at": "2026-10-01 00:56:00",
        "frp": "2.59",
        "confidence": "nominal"
      },
      "geometry": {
        "type": "Point",
        "coordinates": [
          13.91415,
          40.70591
        ]
      }
    },
    {
      "type": "Feature",
      "properties": {
        "source": "viirs_noaa20",
        "satellite": "N20",
        "acq_at": "2026-10-01 00:56:00",
        "frp": "0.75",
        "confidence": "nominal"
      },
      "geometry": {
        "type": "Point",
        "coordinates": [
          13.91251,
          40.70582
        ]
      }
    },
    {
      "type": "Feature",
      "properties": {
        "source": "viirs_noaa20",
        "satellite": "N20",
        "acq_at": "2026-10-01 00:56:00",
        "frp": "0.75",
        "confidence": "nominal"
      },
      "geometry": {
        "type": "Point",
        "coordinates": [
          13.90673,
          40.70313
        ]
      }
    },
    {
      "type": "Feature",
      "properties": {
        "source": "viirs_noaa20",
        "satellite": "N20",
        "acq_at": "2026-10-01 00:56:00",
        "frp": "0.36",
        "confidence": "nominal"
      },
      "geometry": {
        "type": "Point",
        "coordinates": [
          8.67248,
          40.28772
        ]
      }
    },
    {
      "type": "Feature",
      "properties": {
        "source": "viirs_noaa20",
        "satellite": "N20",
        "acq_at": "2026-10-01 00:58:00",
        "frp": "0.91",
        "confidence": "nominal"
      },
      "geometry": {
        "type": "Point",
        "coordinates": [
          16.21848,
          38.25354
        ]
      }
    },
    {
      "type": "Feature",
      "properties": {
        "source": "viirs_noaa20",
        "satellite": "N20",
        "acq_at": "2026-10-01 00:58:00",
        "frp": "3.3",
        "confidence": "nominal"
      },
      "geometry": {
        "type": "Point",
        "coordinates": [
          15.44322,
          38.03412
        ]
      }
    },
    {
      "type": "Feature",
      "properties": {
        "source": "viirs_noaa20",
        "satellite": "N20",
        "acq_at": "2026-10-01 00:58:00",
        "frp": "0.34",
        "confidence": "nominal"
      },
      "geometry": {
        "type": "Point",
        "coordinates": [
          13.06725,
          38.03998
        ]
      }
    },
    {
      "type": "Feature",
      "properties": {
        "source": "viirs_noaa20",
        "satellite": "N20",
        "acq_at": "2026-10-01 00:58:00",
        "frp": "0.4",
        "confidence": "nominal"
      },
      "geometry": {
        "type": "Point",
        "coordinates": [
          14.72336,
          36.9029
        ]
      }
    },
    {
      "type": "Feature",
      "properties": {
        "source": "viirs_noaa20",
        "satellite": "N20",
        "acq_at": "2026-10-01 00:58:00",
        "frp": "0.62",
        "confidence": "nominal"
      },
      "geometry": {
        "type": "Point",
        "coordinates": [
          14.51178,
          36.88442
        ]
      }
    },
    {
      "type": "Feature",
      "properties": {
        "source": "viirs_noaa20",
        "satellite": "N20",
        "acq_at": "2026-10-01 00:58:00",
        "frp": "1.85",
        "confidence": "nominal"
      },
      "geometry": {
        "type": "Point",
        "coordinates": [
          13.76711,
          36.87785
        ]
      }
    },
    {
      "type": "Feature",
      "properties": {
        "source": "viirs_noaa20",
        "satellite": "N20",
        "acq_at": "2026-10-01 00:58:00",
        "frp": "2.32",
        "confidence": "nominal"
      },
      "geometry": {
        "type": "Point",
        "coordinates": [
          9.36108,
          37.12413
        ]
      }
    },
    {
      "type": "Feature",
      "properties": {
        "source": "viirs_noaa20",
        "satellite": "N20",
        "acq_at": "2026-10-01 00:58:00",
        "frp": "5.81",
        "confidence": "nominal"
      },
      "geometry": {
        "type": "Point",
        "coordinates": [
          9.40585,
          36.93645
        ]
      }
    },
    {
      "type": "Feature",
      "properties": {
        "source": "viirs_noaa20",
        "satellite": "N20",
        "acq_at": "2026-10-01 00:58:00",
        "frp": "8.47",
        "confidence": "nominal"
      },
      "geometry": {
        "type": "Point",
        "coordinates": [
          9.4058,
          36.93614
        ]
      }
    },
    {
      "type": "Feature",
      "properties": {
        "source": "viirs_noaa20",
        "satellite": "N20",
        "acq_at": "2026-10-01 00:58:00",
        "frp": "1.04",
        "confidence": "nominal"
      },
      "geometry": {
        "type": "Point",
        "coordinates": [
          6.9339,
          36.87495
        ]
      }
    },
    {
      "type": "Feature",
      "properties": {
        "source": "viirs_noaa20",
        "satellite": "N20",
        "acq_at": "2026-10-01 00:58:00",
        "frp": "1.71",
        "confidence": "nominal"
      },
      "geometry": {
        "type": "Point",
        "coordinates": [
          6.93806,
          36.87197
        ]
      }
    },
    {
      "type": "Feature",
      "properties": {
        "source": "viirs_noaa20",
        "satellite": "N20",
        "acq_at": "2026-10-01 00:58:00",
        "frp": "0.81",
        "confidence": "nominal"
      },
      "geometry": {
        "type": "Point",
        "coordinates": [
          8.59252,
          35.85011
        ]
      }
    },
    {
      "type": "Feature",
      "properties": {
        "source": "viirs_noaa20",
        "satellite": "N20",
        "acq_at": "2026-10-01 00:58:00",
        "frp": "1.09",
        "confidence": "nominal"
      },
      "geometry": {
        "type": "Point",
        "coordinates": [
          8.59085,
          35.85334
        ]
      }
    },
    {
      "type": "Feature",
      "properties": {
        "source": "viirs_noaa20",
        "satellite": "N20",
        "acq_at": "2026-10-01 02:36:00",
        "frp": "1.42",
        "confidence": "nominal"
      },
      "geometry": {
        "type": "Point",
        "coordinates": [
          11.94479,
          45.38622
        ]
      }
    },
    {
      "type": "Feature",
      "properties": {
        "source": "modis",
        "satellite": "A",
        "acq_at": "2026-09-30 13:44:00",
        "frp": "18.45",
        "confidence": "51"
      },
      "geometry": {
        "type": "Point",
        "coordinates": [
          12.90836,
          37.77057
        ]
      }
    },
    {
      "type": "Feature",
      "properties": {
        "source": "modis",
        "satellite": "A",
        "acq_at": "2026-09-30 13:44:00",
        "frp": "31.05",
        "confidence": "44"
      },
      "geometry": {
        "type": "Point",
        "coordinates": [
          13.27187,
          37.92256
        ]
      }
    },
    {
      "type": "Feature",
      "properties": {
        "source": "modis",
        "satellite": "A",
        "acq_at": "2026-09-30 13:44:00",
        "frp": "119.39",
        "confidence": "82"
      },
      "geometry": {
        "type": "Point",
        "coordinates": [
          13.19578,
          37.93448
        ]
      }
    },
    {
      "type": "Feature",
      "properties": {
        "source": "modis",
        "satellite": "A",
        "acq_at": "2026-09-30 13:44:00",
        "frp": "30.84",
        "confidence": "50"
      },
      "geometry": {
        "type": "Point",
        "coordinates": [
          12.9832,
          37.92929
        ]
      }
    },
    {
      "type": "Feature",
      "properties": {
        "source": "modis",
        "satellite": "A",
        "acq_at": "2026-09-30 13:44:00",
        "frp": "38.41",
        "confidence": "53"
      },
      "geometry": {
        "type": "Point",
        "coordinates": [
          13.21991,
          37.94498
        ]
      }
    },
    {
      "type": "Feature",
      "properties": {
        "source": "modis",
        "satellite": "A",
        "acq_at": "2026-09-30 13:44:00",
        "frp": "105.88",
        "confidence": "80"
      },
      "geometry": {
        "type": "Point",
        "coordinates": [
          13.18724,
          37.93692
        ]
      }
    },
    {
      "type": "Feature",
      "properties": {
        "source": "modis",
        "satellite": "A",
        "acq_at": "2026-09-30 13:44:00",
        "frp": "26.68",
        "confidence": "38"
      },
      "geometry": {
        "type": "Point",
        "coordinates": [
          12.97566,
          37.93072
        ]
      }
    },
    {
      "type": "Feature",
      "properties": {
        "source": "modis",
        "satellite": "A",
        "acq_at": "2026-09-30 13:44:00",
        "frp": "10.98",
        "confidence": "33"
      },
      "geometry": {
        "type": "Point",
        "coordinates": [
          17.0491,
          38.92921
        ]
      }
    },
    {
      "type": "Feature",
      "properties": {
        "source": "modis",
        "satellite": "A",
        "acq_at": "2026-09-30 13:44:00",
        "frp": "41.61",
        "confidence": "81"
      },
      "geometry": {
        "type": "Point",
        "coordinates": [
          15.89806,
          40.90855
        ]
      }
    },
    {
      "type": "Feature",
      "properties": {
        "source": "modis",
        "satellite": "A",
        "acq_at": "2026-09-30 13:44:00",
        "frp": "22.94",
        "confidence": "73"
      },
      "geometry": {
        "type": "Point",
        "coordinates": [
          15.5011,
          41.16765
        ]
      }
    },
    {
      "type": "Feature",
      "properties": {
        "source": "modis",
        "satellite": "A",
        "acq_at": "2026-09-30 13:44:00",
        "frp": "10.68",
        "confidence": "66"
      },
      "geometry": {
        "type": "Point",
        "coordinates": [
          15.26327,
          41.60173
        ]
      }
    },
    {
      "type": "Feature",
      "properties": {
        "source": "modis",
        "satellite": "A",
        "acq_at": "2026-09-30 13:44:00",
        "frp": "8.62",
        "confidence": "69"
      },
      "geometry": {
        "type": "Point",
        "coordinates": [
          17.35617,
          43.33318
        ]
      }
    },
    {
      "type": "Feature",
      "properties": {
        "source": "modis",
        "satellite": "A",
        "acq_at": "2026-09-30 13:44:00",
        "frp": "9.36",
        "confidence": "68"
      },
      "geometry": {
        "type": "Point",
        "coordinates": [
          18.97064,
          43.67167
        ]
      }
    },
    {
      "type": "Feature",
      "properties": {
        "source": "modis",
        "satellite": "A",
        "acq_at": "2026-09-30 13:44:00",
        "frp": "17.25",
        "confidence": "65"
      },
      "geometry": {
        "type": "Point",
        "coordinates": [
          13.62876,
          43.14238
        ]
      }
    },
    {
      "type": "Feature",
      "properties": {
        "source": "modis",
        "satellite": "A",
        "acq_at": "2026-09-30 13:44:00",
        "frp": "4.42",
        "confidence": "46"
      },
      "geometry": {
        "type": "Point",
        "coordinates": [
          18.56496,
          46.33663
        ]
      }
    },
    {
      "type": "Feature",
      "properties": {
        "source": "modis",
        "satellite": "A",
        "acq_at": "2026-09-30 13:44:00",
        "frp": "13.77",
        "confidence": "56"
      },
      "geometry": {
        "type": "Point",
        "coordinates": [
          10.99935,
          45.32933
        ]
      }
    },
    {
      "type": "Feature",
      "properties": {
        "source": "modis",
        "satellite": "T",
        "acq_at": "2026-09-30 19:34:00",
        "frp": "14.69",
        "confidence": "94"
      },
      "geometry": {
        "type": "Point",
        "coordinates": [
          9.4102,
          36.93641
        ]
      }
    },
    {
      "type": "Feature",
      "properties": {
        "source": "modis",
        "satellite": "T",
        "acq_at": "2026-09-30 19:34:00",
        "frp": "6.54",
        "confidence": "66"
      },
      "geometry": {
        "type": "Point",
        "coordinates": [
          9.39922,
          36.93484
        ]
      }
    },
    {
      "type": "Feature",
      "properties": {
        "source": "modis",
        "satellite": "T",
        "acq_at": "2026-10-01 07:31:00",
        "frp": "39.78",
        "confidence": "0"
      },
      "geometry": {
        "type": "Point",
        "coordinates": [
          17.92327,
          40.67226
        ]
      }
    },
    {
      "type": "Feature",
      "properties": {
        "source": "viirs_snpp",
        "satellite": "N",
        "acq_at": "2026-10-01 11:57:00",
        "frp": "9.82",
        "confidence": "nominal"
      },
      "geometry": {
        "type": "Point",
        "coordinates": [
          13.9109,
          37.17926
        ]
      }
    },
    {
      "type": "Feature",
      "properties": {
        "source": "viirs_snpp",
        "satellite": "N",
        "acq_at": "2026-10-01 11:57:00",
        "frp": "3.93",
        "confidence": "nominal"
      },
      "geometry": {
        "type": "Point",
        "coordinates": [
          15.06086,
          37.41469
        ]
      }
    },
    {
      "type": "Feature",
      "properties": {
        "source": "viirs_snpp",
        "satellite": "N",
        "acq_at": "2026-10-01 11:57:00",
        "frp": "2.52",
        "confidence": "low"
      },
      "geometry": {
        "type": "Point",
        "coordinates": [
          14.7305,
          37.39128
        ]
      }
    },
    {
      "type": "Feature",
      "properties": {
        "source": "viirs_snpp",
        "satellite": "N",
        "acq_at": "2026-10-01 11:57:00",
        "frp": "5.06",
        "confidence": "nominal"
      },
      "geometry": {
        "type": "Point",
        "coordinates": [
          13.74429,
          37.22325
        ]
      }
    },
    {
      "type": "Feature",
      "properties": {
        "source": "viirs_snpp",
        "satellite": "N",
        "acq_at": "2026-10-01 11:57:00",
        "frp": "4.2",
        "confidence": "nominal"
      },
      "geometry": {
        "type": "Point",
        "coordinates": [
          13.73863,
          37.22218
        ]
      }
    },
    {
      "type": "Feature",
      "properties": {
        "source": "viirs_snpp",
        "satellite": "N",
        "acq_at": "2026-10-01 11:57:00",
        "frp": "4.97",
        "confidence": "low"
      },
      "geometry": {
        "type": "Point",
        "coordinates": [
          14.11047,
          37.2958
        ]
      }
    },
    {
      "type": "Feature",
      "properties": {
        "source": "viirs_snpp",
        "satellite": "N",
        "acq_at": "2026-10-01 11:57:00",
        "frp": "4.54",
        "confidence": "nominal"
      },
      "geometry": {
        "type": "Point",
        "coordinates": [
          13.73256,
          37.22482
        ]
      }
    },
    {
      "type": "Feature",
      "properties": {
        "source": "viirs_snpp",
        "satellite": "N",
        "acq_at": "2026-10-01 11:57:00",
        "frp": "10.44",
        "confidence": "nominal"
      },
      "geometry": {
        "type": "Point",
        "coordinates": [
          13.74187,
          37.22216
        ]
      }
    },
    {
      "type": "Feature",
      "properties": {
        "source": "viirs_snpp",
        "satellite": "N",
        "acq_at": "2026-10-01 11:57:00",
        "frp": "4.93",
        "confidence": "nominal"
      },
      "geometry": {
        "type": "Point",
        "coordinates": [
          14.10748,
          37.29636
        ]
      }
    },
    {
      "type": "Feature",
      "properties": {
        "source": "viirs_snpp",
        "satellite": "N",
        "acq_at": "2026-10-01 11:57:00",
        "frp": "1.74",
        "confidence": "nominal"
      },
      "geometry": {
        "type": "Point",
        "coordinates": [
          13.73039,
          37.22374
        ]
      }
    },
    {
      "type": "Feature",
      "properties": {
        "source": "viirs_snpp",
        "satellite": "N",
        "acq_at": "2026-10-01 11:57:00",
        "frp": "3.9",
        "confidence": "low"
      },
      "geometry": {
        "type": "Point",
        "coordinates": [
          14.87933,
          37.44416
        ]
      }
    },
    {
      "type": "Feature",
      "properties": {
        "source": "viirs_snpp",
        "satellite": "N",
        "acq_at": "2026-10-01 11:57:00",
        "frp": "5.89",
        "confidence": "nominal"
      },
      "geometry": {
        "type": "Point",
        "coordinates": [
          9.21964,
          36.36148
        ]
      }
    },
    {
      "type": "Feature",
      "properties": {
        "source": "viirs_snpp",
        "satellite": "N",
        "acq_at": "2026-10-01 11:57:00",
        "frp": "3.5",
        "confidence": "low"
      },
      "geometry": {
        "type": "Point",
        "coordinates": [
          8.68461,
          36.24564
        ]
      }
    },
    {
      "type": "Feature",
      "properties": {
        "source": "viirs_snpp",
        "satellite": "N",
        "acq_at": "2026-10-01 11:57:00",
        "frp": "3.5",
        "confidence": "nominal"
      },
      "geometry": {
        "type": "Point",
        "coordinates": [
          10.54285,
          36.67937
        ]
      }
    },
    {
      "type": "Feature",
      "properties": {
        "source": "viirs_snpp",
        "satellite": "N",
        "acq_at": "2026-10-01 11:57:00",
        "frp": "4.1",
        "confidence": "nominal"
      },
      "geometry": {
        "type": "Point",
        "coordinates": [
          10.54471,
          36.68187
        ]
      }
    },
    {
      "type": "Feature",
      "properties": {
        "source": "viirs_snpp",
        "satellite": "N",
        "acq_at": "2026-10-01 11:57:00",
        "frp": "2.75",
        "confidence": "nominal"
      },
      "geometry": {
        "type": "Point",
        "coordinates": [
          8.68367,
          36.24477
        ]
      }
    },
    {
      "type": "Feature",
      "properties": {
        "source": "viirs_snpp",
        "satellite": "N",
        "acq_at": "2026-10-01 11:57:00",
        "frp": "6.19",
        "confidence": "nominal"
      },
      "geometry": {
        "type": "Point",
        "coordinates": [
          14.60932,
          37.56276
        ]
      }
    },
    {
      "type": "Feature",
      "properties": {
        "source": "viirs_snpp",
        "satellite": "N",
        "acq_at": "2026-10-01 11:57:00",
        "frp": "6.19",
        "confidence": "low"
      },
      "geometry": {
        "type": "Point",
        "coordinates": [
          14.60838,
          37.56623
        ]
      }
    },
    {
      "type": "Feature",
      "properties": {
        "source": "viirs_snpp",
        "satellite": "N",
        "acq_at": "2026-10-01 11:57:00",
        "frp": "5.22",
        "confidence": "nominal"
      },
      "geometry": {
        "type": "Point",
        "coordinates": [
          13.82047,
          37.43444
        ]
      }
    },
    {
      "type": "Feature",
      "properties": {
        "source": "viirs_snpp",
        "satellite": "N",
        "acq_at": "2026-10-01 11:57:00",
        "frp": "1.31",
        "confidence": "low"
      },
      "geometry": {
        "type": "Point",
        "coordinates": [
          14.41213,
          37.56696
        ]
      }
    },
    {
      "type": "Feature",
      "properties": {
        "source": "viirs_snpp",
        "satellite": "N",
        "acq_at": "2026-10-01 11:57:00",
        "frp": "5.18",
        "confidence": "nominal"
      },
      "geometry": {
        "type": "Point",
        "coordinates": [
          13.79267,
          37.45184
        ]
      }
    },
    {
      "type": "Feature",
      "properties": {
        "source": "viirs_snpp",
        "satellite": "N",
        "acq_at": "2026-10-01 11:57:00",
        "frp": "2.51",
        "confidence": "nominal"
      },
      "geometry": {
        "type": "Point",
        "coordinates": [
          14.4095,
          37.56919
        ]
      }
    },
    {
      "type": "Feature",
      "properties": {
        "source": "viirs_snpp",
        "satellite": "N",
        "acq_at": "2026-10-01 11:57:00",
        "frp": "3.75",
        "confidence": "nominal"
      },
      "geometry": {
        "type": "Point",
        "coordinates": [
          13.7912,
          37.4515
        ]
      }
    },
    {
      "type": "Feature",
      "properties": {
        "source": "viirs_snpp",
        "satellite": "N",
        "acq_at": "2026-10-01 11:57:00",
        "frp": "7.04",
        "confidence": "nominal"
      },
      "geometry": {
        "type": "Point",
        "coordinates": [
          8.55022,
          36.34856
        ]
      }
    },
    {
      "type": "Feature",
      "properties": {
        "source": "viirs_snpp",
        "satellite": "N",
        "acq_at": "2026-10-01 11:57:00",
        "frp": "6.38",
        "confidence": "nominal"
      },
      "geometry": {
        "type": "Point",
        "coordinates": [
          13.86014,
          37.55141
        ]
      }
    },
    {
      "type": "Feature",
      "properties": {
        "source": "viirs_snpp",
        "satellite": "N",
        "acq_at": "2026-10-01 11:57:00",
        "frp": "3.58",
        "confidence": "nominal"
      },
      "geometry": {
        "type": "Point",
        "coordinates": [
          13.90353,
          37.57833
        ]
      }
    },
    {
      "type": "Feature",
      "properties": {
        "source": "viirs_snpp",
        "satellite": "N",
        "acq_at": "2026-10-01 11:57:00",
        "frp": "3.33",
        "confidence": "nominal"
      },
      "geometry": {
        "type": "Point",
        "coordinates": [
          13.45008,
          37.49509
        ]
      }
    },
    {
      "type": "Feature",
      "properties": {
        "source": "viirs_snpp",
        "satellite": "N",
        "acq_at": "2026-10-01 11:57:00",
        "frp": "3.8",
        "confidence": "low"
      },
      "geometry": {
        "type": "Point",
        "coordinates": [
          8.66913,
          36.53445
        ]
      }
    },
    {
      "type": "Feature",
      "properties": {
        "source": "viirs_snpp",
        "satellite": "N",
        "acq_at": "2026-10-01 11:57:00",
        "frp": "2.97",
        "confidence": "nominal"
      },
      "geometry": {
        "type": "Point",
        "coordinates": [
          9.42026,
          36.74537
        ]
      }
    },
    {
      "type": "Feature",
      "properties": {
        "source": "viirs_snpp",
        "satellite": "N",
        "acq_at": "2026-10-01 11:57:00",
        "frp": "12.15",
        "confidence": "nominal"
      },
      "geometry": {
        "type": "Point",
        "coordinates": [
          9.35383,
          36.74458
        ]
      }
    },
    {
      "type": "Feature",
      "properties": {
        "source": "viirs_snpp",
        "satellite": "N",
        "acq_at": "2026-10-01 11:57:00",
        "frp": "5.71",
        "confidence": "nominal"
      },
      "geometry": {
        "type": "Point",
        "coordinates": [
          9.41809,
          36.74446
        ]
      }
    },
    {
      "type": "Feature",
      "properties": {
        "source": "viirs_snpp",
        "satellite": "N",
        "acq_at": "2026-10-01 11:57:00",
        "frp": "16.29",
        "confidence": "nominal"
      },
      "geometry": {
        "type": "Point",
        "coordinates": [
          9.35202,
          36.74335
        ]
      }
    },
    {
      "type": "Feature",
      "properties": {
        "source": "viirs_snpp",
        "satellite": "N",
        "acq_at": "2026-10-01 11:57:00",
        "frp": "3.06",
        "confidence": "low"
      },
      "geometry": {
        "type": "Point",
        "coordinates": [
          9.25449,
          36.75435
        ]
      }
    },
    {
      "type": "Feature",
      "properties": {
        "source": "viirs_snpp",
        "satellite": "N",
        "acq_at": "2026-10-01 11:57:00",
        "frp": "3.06",
        "confidence": "low"
      },
      "geometry": {
        "type": "Point",
        "coordinates": [
          9.2485,
          36.75294
        ]
      }
    },
    {
      "type": "Feature",
      "properties": {
        "source": "viirs_snpp",
        "satellite": "N",
        "acq_at": "2026-10-01 11:57:00",
        "frp": "5.32",
        "confidence": "nominal"
      },
      "geometry": {
        "type": "Point",
        "coordinates": [
          9.24319,
          36.76631
        ]
      }
    },
    {
      "type": "Feature",
      "properties": {
        "source": "viirs_snpp",
        "satellite": "N",
        "acq_at": "2026-10-01 11:57:00",
        "frp": "4.66",
        "confidence": "nominal"
      },
      "geometry": {
        "type": "Point",
        "coordinates": [
          9.1913,
          36.8362
        ]
      }
    },
    {
      "type": "Feature",
      "properties": {
        "source": "viirs_snpp",
        "satellite": "N",
        "acq_at": "2026-10-01 11:57:00",
        "frp": "1.77",
        "confidence": "nominal"
      },
      "geometry": {
        "type": "Point",
        "coordinates": [
          9.56354,
          36.95696
        ]
      }
    },
    {
      "type": "Feature",
      "properties": {
        "source": "viirs_snpp",
        "satellite": "N",
        "acq_at": "2026-10-01 11:57:00",
        "frp": "7.54",
        "confidence": "nominal"
      },
      "geometry": {
        "type": "Point",
        "coordinates": [
          9.60024,
          36.97018
        ]
      }
    },
    {
      "type": "Feature",
      "properties": {
        "source": "viirs_snpp",
        "satellite": "N",
        "acq_at": "2026-10-01 11:57:00",
        "frp": "5.84",
        "confidence": "nominal"
      },
      "geometry": {
        "type": "Point",
        "coordinates": [
          10.01574,
          37.0696
        ]
      }
    },
    {
      "type": "Feature",
      "properties": {
        "source": "viirs_snpp",
        "satellite": "N",
        "acq_at": "2026-10-01 11:57:00",
        "frp": "4.77",
        "confidence": "nominal"
      },
      "geometry": {
        "type": "Point",
        "coordinates": [
          10.01056,
          37.06843
        ]
      }
    },
    {
      "type": "Feature",
      "properties": {
        "source": "viirs_snpp",
        "satellite": "N",
        "acq_at": "2026-10-01 11:57:00",
        "frp": "11.67",
        "confidence": "nominal"
      },
      "geometry": {
        "type": "Point",
        "coordinates": [
          13.11499,
          37.74976
        ]
      }
    },
    {
      "type": "Feature",
      "properties": {
        "source": "viirs_snpp",
        "satellite": "N",
        "acq_at": "2026-10-01 11:57:00",
        "frp": "3.03",
        "confidence": "nominal"
      },
      "geometry": {
        "type": "Point",
        "coordinates": [
          12.77222,
          37.71344
        ]
      }
    },
    {
      "type": "Feature",
      "properties": {
        "source": "viirs_snpp",
        "satellite": "N",
        "acq_at": "2026-10-01 11:57:00",
        "frp": "8.06",
        "confidence": "nominal"
      },
      "geometry": {
        "type": "Point",
        "coordinates": [
          13.00648,
          37.76816
        ]
      }
    },
    {
      "type": "Feature",
      "properties": {
        "source": "viirs_snpp",
        "satellite": "N",
        "acq_at": "2026-10-01 11:57:00",
        "frp": "6.99",
        "confidence": "nominal"
      },
      "geometry": {
        "type": "Point",
        "coordinates": [
          9.7075,
          37.07228
        ]
      }
    },
    {
      "type": "Feature",
      "properties": {
        "source": "viirs_snpp",
        "satellite": "N",
        "acq_at": "2026-10-01 11:57:00",
        "frp": "11.04",
        "confidence": "nominal"
      },
      "geometry": {
        "type": "Point",
        "coordinates": [
          13.8429,
          37.94962
        ]
      }
    },
    {
      "type": "Feature",
      "properties": {
        "source": "viirs_snpp",
        "satellite": "N",
        "acq_at": "2026-10-01 11:57:00",
        "frp": "4.35",
        "confidence": "nominal"
      },
      "geometry": {
        "type": "Point",
        "coordinates": [
          13.84725,
          37.95418
        ]
      }
    },
    {
      "type": "Feature",
      "properties": {
        "source": "viirs_snpp",
        "satellite": "N",
        "acq_at": "2026-10-01 11:57:00",
        "frp": "4.35",
        "confidence": "nominal"
      },
      "geometry": {
        "type": "Point",
        "coordinates": [
          13.8419,
          37.95317
        ]
      }
    },
    {
      "type": "Feature",
      "properties": {
        "source": "viirs_snpp",
        "satellite": "N",
        "acq_at": "2026-10-01 11:57:00",
        "frp": "4.35",
        "confidence": "low"
      },
      "geometry": {
        "type": "Point",
        "coordinates": [
          13.846,
          37.95769
        ]
      }
    },
    {
      "type": "Feature",
      "properties": {
        "source": "viirs_snpp",
        "satellite": "N",
        "acq_at": "2026-10-01 11:57:00",
        "frp": "4.44",
        "confidence": "low"
      },
      "geometry": {
        "type": "Point",
        "coordinates": [
          13.26333,
          37.88037
        ]
      }
    },
    {
      "type": "Feature",
      "properties": {
        "source": "viirs_snpp",
        "satellite": "N",
        "acq_at": "2026-10-01 11:57:00",
        "frp": "4.44",
        "confidence": "nominal"
      },
      "geometry": {
        "type": "Point",
        "coordinates": [
          13.26224,
          37.88401
        ]
      }
    },
    {
      "type": "Feature",
      "properties": {
        "source": "viirs_snpp",
        "satellite": "N",
        "acq_at": "2026-10-01 11:57:00",
        "frp": "3.59",
        "confidence": "low"
      },
      "geometry": {
        "type": "Point",
        "coordinates": [
          13.24605,
          37.91417
        ]
      }
    },
    {
      "type": "Feature",
      "properties": {
        "source": "viirs_snpp",
        "satellite": "N",
        "acq_at": "2026-10-01 11:57:00",
        "frp": "1.57",
        "confidence": "nominal"
      },
      "geometry": {
        "type": "Point",
        "coordinates": [
          13.27767,
          37.92422
        ]
      }
    },
    {
      "type": "Feature",
      "properties": {
        "source": "viirs_snpp",
        "satellite": "N",
        "acq_at": "2026-10-01 11:57:00",
        "frp": "2.14",
        "confidence": "nominal"
      },
      "geometry": {
        "type": "Point",
        "coordinates": [
          13.22854,
          37.91457
        ]
      }
    },
    {
      "type": "Feature",
      "properties": {
        "source": "viirs_snpp",
        "satellite": "N",
        "acq_at": "2026-10-01 11:57:00",
        "frp": "2.96",
        "confidence": "nominal"
      },
      "geometry": {
        "type": "Point",
        "coordinates": [
          12.94104,
          37.87714
        ]
      }
    },
    {
      "type": "Feature",
      "properties": {
        "source": "viirs_snpp",
        "satellite": "N",
        "acq_at": "2026-10-01 11:57:00",
        "frp": "35.46",
        "confidence": "nominal"
      },
      "geometry": {
        "type": "Point",
        "coordinates": [
          9.5471,
          37.16053
        ]
      }
    },
    {
      "type": "Feature",
      "properties": {
        "source": "viirs_snpp",
        "satellite": "N",
        "acq_at": "2026-10-01 11:57:00",
        "frp": "35.46",
        "confidence": "nominal"
      },
      "geometry": {
        "type": "Point",
        "coordinates": [
          9.541,
          37.16387
        ]
      }
    },
    {
      "type": "Feature",
      "properties": {
        "source": "viirs_snpp",
        "satellite": "N",
        "acq_at": "2026-10-01 11:57:00",
        "frp": "4.05",
        "confidence": "nominal"
      },
      "geometry": {
        "type": "Point",
        "coordinates": [
          16.46627,
          38.62504
        ]
      }
    },
    {
      "type": "Feature",
      "properties": {
        "source": "viirs_snpp",
        "satellite": "N",
        "acq_at": "2026-10-01 11:57:00",
        "frp": "13.82",
        "confidence": "nominal"
      },
      "geometry": {
        "type": "Point",
        "coordinates": [
          13.27975,
          38.05355
        ]
      }
    },
    {
      "type": "Feature",
      "properties": {
        "source": "viirs_snpp",
        "satellite": "N",
        "acq_at": "2026-10-01 11:57:00",
        "frp": "5.17",
        "confidence": "nominal"
      },
      "geometry": {
        "type": "Point",
        "coordinates": [
          12.96959,
          38.0043
        ]
      }
    },
    {
      "type": "Feature",
      "properties": {
        "source": "viirs_snpp",
        "satellite": "N",
        "acq_at": "2026-10-01 11:57:00",
        "frp": "5.17",
        "confidence": "nominal"
      },
      "geometry": {
        "type": "Point",
        "coordinates": [
          12.96832,
          38.00793
        ]
      }
    },
    {
      "type": "Feature",
      "properties": {
        "source": "viirs_snpp",
        "satellite": "N",
        "acq_at": "2026-10-01 11:57:00",
        "frp": "1.9",
        "confidence": "nominal"
      },
      "geometry": {
        "type": "Point",
        "coordinates": [
          16.17264,
          38.68231
        ]
      }
    },
    {
      "type": "Feature",
      "properties": {
        "source": "viirs_snpp",
        "satellite": "N",
        "acq_at": "2026-10-01 12:00:00",
        "frp": "1.56",
        "confidence": "nominal"
      },
      "geometry": {
        "type": "Point",
        "coordinates": [
          16.11521,
          38.7039
        ]
      }
    },
    {
      "type": "Feature",
      "properties": {
        "source": "viirs_snpp",
        "satellite": "N",
        "acq_at": "2026-10-01 12:00:00",
        "frp": "2.1",
        "confidence": "nominal"
      },
      "geometry": {
        "type": "Point",
        "coordinates": [
          17.00743,
          39.20916
        ]
      }
    },
    {
      "type": "Feature",
      "properties": {
        "source": "viirs_snpp",
        "satellite": "N",
        "acq_at": "2026-10-01 12:00:00",
        "frp": "16.29",
        "confidence": "nominal"
      },
      "geometry": {
        "type": "Point",
        "coordinates": [
          17.00572,
          39.21573
        ]
      }
    },
    {
      "type": "Feature",
      "properties": {
        "source": "viirs_snpp",
        "satellite": "N",
        "acq_at": "2026-10-01 12:00:00",
        "frp": "12.49",
        "confidence": "nominal"
      },
      "geometry": {
        "type": "Point",
        "coordinates": [
          17.00622,
          39.21883
        ]
      }
    },
    {
      "type": "Feature",
      "properties": {
        "source": "viirs_snpp",
        "satellite": "N",
        "acq_at": "2026-10-01 12:00:00",
        "frp": "12.49",
        "confidence": "nominal"
      },
      "geometry": {
        "type": "Point",
        "coordinates": [
          17.00181,
          39.21814
        ]
      }
    },
    {
      "type": "Feature",
      "properties": {
        "source": "viirs_snpp",
        "satellite": "N",
        "acq_at": "2026-10-01 12:00:00",
        "frp": "1.49",
        "confidence": "nominal"
      },
      "geometry": {
        "type": "Point",
        "coordinates": [
          18.36464,
          39.94981
        ]
      }
    },
    {
      "type": "Feature",
      "properties": {
        "source": "viirs_snpp",
        "satellite": "N",
        "acq_at": "2026-10-01 12:00:00",
        "frp": "1.08",
        "confidence": "nominal"
      },
      "geometry": {
        "type": "Point",
        "coordinates": [
          18.04352,
          40.2686
        ]
      }
    },
    {
      "type": "Feature",
      "properties": {
        "source": "viirs_snpp",
        "satellite": "N",
        "acq_at": "2026-10-01 12:00:00",
        "frp": "6.17",
        "confidence": "low"
      },
      "geometry": {
        "type": "Point",
        "coordinates": [
          18.19193,
          40.43937
        ]
      }
    },
    {
      "type": "Feature",
      "properties": {
        "source": "viirs_snpp",
        "satellite": "N",
        "acq_at": "2026-10-01 12:00:00",
        "frp": "4.21",
        "confidence": "nominal"
      },
      "geometry": {
        "type": "Point",
        "coordinates": [
          16.30687,
          40.22396
        ]
      }
    },
    {
      "type": "Feature",
      "properties": {
        "source": "viirs_snpp",
        "satellite": "N",
        "acq_at": "2026-10-01 12:00:00",
        "frp": "0.98",
        "confidence": "nominal"
      },
      "geometry": {
        "type": "Point",
        "coordinates": [
          17.44135,
          40.48122
        ]
      }
    },
    {
      "type": "Feature",
      "properties": {
        "source": "viirs_snpp",
        "satellite": "N",
        "acq_at": "2026-10-01 12:00:00",
        "frp": "4.12",
        "confidence": "low"
      },
      "geometry": {
        "type": "Point",
        "coordinates": [
          16.31895,
          40.30711
        ]
      }
    },
    {
      "type": "Feature",
      "properties": {
        "source": "viirs_snpp",
        "satellite": "N",
        "acq_at": "2026-10-01 12:00:00",
        "frp": "6.06",
        "confidence": "nominal"
      },
      "geometry": {
        "type": "Point",
        "coordinates": [
          15.38223,
          40.16256
        ]
      }
    },
    {
      "type": "Feature",
      "properties": {
        "source": "viirs_snpp",
        "satellite": "N",
        "acq_at": "2026-10-01 12:00:00",
        "frp": "2.07",
        "confidence": "nominal"
      },
      "geometry": {
        "type": "Point",
        "coordinates": [
          16.66279,
          40.38573
        ]
      }
    },
    {
      "type": "Feature",
      "properties": {
        "source": "viirs_snpp",
        "satellite": "N",
        "acq_at": "2026-10-01 12:00:00",
        "frp": "2.82",
        "confidence": "nominal"
      },
      "geometry": {
        "type": "Point",
        "coordinates": [
          16.97207,
          40.50561
        ]
      }
    },
    {
      "type": "Feature",
      "properties": {
        "source": "viirs_snpp",
        "satellite": "N",
        "acq_at": "2026-10-01 12:00:00",
        "frp": "4.7",
        "confidence": "nominal"
      },
      "geometry": {
        "type": "Point",
        "coordinates": [
          15.52477,
          40.46393
        ]
      }
    },
    {
      "type": "Feature",
      "properties": {
        "source": "viirs_snpp",
        "satellite": "N",
        "acq_at": "2026-10-01 12:00:00",
        "frp": "3.77",
        "confidence": "nominal"
      },
      "geometry": {
        "type": "Point",
        "coordinates": [
          16.62585,
          40.71344
        ]
      }
    },
    {
      "type": "Feature",
      "properties": {
        "source": "viirs_snpp",
        "satellite": "N",
        "acq_at": "2026-10-01 12:00:00",
        "frp": "2.76",
        "confidence": "nominal"
      },
      "geometry": {
        "type": "Point",
        "coordinates": [
          16.71251,
          40.77482
        ]
      }
    },
    {
      "type": "Feature",
      "properties": {
        "source": "viirs_snpp",
        "satellite": "N",
        "acq_at": "2026-10-01 12:00:00",
        "frp": "15.17",
        "confidence": "nominal"
      },
      "geometry": {
        "type": "Point",
        "coordinates": [
          14.94061,
          40.48854
        ]
      }
    },
    {
      "type": "Feature",
      "properties": {
        "source": "viirs_snpp",
        "satellite": "N",
        "acq_at": "2026-10-01 12:00:00",
        "frp": "3.82",
        "confidence": "nominal"
      },
      "geometry": {
        "type": "Point",
        "coordinates": [
          15.74718,
          40.67076
        ]
      }
    },
    {
      "type": "Feature",
      "properties": {
        "source": "viirs_snpp",
        "satellite": "N",
        "acq_at": "2026-10-01 12:00:00",
        "frp": "3.82",
        "confidence": "nominal"
      },
      "geometry": {
        "type": "Point",
        "coordinates": [
          16.52407,
          40.81635
        ]
      }
    },
    {
      "type": "Feature",
      "properties": {
        "source": "viirs_snpp",
        "satellite": "N",
        "acq_at": "2026-10-01 12:00:00",
        "frp": "1.52",
        "confidence": "nominal"
      },
      "geometry": {
        "type": "Point",
        "coordinates": [
          16.12907,
          40.79473
        ]
      }
    },
    {
      "type": "Feature",
      "properties": {
        "source": "viirs_snpp",
        "satellite": "N",
        "acq_at": "2026-10-01 12:00:00",
        "frp": "3.33",
        "confidence": "nominal"
      },
      "geometry": {
        "type": "Point",
        "coordinates": [
          15.25727,
          40.83169
        ]
      }
    },
    {
      "type": "Feature",
      "properties": {
        "source": "viirs_snpp",
        "satellite": "N",
        "acq_at": "2026-10-01 12:00:00",
        "frp": "6.72",
        "confidence": "nominal"
      },
      "geometry": {
        "type": "Point",
        "coordinates": [
          15.56963,
          40.9184
        ]
      }
    },
    {
      "type": "Feature",
      "properties": {
        "source": "viirs_snpp",
        "satellite": "N",
        "acq_at": "2026-10-01 12:00:00",
        "frp": "7.31",
        "confidence": "nominal"
      },
      "geometry": {
        "type": "Point",
        "coordinates": [
          15.565,
          40.91763
        ]
      }
    },
    {
      "type": "Feature",
      "properties": {
        "source": "viirs_snpp",
        "satellite": "N",
        "acq_at": "2026-10-01 12:00:00",
        "frp": "6.97",
        "confidence": "nominal"
      },
      "geometry": {
        "type": "Point",
        "coordinates": [
          15.56868,
          40.9217
        ]
      }
    },
    {
      "type": "Feature",
      "properties": {
        "source": "viirs_snpp",
        "satellite": "N",
        "acq_at": "2026-10-01 12:00:00",
        "frp": "5.74",
        "confidence": "nominal"
      },
      "geometry": {
        "type": "Point",
        "coordinates": [
          15.56406,
          40.92093
        ]
      }
    },
    {
      "type": "Feature",
      "properties": {
        "source": "viirs_snpp",
        "satellite": "N",
        "acq_at": "2026-10-01 12:00:00",
        "frp": "27.49",
        "confidence": "nominal"
      },
      "geometry": {
        "type": "Point",
        "coordinates": [
          15.55454,
          40.93664
        ]
      }
    },
    {
      "type": "Feature",
      "properties": {
        "source": "viirs_snpp",
        "satellite": "N",
        "acq_at": "2026-10-01 12:00:00",
        "frp": "3.04",
        "confidence": "nominal"
      },
      "geometry": {
        "type": "Point",
        "coordinates": [
          14.99368,
          40.85808
        ]
      }
    },
    {
      "type": "Feature",
      "properties": {
        "source": "viirs_snpp",
        "satellite": "N",
        "acq_at": "2026-10-01 12:00:00",
        "frp": "1.54",
        "confidence": "nominal"
      },
      "geometry": {
        "type": "Point",
        "coordinates": [
          15.58223,
          41.04706
        ]
      }
    },
    {
      "type": "Feature",
      "properties": {
        "source": "viirs_snpp",
        "satellite": "N",
        "acq_at": "2026-10-01 12:00:00",
        "frp": "11.38",
        "confidence": "nominal"
      },
      "geometry": {
        "type": "Point",
        "coordinates": [
          15.27133,
          41.12043
        ]
      }
    },
    {
      "type": "Feature",
      "properties": {
        "source": "viirs_snpp",
        "satellite": "N",
        "acq_at": "2026-10-01 12:00:00",
        "frp": "4.73",
        "confidence": "nominal"
      },
      "geometry": {
        "type": "Point",
        "coordinates": [
          15.45792,
          41.2069
        ]
      }
    },
    {
      "type": "Feature",
      "properties": {
        "source": "viirs_snpp",
        "satellite": "N",
        "acq_at": "2026-10-01 12:00:00",
        "frp": "30.45",
        "confidence": "nominal"
      },
      "geometry": {
        "type": "Point",
        "coordinates": [
          15.45697,
          41.2102
        ]
      }
    },
    {
      "type": "Feature",
      "properties": {
        "source": "viirs_snpp",
        "satellite": "N",
        "acq_at": "2026-10-01 12:00:00",
        "frp": "30.45",
        "confidence": "low"
      },
      "geometry": {
        "type": "Point",
        "coordinates": [
          15.45244,
          41.20945
        ]
      }
    },
    {
      "type": "Feature",
      "properties": {
        "source": "viirs_snpp",
        "satellite": "N",
        "acq_at": "2026-10-01 12:00:00",
        "frp": "1.63",
        "confidence": "nominal"
      },
      "geometry": {
        "type": "Point",
        "coordinates": [
          15.4995,
          41.26748
        ]
      }
    },
    {
      "type": "Feature",
      "properties": {
        "source": "viirs_snpp",
        "satellite": "N",
        "acq_at": "2026-10-01 12:00:00",
        "frp": "4.98",
        "confidence": "nominal"
      },
      "geometry": {
        "type": "Point",
        "coordinates": [
          14.06306,
          41.02984
        ]
      }
    },
    {
      "type": "Feature",
      "properties": {
        "source": "viirs_snpp",
        "satellite": "N",
        "acq_at": "2026-10-01 12:00:00",
        "frp": "5.68",
        "confidence": "nominal"
      },
      "geometry": {
        "type": "Point",
        "coordinates": [
          15.3609,
          41.29634
        ]
      }
    },
    {
      "type": "Feature",
      "properties": {
        "source": "viirs_snpp",
        "satellite": "N",
        "acq_at": "2026-10-01 12:00:00",
        "frp": "5.68",
        "confidence": "nominal"
      },
      "geometry": {
        "type": "Point",
        "coordinates": [
          15.35992,
          41.29964
        ]
      }
    },
    {
      "type": "Feature",
      "properties": {
        "source": "viirs_snpp",
        "satellite": "N",
        "acq_at": "2026-10-01 12:00:00",
        "frp": "4.29",
        "confidence": "nominal"
      },
      "geometry": {
        "type": "Point",
        "coordinates": [
          15.14497,
          41.31426
        ]
      }
    },
    {
      "type": "Feature",
      "properties": {
        "source": "viirs_snpp",
        "satellite": "N",
        "acq_at": "2026-10-01 12:00:00",
        "frp": "0.83",
        "confidence": "nominal"
      },
      "geometry": {
        "type": "Point",
        "coordinates": [
          15.2616,
          41.34425
        ]
      }
    },
    {
      "type": "Feature",
      "properties": {
        "source": "viirs_snpp",
        "satellite": "N",
        "acq_at": "2026-10-01 12:00:00",
        "frp": "2.23",
        "confidence": "nominal"
      },
      "geometry": {
        "type": "Point",
        "coordinates": [
          15.85605,
          41.45232
        ]
      }
    },
    {
      "type": "Feature",
      "properties": {
        "source": "viirs_snpp",
        "satellite": "N",
        "acq_at": "2026-10-01 12:00:00",
        "frp": "3.26",
        "confidence": "low"
      },
      "geometry": {
        "type": "Point",
        "coordinates": [
          15.85866,
          41.47678
        ]
      }
    },
    {
      "type": "Feature",
      "properties": {
        "source": "viirs_snpp",
        "satellite": "N",
        "acq_at": "2026-10-01 12:00:00",
        "frp": "3.13",
        "confidence": "nominal"
      },
      "geometry": {
        "type": "Point",
        "coordinates": [
          15.33781,
          41.4469
        ]
      }
    },
    {
      "type": "Feature",
      "properties": {
        "source": "viirs_snpp",
        "satellite": "N",
        "acq_at": "2026-10-01 12:00:00",
        "frp": "1.77",
        "confidence": "nominal"
      },
      "geometry": {
        "type": "Point",
        "coordinates": [
          15.4107,
          41.46238
        ]
      }
    },
    {
      "type": "Feature",
      "properties": {
        "source": "viirs_snpp",
        "satellite": "N",
        "acq_at": "2026-10-01 12:00:00",
        "frp": "17.45",
        "confidence": "nominal"
      },
      "geometry": {
        "type": "Point",
        "coordinates": [
          15.40609,
          41.46162
        ]
      }
    },
    {
      "type": "Feature",
      "properties": {
        "source": "viirs_snpp",
        "satellite": "N",
        "acq_at": "2026-10-01 12:00:00",
        "frp": "17.45",
        "confidence": "low"
      },
      "geometry": {
        "type": "Point",
        "coordinates": [
          15.40512,
          41.46491
        ]
      }
    },
    {
      "type": "Feature",
      "properties": {
        "source": "viirs_snpp",
        "satellite": "N",
        "acq_at": "2026-10-01 12:00:00",
        "frp": "17.45",
        "confidence": "nominal"
      },
      "geometry": {
        "type": "Point",
        "coordinates": [
          15.4005,
          41.46415
        ]
      }
    },
    {
      "type": "Feature",
      "properties": {
        "source": "viirs_snpp",
        "satellite": "N",
        "acq_at": "2026-10-01 12:00:00",
        "frp": "1.89",
        "confidence": "nominal"
      },
      "geometry": {
        "type": "Point",
        "coordinates": [
          15.79567,
          41.55136
        ]
      }
    },
    {
      "type": "Feature",
      "properties": {
        "source": "viirs_snpp",
        "satellite": "N",
        "acq_at": "2026-10-01 12:00:00",
        "frp": "0.39",
        "confidence": "low"
      },
      "geometry": {
        "type": "Point",
        "coordinates": [
          15.2716,
          41.56779
        ]
      }
    },
    {
      "type": "Feature",
      "properties": {
        "source": "viirs_snpp",
        "satellite": "N",
        "acq_at": "2026-10-01 12:00:00",
        "frp": "4.37",
        "confidence": "nominal"
      },
      "geometry": {
        "type": "Point",
        "coordinates": [
          8.73174,
          40.26745
        ]
      }
    },
    {
      "type": "Feature",
      "properties": {
        "source": "viirs_snpp",
        "satellite": "N",
        "acq_at": "2026-10-01 12:00:00",
        "frp": "3.94",
        "confidence": "nominal"
      },
      "geometry": {
        "type": "Point",
        "coordinates": [
          15.14052,
          41.584
        ]
      }
    },
    {
      "type": "Feature",
      "properties": {
        "source": "viirs_snpp",
        "satellite": "N",
        "acq_at": "2026-10-01 12:00:00",
        "frp": "2.05",
        "confidence": "nominal"
      },
      "geometry": {
        "type": "Point",
        "coordinates": [
          15.50722,
          41.6895
        ]
      }
    },
    {
      "type": "Feature",
      "properties": {
        "source": "viirs_snpp",
        "satellite": "N",
        "acq_at": "2026-10-01 12:00:00",
        "frp": "1.51",
        "confidence": "nominal"
      },
      "geometry": {
        "type": "Point",
        "coordinates": [
          15.10137,
          41.64145
        ]
      }
    },
    {
      "type": "Feature",
      "properties": {
        "source": "viirs_snpp",
        "satellite": "N",
        "acq_at": "2026-10-01 12:00:00",
        "frp": "6.37",
        "confidence": "nominal"
      },
      "geometry": {
        "type": "Point",
        "coordinates": [
          13.47081,
          41.3682
        ]
      }
    },
    {
      "type": "Feature",
      "properties": {
        "source": "viirs_snpp",
        "satellite": "N",
        "acq_at": "2026-10-01 12:00:00",
        "frp": "6.37",
        "confidence": "nominal"
      },
      "geometry": {
        "type": "Point",
        "coordinates": [
          13.47001,
          41.37169
        ]
      }
    },
    {
      "type": "Feature",
      "properties": {
        "source": "viirs_snpp",
        "satellite": "N",
        "acq_at": "2026-10-01 12:00:00",
        "frp": "2.23",
        "confidence": "low"
      },
      "geometry": {
        "type": "Point",
        "coordinates": [
          15.14187,
          41.66904
        ]
      }
    },
    {
      "type": "Feature",
      "properties": {
        "source": "viirs_snpp",
        "satellite": "N",
        "acq_at": "2026-10-01 12:00:00",
        "frp": "3.4",
        "confidence": "low"
      },
      "geometry": {
        "type": "Point",
        "coordinates": [
          15.49188,
          41.7339
        ]
      }
    },
    {
      "type": "Feature",
      "properties": {
        "source": "viirs_snpp",
        "satellite": "N",
        "acq_at": "2026-10-01 12:00:00",
        "frp": "4.05",
        "confidence": "low"
      },
      "geometry": {
        "type": "Point",
        "coordinates": [
          15.48727,
          41.73315
        ]
      }
    },
    {
      "type": "Feature",
      "properties": {
        "source": "viirs_snpp",
        "satellite": "N",
        "acq_at": "2026-10-01 12:00:00",
        "frp": "3.55",
        "confidence": "nominal"
      },
      "geometry": {
        "type": "Point",
        "coordinates": [
          13.83691,
          41.45291
        ]
      }
    },
    {
      "type": "Feature",
      "properties": {
        "source": "viirs_snpp",
        "satellite": "N",
        "acq_at": "2026-10-01 12:00:00",
        "frp": "1.69",
        "confidence": "nominal"
      },
      "geometry": {
        "type": "Point",
        "coordinates": [
          15.07913,
          41.68281
        ]
      }
    },
    {
      "type": "Feature",
      "properties": {
        "source": "viirs_snpp",
        "satellite": "N",
        "acq_at": "2026-10-01 12:00:00",
        "frp": "4.78",
        "confidence": "nominal"
      },
      "geometry": {
        "type": "Point",
        "coordinates": [
          13.77211,
          41.47709
        ]
      }
    },
    {
      "type": "Feature",
      "properties": {
        "source": "viirs_snpp",
        "satellite": "N",
        "acq_at": "2026-10-01 12:00:00",
        "frp": "5.06",
        "confidence": "nominal"
      },
      "geometry": {
        "type": "Point",
        "coordinates": [
          13.77103,
          41.48048
        ]
      }
    },
    {
      "type": "Feature",
      "properties": {
        "source": "viirs_snpp",
        "satellite": "N",
        "acq_at": "2026-10-01 12:00:00",
        "frp": "2.38",
        "confidence": "nominal"
      },
      "geometry": {
        "type": "Point",
        "coordinates": [
          14.93432,
          41.71059
        ]
      }
    },
    {
      "type": "Feature",
      "properties": {
        "source": "viirs_snpp",
        "satellite": "N",
        "acq_at": "2026-10-01 12:00:00",
        "frp": "2.32",
        "confidence": "low"
      },
      "geometry": {
        "type": "Point",
        "coordinates": [
          15.17494,
          41.77715
        ]
      }
    },
    {
      "type": "Feature",
      "properties": {
        "source": "viirs_snpp",
        "satellite": "N",
        "acq_at": "2026-10-01 12:00:00",
        "frp": "4.01",
        "confidence": "low"
      },
      "geometry": {
        "type": "Point",
        "coordinates": [
          15.40126,
          41.81809
        ]
      }
    },
    {
      "type": "Feature",
      "properties": {
        "source": "viirs_snpp",
        "satellite": "N",
        "acq_at": "2026-10-01 12:00:00",
        "frp": "5.54",
        "confidence": "nominal"
      },
      "geometry": {
        "type": "Point",
        "coordinates": [
          13.51192,
          41.52562
        ]
      }
    },
    {
      "type": "Feature",
      "properties": {
        "source": "viirs_snpp",
        "satellite": "N",
        "acq_at": "2026-10-01 12:00:00",
        "frp": "2.67",
        "confidence": "low"
      },
      "geometry": {
        "type": "Point",
        "coordinates": [
          15.06801,
          41.80781
        ]
      }
    },
    {
      "type": "Feature",
      "properties": {
        "source": "viirs_snpp",
        "satellite": "N",
        "acq_at": "2026-10-01 12:00:00",
        "frp": "1.63",
        "confidence": "low"
      },
      "geometry": {
        "type": "Point",
        "coordinates": [
          13.07013,
          41.45885
        ]
      }
    },
    {
      "type": "Feature",
      "properties": {
        "source": "viirs_snpp",
        "satellite": "N",
        "acq_at": "2026-10-01 12:00:00",
        "frp": "2",
        "confidence": "nominal"
      },
      "geometry": {
        "type": "Point",
        "coordinates": [
          13.84444,
          41.62138
        ]
      }
    },
    {
      "type": "Feature",
      "properties": {
        "source": "viirs_snpp",
        "satellite": "N",
        "acq_at": "2026-10-01 12:00:00",
        "frp": "2.47",
        "confidence": "nominal"
      },
      "geometry": {
        "type": "Point",
        "coordinates": [
          13.84336,
          41.62476
        ]
      }
    },
    {
      "type": "Feature",
      "properties": {
        "source": "viirs_snpp",
        "satellite": "N",
        "acq_at": "2026-10-01 12:00:00",
        "frp": "3.33",
        "confidence": "nominal"
      },
      "geometry": {
        "type": "Point",
        "coordinates": [
          15.1571,
          41.8538
        ]
      }
    },
    {
      "type": "Feature",
      "properties": {
        "source": "viirs_snpp",
        "satellite": "N",
        "acq_at": "2026-10-01 12:00:00",
        "frp": "3.05",
        "confidence": "nominal"
      },
      "geometry": {
        "type": "Point",
        "coordinates": [
          15.15142,
          41.85632
        ]
      }
    },
    {
      "type": "Feature",
      "properties": {
        "source": "viirs_snpp",
        "satellite": "N",
        "acq_at": "2026-10-01 12:00:00",
        "frp": "1.99",
        "confidence": "nominal"
      },
      "geometry": {
        "type": "Point",
        "coordinates": [
          15.07342,
          41.89347
        ]
      }
    },
    {
      "type": "Feature",
      "properties": {
        "source": "viirs_snpp",
        "satellite": "N",
        "acq_at": "2026-10-01 12:00:00",
        "frp": "1.99",
        "confidence": "nominal"
      },
      "geometry": {
        "type": "Point",
        "coordinates": [
          14.85267,
          41.97986
        ]
      }
    },
    {
      "type": "Feature",
      "properties": {
        "source": "viirs_snpp",
        "satellite": "N",
        "acq_at": "2026-10-01 12:00:00",
        "frp": "4.08",
        "confidence": "nominal"
      },
      "geometry": {
        "type": "Point",
        "coordinates": [
          18.28042,
          42.83348
        ]
      }
    },
    {
      "type": "Feature",
      "properties": {
        "source": "viirs_snpp",
        "satellite": "N",
        "acq_at": "2026-10-01 12:00:00",
        "frp": "2.21",
        "confidence": "nominal"
      },
      "geometry": {
        "type": "Point",
        "coordinates": [
          14.1415,
          42.36991
        ]
      }
    },
    {
      "type": "Feature",
      "properties": {
        "source": "viirs_snpp",
        "satellite": "N",
        "acq_at": "2026-10-01 12:00:00",
        "frp": "2.49",
        "confidence": "nominal"
      },
      "geometry": {
        "type": "Point",
        "coordinates": [
          12.58113,
          42.15909
        ]
      }
    },
    {
      "type": "Feature",
      "properties": {
        "source": "viirs_snpp",
        "satellite": "N",
        "acq_at": "2026-10-01 12:00:00",
        "frp": "3.93",
        "confidence": "nominal"
      },
      "geometry": {
        "type": "Point",
        "coordinates": [
          12.75905,
          42.22172
        ]
      }
    },
    {
      "type": "Feature",
      "properties": {
        "source": "viirs_snpp",
        "satellite": "N",
        "acq_at": "2026-10-01 12:00:00",
        "frp": "2.7",
        "confidence": "nominal"
      },
      "geometry": {
        "type": "Point",
        "coordinates": [
          18.17639,
          43.26253
        ]
      }
    },
    {
      "type": "Feature",
      "properties": {
        "source": "viirs_snpp",
        "satellite": "N",
        "acq_at": "2026-10-01 12:00:00",
        "frp": "2.7",
        "confidence": "nominal"
      },
      "geometry": {
        "type": "Point",
        "coordinates": [
          18.17554,
          43.2659
        ]
      }
    },
    {
      "type": "Feature",
      "properties": {
        "source": "viirs_snpp",
        "satellite": "N",
        "acq_at": "2026-10-01 12:00:00",
        "frp": "2.59",
        "confidence": "nominal"
      },
      "geometry": {
        "type": "Point",
        "coordinates": [
          11.73074,
          42.35718
        ]
      }
    },
    {
      "type": "Feature",
      "properties": {
        "source": "viirs_snpp",
        "satellite": "N",
        "acq_at": "2026-10-01 12:00:00",
        "frp": "12.57",
        "confidence": "low"
      },
      "geometry": {
        "type": "Point",
        "coordinates": [
          17.40315,
          43.36168
        ]
      }
    },
    {
      "type": "Feature",
      "properties": {
        "source": "viirs_snpp",
        "satellite": "N",
        "acq_at": "2026-10-01 12:00:00",
        "frp": "1.54",
        "confidence": "nominal"
      },
      "geometry": {
        "type": "Point",
        "coordinates": [
          12.51949,
          42.72312
        ]
      }
    },
    {
      "type": "Feature",
      "properties": {
        "source": "viirs_snpp",
        "satellite": "N",
        "acq_at": "2026-10-01 12:00:00",
        "frp": "3.44",
        "confidence": "low"
      },
      "geometry": {
        "type": "Point",
        "coordinates": [
          16.9322,
          43.79576
        ]
      }
    },
    {
      "type": "Feature",
      "properties": {
        "source": "viirs_snpp",
        "satellite": "N",
        "acq_at": "2026-10-01 12:00:00",
        "frp": "3.17",
        "confidence": "nominal"
      },
      "geometry": {
        "type": "Point",
        "coordinates": [
          16.88332,
          43.79215
        ]
      }
    },
    {
      "type": "Feature",
      "properties": {
        "source": "viirs_snpp",
        "satellite": "N",
        "acq_at": "2026-10-01 12:00:00",
        "frp": "3.39",
        "confidence": "nominal"
      },
      "geometry": {
        "type": "Point",
        "coordinates": [
          12.60005,
          43.65191
        ]
      }
    },
    {
      "type": "Feature",
      "properties": {
        "source": "viirs_snpp",
        "satellite": "N",
        "acq_at": "2026-10-01 12:00:00",
        "frp": "1.93",
        "confidence": "nominal"
      },
      "geometry": {
        "type": "Point",
        "coordinates": [
          12.6378,
          43.66974
        ]
      }
    },
    {
      "type": "Feature",
      "properties": {
        "source": "viirs_snpp",
        "satellite": "N",
        "acq_at": "2026-10-01 12:00:00",
        "frp": "3.13",
        "confidence": "nominal"
      },
      "geometry": {
        "type": "Point",
        "coordinates": [
          12.97573,
          43.78415
        ]
      }
    },
    {
      "type": "Feature",
      "properties": {
        "source": "viirs_snpp",
        "satellite": "N",
        "acq_at": "2026-10-01 12:00:00",
        "frp": "1.6",
        "confidence": "nominal"
      },
      "geometry": {
        "type": "Point",
        "coordinates": [
          15.47699,
          44.28182
        ]
      }
    },
    {
      "type": "Feature",
      "properties": {
        "source": "viirs_snpp",
        "satellite": "N",
        "acq_at": "2026-10-01 12:00:00",
        "frp": "1.31",
        "confidence": "nominal"
      },
      "geometry": {
        "type": "Point",
        "coordinates": [
          15.23872,
          44.26162
        ]
      }
    },
    {
      "type": "Feature",
      "properties": {
        "source": "viirs_snpp",
        "satellite": "N",
        "acq_at": "2026-10-01 12:00:00",
        "frp": "1.1",
        "confidence": "low"
      },
      "geometry": {
        "type": "Point",
        "coordinates": [
          18.05972,
          44.81295
        ]
      }
    },
    {
      "type": "Feature",
      "properties": {
        "source": "viirs_snpp",
        "satellite": "N",
        "acq_at": "2026-10-01 12:00:00",
        "frp": "2.5",
        "confidence": "low"
      },
      "geometry": {
        "type": "Point",
        "coordinates": [
          18.10118,
          44.90296
        ]
      }
    },
    {
      "type": "Feature",
      "properties": {
        "source": "viirs_snpp",
        "satellite": "N",
        "acq_at": "2026-10-01 12:00:00",
        "frp": "2.2",
        "confidence": "nominal"
      },
      "geometry": {
        "type": "Point",
        "coordinates": [
          17.87786,
          44.87335
        ]
      }
    },
    {
      "type": "Feature",
      "properties": {
        "source": "viirs_snpp",
        "satellite": "N",
        "acq_at": "2026-10-01 12:00:00",
        "frp": "1.73",
        "confidence": "nominal"
      },
      "geometry": {
        "type": "Point",
        "coordinates": [
          18.13813,
          44.9203
        ]
      }
    },
    {
      "type": "Feature",
      "properties": {
        "source": "viirs_snpp",
        "satellite": "N",
        "acq_at": "2026-10-01 12:00:00",
        "frp": "1.8",
        "confidence": "nominal"
      },
      "geometry": {
        "type": "Point",
        "coordinates": [
          18.26265,
          44.96457
        ]
      }
    },
    {
      "type": "Feature",
      "properties": {
        "source": "viirs_snpp",
        "satellite": "N",
        "acq_at": "2026-10-01 12:00:00",
        "frp": "2.74",
        "confidence": "nominal"
      },
      "geometry": {
        "type": "Point",
        "coordinates": [
          17.40871,
          44.95326
        ]
      }
    },
    {
      "type": "Feature",
      "properties": {
        "source": "viirs_snpp",
        "satellite": "N",
        "acq_at": "2026-10-01 12:00:00",
        "frp": "1.29",
        "confidence": "nominal"
      },
      "geometry": {
        "type": "Point",
        "coordinates": [
          17.28312,
          44.95351
        ]
      }
    },
    {
      "type": "Feature",
      "properties": {
        "source": "viirs_snpp",
        "satellite": "N",
        "acq_at": "2026-10-01 12:00:00",
        "frp": "5",
        "confidence": "nominal"
      },
      "geometry": {
        "type": "Point",
        "coordinates": [
          17.28726,
          44.95755
        ]
      }
    },
    {
      "type": "Feature",
      "properties": {
        "source": "viirs_snpp",
        "satellite": "N",
        "acq_at": "2026-10-01 12:00:00",
        "frp": "1.58",
        "confidence": "low"
      },
      "geometry": {
        "type": "Point",
        "coordinates": [
          15.30658,
          44.85114
        ]
      }
    },
    {
      "type": "Feature",
      "properties": {
        "source": "viirs_snpp",
        "satellite": "N",
        "acq_at": "2026-10-01 12:00:00",
        "frp": "27.23",
        "confidence": "nominal"
      },
      "geometry": {
        "type": "Point",
        "coordinates": [
          18.97171,
          45.42716
        ]
      }
    },
    {
      "type": "Feature",
      "properties": {
        "source": "viirs_snpp",
        "satellite": "N",
        "acq_at": "2026-10-01 12:02:00",
        "frp": "6.1",
        "confidence": "nominal"
      },
      "geometry": {
        "type": "Point",
        "coordinates": [
          12.09342,
          44.86154
        ]
      }
    },
    {
      "type": "Feature",
      "properties": {
        "source": "viirs_snpp",
        "satellite": "N",
        "acq_at": "2026-10-01 12:02:00",
        "frp": "12.46",
        "confidence": "nominal"
      },
      "geometry": {
        "type": "Point",
        "coordinates": [
          12.10642,
          44.9184
        ]
      }
    },
    {
      "type": "Feature",
      "properties": {
        "source": "viirs_snpp",
        "satellite": "N",
        "acq_at": "2026-10-01 12:02:00",
        "frp": "2.68",
        "confidence": "low"
      },
      "geometry": {
        "type": "Point",
        "coordinates": [
          15.74068,
          45.8396
        ]
      }
    },
    {
      "type": "Feature",
      "properties": {
        "source": "viirs_snpp",
        "satellite": "N",
        "acq_at": "2026-10-01 12:02:00",
        "frp": "4.06",
        "confidence": "nominal"
      },
      "geometry": {
        "type": "Point",
        "coordinates": [
          16.68594,
          46.25562
        ]
      }
    },
    {
      "type": "Feature",
      "properties": {
        "source": "viirs_snpp",
        "satellite": "N",
        "acq_at": "2026-10-01 12:02:00",
        "frp": "1.65",
        "confidence": "nominal"
      },
      "geometry": {
        "type": "Point",
        "coordinates": [
          16.65598,
          46.38795
        ]
      }
    },
    {
      "type": "Feature",
      "properties": {
        "source": "viirs_snpp",
        "satellite": "N",
        "acq_at": "2026-10-01 12:02:00",
        "frp": "2.47",
        "confidence": "nominal"
      },
      "geometry": {
        "type": "Point",
        "coordinates": [
          14.5894,
          46.19841
        ]
      }
    },
    {
      "type": "Feature",
      "properties": {
        "source": "viirs_snpp",
        "satellite": "N",
        "acq_at": "2026-10-01 12:02:00",
        "frp": "2.47",
        "confidence": "nominal"
      },
      "geometry": {
        "type": "Point",
        "coordinates": [
          14.58448,
          46.19763
        ]
      }
    },
    {
      "type": "Feature",
      "properties": {
        "source": "viirs_snpp",
        "satellite": "N",
        "acq_at": "2026-10-01 13:40:00",
        "frp": "4.78",
        "confidence": "nominal"
      },
      "geometry": {
        "type": "Point",
        "coordinates": [
          6.4798,
          36.13554
        ]
      }
    },
    {
      "type": "Feature",
      "properties": {
        "source": "viirs_snpp",
        "satellite": "N",
        "acq_at": "2026-10-01 13:40:00",
        "frp": "4.78",
        "confidence": "nominal"
      },
      "geometry": {
        "type": "Point",
        "coordinates": [
          6.47409,
          36.13527
        ]
      }
    },
    {
      "type": "Feature",
      "properties": {
        "source": "viirs_snpp",
        "satellite": "N",
        "acq_at": "2026-10-01 13:40:00",
        "frp": "9.07",
        "confidence": "high"
      },
      "geometry": {
        "type": "Point",
        "coordinates": [
          6.47729,
          36.13579
        ]
      }
    },
    {
      "type": "Feature",
      "properties": {
        "source": "viirs_snpp",
        "satellite": "N",
        "acq_at": "2026-10-02 00:18:00",
        "frp": "0.81",
        "confidence": "nominal"
      },
      "geometry": {
        "type": "Point",
        "coordinates": [
          15.12915,
          41.41681
        ]
      }
    },
    {
      "type": "Feature",
      "properties": {
        "source": "viirs_snpp",
        "satellite": "N",
        "acq_at": "2026-10-02 00:18:00",
        "frp": "1.18",
        "confidence": "nominal"
      },
      "geometry": {
        "type": "Point",
        "coordinates": [
          13.41075,
          41.44067
        ]
      }
    },
    {
      "type": "Feature",
      "properties": {
        "source": "viirs_snpp",
        "satellite": "N",
        "acq_at": "2026-10-02 00:18:00",
        "frp": "0.43",
        "confidence": "nominal"
      },
      "geometry": {
        "type": "Point",
        "coordinates": [
          13.41069,
          41.44011
        ]
      }
    },
    {
      "type": "Feature",
      "properties": {
        "source": "viirs_snpp",
        "satellite": "N",
        "acq_at": "2026-10-02 00:18:00",
        "frp": "0.52",
        "confidence": "nominal"
      },
      "geometry": {
        "type": "Point",
        "coordinates": [
          15.92448,
          41.28279
        ]
      }
    },
    {
      "type": "Feature",
      "properties": {
        "source": "viirs_snpp",
        "satellite": "N",
        "acq_at": "2026-10-02 00:18:00",
        "frp": "0.67",
        "confidence": "nominal"
      },
      "geometry": {
        "type": "Point",
        "coordinates": [
          15.44436,
          41.19787
        ]
      }
    },
    {
      "type": "Feature",
      "properties": {
        "source": "viirs_snpp",
        "satellite": "N",
        "acq_at": "2026-10-02 00:18:00",
        "frp": "0.61",
        "confidence": "nominal"
      },
      "geometry": {
        "type": "Point",
        "coordinates": [
          14.51403,
          41.09007
        ]
      }
    },
    {
      "type": "Feature",
      "properties": {
        "source": "viirs_snpp",
        "satellite": "N",
        "acq_at": "2026-10-02 00:18:00",
        "frp": "0.61",
        "confidence": "nominal"
      },
      "geometry": {
        "type": "Point",
        "coordinates": [
          14.52118,
          41.08978
        ]
      }
    },
    {
      "type": "Feature",
      "properties": {
        "source": "viirs_snpp",
        "satellite": "N",
        "acq_at": "2026-10-02 00:18:00",
        "frp": "0.36",
        "confidence": "nominal"
      },
      "geometry": {
        "type": "Point",
        "coordinates": [
          14.51538,
          41.08425
        ]
      }
    },
    {
      "type": "Feature",
      "properties": {
        "source": "viirs_snpp",
        "satellite": "N",
        "acq_at": "2026-10-02 00:18:00",
        "frp": "0.68",
        "confidence": "nominal"
      },
      "geometry": {
        "type": "Point",
        "coordinates": [
          14.50998,
          41.08989
        ]
      }
    },
    {
      "type": "Feature",
      "properties": {
        "source": "viirs_snpp",
        "satellite": "N",
        "acq_at": "2026-10-02 00:18:00",
        "frp": "1.22",
        "confidence": "nominal"
      },
      "geometry": {
        "type": "Point",
        "coordinates": [
          14.51704,
          41.08957
        ]
      }
    },
    {
      "type": "Feature",
      "properties": {
        "source": "viirs_snpp",
        "satellite": "N",
        "acq_at": "2026-10-02 00:18:00",
        "frp": "0.41",
        "confidence": "nominal"
      },
      "geometry": {
        "type": "Point",
        "coordinates": [
          16.5716,
          40.62024
        ]
      }
    },
    {
      "type": "Feature",
      "properties": {
        "source": "viirs_snpp",
        "satellite": "N",
        "acq_at": "2026-10-02 00:18:00",
        "frp": "0.51",
        "confidence": "nominal"
      },
      "geometry": {
        "type": "Point",
        "coordinates": [
          15.48778,
          38.12313
        ]
      }
    },
    {
      "type": "Feature",
      "properties": {
        "source": "viirs_snpp",
        "satellite": "N",
        "acq_at": "2026-10-02 00:18:00",
        "frp": "0.71",
        "confidence": "nominal"
      },
      "geometry": {
        "type": "Point",
        "coordinates": [
          14.82627,
          38.01215
        ]
      }
    },
    {
      "type": "Feature",
      "properties": {
        "source": "viirs_snpp",
        "satellite": "N",
        "acq_at": "2026-10-02 00:18:00",
        "frp": "0.71",
        "confidence": "nominal"
      },
      "geometry": {
        "type": "Point",
        "coordinates": [
          14.83083,
          38.01188
        ]
      }
    },
    {
      "type": "Feature",
      "properties": {
        "source": "viirs_snpp",
        "satellite": "N",
        "acq_at": "2026-10-02 00:18:00",
        "frp": "0.9",
        "confidence": "nominal"
      },
      "geometry": {
        "type": "Point",
        "coordinates": [
          12.87943,
          37.86966
        ]
      }
    },
    {
      "type": "Feature",
      "properties": {
        "source": "viirs_snpp",
        "satellite": "N",
        "acq_at": "2026-10-02 00:18:00",
        "frp": "0.93",
        "confidence": "nominal"
      },
      "geometry": {
        "type": "Point",
        "coordinates": [
          12.88452,
          37.86945
        ]
      }
    },
    {
      "type": "Feature",
      "properties": {
        "source": "viirs_snpp",
        "satellite": "N",
        "acq_at": "2026-10-02 00:16:00",
        "frp": "1.83",
        "confidence": "nominal"
      },
      "geometry": {
        "type": "Point",
        "coordinates": [
          18.07721,
          44.52906
        ]
      }
    },
    {
      "type": "Feature",
      "properties": {
        "source": "viirs_snpp",
        "satellite": "N",
        "acq_at": "2026-10-02 00:16:00",
        "frp": "1.83",
        "confidence": "nominal"
      },
      "geometry": {
        "type": "Point",
        "coordinates": [
          18.0763,
          44.52415
        ]
      }
    },
    {
      "type": "Feature",
      "properties": {
        "source": "viirs_snpp",
        "satellite": "N",
        "acq_at": "2026-10-02 00:18:00",
        "frp": "1.08",
        "confidence": "nominal"
      },
      "geometry": {
        "type": "Point",
        "coordinates": [
          14.97596,
          41.55618
        ]
      }
    },
    {
      "type": "Feature",
      "properties": {
        "source": "viirs_snpp",
        "satellite": "N",
        "acq_at": "2026-10-02 01:58:00",
        "frp": "0.97",
        "confidence": "nominal"
      },
      "geometry": {
        "type": "Point",
        "coordinates": [
          12.5447,
          43.36752
        ]
      }
    },
    {
      "type": "Feature",
      "properties": {
        "source": "viirs_snpp",
        "satellite": "N",
        "acq_at": "2026-10-02 01:58:00",
        "frp": "1.38",
        "confidence": "nominal"
      },
      "geometry": {
        "type": "Point",
        "coordinates": [
          13.4134,
          41.44247
        ]
      }
    },
    {
      "type": "Feature",
      "properties": {
        "source": "viirs_snpp",
        "satellite": "N",
        "acq_at": "2026-10-02 01:58:00",
        "frp": "1.8",
        "confidence": "nominal"
      },
      "geometry": {
        "type": "Point",
        "coordinates": [
          13.41907,
          41.441
        ]
      }
    },
    {
      "type": "Feature",
      "properties": {
        "source": "viirs_snpp",
        "satellite": "N",
        "acq_at": "2026-10-02 01:58:00",
        "frp": "1.08",
        "confidence": "nominal"
      },
      "geometry": {
        "type": "Point",
        "coordinates": [
          14.52003,
          41.0923
        ]
      }
    },
    {
      "type": "Feature",
      "properties": {
        "source": "viirs_snpp",
        "satellite": "N",
        "acq_at": "2026-10-02 01:58:00",
        "frp": "1.08",
        "confidence": "nominal"
      },
      "geometry": {
        "type": "Point",
        "coordinates": [
          14.51391,
          41.0883
        ]
      }
    },
    {
      "type": "Feature",
      "properties": {
        "source": "viirs_snpp",
        "satellite": "N",
        "acq_at": "2026-10-02 01:58:00",
        "frp": "1.08",
        "confidence": "nominal"
      },
      "geometry": {
        "type": "Point",
        "coordinates": [
          14.51705,
          41.08744
        ]
      }
    },
    {
      "type": "Feature",
      "properties": {
        "source": "viirs_snpp",
        "satellite": "N",
        "acq_at": "2026-10-02 01:58:00",
        "frp": "0.84",
        "confidence": "nominal"
      },
      "geometry": {
        "type": "Point",
        "coordinates": [
          14.84328,
          40.84684
        ]
      }
    },
    {
      "type": "Feature",
      "properties": {
        "source": "viirs_snpp",
        "satellite": "N",
        "acq_at": "2026-10-02 02:00:00",
        "frp": "1.92",
        "confidence": "nominal"
      },
      "geometry": {
        "type": "Point",
        "coordinates": [
          12.88437,
          37.87035
        ]
      }
    },
    {
      "type": "Feature",
      "properties": {
        "source": "viirs_snpp",
        "satellite": "N",
        "acq_at": "2026-10-02 02:00:00",
        "frp": "1.92",
        "confidence": "nominal"
      },
      "geometry": {
        "type": "Point",
        "coordinates": [
          12.88248,
          37.86522
        ]
      }
    },
    {
      "type": "Feature",
      "properties": {
        "source": "viirs_noaa20",
        "satellite": "N20",
        "acq_at": "2026-10-01 10:41:00",
        "frp": "5.31",
        "confidence": "nominal"
      },
      "geometry": {
        "type": "Point",
        "coordinates": [
          17.28662,
          44.9674
        ]
      }
    },
    {
      "type": "Feature",
      "properties": {
        "source": "viirs_noaa20",
        "satellite": "N20",
        "acq_at": "2026-10-01 12:17:00",
        "frp": "4.18",
        "confidence": "nominal"
      },
      "geometry": {
        "type": "Point",
        "coordinates": [
          8.82982,
          36.04771
        ]
      }
    },
    {
      "type": "Feature",
      "properties": {
        "source": "viirs_noaa20",
        "satellite": "N20",
        "acq_at": "2026-10-01 12:17:00",
        "frp": "2.67",
        "confidence": "low"
      },
      "geometry": {
        "type": "Point",
        "coordinates": [
          9.1439,
          36.25233
        ]
      }
    },
    {
      "type": "Feature",
      "properties": {
        "source": "viirs_noaa20",
        "satellite": "N20",
        "acq_at": "2026-10-01 12:17:00",
        "frp": "3.69",
        "confidence": "low"
      },
      "geometry": {
        "type": "Point",
        "coordinates": [
          9.13932,
          36.25153
        ]
      }
    },
    {
      "type": "Feature",
      "properties": {
        "source": "viirs_noaa20",
        "satellite": "N20",
        "acq_at": "2026-10-01 12:17:00",
        "frp": "4.17",
        "confidence": "low"
      },
      "geometry": {
        "type": "Point",
        "coordinates": [
          9.37012,
          36.30238
        ]
      }
    },
    {
      "type": "Feature",
      "properties": {
        "source": "viirs_noaa20",
        "satellite": "N20",
        "acq_at": "2026-10-01 12:17:00",
        "frp": "7.32",
        "confidence": "nominal"
      },
      "geometry": {
        "type": "Point",
        "coordinates": [
          14.05049,
          37.11865
        ]
      }
    },
    {
      "type": "Feature",
      "properties": {
        "source": "viirs_noaa20",
        "satellite": "N20",
        "acq_at": "2026-10-01 12:17:00",
        "frp": "3.25",
        "confidence": "nominal"
      },
      "geometry": {
        "type": "Point",
        "coordinates": [
          14.11879,
          37.148
        ]
      }
    },
    {
      "type": "Feature",
      "properties": {
        "source": "viirs_noaa20",
        "satellite": "N20",
        "acq_at": "2026-10-01 12:17:00",
        "frp": "3.82",
        "confidence": "nominal"
      },
      "geometry": {
        "type": "Point",
        "coordinates": [
          10.54393,
          36.68287
        ]
      }
    },
    {
      "type": "Feature",
      "properties": {
        "source": "viirs_noaa20",
        "satellite": "N20",
        "acq_at": "2026-10-01 12:17:00",
        "frp": "1.7",
        "confidence": "nominal"
      },
      "geometry": {
        "type": "Point",
        "coordinates": [
          14.51534,
          37.28793
        ]
      }
    },
    {
      "type": "Feature",
      "properties": {
        "source": "viirs_noaa20",
        "satellite": "N20",
        "acq_at": "2026-10-01 12:17:00",
        "frp": "3.34",
        "confidence": "nominal"
      },
      "geometry": {
        "type": "Point",
        "coordinates": [
          10.91079,
          36.76913
        ]
      }
    },
    {
      "type": "Feature",
      "properties": {
        "source": "viirs_noaa20",
        "satellite": "N20",
        "acq_at": "2026-10-01 12:17:00",
        "frp": "3.34",
        "confidence": "nominal"
      },
      "geometry": {
        "type": "Point",
        "coordinates": [
          13.93193,
          37.21474
        ]
      }
    },
    {
      "type": "Feature",
      "properties": {
        "source": "viirs_noaa20",
        "satellite": "N20",
        "acq_at": "2026-10-01 12:17:00",
        "frp": "1.65",
        "confidence": "nominal"
      },
      "geometry": {
        "type": "Point",
        "coordinates": [
          13.92892,
          37.21387
        ]
      }
    },
    {
      "type": "Feature",
      "properties": {
        "source": "viirs_noaa20",
        "satellite": "N20",
        "acq_at": "2026-10-01 12:17:00",
        "frp": "5.18",
        "confidence": "nominal"
      },
      "geometry": {
        "type": "Point",
        "coordinates": [
          13.86079,
          37.26445
        ]
      }
    },
    {
      "type": "Feature",
      "properties": {
        "source": "viirs_noaa20",
        "satellite": "N20",
        "acq_at": "2026-10-01 12:17:00",
        "frp": "2.94",
        "confidence": "nominal"
      },
      "geometry": {
        "type": "Point",
        "coordinates": [
          14.48567,
          37.48619
        ]
      }
    },
    {
      "type": "Feature",
      "properties": {
        "source": "viirs_noaa20",
        "satellite": "N20",
        "acq_at": "2026-10-01 12:17:00",
        "frp": "4.44",
        "confidence": "nominal"
      },
      "geometry": {
        "type": "Point",
        "coordinates": [
          14.56601,
          37.51849
        ]
      }
    },
    {
      "type": "Feature",
      "properties": {
        "source": "viirs_noaa20",
        "satellite": "N20",
        "acq_at": "2026-10-01 12:17:00",
        "frp": "3.79",
        "confidence": "low"
      },
      "geometry": {
        "type": "Point",
        "coordinates": [
          9.35367,
          36.74169
        ]
      }
    },
    {
      "type": "Feature",
      "properties": {
        "source": "viirs_noaa20",
        "satellite": "N20",
        "acq_at": "2026-10-01 12:17:00",
        "frp": "1.66",
        "confidence": "nominal"
      },
      "geometry": {
        "type": "Point",
        "coordinates": [
          9.3517,
          36.74838
        ]
      }
    },
    {
      "type": "Feature",
      "properties": {
        "source": "viirs_noaa20",
        "satellite": "N20",
        "acq_at": "2026-10-01 12:17:00",
        "frp": "13.33",
        "confidence": "nominal"
      },
      "geometry": {
        "type": "Point",
        "coordinates": [
          14.58136,
          37.54549
        ]
      }
    },
    {
      "type": "Feature",
      "properties": {
        "source": "viirs_noaa20",
        "satellite": "N20",
        "acq_at": "2026-10-01 12:17:00",
        "frp": "5.38",
        "confidence": "nominal"
      },
      "geometry": {
        "type": "Point",
        "coordinates": [
          9.25593,
          36.75281
        ]
      }
    },
    {
      "type": "Feature",
      "properties": {
        "source": "viirs_noaa20",
        "satellite": "N20",
        "acq_at": "2026-10-01 12:17:00",
        "frp": "5.06",
        "confidence": "nominal"
      },
      "geometry": {
        "type": "Point",
        "coordinates": [
          9.25136,
          36.75201
        ]
      }
    },
    {
      "type": "Feature",
      "properties": {
        "source": "viirs_noaa20",
        "satellite": "N20",
        "acq_at": "2026-10-01 12:17:00",
        "frp": "2.8",
        "confidence": "nominal"
      },
      "geometry": {
        "type": "Point",
        "coordinates": [
          14.61385,
          37.56032
        ]
      }
    },
    {
      "type": "Feature",
      "properties": {
        "source": "viirs_noaa20",
        "satellite": "N20",
        "acq_at": "2026-10-01 12:17:00",
        "frp": "2.8",
        "confidence": "low"
      },
      "geometry": {
        "type": "Point",
        "coordinates": [
          14.61316,
          37.56383
        ]
      }
    },
    {
      "type": "Feature",
      "properties": {
        "source": "viirs_noaa20",
        "satellite": "N20",
        "acq_at": "2026-10-01 12:17:00",
        "frp": "5.14",
        "confidence": "nominal"
      },
      "geometry": {
        "type": "Point",
        "coordinates": [
          14.60822,
          37.56321
        ]
      }
    },
    {
      "type": "Feature",
      "properties": {
        "source": "viirs_noaa20",
        "satellite": "N20",
        "acq_at": "2026-10-01 12:17:00",
        "frp": "1.75",
        "confidence": "nominal"
      },
      "geometry": {
        "type": "Point",
        "coordinates": [
          9.19835,
          36.75334
        ]
      }
    },
    {
      "type": "Feature",
      "properties": {
        "source": "viirs_noaa20",
        "satellite": "N20",
        "acq_at": "2026-10-01 12:17:00",
        "frp": "3.56",
        "confidence": "nominal"
      },
      "geometry": {
        "type": "Point",
        "coordinates": [
          9.85073,
          36.92072
        ]
      }
    },
    {
      "type": "Feature",
      "properties": {
        "source": "viirs_noaa20",
        "satellite": "N20",
        "acq_at": "2026-10-01 12:17:00",
        "frp": "6.53",
        "confidence": "low"
      },
      "geometry": {
        "type": "Point",
        "coordinates": [
          13.85897,
          37.55069
        ]
      }
    },
    {
      "type": "Feature",
      "properties": {
        "source": "viirs_noaa20",
        "satellite": "N20",
        "acq_at": "2026-10-01 12:17:00",
        "frp": "5.97",
        "confidence": "nominal"
      },
      "geometry": {
        "type": "Point",
        "coordinates": [
          13.4531,
          37.49677
        ]
      }
    },
    {
      "type": "Feature",
      "properties": {
        "source": "viirs_noaa20",
        "satellite": "N20",
        "acq_at": "2026-10-01 12:17:00",
        "frp": "2.78",
        "confidence": "low"
      },
      "geometry": {
        "type": "Point",
        "coordinates": [
          9.19217,
          36.83736
        ]
      }
    },
    {
      "type": "Feature",
      "properties": {
        "source": "viirs_noaa20",
        "satellite": "N20",
        "acq_at": "2026-10-01 12:17:00",
        "frp": "1.24",
        "confidence": "nominal"
      },
      "geometry": {
        "type": "Point",
        "coordinates": [
          13.77417,
          37.56405
        ]
      }
    },
    {
      "type": "Feature",
      "properties": {
        "source": "viirs_noaa20",
        "satellite": "N20",
        "acq_at": "2026-10-01 12:17:00",
        "frp": "1.45",
        "confidence": "nominal"
      },
      "geometry": {
        "type": "Point",
        "coordinates": [
          9.91081,
          36.99534
        ]
      }
    },
    {
      "type": "Feature",
      "properties": {
        "source": "viirs_noaa20",
        "satellite": "N20",
        "acq_at": "2026-10-01 12:17:00",
        "frp": "0.94",
        "confidence": "nominal"
      },
      "geometry": {
        "type": "Point",
        "coordinates": [
          9.56328,
          36.98194
        ]
      }
    },
    {
      "type": "Feature",
      "properties": {
        "source": "viirs_noaa20",
        "satellite": "N20",
        "acq_at": "2026-10-01 12:17:00",
        "frp": "6.65",
        "confidence": "nominal"
      },
      "geometry": {
        "type": "Point",
        "coordinates": [
          10.01163,
          37.06976
        ]
      }
    },
    {
      "type": "Feature",
      "properties": {
        "source": "viirs_noaa20",
        "satellite": "N20",
        "acq_at": "2026-10-01 12:17:00",
        "frp": "3.16",
        "confidence": "nominal"
      },
      "geometry": {
        "type": "Point",
        "coordinates": [
          9.7443,
          37.05594
        ]
      }
    },
    {
      "type": "Feature",
      "properties": {
        "source": "viirs_noaa20",
        "satellite": "N20",
        "acq_at": "2026-10-01 12:17:00",
        "frp": "3.16",
        "confidence": "nominal"
      },
      "geometry": {
        "type": "Point",
        "coordinates": [
          9.73985,
          37.05519
        ]
      }
    },
    {
      "type": "Feature",
      "properties": {
        "source": "viirs_noaa20",
        "satellite": "N20",
        "acq_at": "2026-10-01 12:17:00",
        "frp": "5.51",
        "confidence": "nominal"
      },
      "geometry": {
        "type": "Point",
        "coordinates": [
          9.54673,
          37.15989
        ]
      }
    },
    {
      "type": "Feature",
      "properties": {
        "source": "viirs_noaa20",
        "satellite": "N20",
        "acq_at": "2026-10-01 12:17:00",
        "frp": "78.97",
        "confidence": "nominal"
      },
      "geometry": {
        "type": "Point",
        "coordinates": [
          9.54232,
          37.15914
        ]
      }
    },
    {
      "type": "Feature",
      "properties": {
        "source": "viirs_noaa20",
        "satellite": "N20",
        "acq_at": "2026-10-01 12:17:00",
        "frp": "5.51",
        "confidence": "nominal"
      },
      "geometry": {
        "type": "Point",
        "coordinates": [
          9.54595,
          37.16324
        ]
      }
    },
    {
      "type": "Feature",
      "properties": {
        "source": "viirs_noaa20",
        "satellite": "N20",
        "acq_at": "2026-10-01 12:17:00",
        "frp": "2.92",
        "confidence": "nominal"
      },
      "geometry": {
        "type": "Point",
        "coordinates": [
          9.56879,
          37.18105
        ]
      }
    },
    {
      "type": "Feature",
      "properties": {
        "source": "viirs_noaa20",
        "satellite": "N20",
        "acq_at": "2026-10-01 12:17:00",
        "frp": "8.13",
        "confidence": "nominal"
      },
      "geometry": {
        "type": "Point",
        "coordinates": [
          12.77001,
          37.71466
        ]
      }
    },
    {
      "type": "Feature",
      "properties": {
        "source": "viirs_noaa20",
        "satellite": "N20",
        "acq_at": "2026-10-01 12:17:00",
        "frp": "7.47",
        "confidence": "nominal"
      },
      "geometry": {
        "type": "Point",
        "coordinates": [
          12.99566,
          37.75632
        ]
      }
    },
    {
      "type": "Feature",
      "properties": {
        "source": "viirs_noaa20",
        "satellite": "N20",
        "acq_at": "2026-10-01 12:17:00",
        "frp": "5.18",
        "confidence": "nominal"
      },
      "geometry": {
        "type": "Point",
        "coordinates": [
          13.09713,
          37.80135
        ]
      }
    },
    {
      "type": "Feature",
      "properties": {
        "source": "viirs_noaa20",
        "satellite": "N20",
        "acq_at": "2026-10-01 12:17:00",
        "frp": "12.13",
        "confidence": "low"
      },
      "geometry": {
        "type": "Point",
        "coordinates": [
          12.79072,
          37.78624
        ]
      }
    },
    {
      "type": "Feature",
      "properties": {
        "source": "viirs_noaa20",
        "satellite": "N20",
        "acq_at": "2026-10-01 12:17:00",
        "frp": "1.72",
        "confidence": "nominal"
      },
      "geometry": {
        "type": "Point",
        "coordinates": [
          9.73808,
          37.31898
        ]
      }
    },
    {
      "type": "Feature",
      "properties": {
        "source": "viirs_noaa20",
        "satellite": "N20",
        "acq_at": "2026-10-01 12:17:00",
        "frp": "6.39",
        "confidence": "nominal"
      },
      "geometry": {
        "type": "Point",
        "coordinates": [
          13.84557,
          37.94762
        ]
      }
    },
    {
      "type": "Feature",
      "properties": {
        "source": "viirs_noaa20",
        "satellite": "N20",
        "acq_at": "2026-10-01 12:17:00",
        "frp": "6.39",
        "confidence": "nominal"
      },
      "geometry": {
        "type": "Point",
        "coordinates": [
          13.84089,
          37.947
        ]
      }
    },
    {
      "type": "Feature",
      "properties": {
        "source": "viirs_noaa20",
        "satellite": "N20",
        "acq_at": "2026-10-01 12:17:00",
        "frp": "2.75",
        "confidence": "nominal"
      },
      "geometry": {
        "type": "Point",
        "coordinates": [
          13.20043,
          37.86051
        ]
      }
    },
    {
      "type": "Feature",
      "properties": {
        "source": "viirs_noaa20",
        "satellite": "N20",
        "acq_at": "2026-10-01 12:17:00",
        "frp": "4.38",
        "confidence": "low"
      },
      "geometry": {
        "type": "Point",
        "coordinates": [
          13.84478,
          37.95103
        ]
      }
    },
    {
      "type": "Feature",
      "properties": {
        "source": "viirs_noaa20",
        "satellite": "N20",
        "acq_at": "2026-10-01 12:17:00",
        "frp": "4.38",
        "confidence": "nominal"
      },
      "geometry": {
        "type": "Point",
        "coordinates": [
          13.84014,
          37.95042
        ]
      }
    },
    {
      "type": "Feature",
      "properties": {
        "source": "viirs_noaa20",
        "satellite": "N20",
        "acq_at": "2026-10-01 12:17:00",
        "frp": "4.38",
        "confidence": "nominal"
      },
      "geometry": {
        "type": "Point",
        "coordinates": [
          13.84403,
          37.95445
        ]
      }
    },
    {
      "type": "Feature",
      "properties": {
        "source": "viirs_noaa20",
        "satellite": "N20",
        "acq_at": "2026-10-01 12:17:00",
        "frp": "8.17",
        "confidence": "nominal"
      },
      "geometry": {
        "type": "Point",
        "coordinates": [
          13.26662,
          37.88001
        ]
      }
    },
    {
      "type": "Feature",
      "properties": {
        "source": "viirs_noaa20",
        "satellite": "N20",
        "acq_at": "2026-10-01 12:17:00",
        "frp": "1.95",
        "confidence": "nominal"
      },
      "geometry": {
        "type": "Point",
        "coordinates": [
          13.15317,
          37.86439
        ]
      }
    },
    {
      "type": "Feature",
      "properties": {
        "source": "viirs_noaa20",
        "satellite": "N20",
        "acq_at": "2026-10-01 12:17:00",
        "frp": "1.95",
        "confidence": "nominal"
      },
      "geometry": {
        "type": "Point",
        "coordinates": [
          13.15241,
          37.86773
        ]
      }
    },
    {
      "type": "Feature",
      "properties": {
        "source": "viirs_noaa20",
        "satellite": "N20",
        "acq_at": "2026-10-01 12:17:00",
        "frp": "1.85",
        "confidence": "nominal"
      },
      "geometry": {
        "type": "Point",
        "coordinates": [
          13.10565,
          37.87309
        ]
      }
    },
    {
      "type": "Feature",
      "properties": {
        "source": "viirs_noaa20",
        "satellite": "N20",
        "acq_at": "2026-10-01 12:17:00",
        "frp": "4.1",
        "confidence": "low"
      },
      "geometry": {
        "type": "Point",
        "coordinates": [
          13.25102,
          37.91362
        ]
      }
    },
    {
      "type": "Feature",
      "properties": {
        "source": "viirs_noaa20",
        "satellite": "N20",
        "acq_at": "2026-10-01 12:17:00",
        "frp": "2.53",
        "confidence": "nominal"
      },
      "geometry": {
        "type": "Point",
        "coordinates": [
          13.22759,
          37.91391
        ]
      }
    },
    {
      "type": "Feature",
      "properties": {
        "source": "viirs_noaa20",
        "satellite": "N20",
        "acq_at": "2026-10-01 12:17:00",
        "frp": "3.04",
        "confidence": "nominal"
      },
      "geometry": {
        "type": "Point",
        "coordinates": [
          12.94221,
          37.87821
        ]
      }
    },
    {
      "type": "Feature",
      "properties": {
        "source": "viirs_noaa20",
        "satellite": "N20",
        "acq_at": "2026-10-01 12:17:00",
        "frp": "12.98",
        "confidence": "nominal"
      },
      "geometry": {
        "type": "Point",
        "coordinates": [
          12.69901,
          37.89229
        ]
      }
    },
    {
      "type": "Feature",
      "properties": {
        "source": "viirs_noaa20",
        "satellite": "N20",
        "acq_at": "2026-10-01 12:17:00",
        "frp": "9.24",
        "confidence": "nominal"
      },
      "geometry": {
        "type": "Point",
        "coordinates": [
          12.67836,
          37.90309
        ]
      }
    },
    {
      "type": "Feature",
      "properties": {
        "source": "viirs_noaa20",
        "satellite": "N20",
        "acq_at": "2026-10-01 12:17:00",
        "frp": "4.47",
        "confidence": "nominal"
      },
      "geometry": {
        "type": "Point",
        "coordinates": [
          12.9723,
          38.00113
        ]
      }
    },
    {
      "type": "Feature",
      "properties": {
        "source": "viirs_noaa20",
        "satellite": "N20",
        "acq_at": "2026-10-01 12:17:00",
        "frp": "4.47",
        "confidence": "nominal"
      },
      "geometry": {
        "type": "Point",
        "coordinates": [
          12.97158,
          38.00449
        ]
      }
    },
    {
      "type": "Feature",
      "properties": {
        "source": "viirs_noaa20",
        "satellite": "N20",
        "acq_at": "2026-10-01 12:17:00",
        "frp": "3.96",
        "confidence": "nominal"
      },
      "geometry": {
        "type": "Point",
        "coordinates": [
          13.27936,
          38.05355
        ]
      }
    },
    {
      "type": "Feature",
      "properties": {
        "source": "viirs_noaa20",
        "satellite": "N20",
        "acq_at": "2026-10-01 12:17:00",
        "frp": "3.96",
        "confidence": "nominal"
      },
      "geometry": {
        "type": "Point",
        "coordinates": [
          13.27472,
          38.05292
        ]
      }
    },
    {
      "type": "Feature",
      "properties": {
        "source": "viirs_noaa20",
        "satellite": "N20",
        "acq_at": "2026-10-01 12:17:00",
        "frp": "128.18",
        "confidence": "high"
      },
      "geometry": {
        "type": "Point",
        "coordinates": [
          12.74599,
          38.01775
        ]
      }
    },
    {
      "type": "Feature",
      "properties": {
        "source": "viirs_noaa20",
        "satellite": "N20",
        "acq_at": "2026-10-01 12:17:00",
        "frp": "15.46",
        "confidence": "nominal"
      },
      "geometry": {
        "type": "Point",
        "coordinates": [
          12.75045,
          38.01837
        ]
      }
    },
    {
      "type": "Feature",
      "properties": {
        "source": "viirs_noaa20",
        "satellite": "N20",
        "acq_at": "2026-10-01 12:19:00",
        "frp": "2.37",
        "confidence": "nominal"
      },
      "geometry": {
        "type": "Point",
        "coordinates": [
          15.80517,
          39.76273
        ]
      }
    },
    {
      "type": "Feature",
      "properties": {
        "source": "viirs_noaa20",
        "satellite": "N20",
        "acq_at": "2026-10-01 12:19:00",
        "frp": "2.37",
        "confidence": "nominal"
      },
      "geometry": {
        "type": "Point",
        "coordinates": [
          15.8045,
          39.76651
        ]
      }
    },
    {
      "type": "Feature",
      "properties": {
        "source": "viirs_noaa20",
        "satellite": "N20",
        "acq_at": "2026-10-01 12:19:00",
        "frp": "5.39",
        "confidence": "low"
      },
      "geometry": {
        "type": "Point",
        "coordinates": [
          18.11675,
          40.03907
        ]
      }
    },
    {
      "type": "Feature",
      "properties": {
        "source": "viirs_noaa20",
        "satellite": "N20",
        "acq_at": "2026-10-01 12:19:00",
        "frp": "4.24",
        "confidence": "nominal"
      },
      "geometry": {
        "type": "Point",
        "coordinates": [
          18.11941,
          40.03782
        ]
      }
    },
    {
      "type": "Feature",
      "properties": {
        "source": "viirs_noaa20",
        "satellite": "N20",
        "acq_at": "2026-10-01 12:19:00",
        "frp": "4.39",
        "confidence": "nominal"
      },
      "geometry": {
        "type": "Point",
        "coordinates": [
          18.43897,
          40.09542
        ]
      }
    },
    {
      "type": "Feature",
      "properties": {
        "source": "viirs_noaa20",
        "satellite": "N20",
        "acq_at": "2026-10-01 12:19:00",
        "frp": "3.99",
        "confidence": "nominal"
      },
      "geometry": {
        "type": "Point",
        "coordinates": [
          18.31957,
          40.16841
        ]
      }
    },
    {
      "type": "Feature",
      "properties": {
        "source": "viirs_noaa20",
        "satellite": "N20",
        "acq_at": "2026-10-01 12:19:00",
        "frp": "5.71",
        "confidence": "nominal"
      },
      "geometry": {
        "type": "Point",
        "coordinates": [
          18.32282,
          40.17041
        ]
      }
    },
    {
      "type": "Feature",
      "properties": {
        "source": "viirs_noaa20",
        "satellite": "N20",
        "acq_at": "2026-10-01 12:19:00",
        "frp": "4.14",
        "confidence": "nominal"
      },
      "geometry": {
        "type": "Point",
        "coordinates": [
          15.82946,
          39.96101
        ]
      }
    },
    {
      "type": "Feature",
      "properties": {
        "source": "viirs_noaa20",
        "satellite": "N20",
        "acq_at": "2026-10-01 12:19:00",
        "frp": "3.76",
        "confidence": "nominal"
      },
      "geometry": {
        "type": "Point",
        "coordinates": [
          18.01566,
          40.3544
        ]
      }
    },
    {
      "type": "Feature",
      "properties": {
        "source": "viirs_noaa20",
        "satellite": "N20",
        "acq_at": "2026-10-01 12:19:00",
        "frp": "2.37",
        "confidence": "nominal"
      },
      "geometry": {
        "type": "Point",
        "coordinates": [
          18.01392,
          40.35313
        ]
      }
    },
    {
      "type": "Feature",
      "properties": {
        "source": "viirs_noaa20",
        "satellite": "N20",
        "acq_at": "2026-10-01 12:19:00",
        "frp": "1.94",
        "confidence": "nominal"
      },
      "geometry": {
        "type": "Point",
        "coordinates": [
          9.10809,
          39.35159
        ]
      }
    },
    {
      "type": "Feature",
      "properties": {
        "source": "viirs_noaa20",
        "satellite": "N20",
        "acq_at": "2026-10-01 12:19:00",
        "frp": "11.09",
        "confidence": "nominal"
      },
      "geometry": {
        "type": "Point",
        "coordinates": [
          16.79913,
          40.43092
        ]
      }
    },
    {
      "type": "Feature",
      "properties": {
        "source": "viirs_noaa20",
        "satellite": "N20",
        "acq_at": "2026-10-01 12:19:00",
        "frp": "5.08",
        "confidence": "nominal"
      },
      "geometry": {
        "type": "Point",
        "coordinates": [
          16.88467,
          40.65364
        ]
      }
    },
    {
      "type": "Feature",
      "properties": {
        "source": "viirs_noaa20",
        "satellite": "N20",
        "acq_at": "2026-10-01 12:19:00",
        "frp": "10.84",
        "confidence": "nominal"
      },
      "geometry": {
        "type": "Point",
        "coordinates": [
          14.94238,
          40.48981
        ]
      }
    },
    {
      "type": "Feature",
      "properties": {
        "source": "viirs_noaa20",
        "satellite": "N20",
        "acq_at": "2026-10-01 12:19:00",
        "frp": "5.04",
        "confidence": "nominal"
      },
      "geometry": {
        "type": "Point",
        "coordinates": [
          15.74897,
          40.66938
        ]
      }
    },
    {
      "type": "Feature",
      "properties": {
        "source": "viirs_noaa20",
        "satellite": "N20",
        "acq_at": "2026-10-01 12:19:00",
        "frp": "4.39",
        "confidence": "nominal"
      },
      "geometry": {
        "type": "Point",
        "coordinates": [
          16.1586,
          40.88197
        ]
      }
    },
    {
      "type": "Feature",
      "properties": {
        "source": "viirs_noaa20",
        "satellite": "N20",
        "acq_at": "2026-10-01 12:19:00",
        "frp": "4.41",
        "confidence": "low"
      },
      "geometry": {
        "type": "Point",
        "coordinates": [
          16.16936,
          40.89499
        ]
      }
    },
    {
      "type": "Feature",
      "properties": {
        "source": "viirs_noaa20",
        "satellite": "N20",
        "acq_at": "2026-10-01 12:19:00",
        "frp": "4.31",
        "confidence": "nominal"
      },
      "geometry": {
        "type": "Point",
        "coordinates": [
          15.81594,
          40.89299
        ]
      }
    },
    {
      "type": "Feature",
      "properties": {
        "source": "viirs_noaa20",
        "satellite": "N20",
        "acq_at": "2026-10-01 12:19:00",
        "frp": "27.58",
        "confidence": "low"
      },
      "geometry": {
        "type": "Point",
        "coordinates": [
          15.78144,
          40.89915
        ]
      }
    },
    {
      "type": "Feature",
      "properties": {
        "source": "viirs_noaa20",
        "satellite": "N20",
        "acq_at": "2026-10-01 12:19:00",
        "frp": "16.06",
        "confidence": "nominal"
      },
      "geometry": {
        "type": "Point",
        "coordinates": [
          15.85137,
          40.91027
        ]
      }
    },
    {
      "type": "Feature",
      "properties": {
        "source": "viirs_noaa20",
        "satellite": "N20",
        "acq_at": "2026-10-01 12:19:00",
        "frp": "12.37",
        "confidence": "nominal"
      },
      "geometry": {
        "type": "Point",
        "coordinates": [
          15.57072,
          40.91958
        ]
      }
    },
    {
      "type": "Feature",
      "properties": {
        "source": "viirs_noaa20",
        "satellite": "N20",
        "acq_at": "2026-10-01 12:19:00",
        "frp": "8.41",
        "confidence": "nominal"
      },
      "geometry": {
        "type": "Point",
        "coordinates": [
          15.55607,
          40.93731
        ]
      }
    },
    {
      "type": "Feature",
      "properties": {
        "source": "viirs_noaa20",
        "satellite": "N20",
        "acq_at": "2026-10-01 12:19:00",
        "frp": "12.39",
        "confidence": "nominal"
      },
      "geometry": {
        "type": "Point",
        "coordinates": [
          15.27507,
          41.12166
        ]
      }
    },
    {
      "type": "Feature",
      "properties": {
        "source": "viirs_noaa20",
        "satellite": "N20",
        "acq_at": "2026-10-01 12:19:00",
        "frp": "14.07",
        "confidence": "nominal"
      },
      "geometry": {
        "type": "Point",
        "coordinates": [
          14.3144,
          41.01541
        ]
      }
    },
    {
      "type": "Feature",
      "properties": {
        "source": "viirs_noaa20",
        "satellite": "N20",
        "acq_at": "2026-10-01 12:19:00",
        "frp": "2.63",
        "confidence": "nominal"
      },
      "geometry": {
        "type": "Point",
        "coordinates": [
          14.06534,
          41.03161
        ]
      }
    },
    {
      "type": "Feature",
      "properties": {
        "source": "viirs_noaa20",
        "satellite": "N20",
        "acq_at": "2026-10-01 12:19:00",
        "frp": "6.92",
        "confidence": "nominal"
      },
      "geometry": {
        "type": "Point",
        "coordinates": [
          14.52196,
          41.08844
        ]
      }
    },
    {
      "type": "Feature",
      "properties": {
        "source": "viirs_noaa20",
        "satellite": "N20",
        "acq_at": "2026-10-01 12:19:00",
        "frp": "12.06",
        "confidence": "nominal"
      },
      "geometry": {
        "type": "Point",
        "coordinates": [
          15.45941,
          41.20702
        ]
      }
    },
    {
      "type": "Feature",
      "properties": {
        "source": "viirs_noaa20",
        "satellite": "N20",
        "acq_at": "2026-10-01 12:19:00",
        "frp": "12.06",
        "confidence": "nominal"
      },
      "geometry": {
        "type": "Point",
        "coordinates": [
          15.45286,
          41.20633
        ]
      }
    },
    {
      "type": "Feature",
      "properties": {
        "source": "viirs_noaa20",
        "satellite": "N20",
        "acq_at": "2026-10-01 12:19:00",
        "frp": "2.36",
        "confidence": "low"
      },
      "geometry": {
        "type": "Point",
        "coordinates": [
          14.1942,
          41.07611
        ]
      }
    },
    {
      "type": "Feature",
      "properties": {
        "source": "viirs_noaa20",
        "satellite": "N20",
        "acq_at": "2026-10-01 12:19:00",
        "frp": "15.6",
        "confidence": "nominal"
      },
      "geometry": {
        "type": "Point",
        "coordinates": [
          15.35897,
          41.296
        ]
      }
    },
    {
      "type": "Feature",
      "properties": {
        "source": "viirs_noaa20",
        "satellite": "N20",
        "acq_at": "2026-10-01 12:19:00",
        "frp": "15.6",
        "confidence": "nominal"
      },
      "geometry": {
        "type": "Point",
        "coordinates": [
          15.35836,
          41.29979
        ]
      }
    },
    {
      "type": "Feature",
      "properties": {
        "source": "viirs_noaa20",
        "satellite": "N20",
        "acq_at": "2026-10-01 12:19:00",
        "frp": "3.08",
        "confidence": "nominal"
      },
      "geometry": {
        "type": "Point",
        "coordinates": [
          15.35588,
          41.44558
        ]
      }
    },
    {
      "type": "Feature",
      "properties": {
        "source": "viirs_noaa20",
        "satellite": "N20",
        "acq_at": "2026-10-01 12:19:00",
        "frp": "8.45",
        "confidence": "nominal"
      },
      "geometry": {
        "type": "Point",
        "coordinates": [
          15.40928,
          41.46294
        ]
      }
    },
    {
      "type": "Feature",
      "properties": {
        "source": "viirs_noaa20",
        "satellite": "N20",
        "acq_at": "2026-10-01 12:19:00",
        "frp": "8.45",
        "confidence": "nominal"
      },
      "geometry": {
        "type": "Point",
        "coordinates": [
          15.40309,
          41.46227
        ]
      }
    },
    {
      "type": "Feature",
      "properties": {
        "source": "viirs_noaa20",
        "satellite": "N20",
        "acq_at": "2026-10-01 12:19:00",
        "frp": "2.76",
        "confidence": "low"
      },
      "geometry": {
        "type": "Point",
        "coordinates": [
          15.78306,
          41.5511
        ]
      }
    },
    {
      "type": "Feature",
      "properties": {
        "source": "viirs_noaa20",
        "satellite": "N20",
        "acq_at": "2026-10-01 12:19:00",
        "frp": "4.55",
        "confidence": "nominal"
      },
      "geometry": {
        "type": "Point",
        "coordinates": [
          15.76953,
          41.55365
        ]
      }
    },
    {
      "type": "Feature",
      "properties": {
        "source": "viirs_noaa20",
        "satellite": "N20",
        "acq_at": "2026-10-01 12:19:00",
        "frp": "7.6",
        "confidence": "nominal"
      },
      "geometry": {
        "type": "Point",
        "coordinates": [
          13.47492,
          41.37029
        ]
      }
    },
    {
      "type": "Feature",
      "properties": {
        "source": "viirs_noaa20",
        "satellite": "N20",
        "acq_at": "2026-10-01 12:19:00",
        "frp": "7.6",
        "confidence": "nominal"
      },
      "geometry": {
        "type": "Point",
        "coordinates": [
          13.47013,
          41.36969
        ]
      }
    },
    {
      "type": "Feature",
      "properties": {
        "source": "viirs_noaa20",
        "satellite": "N20",
        "acq_at": "2026-10-01 12:19:00",
        "frp": "4.46",
        "confidence": "nominal"
      },
      "geometry": {
        "type": "Point",
        "coordinates": [
          13.46394,
          41.43407
        ]
      }
    },
    {
      "type": "Feature",
      "properties": {
        "source": "viirs_noaa20",
        "satellite": "N20",
        "acq_at": "2026-10-01 12:19:00",
        "frp": "7.43",
        "confidence": "nominal"
      },
      "geometry": {
        "type": "Point",
        "coordinates": [
          15.48449,
          41.69374
        ]
      }
    },
    {
      "type": "Feature",
      "properties": {
        "source": "viirs_noaa20",
        "satellite": "N20",
        "acq_at": "2026-10-01 12:19:00",
        "frp": "4.25",
        "confidence": "nominal"
      },
      "geometry": {
        "type": "Point",
        "coordinates": [
          15.41217,
          41.85822
        ]
      }
    },
    {
      "type": "Feature",
      "properties": {
        "source": "viirs_noaa20",
        "satellite": "N20",
        "acq_at": "2026-10-01 12:19:00",
        "frp": "2.06",
        "confidence": "nominal"
      },
      "geometry": {
        "type": "Point",
        "coordinates": [
          15.15974,
          41.85437
        ]
      }
    },
    {
      "type": "Feature",
      "properties": {
        "source": "viirs_noaa20",
        "satellite": "N20",
        "acq_at": "2026-10-01 12:19:00",
        "frp": "6.67",
        "confidence": "nominal"
      },
      "geometry": {
        "type": "Point",
        "coordinates": [
          15.15378,
          41.85373
        ]
      }
    },
    {
      "type": "Feature",
      "properties": {
        "source": "viirs_noaa20",
        "satellite": "N20",
        "acq_at": "2026-10-01 12:19:00",
        "frp": "2.53",
        "confidence": "low"
      },
      "geometry": {
        "type": "Point",
        "coordinates": [
          15.15315,
          41.85749
        ]
      }
    },
    {
      "type": "Feature",
      "properties": {
        "source": "viirs_noaa20",
        "satellite": "N20",
        "acq_at": "2026-10-01 12:19:00",
        "frp": "5.12",
        "confidence": "nominal"
      },
      "geometry": {
        "type": "Point",
        "coordinates": [
          12.76057,
          42.22165
        ]
      }
    },
    {
      "type": "Feature",
      "properties": {
        "source": "viirs_noaa20",
        "satellite": "N20",
        "acq_at": "2026-10-01 12:19:00",
        "frp": "5.12",
        "confidence": "nominal"
      },
      "geometry": {
        "type": "Point",
        "coordinates": [
          12.75552,
          42.221
        ]
      }
    },
    {
      "type": "Feature",
      "properties": {
        "source": "viirs_noaa20",
        "satellite": "N20",
        "acq_at": "2026-10-01 12:19:00",
        "frp": "2.4",
        "confidence": "nominal"
      },
      "geometry": {
        "type": "Point",
        "coordinates": [
          18.28055,
          42.83231
        ]
      }
    },
    {
      "type": "Feature",
      "properties": {
        "source": "viirs_noaa20",
        "satellite": "N20",
        "acq_at": "2026-10-01 12:19:00",
        "frp": "2.81",
        "confidence": "nominal"
      },
      "geometry": {
        "type": "Point",
        "coordinates": [
          17.67056,
          43.06755
        ]
      }
    },
    {
      "type": "Feature",
      "properties": {
        "source": "viirs_noaa20",
        "satellite": "N20",
        "acq_at": "2026-10-01 12:19:00",
        "frp": "2.73",
        "confidence": "nominal"
      },
      "geometry": {
        "type": "Point",
        "coordinates": [
          18.17194,
          43.26284
        ]
      }
    },
    {
      "type": "Feature",
      "properties": {
        "source": "viirs_noaa20",
        "satellite": "N20",
        "acq_at": "2026-10-01 12:19:00",
        "frp": "4.04",
        "confidence": "nominal"
      },
      "geometry": {
        "type": "Point",
        "coordinates": [
          18.25175,
          43.40232
        ]
      }
    },
    {
      "type": "Feature",
      "properties": {
        "source": "viirs_noaa20",
        "satellite": "N20",
        "acq_at": "2026-10-01 12:19:00",
        "frp": "4.04",
        "confidence": "nominal"
      },
      "geometry": {
        "type": "Point",
        "coordinates": [
          18.25109,
          43.40678
        ]
      }
    },
    {
      "type": "Feature",
      "properties": {
        "source": "viirs_noaa20",
        "satellite": "N20",
        "acq_at": "2026-10-01 12:19:00",
        "frp": "4.72",
        "confidence": "low"
      },
      "geometry": {
        "type": "Point",
        "coordinates": [
          17.18997,
          43.43169
        ]
      }
    },
    {
      "type": "Feature",
      "properties": {
        "source": "viirs_noaa20",
        "satellite": "N20",
        "acq_at": "2026-10-01 12:19:00",
        "frp": "3.48",
        "confidence": "low"
      },
      "geometry": {
        "type": "Point",
        "coordinates": [
          16.87983,
          43.78931
        ]
      }
    },
    {
      "type": "Feature",
      "properties": {
        "source": "viirs_noaa20",
        "satellite": "N20",
        "acq_at": "2026-10-01 12:19:00",
        "frp": "6.11",
        "confidence": "nominal"
      },
      "geometry": {
        "type": "Point",
        "coordinates": [
          17.89485,
          44.87256
        ]
      }
    },
    {
      "type": "Feature",
      "properties": {
        "source": "viirs_noaa20",
        "satellite": "N20",
        "acq_at": "2026-10-01 12:19:00",
        "frp": "21.33",
        "confidence": "low"
      },
      "geometry": {
        "type": "Point",
        "coordinates": [
          17.40502,
          44.95442
        ]
      }
    },
    {
      "type": "Feature",
      "properties": {
        "source": "viirs_noaa20",
        "satellite": "N20",
        "acq_at": "2026-10-01 12:19:00",
        "frp": "3.78",
        "confidence": "nominal"
      },
      "geometry": {
        "type": "Point",
        "coordinates": [
          17.39126,
          44.96655
        ]
      }
    },
    {
      "type": "Feature",
      "properties": {
        "source": "viirs_noaa20",
        "satellite": "N20",
        "acq_at": "2026-10-01 12:19:00",
        "frp": "1.64",
        "confidence": "nominal"
      },
      "geometry": {
        "type": "Point",
        "coordinates": [
          16.78403,
          45.17191
        ]
      }
    },
    {
      "type": "Feature",
      "properties": {
        "source": "viirs_noaa20",
        "satellite": "N20",
        "acq_at": "2026-10-01 12:19:00",
        "frp": "8.68",
        "confidence": "nominal"
      },
      "geometry": {
        "type": "Point",
        "coordinates": [
          18.96812,
          45.42389
        ]
      }
    },
    {
      "type": "Feature",
      "properties": {
        "source": "viirs_noaa20",
        "satellite": "N20",
        "acq_at": "2026-10-01 12:19:00",
        "frp": "7.23",
        "confidence": "nominal"
      },
      "geometry": {
        "type": "Point",
        "coordinates": [
          18.96699,
          45.42446
        ]
      }
    },
    {
      "type": "Feature",
      "properties": {
        "source": "viirs_noaa20",
        "satellite": "N20",
        "acq_at": "2026-10-01 12:19:00",
        "frp": "2.18",
        "confidence": "nominal"
      },
      "geometry": {
        "type": "Point",
        "coordinates": [
          12.09428,
          44.85831
        ]
      }
    },
    {
      "type": "Feature",
      "properties": {
        "source": "viirs_noaa20",
        "satellite": "N20",
        "acq_at": "2026-10-01 12:19:00",
        "frp": "3.44",
        "confidence": "nominal"
      },
      "geometry": {
        "type": "Point",
        "coordinates": [
          12.10537,
          44.91813
        ]
      }
    },
    {
      "type": "Feature",
      "properties": {
        "source": "viirs_noaa20",
        "satellite": "N20",
        "acq_at": "2026-10-01 12:19:00",
        "frp": "1.94",
        "confidence": "nominal"
      },
      "geometry": {
        "type": "Point",
        "coordinates": [
          12.1153,
          44.92293
        ]
      }
    },
    {
      "type": "Feature",
      "properties": {
        "source": "viirs_noaa20",
        "satellite": "N20",
        "acq_at": "2026-10-01 12:19:00",
        "frp": "2.25",
        "confidence": "nominal"
      },
      "geometry": {
        "type": "Point",
        "coordinates": [
          18.10477,
          45.57101
        ]
      }
    },
    {
      "type": "Feature",
      "properties": {
        "source": "viirs_noaa20",
        "satellite": "N20",
        "acq_at": "2026-10-01 12:19:00",
        "frp": "14.49",
        "confidence": "nominal"
      },
      "geometry": {
        "type": "Point",
        "coordinates": [
          11.41337,
          45.66308
        ]
      }
    },
    {
      "type": "Feature",
      "properties": {
        "source": "viirs_noaa20",
        "satellite": "N20",
        "acq_at": "2026-10-01 12:19:00",
        "frp": "8.34",
        "confidence": "nominal"
      },
      "geometry": {
        "type": "Point",
        "coordinates": [
          11.41169,
          45.66206
        ]
      }
    },
    {
      "type": "Feature",
      "properties": {
        "source": "viirs_noaa20",
        "satellite": "N20",
        "acq_at": "2026-10-01 12:19:00",
        "frp": "8.34",
        "confidence": "nominal"
      },
      "geometry": {
        "type": "Point",
        "coordinates": [
          11.41079,
          45.66548
        ]
      }
    },
    {
      "type": "Feature",
      "properties": {
        "source": "viirs_noaa20",
        "satellite": "N20",
        "acq_at": "2026-10-01 12:19:00",
        "frp": "4.47",
        "confidence": "nominal"
      },
      "geometry": {
        "type": "Point",
        "coordinates": [
          16.68944,
          46.25566
        ]
      }
    },
    {
      "type": "Feature",
      "properties": {
        "source": "viirs_noaa20",
        "satellite": "N20",
        "acq_at": "2026-10-01 12:19:00",
        "frp": "4.47",
        "confidence": "nominal"
      },
      "geometry": {
        "type": "Point",
        "coordinates": [
          16.68366,
          46.2552
        ]
      }
    },
    {
      "type": "Feature",
      "properties": {
        "source": "viirs_noaa20",
        "satellite": "N20",
        "acq_at": "2026-10-01 12:19:00",
        "frp": "5.34",
        "confidence": "nominal"
      },
      "geometry": {
        "type": "Point",
        "coordinates": [
          16.65361,
          46.3895
        ]
      }
    },
    {
      "type": "Feature",
      "properties": {
        "source": "viirs_noaa20",
        "satellite": "N20",
        "acq_at": "2026-10-02 00:35:00",
        "frp": "0.62",
        "confidence": "nominal"
      },
      "geometry": {
        "type": "Point",
        "coordinates": [
          16.39211,
          45.71711
        ]
      }
    },
    {
      "type": "Feature",
      "properties": {
        "source": "viirs_noaa20",
        "satellite": "N20",
        "acq_at": "2026-10-02 00:35:00",
        "frp": "2.3",
        "confidence": "nominal"
      },
      "geometry": {
        "type": "Point",
        "coordinates": [
          18.07633,
          44.529
        ]
      }
    },
    {
      "type": "Feature",
      "properties": {
        "source": "viirs_noaa20",
        "satellite": "N20",
        "acq_at": "2026-10-02 00:35:00",
        "frp": "2.05",
        "confidence": "nominal"
      },
      "geometry": {
        "type": "Point",
        "coordinates": [
          18.07542,
          44.52544
        ]
      }
    },
    {
      "type": "Feature",
      "properties": {
        "source": "viirs_noaa20",
        "satellite": "N20",
        "acq_at": "2026-10-02 00:35:00",
        "frp": "1.15",
        "confidence": "nominal"
      },
      "geometry": {
        "type": "Point",
        "coordinates": [
          17.59963,
          43.63655
        ]
      }
    },
    {
      "type": "Feature",
      "properties": {
        "source": "viirs_noaa20",
        "satellite": "N20",
        "acq_at": "2026-10-02 00:37:00",
        "frp": "2.08",
        "confidence": "nominal"
      },
      "geometry": {
        "type": "Point",
        "coordinates": [
          12.75314,
          42.22525
        ]
      }
    },
    {
      "type": "Feature",
      "properties": {
        "source": "viirs_noaa20",
        "satellite": "N20",
        "acq_at": "2026-10-02 00:37:00",
        "frp": "1.29",
        "confidence": "nominal"
      },
      "geometry": {
        "type": "Point",
        "coordinates": [
          14.97574,
          41.55592
        ]
      }
    },
    {
      "type": "Feature",
      "properties": {
        "source": "viirs_noaa20",
        "satellite": "N20",
        "acq_at": "2026-10-02 00:37:00",
        "frp": "2.94",
        "confidence": "nominal"
      },
      "geometry": {
        "type": "Point",
        "coordinates": [
          15.13274,
          41.42022
        ]
      }
    },
    {
      "type": "Feature",
      "properties": {
        "source": "viirs_noaa20",
        "satellite": "N20",
        "acq_at": "2026-10-02 00:37:00",
        "frp": "2.94",
        "confidence": "nominal"
      },
      "geometry": {
        "type": "Point",
        "coordinates": [
          15.13187,
          41.41631
        ]
      }
    },
    {
      "type": "Feature",
      "properties": {
        "source": "viirs_noaa20",
        "satellite": "N20",
        "acq_at": "2026-10-02 00:37:00",
        "frp": "0.95",
        "confidence": "nominal"
      },
      "geometry": {
        "type": "Point",
        "coordinates": [
          14.08131,
          41.49239
        ]
      }
    },
    {
      "type": "Feature",
      "properties": {
        "source": "viirs_noaa20",
        "satellite": "N20",
        "acq_at": "2026-10-02 00:37:00",
        "frp": "0.86",
        "confidence": "nominal"
      },
      "geometry": {
        "type": "Point",
        "coordinates": [
          15.92393,
          41.28392
        ]
      }
    },
    {
      "type": "Feature",
      "properties": {
        "source": "viirs_noaa20",
        "satellite": "N20",
        "acq_at": "2026-10-02 00:37:00",
        "frp": "0.36",
        "confidence": "nominal"
      },
      "geometry": {
        "type": "Point",
        "coordinates": [
          16.28275,
          41.18906
        ]
      }
    },
    {
      "type": "Feature",
      "properties": {
        "source": "viirs_noaa20",
        "satellite": "N20",
        "acq_at": "2026-10-02 00:37:00",
        "frp": "0.91",
        "confidence": "nominal"
      },
      "geometry": {
        "type": "Point",
        "coordinates": [
          13.407,
          41.44276
        ]
      }
    },
    {
      "type": "Feature",
      "properties": {
        "source": "viirs_noaa20",
        "satellite": "N20",
        "acq_at": "2026-10-02 00:37:00",
        "frp": "1.61",
        "confidence": "nominal"
      },
      "geometry": {
        "type": "Point",
        "coordinates": [
          13.41357,
          41.44219
        ]
      }
    },
    {
      "type": "Feature",
      "properties": {
        "source": "viirs_noaa20",
        "satellite": "N20",
        "acq_at": "2026-10-02 00:37:00",
        "frp": "0.87",
        "confidence": "nominal"
      },
      "geometry": {
        "type": "Point",
        "coordinates": [
          15.45698,
          41.19554
        ]
      }
    },
    {
      "type": "Feature",
      "properties": {
        "source": "viirs_noaa20",
        "satellite": "N20",
        "acq_at": "2026-10-02 00:37:00",
        "frp": "1.07",
        "confidence": "nominal"
      },
      "geometry": {
        "type": "Point",
        "coordinates": [
          15.44511,
          41.1995
        ]
      }
    },
    {
      "type": "Feature",
      "properties": {
        "source": "viirs_noaa20",
        "satellite": "N20",
        "acq_at": "2026-10-02 00:37:00",
        "frp": "1.01",
        "confidence": "nominal"
      },
      "geometry": {
        "type": "Point",
        "coordinates": [
          14.51479,
          41.09247
        ]
      }
    },
    {
      "type": "Feature",
      "properties": {
        "source": "viirs_noaa20",
        "satellite": "N20",
        "acq_at": "2026-10-02 00:37:00",
        "frp": "1.01",
        "confidence": "nominal"
      },
      "geometry": {
        "type": "Point",
        "coordinates": [
          14.52013,
          41.09196
        ]
      }
    },
    {
      "type": "Feature",
      "properties": {
        "source": "viirs_noaa20",
        "satellite": "N20",
        "acq_at": "2026-10-02 00:37:00",
        "frp": "2.62",
        "confidence": "nominal"
      },
      "geometry": {
        "type": "Point",
        "coordinates": [
          14.51455,
          41.08841
        ]
      }
    },
    {
      "type": "Feature",
      "properties": {
        "source": "viirs_noaa20",
        "satellite": "N20",
        "acq_at": "2026-10-02 00:37:00",
        "frp": "1.57",
        "confidence": "nominal"
      },
      "geometry": {
        "type": "Point",
        "coordinates": [
          14.50923,
          41.08892
        ]
      }
    },
    {
      "type": "Feature",
      "properties": {
        "source": "viirs_noaa20",
        "satellite": "N20",
        "acq_at": "2026-10-02 00:37:00",
        "frp": "1.19",
        "confidence": "nominal"
      },
      "geometry": {
        "type": "Point",
        "coordinates": [
          14.82872,
          40.84711
        ]
      }
    },
    {
      "type": "Feature",
      "properties": {
        "source": "viirs_noaa20",
        "satellite": "N20",
        "acq_at": "2026-10-02 00:37:00",
        "frp": "1.19",
        "confidence": "nominal"
      },
      "geometry": {
        "type": "Point",
        "coordinates": [
          14.83581,
          40.8464
        ]
      }
    },
    {
      "type": "Feature",
      "properties": {
        "source": "viirs_noaa20",
        "satellite": "N20",
        "acq_at": "2026-10-02 00:37:00",
        "frp": "0.66",
        "confidence": "nominal"
      },
      "geometry": {
        "type": "Point",
        "coordinates": [
          16.57074,
          40.62346
        ]
      }
    },
    {
      "type": "Feature",
      "properties": {
        "source": "viirs_noaa20",
        "satellite": "N20",
        "acq_at": "2026-10-02 00:37:00",
        "frp": "3.81",
        "confidence": "nominal"
      },
      "geometry": {
        "type": "Point",
        "coordinates": [
          14.82669,
          38.01175
        ]
      }
    },
    {
      "type": "Feature",
      "properties": {
        "source": "viirs_noaa20",
        "satellite": "N20",
        "acq_at": "2026-10-02 00:37:00",
        "frp": "1.63",
        "confidence": "nominal"
      },
      "geometry": {
        "type": "Point",
        "coordinates": [
          13.83974,
          37.95905
        ]
      }
    },
    {
      "type": "Feature",
      "properties": {
        "source": "viirs_noaa20",
        "satellite": "N20",
        "acq_at": "2026-10-02 00:37:00",
        "frp": "0.52",
        "confidence": "nominal"
      },
      "geometry": {
        "type": "Point",
        "coordinates": [
          13.1389,
          37.87814
        ]
      }
    },
    {
      "type": "Feature",
      "properties": {
        "source": "viirs_noaa20",
        "satellite": "N20",
        "acq_at": "2026-10-02 00:37:00",
        "frp": "0.98",
        "confidence": "nominal"
      },
      "geometry": {
        "type": "Point",
        "coordinates": [
          12.88103,
          37.86938
        ]
      }
    },
    {
      "type": "Feature",
      "properties": {
        "source": "viirs_noaa20",
        "satellite": "N20",
        "acq_at": "2026-10-02 00:37:00",
        "frp": "0.98",
        "confidence": "nominal"
      },
      "geometry": {
        "type": "Point",
        "coordinates": [
          12.88566,
          37.86894
        ]
      }
    },
    {
      "type": "Feature",
      "properties": {
        "source": "viirs_noaa20",
        "satellite": "N20",
        "acq_at": "2026-10-02 00:37:00",
        "frp": "1.35",
        "confidence": "nominal"
      },
      "geometry": {
        "type": "Point",
        "coordinates": [
          15.09004,
          37.34695
        ]
      }
    },
    {
      "type": "Feature",
      "properties": {
        "source": "viirs_noaa20",
        "satellite": "N20",
        "acq_at": "2026-10-02 00:39:00",
        "frp": "0.78",
        "confidence": "nominal"
      },
      "geometry": {
        "type": "Point",
        "coordinates": [
          9.62562,
          36.32661
        ]
      }
    },
    {
      "type": "Feature",
      "properties": {
        "source": "viirs_noaa20",
        "satellite": "N20",
        "acq_at": "2026-10-02 00:39:00",
        "frp": "0.72",
        "confidence": "nominal"
      },
      "geometry": {
        "type": "Point",
        "coordinates": [
          8.57533,
          36.31439
        ]
      }
    },
    {
      "type": "Feature",
      "properties": {
        "source": "viirs_noaa20",
        "satellite": "N20",
        "acq_at": "2026-10-02 02:17:00",
        "frp": "1.24",
        "confidence": "nominal"
      },
      "geometry": {
        "type": "Point",
        "coordinates": [
          12.88011,
          37.8715
        ]
      }
    },
    {
      "type": "Feature",
      "properties": {
        "source": "viirs_noaa20",
        "satellite": "N20",
        "acq_at": "2026-10-02 02:17:00",
        "frp": "1.71",
        "confidence": "nominal"
      },
      "geometry": {
        "type": "Point",
        "coordinates": [
          14.5157,
          41.09449
        ]
      }
    },
    {
      "type": "Feature",
      "properties": {
        "source": "viirs_noaa20",
        "satellite": "N20",
        "acq_at": "2026-10-02 02:17:00",
        "frp": "1.71",
        "confidence": "nominal"
      },
      "geometry": {
        "type": "Point",
        "coordinates": [
          14.51111,
          41.08827
        ]
      }
    },
    {
      "type": "Feature",
      "properties": {
        "source": "modis",
        "satellite": "A",
        "acq_at": "2026-10-01 14:20:00",
        "frp": "7.6",
        "confidence": "65"
      },
      "geometry": {
        "type": "Point",
        "coordinates": [
          14.30638,
          37.17079
        ]
      }
    },
    {
      "type": "Feature",
      "properties": {
        "source": "modis",
        "satellite": "A",
        "acq_at": "2026-10-01 14:20:00",
        "frp": "136.7",
        "confidence": "100"
      },
      "geometry": {
        "type": "Point",
        "coordinates": [
          15.0006,
          37.41714
        ]
      }
    },
    {
      "type": "Feature",
      "properties": {
        "source": "modis",
        "satellite": "A",
        "acq_at": "2026-10-01 14:20:00",
        "frp": "128.38",
        "confidence": "100"
      },
      "geometry": {
        "type": "Point",
        "coordinates": [
          14.98953,
          37.41559
        ]
      }
    },
    {
      "type": "Feature",
      "properties": {
        "source": "modis",
        "satellite": "A",
        "acq_at": "2026-10-01 14:20:00",
        "frp": "6.73",
        "confidence": "57"
      },
      "geometry": {
        "type": "Point",
        "coordinates": [
          13.86929,
          37.60606
        ]
      }
    },
    {
      "type": "Feature",
      "properties": {
        "source": "modis",
        "satellite": "A",
        "acq_at": "2026-10-01 14:20:00",
        "frp": "6.64",
        "confidence": "61"
      },
      "geometry": {
        "type": "Point",
        "coordinates": [
          13.85842,
          37.60443
        ]
      }
    },
    {
      "type": "Feature",
      "properties": {
        "source": "modis",
        "satellite": "A",
        "acq_at": "2026-10-01 14:20:00",
        "frp": "10.04",
        "confidence": "72"
      },
      "geometry": {
        "type": "Point",
        "coordinates": [
          14.24334,
          37.71738
        ]
      }
    },
    {
      "type": "Feature",
      "properties": {
        "source": "modis",
        "satellite": "A",
        "acq_at": "2026-10-01 14:20:00",
        "frp": "5.76",
        "confidence": "67"
      },
      "geometry": {
        "type": "Point",
        "coordinates": [
          13.70961,
          37.6833
        ]
      }
    },
    {
      "type": "Feature",
      "properties": {
        "source": "modis",
        "satellite": "A",
        "acq_at": "2026-10-01 14:20:00",
        "frp": "7.76",
        "confidence": "50"
      },
      "geometry": {
        "type": "Point",
        "coordinates": [
          16.11838,
          38.09336
        ]
      }
    },
    {
      "type": "Feature",
      "properties": {
        "source": "modis",
        "satellite": "A",
        "acq_at": "2026-10-01 14:20:00",
        "frp": "9.62",
        "confidence": "72"
      },
      "geometry": {
        "type": "Point",
        "coordinates": [
          13.84244,
          37.94605
        ]
      }
    },
    {
      "type": "Feature",
      "properties": {
        "source": "modis",
        "satellite": "A",
        "acq_at": "2026-10-01 14:20:00",
        "frp": "11.88",
        "confidence": "77"
      },
      "geometry": {
        "type": "Point",
        "coordinates": [
          13.84036,
          37.95472
        ]
      }
    },
    {
      "type": "Feature",
      "properties": {
        "source": "modis",
        "satellite": "A",
        "acq_at": "2026-10-01 14:20:00",
        "frp": "3.93",
        "confidence": "54"
      },
      "geometry": {
        "type": "Point",
        "coordinates": [
          13.13181,
          37.87424
        ]
      }
    },
    {
      "type": "Feature",
      "properties": {
        "source": "modis",
        "satellite": "A",
        "acq_at": "2026-10-01 14:20:00",
        "frp": "12.08",
        "confidence": "75"
      },
      "geometry": {
        "type": "Point",
        "coordinates": [
          12.89913,
          37.83798
        ]
      }
    },
    {
      "type": "Feature",
      "properties": {
        "source": "modis",
        "satellite": "A",
        "acq_at": "2026-10-01 14:20:00",
        "frp": "9.99",
        "confidence": "72"
      },
      "geometry": {
        "type": "Point",
        "coordinates": [
          12.88801,
          37.83624
        ]
      }
    },
    {
      "type": "Feature",
      "properties": {
        "source": "modis",
        "satellite": "A",
        "acq_at": "2026-10-01 14:20:00",
        "frp": "5.13",
        "confidence": "61"
      },
      "geometry": {
        "type": "Point",
        "coordinates": [
          13.16275,
          37.88805
        ]
      }
    },
    {
      "type": "Feature",
      "properties": {
        "source": "modis",
        "satellite": "A",
        "acq_at": "2026-10-01 14:20:00",
        "frp": "8.58",
        "confidence": "72"
      },
      "geometry": {
        "type": "Point",
        "coordinates": [
          13.27974,
          37.92405
        ]
      }
    },
    {
      "type": "Feature",
      "properties": {
        "source": "modis",
        "satellite": "A",
        "acq_at": "2026-10-01 14:20:00",
        "frp": "7.01",
        "confidence": "69"
      },
      "geometry": {
        "type": "Point",
        "coordinates": [
          13.26872,
          37.92236
        ]
      }
    },
    {
      "type": "Feature",
      "properties": {
        "source": "modis",
        "satellite": "A",
        "acq_at": "2026-10-01 14:20:00",
        "frp": "11.89",
        "confidence": "70"
      },
      "geometry": {
        "type": "Point",
        "coordinates": [
          13.35561,
          37.96492
        ]
      }
    },
    {
      "type": "Feature",
      "properties": {
        "source": "modis",
        "satellite": "A",
        "acq_at": "2026-10-01 14:20:00",
        "frp": "11.05",
        "confidence": "69"
      },
      "geometry": {
        "type": "Point",
        "coordinates": [
          12.6681,
          37.85748
        ]
      }
    },
    {
      "type": "Feature",
      "properties": {
        "source": "modis",
        "satellite": "A",
        "acq_at": "2026-10-01 14:20:00",
        "frp": "10.57",
        "confidence": "59"
      },
      "geometry": {
        "type": "Point",
        "coordinates": [
          12.65676,
          37.85566
        ]
      }
    },
    {
      "type": "Feature",
      "properties": {
        "source": "modis",
        "satellite": "A",
        "acq_at": "2026-10-01 14:20:00",
        "frp": "6.78",
        "confidence": "60"
      },
      "geometry": {
        "type": "Point",
        "coordinates": [
          12.99581,
          37.93641
        ]
      }
    },
    {
      "type": "Feature",
      "properties": {
        "source": "modis",
        "satellite": "A",
        "acq_at": "2026-10-01 14:20:00",
        "frp": "5.48",
        "confidence": "66"
      },
      "geometry": {
        "type": "Point",
        "coordinates": [
          12.62967,
          37.91517
        ]
      }
    },
    {
      "type": "Feature",
      "properties": {
        "source": "modis",
        "satellite": "A",
        "acq_at": "2026-10-01 14:20:00",
        "frp": "10.05",
        "confidence": "46"
      },
      "geometry": {
        "type": "Point",
        "coordinates": [
          15.88939,
          38.42334
        ]
      }
    },
    {
      "type": "Feature",
      "properties": {
        "source": "modis",
        "satellite": "A",
        "acq_at": "2026-10-01 14:20:00",
        "frp": "9.15",
        "confidence": "72"
      },
      "geometry": {
        "type": "Point",
        "coordinates": [
          12.64736,
          38.00239
        ]
      }
    },
    {
      "type": "Feature",
      "properties": {
        "source": "modis",
        "satellite": "A",
        "acq_at": "2026-10-01 14:22:00",
        "frp": "7.53",
        "confidence": "48"
      },
      "geometry": {
        "type": "Point",
        "coordinates": [
          17.01441,
          39.07946
        ]
      }
    },
    {
      "type": "Feature",
      "properties": {
        "source": "modis",
        "satellite": "A",
        "acq_at": "2026-10-01 14:22:00",
        "frp": "6.55",
        "confidence": "44"
      },
      "geometry": {
        "type": "Point",
        "coordinates": [
          16.25592,
          39.60284
        ]
      }
    },
    {
      "type": "Feature",
      "properties": {
        "source": "modis",
        "satellite": "A",
        "acq_at": "2026-10-01 14:22:00",
        "frp": "31.95",
        "confidence": "84"
      },
      "geometry": {
        "type": "Point",
        "coordinates": [
          16.25357,
          39.61206
        ]
      }
    },
    {
      "type": "Feature",
      "properties": {
        "source": "modis",
        "satellite": "A",
        "acq_at": "2026-10-01 14:22:00",
        "frp": "6.39",
        "confidence": "63"
      },
      "geometry": {
        "type": "Point",
        "coordinates": [
          16.77922,
          40.44031
        ]
      }
    },
    {
      "type": "Feature",
      "properties": {
        "source": "modis",
        "satellite": "A",
        "acq_at": "2026-10-01 14:22:00",
        "frp": "12.84",
        "confidence": "69"
      },
      "geometry": {
        "type": "Point",
        "coordinates": [
          17.53904,
          40.58799
        ]
      }
    },
    {
      "type": "Feature",
      "properties": {
        "source": "modis",
        "satellite": "A",
        "acq_at": "2026-10-01 14:22:00",
        "frp": "6.58",
        "confidence": "57"
      },
      "geometry": {
        "type": "Point",
        "coordinates": [
          16.26024,
          40.8524
        ]
      }
    },
    {
      "type": "Feature",
      "properties": {
        "source": "modis",
        "satellite": "A",
        "acq_at": "2026-10-01 14:22:00",
        "frp": "36.38",
        "confidence": "88"
      },
      "geometry": {
        "type": "Point",
        "coordinates": [
          14.84195,
          40.84101
        ]
      }
    },
    {
      "type": "Feature",
      "properties": {
        "source": "modis",
        "satellite": "A",
        "acq_at": "2026-10-01 14:22:00",
        "frp": "19.96",
        "confidence": "80"
      },
      "geometry": {
        "type": "Point",
        "coordinates": [
          14.83021,
          40.83946
        ]
      }
    },
    {
      "type": "Feature",
      "properties": {
        "source": "modis",
        "satellite": "A",
        "acq_at": "2026-10-01 14:22:00",
        "frp": "4.83",
        "confidence": "51"
      },
      "geometry": {
        "type": "Point",
        "coordinates": [
          15.54304,
          41.08811
        ]
      }
    },
    {
      "type": "Feature",
      "properties": {
        "source": "modis",
        "satellite": "A",
        "acq_at": "2026-10-01 14:22:00",
        "frp": "9.82",
        "confidence": "69"
      },
      "geometry": {
        "type": "Point",
        "coordinates": [
          15.51691,
          41.08483
        ]
      }
    },
    {
      "type": "Feature",
      "properties": {
        "source": "modis",
        "satellite": "A",
        "acq_at": "2026-10-01 14:22:00",
        "frp": "5.28",
        "confidence": "57"
      },
      "geometry": {
        "type": "Point",
        "coordinates": [
          15.33246,
          41.08954
        ]
      }
    },
    {
      "type": "Feature",
      "properties": {
        "source": "modis",
        "satellite": "A",
        "acq_at": "2026-10-01 14:22:00",
        "frp": "5.33",
        "confidence": "62"
      },
      "geometry": {
        "type": "Point",
        "coordinates": [
          14.31534,
          41.01147
        ]
      }
    },
    {
      "type": "Feature",
      "properties": {
        "source": "modis",
        "satellite": "A",
        "acq_at": "2026-10-01 14:22:00",
        "frp": "4.44",
        "confidence": "39"
      },
      "geometry": {
        "type": "Point",
        "coordinates": [
          15.45929,
          41.19857
        ]
      }
    },
    {
      "type": "Feature",
      "properties": {
        "source": "modis",
        "satellite": "A",
        "acq_at": "2026-10-01 14:22:00",
        "frp": "22.66",
        "confidence": "81"
      },
      "geometry": {
        "type": "Point",
        "coordinates": [
          15.44625,
          41.19691
        ]
      }
    },
    {
      "type": "Feature",
      "properties": {
        "source": "modis",
        "satellite": "A",
        "acq_at": "2026-10-01 14:22:00",
        "frp": "6.76",
        "confidence": "58"
      },
      "geometry": {
        "type": "Point",
        "coordinates": [
          15.45212,
          41.20451
        ]
      }
    },
    {
      "type": "Feature",
      "properties": {
        "source": "modis",
        "satellite": "A",
        "acq_at": "2026-10-01 14:22:00",
        "frp": "8",
        "confidence": "63"
      },
      "geometry": {
        "type": "Point",
        "coordinates": [
          14.51292,
          41.08416
        ]
      }
    },
    {
      "type": "Feature",
      "properties": {
        "source": "modis",
        "satellite": "A",
        "acq_at": "2026-10-01 14:22:00",
        "frp": "6.78",
        "confidence": "54"
      },
      "geometry": {
        "type": "Point",
        "coordinates": [
          15.23829,
          41.2245
        ]
      }
    },
    {
      "type": "Feature",
      "properties": {
        "source": "modis",
        "satellite": "A",
        "acq_at": "2026-10-01 14:22:00",
        "frp": "6.93",
        "confidence": "58"
      },
      "geometry": {
        "type": "Point",
        "coordinates": [
          15.06125,
          41.21112
        ]
      }
    },
    {
      "type": "Feature",
      "properties": {
        "source": "modis",
        "satellite": "A",
        "acq_at": "2026-10-01 14:22:00",
        "frp": "5.36",
        "confidence": "60"
      },
      "geometry": {
        "type": "Point",
        "coordinates": [
          14.13089,
          41.09623
        ]
      }
    },
    {
      "type": "Feature",
      "properties": {
        "source": "modis",
        "satellite": "A",
        "acq_at": "2026-10-01 14:22:00",
        "frp": "8.02",
        "confidence": "67"
      },
      "geometry": {
        "type": "Point",
        "coordinates": [
          14.11913,
          41.09462
        ]
      }
    },
    {
      "type": "Feature",
      "properties": {
        "source": "modis",
        "satellite": "A",
        "acq_at": "2026-10-01 14:22:00",
        "frp": "5.3",
        "confidence": "60"
      },
      "geometry": {
        "type": "Point",
        "coordinates": [
          14.10235,
          41.18538
        ]
      }
    },
    {
      "type": "Feature",
      "properties": {
        "source": "modis",
        "satellite": "A",
        "acq_at": "2026-10-01 14:22:00",
        "frp": "8.47",
        "confidence": "66"
      },
      "geometry": {
        "type": "Point",
        "coordinates": [
          15.30725,
          41.35415
        ]
      }
    },
    {
      "type": "Feature",
      "properties": {
        "source": "modis",
        "satellite": "A",
        "acq_at": "2026-10-01 14:22:00",
        "frp": "6.24",
        "confidence": "66"
      },
      "geometry": {
        "type": "Point",
        "coordinates": [
          15.2874,
          41.50782
        ]
      }
    },
    {
      "type": "Feature",
      "properties": {
        "source": "modis",
        "satellite": "A",
        "acq_at": "2026-10-01 14:22:00",
        "frp": "6.25",
        "confidence": "65"
      },
      "geometry": {
        "type": "Point",
        "coordinates": [
          15.22126,
          41.50881
        ]
      }
    },
    {
      "type": "Feature",
      "properties": {
        "source": "modis",
        "satellite": "A",
        "acq_at": "2026-10-01 14:22:00",
        "frp": "4.59",
        "confidence": "59"
      },
      "geometry": {
        "type": "Point",
        "coordinates": [
          15.0245,
          41.68674
        ]
      }
    },
    {
      "type": "Feature",
      "properties": {
        "source": "modis",
        "satellite": "A",
        "acq_at": "2026-10-01 14:22:00",
        "frp": "13.36",
        "confidence": "77"
      },
      "geometry": {
        "type": "Point",
        "coordinates": [
          15.31295,
          41.7868
        ]
      }
    },
    {
      "type": "Feature",
      "properties": {
        "source": "modis",
        "satellite": "A",
        "acq_at": "2026-10-01 14:22:00",
        "frp": "11.12",
        "confidence": "74"
      },
      "geometry": {
        "type": "Point",
        "coordinates": [
          15.29999,
          41.78518
        ]
      }
    },
    {
      "type": "Feature",
      "properties": {
        "source": "modis",
        "satellite": "A",
        "acq_at": "2026-10-01 14:22:00",
        "frp": "16.05",
        "confidence": "79"
      },
      "geometry": {
        "type": "Point",
        "coordinates": [
          15.16081,
          41.84176
        ]
      }
    },
    {
      "type": "Feature",
      "properties": {
        "source": "modis",
        "satellite": "A",
        "acq_at": "2026-10-01 14:22:00",
        "frp": "22.39",
        "confidence": "84"
      },
      "geometry": {
        "type": "Point",
        "coordinates": [
          15.15892,
          41.85089
        ]
      }
    },
    {
      "type": "Feature",
      "properties": {
        "source": "modis",
        "satellite": "A",
        "acq_at": "2026-10-01 14:22:00",
        "frp": "8.38",
        "confidence": "27"
      },
      "geometry": {
        "type": "Point",
        "coordinates": [
          15.14632,
          41.84931
        ]
      }
    },
    {
      "type": "Feature",
      "properties": {
        "source": "modis",
        "satellite": "A",
        "acq_at": "2026-10-01 14:22:00",
        "frp": "34.37",
        "confidence": "88"
      },
      "geometry": {
        "type": "Point",
        "coordinates": [
          15.155,
          41.86914
        ]
      }
    },
    {
      "type": "Feature",
      "properties": {
        "source": "modis",
        "satellite": "A",
        "acq_at": "2026-10-01 14:22:00",
        "frp": "27.68",
        "confidence": "86"
      },
      "geometry": {
        "type": "Point",
        "coordinates": [
          15.14226,
          41.86753
        ]
      }
    },
    {
      "type": "Feature",
      "properties": {
        "source": "modis",
        "satellite": "A",
        "acq_at": "2026-10-01 14:22:00",
        "frp": "3.7",
        "confidence": "51"
      },
      "geometry": {
        "type": "Point",
        "coordinates": [
          11.84372,
          42.10914
        ]
      }
    },
    {
      "type": "Feature",
      "properties": {
        "source": "modis",
        "satellite": "A",
        "acq_at": "2026-10-01 14:22:00",
        "frp": "5.51",
        "confidence": "67"
      },
      "geometry": {
        "type": "Point",
        "coordinates": [
          11.83196,
          42.10732
        ]
      }
    },
    {
      "type": "Feature",
      "properties": {
        "source": "modis",
        "satellite": "A",
        "acq_at": "2026-10-01 14:22:00",
        "frp": "7.22",
        "confidence": "56"
      },
      "geometry": {
        "type": "Point",
        "coordinates": [
          16.22255,
          44.79258
        ]
      }
    },
    {
      "type": "Feature",
      "properties": {
        "source": "modis",
        "satellite": "A",
        "acq_at": "2026-10-01 14:22:00",
        "frp": "6.18",
        "confidence": "60"
      },
      "geometry": {
        "type": "Point",
        "coordinates": [
          12.0957,
          44.86806
        ]
      }
    },
    {
      "type": "Feature",
      "properties": {
        "source": "modis",
        "satellite": "A",
        "acq_at": "2026-10-01 14:22:00",
        "frp": "6.93",
        "confidence": "65"
      },
      "geometry": {
        "type": "Point",
        "coordinates": [
          11.41596,
          45.66208
        ]
      }
    },
    {
      "type": "Feature",
      "properties": {
        "source": "modis",
        "satellite": "A",
        "acq_at": "2026-10-01 14:22:00",
        "frp": "7.4",
        "confidence": "67"
      },
      "geometry": {
        "type": "Point",
        "coordinates": [
          11.40363,
          45.66027
        ]
      }
    },
    {
      "type": "Feature",
      "properties": {
        "source": "modis",
        "satellite": "T",
        "acq_at": "2026-10-02 08:09:00",
        "frp": "11.22",
        "confidence": "70"
      },
      "geometry": {
        "type": "Point",
        "coordinates": [
          10.96824,
          45.40452
        ]
      }
    },
    {
      "type": "Feature",
      "properties": {
        "source": "modis",
        "satellite": "T",
        "acq_at": "2026-10-02 08:09:00",
        "frp": "5.79",
        "confidence": "54"
      },
      "geometry": {
        "type": "Point",
        "coordinates": [
          16.93878,
          43.8161
        ]
      }
    },
    {
      "type": "Feature",
      "properties": {
        "source": "modis",
        "satellite": "T",
        "acq_at": "2026-10-02 08:11:00",
        "frp": "4.72",
        "confidence": "54"
      },
      "geometry": {
        "type": "Point",
        "coordinates": [
          14.66858,
          41.74513
        ]
      }
    },
    {
      "type": "Feature",
      "properties": {
        "source": "modis",
        "satellite": "T",
        "acq_at": "2026-10-02 08:11:00",
        "frp": "35.84",
        "confidence": "89"
      },
      "geometry": {
        "type": "Point",
        "coordinates": [
          15.91078,
          41.42041
        ]
      }
    },
    {
      "type": "Feature",
      "properties": {
        "source": "modis",
        "satellite": "T",
        "acq_at": "2026-10-02 08:11:00",
        "frp": "17.44",
        "confidence": "81"
      },
      "geometry": {
        "type": "Point",
        "coordinates": [
          15.92329,
          41.41837
        ]
      }
    },
    {
      "type": "Feature",
      "properties": {
        "source": "modis",
        "satellite": "T",
        "acq_at": "2026-10-02 08:11:00",
        "frp": "6",
        "confidence": "69"
      },
      "geometry": {
        "type": "Point",
        "coordinates": [
          15.19033,
          41.49865
        ]
      }
    },
    {
      "type": "Feature",
      "properties": {
        "source": "modis",
        "satellite": "T",
        "acq_at": "2026-10-02 08:11:00",
        "frp": "10.61",
        "confidence": "66"
      },
      "geometry": {
        "type": "Point",
        "coordinates": [
          13.88457,
          41.22137
        ]
      }
    },
    {
      "type": "Feature",
      "properties": {
        "source": "modis",
        "satellite": "T",
        "acq_at": "2026-10-02 08:11:00",
        "frp": "6.7",
        "confidence": "35"
      },
      "geometry": {
        "type": "Point",
        "coordinates": [
          15.8095,
          40.92543
        ]
      }
    },
    {
      "type": "Feature",
      "properties": {
        "source": "modis",
        "satellite": "T",
        "acq_at": "2026-10-02 08:11:00",
        "frp": "6.93",
        "confidence": "61"
      },
      "geometry": {
        "type": "Point",
        "coordinates": [
          16.2826,
          40.76101
        ]
      }
    },
    {
      "type": "Feature",
      "properties": {
        "source": "modis",
        "satellite": "T",
        "acq_at": "2026-10-02 08:11:00",
        "frp": "8.45",
        "confidence": "70"
      },
      "geometry": {
        "type": "Point",
        "coordinates": [
          16.27505,
          40.75591
        ]
      }
    },
    {
      "type": "Feature",
      "properties": {
        "source": "modis",
        "satellite": "T",
        "acq_at": "2026-10-02 08:11:00",
        "frp": "4.46",
        "confidence": "49"
      },
      "geometry": {
        "type": "Point",
        "coordinates": [
          15.83419,
          40.68782
        ]
      }
    },
    {
      "type": "Feature",
      "properties": {
        "source": "modis",
        "satellite": "T",
        "acq_at": "2026-10-02 08:11:00",
        "frp": "4.03",
        "confidence": "35"
      },
      "geometry": {
        "type": "Point",
        "coordinates": [
          13.17948,
          37.89766
        ]
      }
    },
    {
      "type": "Feature",
      "properties": {
        "source": "modis",
        "satellite": "T",
        "acq_at": "2026-10-02 08:11:00",
        "frp": "9.38",
        "confidence": "71"
      },
      "geometry": {
        "type": "Point",
        "coordinates": [
          12.87599,
          37.8699
        ]
      }
    },
    {
      "type": "Feature",
      "properties": {
        "source": "modis",
        "satellite": "T",
        "acq_at": "2026-10-02 08:11:00",
        "frp": "6.74",
        "confidence": "66"
      },
      "geometry": {
        "type": "Point",
        "coordinates": [
          12.88705,
          37.86829
        ]
      }
    },
    {
      "type": "Feature",
      "properties": {
        "source": "modis",
        "satellite": "T",
        "acq_at": "2026-10-02 08:11:00",
        "frp": "6.11",
        "confidence": "60"
      },
      "geometry": {
        "type": "Point",
        "coordinates": [
          13.91345,
          37.69429
        ]
      }
    },
    {
      "type": "Feature",
      "properties": {
        "source": "modis",
        "satellite": "T",
        "acq_at": "2026-10-02 08:11:00",
        "frp": "9.77",
        "confidence": "69"
      },
      "geometry": {
        "type": "Point",
        "coordinates": [
          13.88417,
          37.59679
        ]
      }
    },
    {
      "type": "Feature",
      "properties": {
        "source": "modis",
        "satellite": "T",
        "acq_at": "2026-10-02 08:11:00",
        "frp": "5.27",
        "confidence": "55"
      },
      "geometry": {
        "type": "Point",
        "coordinates": [
          13.8108,
          37.32071
        ]
      }
    },
    {
      "type": "Feature",
      "properties": {
        "source": "modis",
        "satellite": "T",
        "acq_at": "2026-10-02 08:11:00",
        "frp": "4.89",
        "confidence": "59"
      },
      "geometry": {
        "type": "Point",
        "coordinates": [
          13.88572,
          37.21627
        ]
      }
    },
    {
      "type": "Feature",
      "properties": {
        "source": "viirs_snpp",
        "satellite": "N",
        "acq_at": "2026-10-02 11:40:00",
        "frp": "4.15",
        "confidence": "nominal"
      },
      "geometry": {
        "type": "Point",
        "coordinates": [
          9.97892,
          35.74767
        ]
      }
    },
    {
      "type": "Feature",
      "properties": {
        "source": "viirs_snpp",
        "satellite": "N",
        "acq_at": "2026-10-02 11:40:00",
        "frp": "2.61",
        "confidence": "low"
      },
      "geometry": {
        "type": "Point",
        "coordinates": [
          14.77227,
          37.45049
        ]
      }
    },
    {
      "type": "Feature",
      "properties": {
        "source": "viirs_snpp",
        "satellite": "N",
        "acq_at": "2026-10-02 11:40:00",
        "frp": "3.63",
        "confidence": "nominal"
      },
      "geometry": {
        "type": "Point",
        "coordinates": [
          14.77451,
          37.4519
        ]
      }
    },
    {
      "type": "Feature",
      "properties": {
        "source": "viirs_snpp",
        "satellite": "N",
        "acq_at": "2026-10-02 11:40:00",
        "frp": "8.34",
        "confidence": "nominal"
      },
      "geometry": {
        "type": "Point",
        "coordinates": [
          13.98044,
          37.40617
        ]
      }
    },
    {
      "type": "Feature",
      "properties": {
        "source": "viirs_snpp",
        "satellite": "N",
        "acq_at": "2026-10-02 11:40:00",
        "frp": "8.57",
        "confidence": "nominal"
      },
      "geometry": {
        "type": "Point",
        "coordinates": [
          13.51958,
          37.48201
        ]
      }
    },
    {
      "type": "Feature",
      "properties": {
        "source": "viirs_snpp",
        "satellite": "N",
        "acq_at": "2026-10-02 11:40:00",
        "frp": "8.68",
        "confidence": "nominal"
      },
      "geometry": {
        "type": "Point",
        "coordinates": [
          13.5137,
          37.48063
        ]
      }
    },
    {
      "type": "Feature",
      "properties": {
        "source": "viirs_snpp",
        "satellite": "N",
        "acq_at": "2026-10-02 11:40:00",
        "frp": "16.81",
        "confidence": "nominal"
      },
      "geometry": {
        "type": "Point",
        "coordinates": [
          13.51612,
          37.48356
        ]
      }
    },
    {
      "type": "Feature",
      "properties": {
        "source": "viirs_snpp",
        "satellite": "N",
        "acq_at": "2026-10-02 11:40:00",
        "frp": "13.94",
        "confidence": "nominal"
      },
      "geometry": {
        "type": "Point",
        "coordinates": [
          16.1147,
          38.08986
        ]
      }
    },
    {
      "type": "Feature",
      "properties": {
        "source": "viirs_snpp",
        "satellite": "N",
        "acq_at": "2026-10-02 11:40:00",
        "frp": "4.31",
        "confidence": "low"
      },
      "geometry": {
        "type": "Point",
        "coordinates": [
          13.6636,
          37.55819
        ]
      }
    },
    {
      "type": "Feature",
      "properties": {
        "source": "viirs_snpp",
        "satellite": "N",
        "acq_at": "2026-10-02 11:40:00",
        "frp": "4.1",
        "confidence": "nominal"
      },
      "geometry": {
        "type": "Point",
        "coordinates": [
          13.69503,
          37.58027
        ]
      }
    },
    {
      "type": "Feature",
      "properties": {
        "source": "viirs_snpp",
        "satellite": "N",
        "acq_at": "2026-10-02 11:40:00",
        "frp": "13.26",
        "confidence": "nominal"
      },
      "geometry": {
        "type": "Point",
        "coordinates": [
          13.69279,
          37.5846
        ]
      }
    },
    {
      "type": "Feature",
      "properties": {
        "source": "viirs_snpp",
        "satellite": "N",
        "acq_at": "2026-10-02 11:40:00",
        "frp": "4.11",
        "confidence": "nominal"
      },
      "geometry": {
        "type": "Point",
        "coordinates": [
          13.9203,
          37.70041
        ]
      }
    },
    {
      "type": "Feature",
      "properties": {
        "source": "viirs_snpp",
        "satellite": "N",
        "acq_at": "2026-10-02 11:40:00",
        "frp": "3.82",
        "confidence": "nominal"
      },
      "geometry": {
        "type": "Point",
        "coordinates": [
          13.91913,
          37.70126
        ]
      }
    },
    {
      "type": "Feature",
      "properties": {
        "source": "viirs_snpp",
        "satellite": "N",
        "acq_at": "2026-10-02 11:40:00",
        "frp": "16.69",
        "confidence": "nominal"
      },
      "geometry": {
        "type": "Point",
        "coordinates": [
          13.71672,
          37.67736
        ]
      }
    },
    {
      "type": "Feature",
      "properties": {
        "source": "viirs_snpp",
        "satellite": "N",
        "acq_at": "2026-10-02 11:40:00",
        "frp": "12.15",
        "confidence": "nominal"
      },
      "geometry": {
        "type": "Point",
        "coordinates": [
          15.85457,
          38.28045
        ]
      }
    },
    {
      "type": "Feature",
      "properties": {
        "source": "viirs_snpp",
        "satellite": "N",
        "acq_at": "2026-10-02 11:40:00",
        "frp": "6.4",
        "confidence": "nominal"
      },
      "geometry": {
        "type": "Point",
        "coordinates": [
          12.80719,
          37.59885
        ]
      }
    },
    {
      "type": "Feature",
      "properties": {
        "source": "viirs_snpp",
        "satellite": "N",
        "acq_at": "2026-10-02 11:40:00",
        "frp": "2.21",
        "confidence": "nominal"
      },
      "geometry": {
        "type": "Point",
        "coordinates": [
          9.34215,
          36.70819
        ]
      }
    },
    {
      "type": "Feature",
      "properties": {
        "source": "viirs_snpp",
        "satellite": "N",
        "acq_at": "2026-10-02 11:40:00",
        "frp": "4.74",
        "confidence": "nominal"
      },
      "geometry": {
        "type": "Point",
        "coordinates": [
          13.09992,
          37.82659
        ]
      }
    },
    {
      "type": "Feature",
      "properties": {
        "source": "viirs_snpp",
        "satellite": "N",
        "acq_at": "2026-10-02 11:40:00",
        "frp": "3.39",
        "confidence": "nominal"
      },
      "geometry": {
        "type": "Point",
        "coordinates": [
          13.09743,
          37.8268
        ]
      }
    },
    {
      "type": "Feature",
      "properties": {
        "source": "viirs_snpp",
        "satellite": "N",
        "acq_at": "2026-10-02 11:40:00",
        "frp": "4.92",
        "confidence": "nominal"
      },
      "geometry": {
        "type": "Point",
        "coordinates": [
          9.29167,
          36.87382
        ]
      }
    },
    {
      "type": "Feature",
      "properties": {
        "source": "viirs_snpp",
        "satellite": "N",
        "acq_at": "2026-10-02 11:40:00",
        "frp": "15.85",
        "confidence": "nominal"
      },
      "geometry": {
        "type": "Point",
        "coordinates": [
          13.31075,
          37.92826
        ]
      }
    },
    {
      "type": "Feature",
      "properties": {
        "source": "viirs_snpp",
        "satellite": "N",
        "acq_at": "2026-10-02 11:40:00",
        "frp": "7.49",
        "confidence": "nominal"
      },
      "geometry": {
        "type": "Point",
        "coordinates": [
          13.35678,
          37.94421
        ]
      }
    },
    {
      "type": "Feature",
      "properties": {
        "source": "viirs_snpp",
        "satellite": "N",
        "acq_at": "2026-10-02 11:40:00",
        "frp": "6.12",
        "confidence": "nominal"
      },
      "geometry": {
        "type": "Point",
        "coordinates": [
          13.46585,
          37.99953
        ]
      }
    },
    {
      "type": "Feature",
      "properties": {
        "source": "viirs_snpp",
        "satellite": "N",
        "acq_at": "2026-10-02 11:40:00",
        "frp": "6.02",
        "confidence": "nominal"
      },
      "geometry": {
        "type": "Point",
        "coordinates": [
          13.09938,
          37.93222
        ]
      }
    },
    {
      "type": "Feature",
      "properties": {
        "source": "viirs_snpp",
        "satellite": "N",
        "acq_at": "2026-10-02 11:40:00",
        "frp": "5.17",
        "confidence": "nominal"
      },
      "geometry": {
        "type": "Point",
        "coordinates": [
          12.94394,
          37.92519
        ]
      }
    },
    {
      "type": "Feature",
      "properties": {
        "source": "viirs_snpp",
        "satellite": "N",
        "acq_at": "2026-10-02 11:40:00",
        "frp": "6.82",
        "confidence": "nominal"
      },
      "geometry": {
        "type": "Point",
        "coordinates": [
          12.94386,
          37.92606
        ]
      }
    },
    {
      "type": "Feature",
      "properties": {
        "source": "viirs_snpp",
        "satellite": "N",
        "acq_at": "2026-10-02 11:40:00",
        "frp": "7.79",
        "confidence": "nominal"
      },
      "geometry": {
        "type": "Point",
        "coordinates": [
          12.77135,
          37.92942
        ]
      }
    },
    {
      "type": "Feature",
      "properties": {
        "source": "viirs_snpp",
        "satellite": "N",
        "acq_at": "2026-10-02 11:40:00",
        "frp": "3.13",
        "confidence": "low"
      },
      "geometry": {
        "type": "Point",
        "coordinates": [
          17.08919,
          38.94006
        ]
      }
    },
    {
      "type": "Feature",
      "properties": {
        "source": "viirs_snpp",
        "satellite": "N",
        "acq_at": "2026-10-02 11:40:00",
        "frp": "1.7",
        "confidence": "nominal"
      },
      "geometry": {
        "type": "Point",
        "coordinates": [
          17.08335,
          38.93891
        ]
      }
    },
    {
      "type": "Feature",
      "properties": {
        "source": "viirs_snpp",
        "satellite": "N",
        "acq_at": "2026-10-02 11:40:00",
        "frp": "2.98",
        "confidence": "nominal"
      },
      "geometry": {
        "type": "Point",
        "coordinates": [
          17.08721,
          38.9392
        ]
      }
    },
    {
      "type": "Feature",
      "properties": {
        "source": "viirs_snpp",
        "satellite": "N",
        "acq_at": "2026-10-02 11:40:00",
        "frp": "7.08",
        "confidence": "nominal"
      },
      "geometry": {
        "type": "Point",
        "coordinates": [
          9.53363,
          37.15995
        ]
      }
    },
    {
      "type": "Feature",
      "properties": {
        "source": "viirs_snpp",
        "satellite": "N",
        "acq_at": "2026-10-02 11:40:00",
        "frp": "2.03",
        "confidence": "low"
      },
      "geometry": {
        "type": "Point",
        "coordinates": [
          17.08562,
          39.03738
        ]
      }
    },
    {
      "type": "Feature",
      "properties": {
        "source": "viirs_snpp",
        "satellite": "N",
        "acq_at": "2026-10-02 11:40:00",
        "frp": "21.43",
        "confidence": "nominal"
      },
      "geometry": {
        "type": "Point",
        "coordinates": [
          17.03467,
          39.27158
        ]
      }
    },
    {
      "type": "Feature",
      "properties": {
        "source": "viirs_snpp",
        "satellite": "N",
        "acq_at": "2026-10-02 11:40:00",
        "frp": "6.03",
        "confidence": "nominal"
      },
      "geometry": {
        "type": "Point",
        "coordinates": [
          17.02896,
          39.27042
        ]
      }
    },
    {
      "type": "Feature",
      "properties": {
        "source": "viirs_snpp",
        "satellite": "N",
        "acq_at": "2026-10-02 11:40:00",
        "frp": "21.43",
        "confidence": "nominal"
      },
      "geometry": {
        "type": "Point",
        "coordinates": [
          17.03376,
          39.27533
        ]
      }
    },
    {
      "type": "Feature",
      "properties": {
        "source": "viirs_snpp",
        "satellite": "N",
        "acq_at": "2026-10-02 11:40:00",
        "frp": "6.03",
        "confidence": "nominal"
      },
      "geometry": {
        "type": "Point",
        "coordinates": [
          17.02793,
          39.27414
        ]
      }
    },
    {
      "type": "Feature",
      "properties": {
        "source": "viirs_snpp",
        "satellite": "N",
        "acq_at": "2026-10-02 11:40:00",
        "frp": "4.81",
        "confidence": "nominal"
      },
      "geometry": {
        "type": "Point",
        "coordinates": [
          16.06866,
          39.34177
        ]
      }
    },
    {
      "type": "Feature",
      "properties": {
        "source": "viirs_snpp",
        "satellite": "N",
        "acq_at": "2026-10-02 11:40:00",
        "frp": "6.15",
        "confidence": "nominal"
      },
      "geometry": {
        "type": "Point",
        "coordinates": [
          16.79148,
          39.51007
        ]
      }
    },
    {
      "type": "Feature",
      "properties": {
        "source": "viirs_snpp",
        "satellite": "N",
        "acq_at": "2026-10-02 11:40:00",
        "frp": "3.97",
        "confidence": "nominal"
      },
      "geometry": {
        "type": "Point",
        "coordinates": [
          18.39649,
          40.09415
        ]
      }
    },
    {
      "type": "Feature",
      "properties": {
        "source": "viirs_snpp",
        "satellite": "N",
        "acq_at": "2026-10-02 11:40:00",
        "frp": "2.5",
        "confidence": "nominal"
      },
      "geometry": {
        "type": "Point",
        "coordinates": [
          17.85108,
          40.47562
        ]
      }
    },
    {
      "type": "Feature",
      "properties": {
        "source": "viirs_snpp",
        "satellite": "N",
        "acq_at": "2026-10-02 11:40:00",
        "frp": "3.65",
        "confidence": "nominal"
      },
      "geometry": {
        "type": "Point",
        "coordinates": [
          16.79641,
          40.51464
        ]
      }
    },
    {
      "type": "Feature",
      "properties": {
        "source": "viirs_snpp",
        "satellite": "N",
        "acq_at": "2026-10-02 11:40:00",
        "frp": "3.65",
        "confidence": "nominal"
      },
      "geometry": {
        "type": "Point",
        "coordinates": [
          16.80088,
          40.51941
        ]
      }
    },
    {
      "type": "Feature",
      "properties": {
        "source": "viirs_snpp",
        "satellite": "N",
        "acq_at": "2026-10-02 11:40:00",
        "frp": "3.65",
        "confidence": "nominal"
      },
      "geometry": {
        "type": "Point",
        "coordinates": [
          16.79517,
          40.51828
        ]
      }
    },
    {
      "type": "Feature",
      "properties": {
        "source": "viirs_snpp",
        "satellite": "N",
        "acq_at": "2026-10-02 11:40:00",
        "frp": "8.27",
        "confidence": "nominal"
      },
      "geometry": {
        "type": "Point",
        "coordinates": [
          16.71995,
          40.59439
        ]
      }
    },
    {
      "type": "Feature",
      "properties": {
        "source": "viirs_snpp",
        "satellite": "N",
        "acq_at": "2026-10-02 11:40:00",
        "frp": "6.83",
        "confidence": "nominal"
      },
      "geometry": {
        "type": "Point",
        "coordinates": [
          16.2024,
          40.65522
        ]
      }
    },
    {
      "type": "Feature",
      "properties": {
        "source": "viirs_snpp",
        "satellite": "N",
        "acq_at": "2026-10-02 11:40:00",
        "frp": "6.4",
        "confidence": "nominal"
      },
      "geometry": {
        "type": "Point",
        "coordinates": [
          16.284,
          40.76709
        ]
      }
    },
    {
      "type": "Feature",
      "properties": {
        "source": "viirs_snpp",
        "satellite": "N",
        "acq_at": "2026-10-02 11:40:00",
        "frp": "7.18",
        "confidence": "nominal"
      },
      "geometry": {
        "type": "Point",
        "coordinates": [
          16.28233,
          40.76602
        ]
      }
    },
    {
      "type": "Feature",
      "properties": {
        "source": "viirs_snpp",
        "satellite": "N",
        "acq_at": "2026-10-02 11:40:00",
        "frp": "4",
        "confidence": "nominal"
      },
      "geometry": {
        "type": "Point",
        "coordinates": [
          15.78901,
          40.68354
        ]
      }
    },
    {
      "type": "Feature",
      "properties": {
        "source": "viirs_snpp",
        "satellite": "N",
        "acq_at": "2026-10-02 11:40:00",
        "frp": "7.62",
        "confidence": "nominal"
      },
      "geometry": {
        "type": "Point",
        "coordinates": [
          16.28207,
          40.82139
        ]
      }
    },
    {
      "type": "Feature",
      "properties": {
        "source": "viirs_snpp",
        "satellite": "N",
        "acq_at": "2026-10-02 11:40:00",
        "frp": "7.62",
        "confidence": "nominal"
      },
      "geometry": {
        "type": "Point",
        "coordinates": [
          16.28078,
          40.82508
        ]
      }
    },
    {
      "type": "Feature",
      "properties": {
        "source": "viirs_snpp",
        "satellite": "N",
        "acq_at": "2026-10-02 11:40:00",
        "frp": "6.08",
        "confidence": "nominal"
      },
      "geometry": {
        "type": "Point",
        "coordinates": [
          16.12205,
          40.94717
        ]
      }
    },
    {
      "type": "Feature",
      "properties": {
        "source": "viirs_snpp",
        "satellite": "N",
        "acq_at": "2026-10-02 11:40:00",
        "frp": "4.42",
        "confidence": "low"
      },
      "geometry": {
        "type": "Point",
        "coordinates": [
          16.12653,
          40.94704
        ]
      }
    },
    {
      "type": "Feature",
      "properties": {
        "source": "viirs_snpp",
        "satellite": "N",
        "acq_at": "2026-10-02 11:40:00",
        "frp": "3.16",
        "confidence": "nominal"
      },
      "geometry": {
        "type": "Point",
        "coordinates": [
          15.917,
          40.93555
        ]
      }
    },
    {
      "type": "Feature",
      "properties": {
        "source": "viirs_snpp",
        "satellite": "N",
        "acq_at": "2026-10-02 11:40:00",
        "frp": "3.16",
        "confidence": "low"
      },
      "geometry": {
        "type": "Point",
        "coordinates": [
          15.9109,
          40.93428
        ]
      }
    },
    {
      "type": "Feature",
      "properties": {
        "source": "viirs_snpp",
        "satellite": "N",
        "acq_at": "2026-10-02 11:40:00",
        "frp": "14.63",
        "confidence": "nominal"
      },
      "geometry": {
        "type": "Point",
        "coordinates": [
          15.79968,
          40.91919
        ]
      }
    },
    {
      "type": "Feature",
      "properties": {
        "source": "viirs_snpp",
        "satellite": "N",
        "acq_at": "2026-10-02 11:40:00",
        "frp": "7.33",
        "confidence": "nominal"
      },
      "geometry": {
        "type": "Point",
        "coordinates": [
          15.79383,
          40.91797
        ]
      }
    },
    {
      "type": "Feature",
      "properties": {
        "source": "viirs_snpp",
        "satellite": "N",
        "acq_at": "2026-10-02 11:40:00",
        "frp": "3.93",
        "confidence": "nominal"
      },
      "geometry": {
        "type": "Point",
        "coordinates": [
          15.74986,
          40.90879
        ]
      }
    },
    {
      "type": "Feature",
      "properties": {
        "source": "viirs_snpp",
        "satellite": "N",
        "acq_at": "2026-10-02 11:40:00",
        "frp": "20.69",
        "confidence": "nominal"
      },
      "geometry": {
        "type": "Point",
        "coordinates": [
          15.73188,
          40.95768
        ]
      }
    },
    {
      "type": "Feature",
      "properties": {
        "source": "viirs_snpp",
        "satellite": "N",
        "acq_at": "2026-10-02 11:40:00",
        "frp": "3.91",
        "confidence": "nominal"
      },
      "geometry": {
        "type": "Point",
        "coordinates": [
          16.19719,
          41.08834
        ]
      }
    },
    {
      "type": "Feature",
      "properties": {
        "source": "viirs_snpp",
        "satellite": "N",
        "acq_at": "2026-10-02 11:40:00",
        "frp": "8.41",
        "confidence": "nominal"
      },
      "geometry": {
        "type": "Point",
        "coordinates": [
          16.1913,
          41.08713
        ]
      }
    },
    {
      "type": "Feature",
      "properties": {
        "source": "viirs_snpp",
        "satellite": "N",
        "acq_at": "2026-10-02 11:40:00",
        "frp": "2.02",
        "confidence": "nominal"
      },
      "geometry": {
        "type": "Point",
        "coordinates": [
          15.96235,
          41.36852
        ]
      }
    },
    {
      "type": "Feature",
      "properties": {
        "source": "viirs_snpp",
        "satellite": "N",
        "acq_at": "2026-10-02 11:40:00",
        "frp": "2.35",
        "confidence": "nominal"
      },
      "geometry": {
        "type": "Point",
        "coordinates": [
          15.96094,
          41.36715
        ]
      }
    },
    {
      "type": "Feature",
      "properties": {
        "source": "viirs_snpp",
        "satellite": "N",
        "acq_at": "2026-10-02 11:40:00",
        "frp": "5.21",
        "confidence": "nominal"
      },
      "geometry": {
        "type": "Point",
        "coordinates": [
          14.02763,
          41.01357
        ]
      }
    },
    {
      "type": "Feature",
      "properties": {
        "source": "viirs_snpp",
        "satellite": "N",
        "acq_at": "2026-10-02 11:40:00",
        "frp": "2.39",
        "confidence": "nominal"
      },
      "geometry": {
        "type": "Point",
        "coordinates": [
          14.05597,
          41.06969
        ]
      }
    },
    {
      "type": "Feature",
      "properties": {
        "source": "viirs_snpp",
        "satellite": "N",
        "acq_at": "2026-10-02 11:40:00",
        "frp": "3.81",
        "confidence": "nominal"
      },
      "geometry": {
        "type": "Point",
        "coordinates": [
          15.42152,
          41.37729
        ]
      }
    },
    {
      "type": "Feature",
      "properties": {
        "source": "viirs_snpp",
        "satellite": "N",
        "acq_at": "2026-10-02 11:40:00",
        "frp": "3.41",
        "confidence": "nominal"
      },
      "geometry": {
        "type": "Point",
        "coordinates": [
          13.96169,
          41.07925
        ]
      }
    },
    {
      "type": "Feature",
      "properties": {
        "source": "viirs_snpp",
        "satellite": "N",
        "acq_at": "2026-10-02 11:40:00",
        "frp": "4.96",
        "confidence": "nominal"
      },
      "geometry": {
        "type": "Point",
        "coordinates": [
          15.23679,
          41.37918
        ]
      }
    },
    {
      "type": "Feature",
      "properties": {
        "source": "viirs_snpp",
        "satellite": "N",
        "acq_at": "2026-10-02 11:42:00",
        "frp": "4.52",
        "confidence": "nominal"
      },
      "geometry": {
        "type": "Point",
        "coordinates": [
          13.90281,
          41.09255
        ]
      }
    },
    {
      "type": "Feature",
      "properties": {
        "source": "viirs_snpp",
        "satellite": "N",
        "acq_at": "2026-10-02 11:42:00",
        "frp": "26.07",
        "confidence": "nominal"
      },
      "geometry": {
        "type": "Point",
        "coordinates": [
          15.06078,
          41.41095
        ]
      }
    },
    {
      "type": "Feature",
      "properties": {
        "source": "viirs_snpp",
        "satellite": "N",
        "acq_at": "2026-10-02 11:42:00",
        "frp": "4.32",
        "confidence": "nominal"
      },
      "geometry": {
        "type": "Point",
        "coordinates": [
          15.22861,
          41.5085
        ]
      }
    },
    {
      "type": "Feature",
      "properties": {
        "source": "viirs_snpp",
        "satellite": "N",
        "acq_at": "2026-10-02 11:42:00",
        "frp": "3.31",
        "confidence": "nominal"
      },
      "geometry": {
        "type": "Point",
        "coordinates": [
          15.50307,
          41.72649
        ]
      }
    },
    {
      "type": "Feature",
      "properties": {
        "source": "viirs_snpp",
        "satellite": "N",
        "acq_at": "2026-10-02 11:42:00",
        "frp": "6.09",
        "confidence": "nominal"
      },
      "geometry": {
        "type": "Point",
        "coordinates": [
          15.27093,
          41.805
        ]
      }
    },
    {
      "type": "Feature",
      "properties": {
        "source": "viirs_snpp",
        "satellite": "N",
        "acq_at": "2026-10-02 11:42:00",
        "frp": "5.3",
        "confidence": "nominal"
      },
      "geometry": {
        "type": "Point",
        "coordinates": [
          8.8305,
          40.26792
        ]
      }
    },
    {
      "type": "Feature",
      "properties": {
        "source": "viirs_snpp",
        "satellite": "N",
        "acq_at": "2026-10-02 11:42:00",
        "frp": "3.07",
        "confidence": "nominal"
      },
      "geometry": {
        "type": "Point",
        "coordinates": [
          8.69601,
          40.27831
        ]
      }
    },
    {
      "type": "Feature",
      "properties": {
        "source": "viirs_snpp",
        "satellite": "N",
        "acq_at": "2026-10-02 11:42:00",
        "frp": "4.82",
        "confidence": "nominal"
      },
      "geometry": {
        "type": "Point",
        "coordinates": [
          8.69333,
          40.28354
        ]
      }
    },
    {
      "type": "Feature",
      "properties": {
        "source": "viirs_snpp",
        "satellite": "N",
        "acq_at": "2026-10-02 11:42:00",
        "frp": "6.39",
        "confidence": "nominal"
      },
      "geometry": {
        "type": "Point",
        "coordinates": [
          8.69237,
          40.28211
        ]
      }
    },
    {
      "type": "Feature",
      "properties": {
        "source": "viirs_snpp",
        "satellite": "N",
        "acq_at": "2026-10-02 11:42:00",
        "frp": "14.44",
        "confidence": "nominal"
      },
      "geometry": {
        "type": "Point",
        "coordinates": [
          13.51573,
          41.68163
        ]
      }
    },
    {
      "type": "Feature",
      "properties": {
        "source": "viirs_snpp",
        "satellite": "N",
        "acq_at": "2026-10-02 11:42:00",
        "frp": "6.83",
        "confidence": "nominal"
      },
      "geometry": {
        "type": "Point",
        "coordinates": [
          13.51089,
          41.68053
        ]
      }
    },
    {
      "type": "Feature",
      "properties": {
        "source": "viirs_snpp",
        "satellite": "N",
        "acq_at": "2026-10-02 11:42:00",
        "frp": "8.67",
        "confidence": "nominal"
      },
      "geometry": {
        "type": "Point",
        "coordinates": [
          18.14818,
          43.15587
        ]
      }
    },
    {
      "type": "Feature",
      "properties": {
        "source": "viirs_snpp",
        "satellite": "N",
        "acq_at": "2026-10-02 11:42:00",
        "frp": "3.08",
        "confidence": "nominal"
      },
      "geometry": {
        "type": "Point",
        "coordinates": [
          17.90028,
          43.12566
        ]
      }
    },
    {
      "type": "Feature",
      "properties": {
        "source": "viirs_snpp",
        "satellite": "N",
        "acq_at": "2026-10-02 11:42:00",
        "frp": "3.65",
        "confidence": "nominal"
      },
      "geometry": {
        "type": "Point",
        "coordinates": [
          17.9031,
          43.13335
        ]
      }
    },
    {
      "type": "Feature",
      "properties": {
        "source": "viirs_snpp",
        "satellite": "N",
        "acq_at": "2026-10-02 11:42:00",
        "frp": "2.78",
        "confidence": "nominal"
      },
      "geometry": {
        "type": "Point",
        "coordinates": [
          17.67678,
          43.11398
        ]
      }
    },
    {
      "type": "Feature",
      "properties": {
        "source": "viirs_snpp",
        "satellite": "N",
        "acq_at": "2026-10-02 11:42:00",
        "frp": "24.22",
        "confidence": "nominal"
      },
      "geometry": {
        "type": "Point",
        "coordinates": [
          17.39225,
          43.36661
        ]
      }
    },
    {
      "type": "Feature",
      "properties": {
        "source": "viirs_snpp",
        "satellite": "N",
        "acq_at": "2026-10-02 11:42:00",
        "frp": "24.22",
        "confidence": "nominal"
      },
      "geometry": {
        "type": "Point",
        "coordinates": [
          17.39098,
          43.37001
        ]
      }
    },
    {
      "type": "Feature",
      "properties": {
        "source": "viirs_snpp",
        "satellite": "N",
        "acq_at": "2026-10-02 11:42:00",
        "frp": "7.03",
        "confidence": "nominal"
      },
      "geometry": {
        "type": "Point",
        "coordinates": [
          17.6016,
          43.63568
        ]
      }
    },
    {
      "type": "Feature",
      "properties": {
        "source": "viirs_snpp",
        "satellite": "N",
        "acq_at": "2026-10-02 11:42:00",
        "frp": "2.75",
        "confidence": "nominal"
      },
      "geometry": {
        "type": "Point",
        "coordinates": [
          17.59112,
          43.63379
        ]
      }
    },
    {
      "type": "Feature",
      "properties": {
        "source": "viirs_snpp",
        "satellite": "N",
        "acq_at": "2026-10-02 11:42:00",
        "frp": "3.89",
        "confidence": "nominal"
      },
      "geometry": {
        "type": "Point",
        "coordinates": [
          16.55143,
          43.5859
        ]
      }
    },
    {
      "type": "Feature",
      "properties": {
        "source": "viirs_snpp",
        "satellite": "N",
        "acq_at": "2026-10-02 11:42:00",
        "frp": "4.41",
        "confidence": "nominal"
      },
      "geometry": {
        "type": "Point",
        "coordinates": [
          18.83843,
          44.78907
        ]
      }
    },
    {
      "type": "Feature",
      "properties": {
        "source": "viirs_snpp",
        "satellite": "N",
        "acq_at": "2026-10-02 11:42:00",
        "frp": "2.26",
        "confidence": "nominal"
      },
      "geometry": {
        "type": "Point",
        "coordinates": [
          18.63973,
          44.82875
        ]
      }
    },
    {
      "type": "Feature",
      "properties": {
        "source": "viirs_snpp",
        "satellite": "N",
        "acq_at": "2026-10-02 11:42:00",
        "frp": "1.13",
        "confidence": "nominal"
      },
      "geometry": {
        "type": "Point",
        "coordinates": [
          17.74448,
          45.1322
        ]
      }
    },
    {
      "type": "Feature",
      "properties": {
        "source": "viirs_snpp",
        "satellite": "N",
        "acq_at": "2026-10-02 11:42:00",
        "frp": "1.93",
        "confidence": "nominal"
      },
      "geometry": {
        "type": "Point",
        "coordinates": [
          17.96582,
          45.27008
        ]
      }
    },
    {
      "type": "Feature",
      "properties": {
        "source": "viirs_snpp",
        "satellite": "N",
        "acq_at": "2026-10-02 11:42:00",
        "frp": "3.32",
        "confidence": "nominal"
      },
      "geometry": {
        "type": "Point",
        "coordinates": [
          16.67541,
          45.1981
        ]
      }
    },
    {
      "type": "Feature",
      "properties": {
        "source": "viirs_snpp",
        "satellite": "N",
        "acq_at": "2026-10-02 11:42:00",
        "frp": "13.14",
        "confidence": "low"
      },
      "geometry": {
        "type": "Point",
        "coordinates": [
          18.17343,
          45.70167
        ]
      }
    },
    {
      "type": "Feature",
      "properties": {
        "source": "viirs_snpp",
        "satellite": "N",
        "acq_at": "2026-10-02 11:42:00",
        "frp": "2.5",
        "confidence": "nominal"
      },
      "geometry": {
        "type": "Point",
        "coordinates": [
          16.92859,
          46.08657
        ]
      }
    },
    {
      "type": "Feature",
      "properties": {
        "source": "viirs_snpp",
        "satellite": "N",
        "acq_at": "2026-10-02 13:21:00",
        "frp": "8.34",
        "confidence": "nominal"
      },
      "geometry": {
        "type": "Point",
        "coordinates": [
          14.51226,
          37.03545
        ]
      }
    },
    {
      "type": "Feature",
      "properties": {
        "source": "viirs_snpp",
        "satellite": "N",
        "acq_at": "2026-10-02 13:21:00",
        "frp": "4.27",
        "confidence": "nominal"
      },
      "geometry": {
        "type": "Point",
        "coordinates": [
          9.54739,
          36.95115
        ]
      }
    },
    {
      "type": "Feature",
      "properties": {
        "source": "viirs_snpp",
        "satellite": "N",
        "acq_at": "2026-10-02 13:21:00",
        "frp": "2.93",
        "confidence": "nominal"
      },
      "geometry": {
        "type": "Point",
        "coordinates": [
          9.55406,
          37.0561
        ]
      }
    },
    {
      "type": "Feature",
      "properties": {
        "source": "viirs_snpp",
        "satellite": "N",
        "acq_at": "2026-10-02 13:21:00",
        "frp": "17.89",
        "confidence": "high"
      },
      "geometry": {
        "type": "Point",
        "coordinates": [
          14.11354,
          37.21935
        ]
      }
    },
    {
      "type": "Feature",
      "properties": {
        "source": "viirs_snpp",
        "satellite": "N",
        "acq_at": "2026-10-02 13:21:00",
        "frp": "4.19",
        "confidence": "nominal"
      },
      "geometry": {
        "type": "Point",
        "coordinates": [
          14.08007,
          37.35041
        ]
      }
    },
    {
      "type": "Feature",
      "properties": {
        "source": "viirs_snpp",
        "satellite": "N",
        "acq_at": "2026-10-02 13:21:00",
        "frp": "13.84",
        "confidence": "high"
      },
      "geometry": {
        "type": "Point",
        "coordinates": [
          9.59021,
          37.27869
        ]
      }
    },
    {
      "type": "Feature",
      "properties": {
        "source": "viirs_snpp",
        "satellite": "N",
        "acq_at": "2026-10-02 13:21:00",
        "frp": "12.84",
        "confidence": "high"
      },
      "geometry": {
        "type": "Point",
        "coordinates": [
          14.17341,
          37.45442
        ]
      }
    },
    {
      "type": "Feature",
      "properties": {
        "source": "viirs_snpp",
        "satellite": "N",
        "acq_at": "2026-10-02 13:21:00",
        "frp": "4.37",
        "confidence": "nominal"
      },
      "geometry": {
        "type": "Point",
        "coordinates": [
          13.80767,
          37.46926
        ]
      }
    },
    {
      "type": "Feature",
      "properties": {
        "source": "viirs_snpp",
        "satellite": "N",
        "acq_at": "2026-10-02 13:21:00",
        "frp": "9.28",
        "confidence": "nominal"
      },
      "geometry": {
        "type": "Point",
        "coordinates": [
          14.16823,
          37.45055
        ]
      }
    },
    {
      "type": "Feature",
      "properties": {
        "source": "viirs_snpp",
        "satellite": "N",
        "acq_at": "2026-10-02 13:21:00",
        "frp": "17.09",
        "confidence": "nominal"
      },
      "geometry": {
        "type": "Point",
        "coordinates": [
          13.86534,
          37.52445
        ]
      }
    },
    {
      "type": "Feature",
      "properties": {
        "source": "viirs_snpp",
        "satellite": "N",
        "acq_at": "2026-10-02 13:21:00",
        "frp": "12.24",
        "confidence": "nominal"
      },
      "geometry": {
        "type": "Point",
        "coordinates": [
          13.8446,
          37.58733
        ]
      }
    },
    {
      "type": "Feature",
      "properties": {
        "source": "viirs_snpp",
        "satellite": "N",
        "acq_at": "2026-10-02 13:21:00",
        "frp": "11.88",
        "confidence": "nominal"
      },
      "geometry": {
        "type": "Point",
        "coordinates": [
          13.85463,
          37.58477
        ]
      }
    },
    {
      "type": "Feature",
      "properties": {
        "source": "viirs_snpp",
        "satellite": "N",
        "acq_at": "2026-10-02 13:21:00",
        "frp": "4.94",
        "confidence": "nominal"
      },
      "geometry": {
        "type": "Point",
        "coordinates": [
          12.6901,
          37.89997
        ]
      }
    },
    {
      "type": "Feature",
      "properties": {
        "source": "viirs_snpp",
        "satellite": "N",
        "acq_at": "2026-10-02 13:21:00",
        "frp": "6.88",
        "confidence": "nominal"
      },
      "geometry": {
        "type": "Point",
        "coordinates": [
          13.31405,
          37.92696
        ]
      }
    },
    {
      "type": "Feature",
      "properties": {
        "source": "viirs_snpp",
        "satellite": "N",
        "acq_at": "2026-10-02 13:21:00",
        "frp": "5.97",
        "confidence": "nominal"
      },
      "geometry": {
        "type": "Point",
        "coordinates": [
          12.8089,
          37.98986
        ]
      }
    },
    {
      "type": "Feature",
      "properties": {
        "source": "viirs_snpp",
        "satellite": "N",
        "acq_at": "2026-10-02 13:21:00",
        "frp": "4.32",
        "confidence": "nominal"
      },
      "geometry": {
        "type": "Point",
        "coordinates": [
          12.60409,
          37.98415
        ]
      }
    },
    {
      "type": "Feature",
      "properties": {
        "source": "viirs_snpp",
        "satellite": "N",
        "acq_at": "2026-10-02 13:21:00",
        "frp": "3.03",
        "confidence": "nominal"
      },
      "geometry": {
        "type": "Point",
        "coordinates": [
          12.6054,
          37.98119
        ]
      }
    },
    {
      "type": "Feature",
      "properties": {
        "source": "viirs_snpp",
        "satellite": "N",
        "acq_at": "2026-10-02 13:23:00",
        "frp": "3.24",
        "confidence": "nominal"
      },
      "geometry": {
        "type": "Point",
        "coordinates": [
          8.76388,
          39.50048
        ]
      }
    },
    {
      "type": "Feature",
      "properties": {
        "source": "viirs_snpp",
        "satellite": "N",
        "acq_at": "2026-10-02 13:23:00",
        "frp": "27.63",
        "confidence": "high"
      },
      "geometry": {
        "type": "Point",
        "coordinates": [
          8.70006,
          40.27481
        ]
      }
    },
    {
      "type": "Feature",
      "properties": {
        "source": "viirs_snpp",
        "satellite": "N",
        "acq_at": "2026-10-02 13:23:00",
        "frp": "27.63",
        "confidence": "nominal"
      },
      "geometry": {
        "type": "Point",
        "coordinates": [
          8.69566,
          40.2746
        ]
      }
    },
    {
      "type": "Feature",
      "properties": {
        "source": "viirs_snpp",
        "satellite": "N",
        "acq_at": "2026-10-02 13:23:00",
        "frp": "27.63",
        "confidence": "low"
      },
      "geometry": {
        "type": "Point",
        "coordinates": [
          8.69543,
          40.28012
        ]
      }
    },
    {
      "type": "Feature",
      "properties": {
        "source": "viirs_snpp",
        "satellite": "N",
        "acq_at": "2026-10-02 23:58:00",
        "frp": "2.8",
        "confidence": "nominal"
      },
      "geometry": {
        "type": "Point",
        "coordinates": [
          17.57601,
          43.64964
        ]
      }
    },
    {
      "type": "Feature",
      "properties": {
        "source": "viirs_snpp",
        "satellite": "N",
        "acq_at": "2026-10-02 23:58:00",
        "frp": "1.65",
        "confidence": "nominal"
      },
      "geometry": {
        "type": "Point",
        "coordinates": [
          17.58987,
          43.64939
        ]
      }
    },
    {
      "type": "Feature",
      "properties": {
        "source": "viirs_snpp",
        "satellite": "N",
        "acq_at": "2026-10-02 23:58:00",
        "frp": "11.79",
        "confidence": "high"
      },
      "geometry": {
        "type": "Point",
        "coordinates": [
          18.87889,
          42.92736
        ]
      }
    },
    {
      "type": "Feature",
      "properties": {
        "source": "viirs_snpp",
        "satellite": "N",
        "acq_at": "2026-10-02 23:58:00",
        "frp": "1.02",
        "confidence": "nominal"
      },
      "geometry": {
        "type": "Point",
        "coordinates": [
          15.26512,
          41.10629
        ]
      }
    },
    {
      "type": "Feature",
      "properties": {
        "source": "viirs_snpp",
        "satellite": "N",
        "acq_at": "2026-10-02 23:58:00",
        "frp": "1.54",
        "confidence": "nominal"
      },
      "geometry": {
        "type": "Point",
        "coordinates": [
          16.5695,
          40.5596
        ]
      }
    },
    {
      "type": "Feature",
      "properties": {
        "source": "viirs_snpp",
        "satellite": "N",
        "acq_at": "2026-10-02 23:58:00",
        "frp": "0.7",
        "confidence": "nominal"
      },
      "geometry": {
        "type": "Point",
        "coordinates": [
          16.56822,
          40.555
        ]
      }
    },
    {
      "type": "Feature",
      "properties": {
        "source": "viirs_snpp",
        "satellite": "N",
        "acq_at": "2026-10-03 00:01:00",
        "frp": "5.95",
        "confidence": "nominal"
      },
      "geometry": {
        "type": "Point",
        "coordinates": [
          18.51306,
          40.10674
        ]
      }
    },
    {
      "type": "Feature",
      "properties": {
        "source": "viirs_snpp",
        "satellite": "N",
        "acq_at": "2026-10-03 00:01:00",
        "frp": "2.73",
        "confidence": "nominal"
      },
      "geometry": {
        "type": "Point",
        "coordinates": [
          17.13283,
          39.18791
        ]
      }
    },
    {
      "type": "Feature",
      "properties": {
        "source": "viirs_snpp",
        "satellite": "N",
        "acq_at": "2026-10-03 00:01:00",
        "frp": "1.54",
        "confidence": "nominal"
      },
      "geometry": {
        "type": "Point",
        "coordinates": [
          17.13244,
          39.18158
        ]
      }
    },
    {
      "type": "Feature",
      "properties": {
        "source": "viirs_snpp",
        "satellite": "N",
        "acq_at": "2026-10-03 00:01:00",
        "frp": "1.98",
        "confidence": "nominal"
      },
      "geometry": {
        "type": "Point",
        "coordinates": [
          17.12947,
          39.18523
        ]
      }
    },
    {
      "type": "Feature",
      "properties": {
        "source": "viirs_snpp",
        "satellite": "N",
        "acq_at": "2026-10-03 00:01:00",
        "frp": "1.98",
        "confidence": "nominal"
      },
      "geometry": {
        "type": "Point",
        "coordinates": [
          17.13588,
          39.18501
        ]
      }
    },
    {
      "type": "Feature",
      "properties": {
        "source": "viirs_snpp",
        "satellite": "N",
        "acq_at": "2026-10-03 00:01:00",
        "frp": "0.69",
        "confidence": "nominal"
      },
      "geometry": {
        "type": "Point",
        "coordinates": [
          17.05663,
          38.97
        ]
      }
    },
    {
      "type": "Feature",
      "properties": {
        "source": "viirs_snpp",
        "satellite": "N",
        "acq_at": "2026-10-03 01:37:00",
        "frp": "1.28",
        "confidence": "nominal"
      },
      "geometry": {
        "type": "Point",
        "coordinates": [
          17.59258,
          43.64802
        ]
      }
    },
    {
      "type": "Feature",
      "properties": {
        "source": "viirs_snpp",
        "satellite": "N",
        "acq_at": "2026-10-03 01:37:00",
        "frp": "6.7",
        "confidence": "nominal"
      },
      "geometry": {
        "type": "Point",
        "coordinates": [
          18.87761,
          42.92852
        ]
      }
    },
    {
      "type": "Feature",
      "properties": {
        "source": "viirs_snpp",
        "satellite": "N",
        "acq_at": "2026-10-03 01:37:00",
        "frp": "6.7",
        "confidence": "nominal"
      },
      "geometry": {
        "type": "Point",
        "coordinates": [
          18.88424,
          42.92678
        ]
      }
    },
    {
      "type": "Feature",
      "properties": {
        "source": "viirs_snpp",
        "satellite": "N",
        "acq_at": "2026-10-03 01:39:00",
        "frp": "0.9",
        "confidence": "nominal"
      },
      "geometry": {
        "type": "Point",
        "coordinates": [
          8.77911,
          44.44544
        ]
      }
    },
    {
      "type": "Feature",
      "properties": {
        "source": "viirs_snpp",
        "satellite": "N",
        "acq_at": "2026-10-03 01:39:00",
        "frp": "0.9",
        "confidence": "nominal"
      },
      "geometry": {
        "type": "Point",
        "coordinates": [
          8.78389,
          44.44466
        ]
      }
    },
    {
      "type": "Feature",
      "properties": {
        "source": "viirs_snpp",
        "satellite": "N",
        "acq_at": "2026-10-03 01:39:00",
        "frp": "1.17",
        "confidence": "nominal"
      },
      "geometry": {
        "type": "Point",
        "coordinates": [
          12.54535,
          43.36567
        ]
      }
    },
    {
      "type": "Feature",
      "properties": {
        "source": "viirs_snpp",
        "satellite": "N",
        "acq_at": "2026-10-03 01:39:00",
        "frp": "0.4",
        "confidence": "nominal"
      },
      "geometry": {
        "type": "Point",
        "coordinates": [
          15.29931,
          41.88576
        ]
      }
    },
    {
      "type": "Feature",
      "properties": {
        "source": "viirs_snpp",
        "satellite": "N",
        "acq_at": "2026-10-03 01:39:00",
        "frp": "1.24",
        "confidence": "nominal"
      },
      "geometry": {
        "type": "Point",
        "coordinates": [
          16.34484,
          40.75333
        ]
      }
    },
    {
      "type": "Feature",
      "properties": {
        "source": "viirs_snpp",
        "satellite": "N",
        "acq_at": "2026-10-03 01:39:00",
        "frp": "1.24",
        "confidence": "nominal"
      },
      "geometry": {
        "type": "Point",
        "coordinates": [
          16.35014,
          40.75203
        ]
      }
    },
    {
      "type": "Feature",
      "properties": {
        "source": "viirs_snpp",
        "satellite": "N",
        "acq_at": "2026-10-03 01:39:00",
        "frp": "0.89",
        "confidence": "nominal"
      },
      "geometry": {
        "type": "Point",
        "coordinates": [
          18.51268,
          40.10919
        ]
      }
    },
    {
      "type": "Feature",
      "properties": {
        "source": "viirs_snpp",
        "satellite": "N",
        "acq_at": "2026-10-03 01:39:00",
        "frp": "2.46",
        "confidence": "nominal"
      },
      "geometry": {
        "type": "Point",
        "coordinates": [
          16.56512,
          40.55731
        ]
      }
    },
    {
      "type": "Feature",
      "properties": {
        "source": "viirs_snpp",
        "satellite": "N",
        "acq_at": "2026-10-03 01:39:00",
        "frp": "0.58",
        "confidence": "nominal"
      },
      "geometry": {
        "type": "Point",
        "coordinates": [
          14.49598,
          40.71144
        ]
      }
    },
    {
      "type": "Feature",
      "properties": {
        "source": "viirs_snpp",
        "satellite": "N",
        "acq_at": "2026-10-03 01:39:00",
        "frp": "2.03",
        "confidence": "nominal"
      },
      "geometry": {
        "type": "Point",
        "coordinates": [
          17.1306,
          39.1834
        ]
      }
    },
    {
      "type": "Feature",
      "properties": {
        "source": "viirs_snpp",
        "satellite": "N",
        "acq_at": "2026-10-03 01:39:00",
        "frp": "1.49",
        "confidence": "nominal"
      },
      "geometry": {
        "type": "Point",
        "coordinates": [
          17.05541,
          38.96819
        ]
      }
    },
    {
      "type": "Feature",
      "properties": {
        "source": "viirs_snpp",
        "satellite": "N",
        "acq_at": "2026-10-03 01:39:00",
        "frp": "0.57",
        "confidence": "nominal"
      },
      "geometry": {
        "type": "Point",
        "coordinates": [
          8.61523,
          40.30315
        ]
      }
    },
    {
      "type": "Feature",
      "properties": {
        "source": "viirs_snpp",
        "satellite": "N",
        "acq_at": "2026-10-03 01:39:00",
        "frp": "0.95",
        "confidence": "nominal"
      },
      "geometry": {
        "type": "Point",
        "coordinates": [
          8.916,
          39.27534
        ]
      }
    },
    {
      "type": "Feature",
      "properties": {
        "source": "viirs_snpp",
        "satellite": "N",
        "acq_at": "2026-10-03 01:39:00",
        "frp": "0.66",
        "confidence": "nominal"
      },
      "geometry": {
        "type": "Point",
        "coordinates": [
          9.64351,
          36.91769
        ]
      }
    },
    {
      "type": "Feature",
      "properties": {
        "source": "viirs_snpp",
        "satellite": "N",
        "acq_at": "2026-10-03 01:39:00",
        "frp": "0.66",
        "confidence": "nominal"
      },
      "geometry": {
        "type": "Point",
        "coordinates": [
          9.64246,
          36.91413
        ]
      }
    },
    {
      "type": "Feature",
      "properties": {
        "source": "viirs_snpp",
        "satellite": "N",
        "acq_at": "2026-10-03 01:41:00",
        "frp": "1.61",
        "confidence": "nominal"
      },
      "geometry": {
        "type": "Point",
        "coordinates": [
          9.93607,
          35.20276
        ]
      }
    },
    {
      "type": "Feature",
      "properties": {
        "source": "viirs_noaa20",
        "satellite": "N20",
        "acq_at": "2026-10-02 12:00:00",
        "frp": "4.32",
        "confidence": "nominal"
      },
      "geometry": {
        "type": "Point",
        "coordinates": [
          14.42945,
          35.93386
        ]
      }
    },
    {
      "type": "Feature",
      "properties": {
        "source": "viirs_noaa20",
        "satellite": "N20",
        "acq_at": "2026-10-02 12:00:00",
        "frp": "3.34",
        "confidence": "nominal"
      },
      "geometry": {
        "type": "Point",
        "coordinates": [
          14.04675,
          37.18299
        ]
      }
    },
    {
      "type": "Feature",
      "properties": {
        "source": "viirs_noaa20",
        "satellite": "N20",
        "acq_at": "2026-10-02 12:00:00",
        "frp": "1.44",
        "confidence": "nominal"
      },
      "geometry": {
        "type": "Point",
        "coordinates": [
          13.8852,
          37.21822
        ]
      }
    },
    {
      "type": "Feature",
      "properties": {
        "source": "viirs_noaa20",
        "satellite": "N20",
        "acq_at": "2026-10-02 12:00:00",
        "frp": "1.56",
        "confidence": "nominal"
      },
      "geometry": {
        "type": "Point",
        "coordinates": [
          15.04952,
          37.42425
        ]
      }
    },
    {
      "type": "Feature",
      "properties": {
        "source": "viirs_noaa20",
        "satellite": "N20",
        "acq_at": "2026-10-02 12:00:00",
        "frp": "2.7",
        "confidence": "nominal"
      },
      "geometry": {
        "type": "Point",
        "coordinates": [
          13.66537,
          37.21179
        ]
      }
    },
    {
      "type": "Feature",
      "properties": {
        "source": "viirs_noaa20",
        "satellite": "N20",
        "acq_at": "2026-10-02 12:00:00",
        "frp": "4",
        "confidence": "nominal"
      },
      "geometry": {
        "type": "Point",
        "coordinates": [
          9.01822,
          36.31672
        ]
      }
    },
    {
      "type": "Feature",
      "properties": {
        "source": "viirs_noaa20",
        "satellite": "N20",
        "acq_at": "2026-10-02 12:00:00",
        "frp": "2.3",
        "confidence": "nominal"
      },
      "geometry": {
        "type": "Point",
        "coordinates": [
          14.77583,
          37.45097
        ]
      }
    },
    {
      "type": "Feature",
      "properties": {
        "source": "viirs_noaa20",
        "satellite": "N20",
        "acq_at": "2026-10-02 12:00:00",
        "frp": "1.75",
        "confidence": "nominal"
      },
      "geometry": {
        "type": "Point",
        "coordinates": [
          14.88632,
          37.53724
        ]
      }
    },
    {
      "type": "Feature",
      "properties": {
        "source": "viirs_noaa20",
        "satellite": "N20",
        "acq_at": "2026-10-02 12:00:00",
        "frp": "4.74",
        "confidence": "low"
      },
      "geometry": {
        "type": "Point",
        "coordinates": [
          14.18953,
          37.4513
        ]
      }
    },
    {
      "type": "Feature",
      "properties": {
        "source": "viirs_noaa20",
        "satellite": "N20",
        "acq_at": "2026-10-02 12:00:00",
        "frp": "6.51",
        "confidence": "nominal"
      },
      "geometry": {
        "type": "Point",
        "coordinates": [
          14.17522,
          37.45234
        ]
      }
    },
    {
      "type": "Feature",
      "properties": {
        "source": "viirs_noaa20",
        "satellite": "N20",
        "acq_at": "2026-10-02 12:00:00",
        "frp": "2.14",
        "confidence": "nominal"
      },
      "geometry": {
        "type": "Point",
        "coordinates": [
          13.83553,
          37.47174
        ]
      }
    },
    {
      "type": "Feature",
      "properties": {
        "source": "viirs_noaa20",
        "satellite": "N20",
        "acq_at": "2026-10-02 12:00:00",
        "frp": "3.63",
        "confidence": "nominal"
      },
      "geometry": {
        "type": "Point",
        "coordinates": [
          13.63695,
          37.47574
        ]
      }
    },
    {
      "type": "Feature",
      "properties": {
        "source": "viirs_noaa20",
        "satellite": "N20",
        "acq_at": "2026-10-02 12:00:00",
        "frp": "3.94",
        "confidence": "nominal"
      },
      "geometry": {
        "type": "Point",
        "coordinates": [
          13.73657,
          37.50026
        ]
      }
    },
    {
      "type": "Feature",
      "properties": {
        "source": "viirs_noaa20",
        "satellite": "N20",
        "acq_at": "2026-10-02 12:00:00",
        "frp": "6.19",
        "confidence": "nominal"
      },
      "geometry": {
        "type": "Point",
        "coordinates": [
          13.57585,
          37.48626
        ]
      }
    },
    {
      "type": "Feature",
      "properties": {
        "source": "viirs_noaa20",
        "satellite": "N20",
        "acq_at": "2026-10-02 12:00:00",
        "frp": "9.72",
        "confidence": "nominal"
      },
      "geometry": {
        "type": "Point",
        "coordinates": [
          13.8223,
          37.57497
        ]
      }
    },
    {
      "type": "Feature",
      "properties": {
        "source": "viirs_noaa20",
        "satellite": "N20",
        "acq_at": "2026-10-02 12:00:00",
        "frp": "4.88",
        "confidence": "nominal"
      },
      "geometry": {
        "type": "Point",
        "coordinates": [
          13.82388,
          37.57581
        ]
      }
    },
    {
      "type": "Feature",
      "properties": {
        "source": "viirs_noaa20",
        "satellite": "N20",
        "acq_at": "2026-10-02 12:00:00",
        "frp": "4.88",
        "confidence": "low"
      },
      "geometry": {
        "type": "Point",
        "coordinates": [
          13.82291,
          37.57915
        ]
      }
    },
    {
      "type": "Feature",
      "properties": {
        "source": "viirs_noaa20",
        "satellite": "N20",
        "acq_at": "2026-10-02 12:00:00",
        "frp": "5.23",
        "confidence": "nominal"
      },
      "geometry": {
        "type": "Point",
        "coordinates": [
          13.66489,
          37.55846
        ]
      }
    },
    {
      "type": "Feature",
      "properties": {
        "source": "viirs_noaa20",
        "satellite": "N20",
        "acq_at": "2026-10-02 12:00:00",
        "frp": "4.46",
        "confidence": "nominal"
      },
      "geometry": {
        "type": "Point",
        "coordinates": [
          9.34132,
          36.70758
        ]
      }
    },
    {
      "type": "Feature",
      "properties": {
        "source": "viirs_noaa20",
        "satellite": "N20",
        "acq_at": "2026-10-02 12:00:00",
        "frp": "4.07",
        "confidence": "nominal"
      },
      "geometry": {
        "type": "Point",
        "coordinates": [
          13.69744,
          37.58184
        ]
      }
    },
    {
      "type": "Feature",
      "properties": {
        "source": "viirs_noaa20",
        "satellite": "N20",
        "acq_at": "2026-10-02 12:00:00",
        "frp": "4.07",
        "confidence": "nominal"
      },
      "geometry": {
        "type": "Point",
        "coordinates": [
          13.6927,
          37.58101
        ]
      }
    },
    {
      "type": "Feature",
      "properties": {
        "source": "viirs_noaa20",
        "satellite": "N20",
        "acq_at": "2026-10-02 12:00:00",
        "frp": "2.08",
        "confidence": "nominal"
      },
      "geometry": {
        "type": "Point",
        "coordinates": [
          7.19482,
          36.24851
        ]
      }
    },
    {
      "type": "Feature",
      "properties": {
        "source": "viirs_noaa20",
        "satellite": "N20",
        "acq_at": "2026-10-02 12:00:00",
        "frp": "2.37",
        "confidence": "nominal"
      },
      "geometry": {
        "type": "Point",
        "coordinates": [
          14.92216,
          37.85443
        ]
      }
    },
    {
      "type": "Feature",
      "properties": {
        "source": "viirs_noaa20",
        "satellite": "N20",
        "acq_at": "2026-10-02 12:00:00",
        "frp": "4.99",
        "confidence": "nominal"
      },
      "geometry": {
        "type": "Point",
        "coordinates": [
          13.91855,
          37.70095
        ]
      }
    },
    {
      "type": "Feature",
      "properties": {
        "source": "viirs_noaa20",
        "satellite": "N20",
        "acq_at": "2026-10-02 12:00:00",
        "frp": "3.44",
        "confidence": "nominal"
      },
      "geometry": {
        "type": "Point",
        "coordinates": [
          16.11734,
          38.0904
        ]
      }
    },
    {
      "type": "Feature",
      "properties": {
        "source": "viirs_noaa20",
        "satellite": "N20",
        "acq_at": "2026-10-02 12:00:00",
        "frp": "4.49",
        "confidence": "nominal"
      },
      "geometry": {
        "type": "Point",
        "coordinates": [
          16.12203,
          38.10811
        ]
      }
    },
    {
      "type": "Feature",
      "properties": {
        "source": "viirs_noaa20",
        "satellite": "N20",
        "acq_at": "2026-10-02 12:00:00",
        "frp": "1.71",
        "confidence": "nominal"
      },
      "geometry": {
        "type": "Point",
        "coordinates": [
          9.47929,
          36.9178
        ]
      }
    },
    {
      "type": "Feature",
      "properties": {
        "source": "viirs_noaa20",
        "satellite": "N20",
        "acq_at": "2026-10-02 12:00:00",
        "frp": "4.7",
        "confidence": "nominal"
      },
      "geometry": {
        "type": "Point",
        "coordinates": [
          12.80715,
          37.59742
        ]
      }
    },
    {
      "type": "Feature",
      "properties": {
        "source": "viirs_noaa20",
        "satellite": "N20",
        "acq_at": "2026-10-02 12:00:00",
        "frp": "3.21",
        "confidence": "nominal"
      },
      "geometry": {
        "type": "Point",
        "coordinates": [
          13.53358,
          37.85387
        ]
      }
    },
    {
      "type": "Feature",
      "properties": {
        "source": "viirs_noaa20",
        "satellite": "N20",
        "acq_at": "2026-10-02 12:00:00",
        "frp": "4.12",
        "confidence": "nominal"
      },
      "geometry": {
        "type": "Point",
        "coordinates": [
          15.85257,
          38.27819
        ]
      }
    },
    {
      "type": "Feature",
      "properties": {
        "source": "viirs_noaa20",
        "satellite": "N20",
        "acq_at": "2026-10-02 12:00:00",
        "frp": "4.12",
        "confidence": "nominal"
      },
      "geometry": {
        "type": "Point",
        "coordinates": [
          15.85176,
          38.28147
        ]
      }
    },
    {
      "type": "Feature",
      "properties": {
        "source": "viirs_noaa20",
        "satellite": "N20",
        "acq_at": "2026-10-02 12:00:00",
        "frp": "4.74",
        "confidence": "nominal"
      },
      "geometry": {
        "type": "Point",
        "coordinates": [
          13.10065,
          37.82318
        ]
      }
    },
    {
      "type": "Feature",
      "properties": {
        "source": "viirs_noaa20",
        "satellite": "N20",
        "acq_at": "2026-10-02 12:00:00",
        "frp": "2.55",
        "confidence": "nominal"
      },
      "geometry": {
        "type": "Point",
        "coordinates": [
          7.67736,
          36.70615
        ]
      }
    },
    {
      "type": "Feature",
      "properties": {
        "source": "viirs_noaa20",
        "satellite": "N20",
        "acq_at": "2026-10-02 12:00:00",
        "frp": "11.27",
        "confidence": "nominal"
      },
      "geometry": {
        "type": "Point",
        "coordinates": [
          13.09963,
          37.82658
        ]
      }
    },
    {
      "type": "Feature",
      "properties": {
        "source": "viirs_noaa20",
        "satellite": "N20",
        "acq_at": "2026-10-02 12:00:00",
        "frp": "5.4",
        "confidence": "nominal"
      },
      "geometry": {
        "type": "Point",
        "coordinates": [
          7.68157,
          36.71192
        ]
      }
    },
    {
      "type": "Feature",
      "properties": {
        "source": "viirs_noaa20",
        "satellite": "N20",
        "acq_at": "2026-10-02 12:00:00",
        "frp": "2.27",
        "confidence": "nominal"
      },
      "geometry": {
        "type": "Point",
        "coordinates": [
          13.13034,
          37.84284
        ]
      }
    },
    {
      "type": "Feature",
      "properties": {
        "source": "viirs_noaa20",
        "satellite": "N20",
        "acq_at": "2026-10-02 12:00:00",
        "frp": "2.24",
        "confidence": "low"
      },
      "geometry": {
        "type": "Point",
        "coordinates": [
          13.17183,
          37.85383
        ]
      }
    },
    {
      "type": "Feature",
      "properties": {
        "source": "viirs_noaa20",
        "satellite": "N20",
        "acq_at": "2026-10-02 12:00:00",
        "frp": "7.41",
        "confidence": "nominal"
      },
      "geometry": {
        "type": "Point",
        "coordinates": [
          6.65711,
          36.54514
        ]
      }
    },
    {
      "type": "Feature",
      "properties": {
        "source": "viirs_noaa20",
        "satellite": "N20",
        "acq_at": "2026-10-02 12:00:00",
        "frp": "7.41",
        "confidence": "nominal"
      },
      "geometry": {
        "type": "Point",
        "coordinates": [
          6.65068,
          36.54361
        ]
      }
    },
    {
      "type": "Feature",
      "properties": {
        "source": "viirs_noaa20",
        "satellite": "N20",
        "acq_at": "2026-10-02 12:00:00",
        "frp": "3.16",
        "confidence": "nominal"
      },
      "geometry": {
        "type": "Point",
        "coordinates": [
          6.39315,
          36.48206
        ]
      }
    },
    {
      "type": "Feature",
      "properties": {
        "source": "viirs_noaa20",
        "satellite": "N20",
        "acq_at": "2026-10-02 12:00:00",
        "frp": "7.88",
        "confidence": "nominal"
      },
      "geometry": {
        "type": "Point",
        "coordinates": [
          13.31598,
          37.92565
        ]
      }
    },
    {
      "type": "Feature",
      "properties": {
        "source": "viirs_noaa20",
        "satellite": "N20",
        "acq_at": "2026-10-02 12:00:00",
        "frp": "11.8",
        "confidence": "nominal"
      },
      "geometry": {
        "type": "Point",
        "coordinates": [
          13.31117,
          37.92481
        ]
      }
    },
    {
      "type": "Feature",
      "properties": {
        "source": "viirs_noaa20",
        "satellite": "N20",
        "acq_at": "2026-10-02 12:00:00",
        "frp": "22.73",
        "confidence": "nominal"
      },
      "geometry": {
        "type": "Point",
        "coordinates": [
          13.3132,
          37.92461
        ]
      }
    },
    {
      "type": "Feature",
      "properties": {
        "source": "viirs_noaa20",
        "satellite": "N20",
        "acq_at": "2026-10-02 12:00:00",
        "frp": "3.37",
        "confidence": "nominal"
      },
      "geometry": {
        "type": "Point",
        "coordinates": [
          13.37278,
          37.93879
        ]
      }
    },
    {
      "type": "Feature",
      "properties": {
        "source": "viirs_noaa20",
        "satellite": "N20",
        "acq_at": "2026-10-02 12:00:00",
        "frp": "22.73",
        "confidence": "nominal"
      },
      "geometry": {
        "type": "Point",
        "coordinates": [
          13.31232,
          37.92801
        ]
      }
    },
    {
      "type": "Feature",
      "properties": {
        "source": "viirs_noaa20",
        "satellite": "N20",
        "acq_at": "2026-10-02 12:00:00",
        "frp": "4.39",
        "confidence": "nominal"
      },
      "geometry": {
        "type": "Point",
        "coordinates": [
          13.37199,
          37.94221
        ]
      }
    },
    {
      "type": "Feature",
      "properties": {
        "source": "viirs_noaa20",
        "satellite": "N20",
        "acq_at": "2026-10-02 12:00:00",
        "frp": "8.49",
        "confidence": "nominal"
      },
      "geometry": {
        "type": "Point",
        "coordinates": [
          13.07761,
          37.89654
        ]
      }
    },
    {
      "type": "Feature",
      "properties": {
        "source": "viirs_noaa20",
        "satellite": "N20",
        "acq_at": "2026-10-02 12:00:00",
        "frp": "7.83",
        "confidence": "nominal"
      },
      "geometry": {
        "type": "Point",
        "coordinates": [
          6.65644,
          36.54416
        ]
      }
    },
    {
      "type": "Feature",
      "properties": {
        "source": "viirs_noaa20",
        "satellite": "N20",
        "acq_at": "2026-10-02 12:00:00",
        "frp": "3.37",
        "confidence": "nominal"
      },
      "geometry": {
        "type": "Point",
        "coordinates": [
          6.39113,
          36.48409
        ]
      }
    },
    {
      "type": "Feature",
      "properties": {
        "source": "viirs_noaa20",
        "satellite": "N20",
        "acq_at": "2026-10-02 12:00:00",
        "frp": "4.68",
        "confidence": "nominal"
      },
      "geometry": {
        "type": "Point",
        "coordinates": [
          12.91689,
          37.89261
        ]
      }
    },
    {
      "type": "Feature",
      "properties": {
        "source": "viirs_noaa20",
        "satellite": "N20",
        "acq_at": "2026-10-02 12:00:00",
        "frp": "3.75",
        "confidence": "nominal"
      },
      "geometry": {
        "type": "Point",
        "coordinates": [
          13.46726,
          37.99805
        ]
      }
    },
    {
      "type": "Feature",
      "properties": {
        "source": "viirs_noaa20",
        "satellite": "N20",
        "acq_at": "2026-10-02 12:00:00",
        "frp": "2.82",
        "confidence": "nominal"
      },
      "geometry": {
        "type": "Point",
        "coordinates": [
          13.46616,
          38.00139
        ]
      }
    },
    {
      "type": "Feature",
      "properties": {
        "source": "viirs_noaa20",
        "satellite": "N20",
        "acq_at": "2026-10-02 12:00:00",
        "frp": "2.29",
        "confidence": "nominal"
      },
      "geometry": {
        "type": "Point",
        "coordinates": [
          13.45197,
          37.9989
        ]
      }
    },
    {
      "type": "Feature",
      "properties": {
        "source": "viirs_noaa20",
        "satellite": "N20",
        "acq_at": "2026-10-02 12:00:00",
        "frp": "7.07",
        "confidence": "nominal"
      },
      "geometry": {
        "type": "Point",
        "coordinates": [
          12.94348,
          37.92265
        ]
      }
    },
    {
      "type": "Feature",
      "properties": {
        "source": "viirs_noaa20",
        "satellite": "N20",
        "acq_at": "2026-10-02 12:00:00",
        "frp": "4.24",
        "confidence": "nominal"
      },
      "geometry": {
        "type": "Point",
        "coordinates": [
          13.14573,
          37.99105
        ]
      }
    },
    {
      "type": "Feature",
      "properties": {
        "source": "viirs_noaa20",
        "satellite": "N20",
        "acq_at": "2026-10-02 12:00:00",
        "frp": "1.26",
        "confidence": "low"
      },
      "geometry": {
        "type": "Point",
        "coordinates": [
          12.54525,
          37.88308
        ]
      }
    },
    {
      "type": "Feature",
      "properties": {
        "source": "viirs_noaa20",
        "satellite": "N20",
        "acq_at": "2026-10-02 12:00:00",
        "frp": "2",
        "confidence": "nominal"
      },
      "geometry": {
        "type": "Point",
        "coordinates": [
          13.14513,
          37.99452
        ]
      }
    },
    {
      "type": "Feature",
      "properties": {
        "source": "viirs_noaa20",
        "satellite": "N20",
        "acq_at": "2026-10-02 12:00:00",
        "frp": "3.1",
        "confidence": "nominal"
      },
      "geometry": {
        "type": "Point",
        "coordinates": [
          16.16424,
          38.54696
        ]
      }
    },
    {
      "type": "Feature",
      "properties": {
        "source": "viirs_noaa20",
        "satellite": "N20",
        "acq_at": "2026-10-02 12:00:00",
        "frp": "5.18",
        "confidence": "nominal"
      },
      "geometry": {
        "type": "Point",
        "coordinates": [
          12.65132,
          38.00878
        ]
      }
    },
    {
      "type": "Feature",
      "properties": {
        "source": "viirs_noaa20",
        "satellite": "N20",
        "acq_at": "2026-10-02 12:00:00",
        "frp": "3.15",
        "confidence": "nominal"
      },
      "geometry": {
        "type": "Point",
        "coordinates": [
          17.09115,
          38.94069
        ]
      }
    },
    {
      "type": "Feature",
      "properties": {
        "source": "viirs_noaa20",
        "satellite": "N20",
        "acq_at": "2026-10-02 12:00:00",
        "frp": "11.66",
        "confidence": "nominal"
      },
      "geometry": {
        "type": "Point",
        "coordinates": [
          17.08665,
          38.94006
        ]
      }
    },
    {
      "type": "Feature",
      "properties": {
        "source": "viirs_noaa20",
        "satellite": "N20",
        "acq_at": "2026-10-02 12:00:00",
        "frp": "1.45",
        "confidence": "nominal"
      },
      "geometry": {
        "type": "Point",
        "coordinates": [
          17.08867,
          38.9734
        ]
      }
    },
    {
      "type": "Feature",
      "properties": {
        "source": "viirs_noaa20",
        "satellite": "N20",
        "acq_at": "2026-10-02 12:00:00",
        "frp": "2.39",
        "confidence": "low"
      },
      "geometry": {
        "type": "Point",
        "coordinates": [
          17.08406,
          39.03452
        ]
      }
    },
    {
      "type": "Feature",
      "properties": {
        "source": "viirs_noaa20",
        "satellite": "N20",
        "acq_at": "2026-10-02 12:00:00",
        "frp": "2.39",
        "confidence": "nominal"
      },
      "geometry": {
        "type": "Point",
        "coordinates": [
          17.07952,
          39.03388
        ]
      }
    },
    {
      "type": "Feature",
      "properties": {
        "source": "viirs_noaa20",
        "satellite": "N20",
        "acq_at": "2026-10-02 12:00:00",
        "frp": "7.78",
        "confidence": "nominal"
      },
      "geometry": {
        "type": "Point",
        "coordinates": [
          16.96727,
          39.0351
        ]
      }
    },
    {
      "type": "Feature",
      "properties": {
        "source": "viirs_noaa20",
        "satellite": "N20",
        "acq_at": "2026-10-02 12:00:00",
        "frp": "1.91",
        "confidence": "low"
      },
      "geometry": {
        "type": "Point",
        "coordinates": [
          16.862,
          39.13571
        ]
      }
    },
    {
      "type": "Feature",
      "properties": {
        "source": "viirs_noaa20",
        "satellite": "N20",
        "acq_at": "2026-10-02 12:00:00",
        "frp": "10.85",
        "confidence": "nominal"
      },
      "geometry": {
        "type": "Point",
        "coordinates": [
          17.03298,
          39.26866
        ]
      }
    },
    {
      "type": "Feature",
      "properties": {
        "source": "viirs_noaa20",
        "satellite": "N20",
        "acq_at": "2026-10-02 12:00:00",
        "frp": "10.85",
        "confidence": "low"
      },
      "geometry": {
        "type": "Point",
        "coordinates": [
          17.02842,
          39.26801
        ]
      }
    },
    {
      "type": "Feature",
      "properties": {
        "source": "viirs_noaa20",
        "satellite": "N20",
        "acq_at": "2026-10-02 12:00:00",
        "frp": "7.11",
        "confidence": "low"
      },
      "geometry": {
        "type": "Point",
        "coordinates": [
          17.03672,
          39.27262
        ]
      }
    },
    {
      "type": "Feature",
      "properties": {
        "source": "viirs_noaa20",
        "satellite": "N20",
        "acq_at": "2026-10-02 12:00:00",
        "frp": "10.85",
        "confidence": "nominal"
      },
      "geometry": {
        "type": "Point",
        "coordinates": [
          17.02761,
          39.27134
        ]
      }
    },
    {
      "type": "Feature",
      "properties": {
        "source": "viirs_noaa20",
        "satellite": "N20",
        "acq_at": "2026-10-02 12:00:00",
        "frp": "6.37",
        "confidence": "nominal"
      },
      "geometry": {
        "type": "Point",
        "coordinates": [
          17.03131,
          39.27529
        ]
      }
    },
    {
      "type": "Feature",
      "properties": {
        "source": "viirs_noaa20",
        "satellite": "N20",
        "acq_at": "2026-10-02 12:00:00",
        "frp": "7.61",
        "confidence": "nominal"
      },
      "geometry": {
        "type": "Point",
        "coordinates": [
          16.7936,
          39.50943
        ]
      }
    },
    {
      "type": "Feature",
      "properties": {
        "source": "viirs_noaa20",
        "satellite": "N20",
        "acq_at": "2026-10-02 12:00:00",
        "frp": "3.23",
        "confidence": "nominal"
      },
      "geometry": {
        "type": "Point",
        "coordinates": [
          18.39514,
          40.09568
        ]
      }
    },
    {
      "type": "Feature",
      "properties": {
        "source": "viirs_noaa20",
        "satellite": "N20",
        "acq_at": "2026-10-02 12:00:00",
        "frp": "2.61",
        "confidence": "nominal"
      },
      "geometry": {
        "type": "Point",
        "coordinates": [
          17.85301,
          40.47619
        ]
      }
    },
    {
      "type": "Feature",
      "properties": {
        "source": "viirs_noaa20",
        "satellite": "N20",
        "acq_at": "2026-10-02 12:00:00",
        "frp": "3.38",
        "confidence": "nominal"
      },
      "geometry": {
        "type": "Point",
        "coordinates": [
          17.85567,
          40.47575
        ]
      }
    },
    {
      "type": "Feature",
      "properties": {
        "source": "viirs_noaa20",
        "satellite": "N20",
        "acq_at": "2026-10-02 12:00:00",
        "frp": "1.49",
        "confidence": "low"
      },
      "geometry": {
        "type": "Point",
        "coordinates": [
          17.58278,
          40.60112
        ]
      }
    },
    {
      "type": "Feature",
      "properties": {
        "source": "viirs_noaa20",
        "satellite": "N20",
        "acq_at": "2026-10-02 12:00:00",
        "frp": "5.55",
        "confidence": "nominal"
      },
      "geometry": {
        "type": "Point",
        "coordinates": [
          16.80129,
          40.51592
        ]
      }
    },
    {
      "type": "Feature",
      "properties": {
        "source": "viirs_noaa20",
        "satellite": "N20",
        "acq_at": "2026-10-02 12:00:00",
        "frp": "4.57",
        "confidence": "nominal"
      },
      "geometry": {
        "type": "Point",
        "coordinates": [
          16.79664,
          40.51527
        ]
      }
    },
    {
      "type": "Feature",
      "properties": {
        "source": "viirs_noaa20",
        "satellite": "N20",
        "acq_at": "2026-10-02 12:00:00",
        "frp": "14.88",
        "confidence": "nominal"
      },
      "geometry": {
        "type": "Point",
        "coordinates": [
          16.72218,
          40.59295
        ]
      }
    },
    {
      "type": "Feature",
      "properties": {
        "source": "viirs_noaa20",
        "satellite": "N20",
        "acq_at": "2026-10-02 12:00:00",
        "frp": "4.12",
        "confidence": "nominal"
      },
      "geometry": {
        "type": "Point",
        "coordinates": [
          16.72134,
          40.59628
        ]
      }
    },
    {
      "type": "Feature",
      "properties": {
        "source": "viirs_noaa20",
        "satellite": "N20",
        "acq_at": "2026-10-02 12:00:00",
        "frp": "2.68",
        "confidence": "nominal"
      },
      "geometry": {
        "type": "Point",
        "coordinates": [
          8.98431,
          39.23874
        ]
      }
    },
    {
      "type": "Feature",
      "properties": {
        "source": "viirs_noaa20",
        "satellite": "N20",
        "acq_at": "2026-10-02 12:00:00",
        "frp": "2.3",
        "confidence": "nominal"
      },
      "geometry": {
        "type": "Point",
        "coordinates": [
          8.98291,
          39.24265
        ]
      }
    },
    {
      "type": "Feature",
      "properties": {
        "source": "viirs_noaa20",
        "satellite": "N20",
        "acq_at": "2026-10-02 12:00:00",
        "frp": "4.01",
        "confidence": "low"
      },
      "geometry": {
        "type": "Point",
        "coordinates": [
          16.39229,
          40.69967
        ]
      }
    },
    {
      "type": "Feature",
      "properties": {
        "source": "viirs_noaa20",
        "satellite": "N20",
        "acq_at": "2026-10-02 12:00:00",
        "frp": "3.48",
        "confidence": "nominal"
      },
      "geometry": {
        "type": "Point",
        "coordinates": [
          16.59271,
          40.7384
        ]
      }
    },
    {
      "type": "Feature",
      "properties": {
        "source": "viirs_noaa20",
        "satellite": "N20",
        "acq_at": "2026-10-02 12:00:00",
        "frp": "8.47",
        "confidence": "nominal"
      },
      "geometry": {
        "type": "Point",
        "coordinates": [
          16.5942,
          40.74083
        ]
      }
    },
    {
      "type": "Feature",
      "properties": {
        "source": "viirs_noaa20",
        "satellite": "N20",
        "acq_at": "2026-10-02 12:00:00",
        "frp": "6.68",
        "confidence": "nominal"
      },
      "geometry": {
        "type": "Point",
        "coordinates": [
          15.78913,
          40.6801
        ]
      }
    },
    {
      "type": "Feature",
      "properties": {
        "source": "viirs_noaa20",
        "satellite": "N20",
        "acq_at": "2026-10-02 12:00:00",
        "frp": "3.93",
        "confidence": "nominal"
      },
      "geometry": {
        "type": "Point",
        "coordinates": [
          16.28536,
          40.75556
        ]
      }
    },
    {
      "type": "Feature",
      "properties": {
        "source": "viirs_noaa20",
        "satellite": "N20",
        "acq_at": "2026-10-02 12:00:00",
        "frp": "2.64",
        "confidence": "low"
      },
      "geometry": {
        "type": "Point",
        "coordinates": [
          16.28743,
          40.76613
        ]
      }
    },
    {
      "type": "Feature",
      "properties": {
        "source": "viirs_noaa20",
        "satellite": "N20",
        "acq_at": "2026-10-02 12:00:00",
        "frp": "5.76",
        "confidence": "nominal"
      },
      "geometry": {
        "type": "Point",
        "coordinates": [
          16.28283,
          40.76547
        ]
      }
    },
    {
      "type": "Feature",
      "properties": {
        "source": "viirs_noaa20",
        "satellite": "N20",
        "acq_at": "2026-10-02 12:00:00",
        "frp": "5.14",
        "confidence": "nominal"
      },
      "geometry": {
        "type": "Point",
        "coordinates": [
          16.32025,
          40.78794
        ]
      }
    },
    {
      "type": "Feature",
      "properties": {
        "source": "viirs_noaa20",
        "satellite": "N20",
        "acq_at": "2026-10-02 12:00:00",
        "frp": "9.56",
        "confidence": "nominal"
      },
      "geometry": {
        "type": "Point",
        "coordinates": [
          16.31942,
          40.79125
        ]
      }
    },
    {
      "type": "Feature",
      "properties": {
        "source": "viirs_noaa20",
        "satellite": "N20",
        "acq_at": "2026-10-02 12:00:00",
        "frp": "9.56",
        "confidence": "low"
      },
      "geometry": {
        "type": "Point",
        "coordinates": [
          16.31859,
          40.79456
        ]
      }
    },
    {
      "type": "Feature",
      "properties": {
        "source": "viirs_noaa20",
        "satellite": "N20",
        "acq_at": "2026-10-02 12:00:00",
        "frp": "11.37",
        "confidence": "nominal"
      },
      "geometry": {
        "type": "Point",
        "coordinates": [
          16.31401,
          40.79391
        ]
      }
    },
    {
      "type": "Feature",
      "properties": {
        "source": "viirs_noaa20",
        "satellite": "N20",
        "acq_at": "2026-10-02 12:00:00",
        "frp": "6.06",
        "confidence": "nominal"
      },
      "geometry": {
        "type": "Point",
        "coordinates": [
          16.27987,
          40.82237
        ]
      }
    },
    {
      "type": "Feature",
      "properties": {
        "source": "viirs_noaa20",
        "satellite": "N20",
        "acq_at": "2026-10-02 12:00:00",
        "frp": "21.95",
        "confidence": "nominal"
      },
      "geometry": {
        "type": "Point",
        "coordinates": [
          16.44794,
          40.85641
        ]
      }
    },
    {
      "type": "Feature",
      "properties": {
        "source": "viirs_noaa20",
        "satellite": "N20",
        "acq_at": "2026-10-02 12:00:00",
        "frp": "3.81",
        "confidence": "nominal"
      },
      "geometry": {
        "type": "Point",
        "coordinates": [
          15.87866,
          40.87696
        ]
      }
    },
    {
      "type": "Feature",
      "properties": {
        "source": "viirs_noaa20",
        "satellite": "N20",
        "acq_at": "2026-10-02 12:00:00",
        "frp": "2.45",
        "confidence": "low"
      },
      "geometry": {
        "type": "Point",
        "coordinates": [
          16.12179,
          40.94628
        ]
      }
    },
    {
      "type": "Feature",
      "properties": {
        "source": "viirs_noaa20",
        "satellite": "N20",
        "acq_at": "2026-10-02 12:00:00",
        "frp": "2.56",
        "confidence": "nominal"
      },
      "geometry": {
        "type": "Point",
        "coordinates": [
          15.81851,
          40.90909
        ]
      }
    },
    {
      "type": "Feature",
      "properties": {
        "source": "viirs_noaa20",
        "satellite": "N20",
        "acq_at": "2026-10-02 12:00:00",
        "frp": "2.05",
        "confidence": "nominal"
      },
      "geometry": {
        "type": "Point",
        "coordinates": [
          15.9164,
          40.93363
        ]
      }
    },
    {
      "type": "Feature",
      "properties": {
        "source": "viirs_noaa20",
        "satellite": "N20",
        "acq_at": "2026-10-02 12:00:00",
        "frp": "3.07",
        "confidence": "nominal"
      },
      "geometry": {
        "type": "Point",
        "coordinates": [
          15.68093,
          40.91268
        ]
      }
    },
    {
      "type": "Feature",
      "properties": {
        "source": "viirs_noaa20",
        "satellite": "N20",
        "acq_at": "2026-10-02 12:00:00",
        "frp": "8.33",
        "confidence": "nominal"
      },
      "geometry": {
        "type": "Point",
        "coordinates": [
          15.56635,
          40.9433
        ]
      }
    },
    {
      "type": "Feature",
      "properties": {
        "source": "viirs_noaa20",
        "satellite": "N20",
        "acq_at": "2026-10-02 12:00:00",
        "frp": "2.69",
        "confidence": "nominal"
      },
      "geometry": {
        "type": "Point",
        "coordinates": [
          14.7108,
          40.82643
        ]
      }
    },
    {
      "type": "Feature",
      "properties": {
        "source": "viirs_noaa20",
        "satellite": "N20",
        "acq_at": "2026-10-02 12:00:00",
        "frp": "4.52",
        "confidence": "nominal"
      },
      "geometry": {
        "type": "Point",
        "coordinates": [
          15.93214,
          41.02766
        ]
      }
    },
    {
      "type": "Feature",
      "properties": {
        "source": "viirs_noaa20",
        "satellite": "N20",
        "acq_at": "2026-10-02 12:00:00",
        "frp": "4.01",
        "confidence": "low"
      },
      "geometry": {
        "type": "Point",
        "coordinates": [
          16.18354,
          41.06727
        ]
      }
    },
    {
      "type": "Feature",
      "properties": {
        "source": "viirs_noaa20",
        "satellite": "N20",
        "acq_at": "2026-10-02 12:00:00",
        "frp": "6.76",
        "confidence": "nominal"
      },
      "geometry": {
        "type": "Point",
        "coordinates": [
          16.19335,
          41.08579
        ]
      }
    },
    {
      "type": "Feature",
      "properties": {
        "source": "viirs_noaa20",
        "satellite": "N20",
        "acq_at": "2026-10-02 12:00:00",
        "frp": "7.22",
        "confidence": "nominal"
      },
      "geometry": {
        "type": "Point",
        "coordinates": [
          16.18874,
          41.08513
        ]
      }
    },
    {
      "type": "Feature",
      "properties": {
        "source": "viirs_noaa20",
        "satellite": "N20",
        "acq_at": "2026-10-02 12:00:00",
        "frp": "3.51",
        "confidence": "nominal"
      },
      "geometry": {
        "type": "Point",
        "coordinates": [
          15.9584,
          41.05537
        ]
      }
    },
    {
      "type": "Feature",
      "properties": {
        "source": "viirs_noaa20",
        "satellite": "N20",
        "acq_at": "2026-10-02 12:00:00",
        "frp": "2.15",
        "confidence": "nominal"
      },
      "geometry": {
        "type": "Point",
        "coordinates": [
          15.95198,
          41.14631
        ]
      }
    },
    {
      "type": "Feature",
      "properties": {
        "source": "viirs_noaa20",
        "satellite": "N20",
        "acq_at": "2026-10-02 12:00:00",
        "frp": "26.85",
        "confidence": "nominal"
      },
      "geometry": {
        "type": "Point",
        "coordinates": [
          15.43635,
          41.20324
        ]
      }
    },
    {
      "type": "Feature",
      "properties": {
        "source": "viirs_noaa20",
        "satellite": "N20",
        "acq_at": "2026-10-02 12:00:00",
        "frp": "17.46",
        "confidence": "low"
      },
      "geometry": {
        "type": "Point",
        "coordinates": [
          15.43179,
          41.20255
        ]
      }
    },
    {
      "type": "Feature",
      "properties": {
        "source": "viirs_noaa20",
        "satellite": "N20",
        "acq_at": "2026-10-02 12:00:00",
        "frp": "6.52",
        "confidence": "nominal"
      },
      "geometry": {
        "type": "Point",
        "coordinates": [
          15.43548,
          41.20651
        ]
      }
    },
    {
      "type": "Feature",
      "properties": {
        "source": "viirs_noaa20",
        "satellite": "N20",
        "acq_at": "2026-10-02 12:00:00",
        "frp": "1.54",
        "confidence": "nominal"
      },
      "geometry": {
        "type": "Point",
        "coordinates": [
          14.37764,
          41.06431
        ]
      }
    },
    {
      "type": "Feature",
      "properties": {
        "source": "viirs_noaa20",
        "satellite": "N20",
        "acq_at": "2026-10-02 12:00:00",
        "frp": "3.68",
        "confidence": "low"
      },
      "geometry": {
        "type": "Point",
        "coordinates": [
          14.03178,
          41.01208
        ]
      }
    },
    {
      "type": "Feature",
      "properties": {
        "source": "viirs_noaa20",
        "satellite": "N20",
        "acq_at": "2026-10-02 12:00:00",
        "frp": "3.68",
        "confidence": "low"
      },
      "geometry": {
        "type": "Point",
        "coordinates": [
          14.02723,
          41.01134
        ]
      }
    },
    {
      "type": "Feature",
      "properties": {
        "source": "viirs_noaa20",
        "satellite": "N20",
        "acq_at": "2026-10-02 12:00:00",
        "frp": "3.82",
        "confidence": "nominal"
      },
      "geometry": {
        "type": "Point",
        "coordinates": [
          15.24,
          41.22165
        ]
      }
    },
    {
      "type": "Feature",
      "properties": {
        "source": "viirs_noaa20",
        "satellite": "N20",
        "acq_at": "2026-10-02 12:00:00",
        "frp": "8.26",
        "confidence": "nominal"
      },
      "geometry": {
        "type": "Point",
        "coordinates": [
          14.05335,
          41.07043
        ]
      }
    },
    {
      "type": "Feature",
      "properties": {
        "source": "viirs_noaa20",
        "satellite": "N20",
        "acq_at": "2026-10-02 12:00:00",
        "frp": "2.14",
        "confidence": "low"
      },
      "geometry": {
        "type": "Point",
        "coordinates": [
          13.96489,
          41.08011
        ]
      }
    },
    {
      "type": "Feature",
      "properties": {
        "source": "viirs_noaa20",
        "satellite": "N20",
        "acq_at": "2026-10-02 12:00:00",
        "frp": "8.72",
        "confidence": "nominal"
      },
      "geometry": {
        "type": "Point",
        "coordinates": [
          15.14459,
          41.27869
        ]
      }
    },
    {
      "type": "Feature",
      "properties": {
        "source": "viirs_noaa20",
        "satellite": "N20",
        "acq_at": "2026-10-02 12:00:00",
        "frp": "6.32",
        "confidence": "low"
      },
      "geometry": {
        "type": "Point",
        "coordinates": [
          13.90364,
          41.09419
        ]
      }
    },
    {
      "type": "Feature",
      "properties": {
        "source": "viirs_noaa20",
        "satellite": "N20",
        "acq_at": "2026-10-02 12:00:00",
        "frp": "2.96",
        "confidence": "nominal"
      },
      "geometry": {
        "type": "Point",
        "coordinates": [
          14.74424,
          41.24475
        ]
      }
    },
    {
      "type": "Feature",
      "properties": {
        "source": "viirs_noaa20",
        "satellite": "N20",
        "acq_at": "2026-10-02 12:00:00",
        "frp": "2.49",
        "confidence": "nominal"
      },
      "geometry": {
        "type": "Point",
        "coordinates": [
          15.56129,
          41.37154
        ]
      }
    },
    {
      "type": "Feature",
      "properties": {
        "source": "viirs_noaa20",
        "satellite": "N20",
        "acq_at": "2026-10-02 12:00:00",
        "frp": "1.49",
        "confidence": "nominal"
      },
      "geometry": {
        "type": "Point",
        "coordinates": [
          15.35407,
          41.34768
        ]
      }
    },
    {
      "type": "Feature",
      "properties": {
        "source": "viirs_noaa20",
        "satellite": "N20",
        "acq_at": "2026-10-02 12:00:00",
        "frp": "4.62",
        "confidence": "nominal"
      },
      "geometry": {
        "type": "Point",
        "coordinates": [
          14.01191,
          41.15253
        ]
      }
    },
    {
      "type": "Feature",
      "properties": {
        "source": "viirs_noaa20",
        "satellite": "N20",
        "acq_at": "2026-10-02 12:00:00",
        "frp": "10.66",
        "confidence": "nominal"
      },
      "geometry": {
        "type": "Point",
        "coordinates": [
          15.41815,
          41.37426
        ]
      }
    },
    {
      "type": "Feature",
      "properties": {
        "source": "viirs_noaa20",
        "satellite": "N20",
        "acq_at": "2026-10-02 12:00:00",
        "frp": "2.92",
        "confidence": "low"
      },
      "geometry": {
        "type": "Point",
        "coordinates": [
          8.83066,
          40.21778
        ]
      }
    },
    {
      "type": "Feature",
      "properties": {
        "source": "viirs_noaa20",
        "satellite": "N20",
        "acq_at": "2026-10-02 12:00:00",
        "frp": "3.86",
        "confidence": "low"
      },
      "geometry": {
        "type": "Point",
        "coordinates": [
          8.82419,
          40.21641
        ]
      }
    },
    {
      "type": "Feature",
      "properties": {
        "source": "viirs_noaa20",
        "satellite": "N20",
        "acq_at": "2026-10-02 12:00:00",
        "frp": "9.7",
        "confidence": "nominal"
      },
      "geometry": {
        "type": "Point",
        "coordinates": [
          15.69441,
          41.44566
        ]
      }
    },
    {
      "type": "Feature",
      "properties": {
        "source": "viirs_noaa20",
        "satellite": "N20",
        "acq_at": "2026-10-02 12:00:00",
        "frp": "2.99",
        "confidence": "nominal"
      },
      "geometry": {
        "type": "Point",
        "coordinates": [
          15.08492,
          41.4062
        ]
      }
    },
    {
      "type": "Feature",
      "properties": {
        "source": "viirs_noaa20",
        "satellite": "N20",
        "acq_at": "2026-10-02 12:00:00",
        "frp": "3",
        "confidence": "low"
      },
      "geometry": {
        "type": "Point",
        "coordinates": [
          13.78392,
          41.22152
        ]
      }
    },
    {
      "type": "Feature",
      "properties": {
        "source": "viirs_noaa20",
        "satellite": "N20",
        "acq_at": "2026-10-02 12:00:00",
        "frp": "1.99",
        "confidence": "nominal"
      },
      "geometry": {
        "type": "Point",
        "coordinates": [
          15.46584,
          41.49039
        ]
      }
    },
    {
      "type": "Feature",
      "properties": {
        "source": "viirs_noaa20",
        "satellite": "N20",
        "acq_at": "2026-10-02 12:00:00",
        "frp": "1.99",
        "confidence": "nominal"
      },
      "geometry": {
        "type": "Point",
        "coordinates": [
          15.46126,
          41.48971
        ]
      }
    },
    {
      "type": "Feature",
      "properties": {
        "source": "viirs_noaa20",
        "satellite": "N20",
        "acq_at": "2026-10-02 12:00:00",
        "frp": "3.51",
        "confidence": "nominal"
      },
      "geometry": {
        "type": "Point",
        "coordinates": [
          8.69784,
          40.27988
        ]
      }
    },
    {
      "type": "Feature",
      "properties": {
        "source": "viirs_noaa20",
        "satellite": "N20",
        "acq_at": "2026-10-02 12:00:00",
        "frp": "3.51",
        "confidence": "nominal"
      },
      "geometry": {
        "type": "Point",
        "coordinates": [
          8.69334,
          40.27891
        ]
      }
    },
    {
      "type": "Feature",
      "properties": {
        "source": "viirs_noaa20",
        "satellite": "N20",
        "acq_at": "2026-10-02 12:00:00",
        "frp": "3.37",
        "confidence": "nominal"
      },
      "geometry": {
        "type": "Point",
        "coordinates": [
          8.69188,
          40.28279
        ]
      }
    },
    {
      "type": "Feature",
      "properties": {
        "source": "viirs_noaa20",
        "satellite": "N20",
        "acq_at": "2026-10-02 12:00:00",
        "frp": "1.06",
        "confidence": "nominal"
      },
      "geometry": {
        "type": "Point",
        "coordinates": [
          15.75091,
          41.5868
        ]
      }
    },
    {
      "type": "Feature",
      "properties": {
        "source": "viirs_noaa20",
        "satellite": "N20",
        "acq_at": "2026-10-02 12:00:00",
        "frp": "4.05",
        "confidence": "nominal"
      },
      "geometry": {
        "type": "Point",
        "coordinates": [
          15.23266,
          41.51018
        ]
      }
    },
    {
      "type": "Feature",
      "properties": {
        "source": "viirs_noaa20",
        "satellite": "N20",
        "acq_at": "2026-10-02 12:00:00",
        "frp": "4.05",
        "confidence": "nominal"
      },
      "geometry": {
        "type": "Point",
        "coordinates": [
          15.22809,
          41.50949
        ]
      }
    },
    {
      "type": "Feature",
      "properties": {
        "source": "viirs_noaa20",
        "satellite": "N20",
        "acq_at": "2026-10-02 12:00:00",
        "frp": "3.62",
        "confidence": "nominal"
      },
      "geometry": {
        "type": "Point",
        "coordinates": [
          15.31254,
          41.57315
        ]
      }
    },
    {
      "type": "Feature",
      "properties": {
        "source": "viirs_noaa20",
        "satellite": "N20",
        "acq_at": "2026-10-02 12:00:00",
        "frp": "4.04",
        "confidence": "nominal"
      },
      "geometry": {
        "type": "Point",
        "coordinates": [
          15.31168,
          41.57642
        ]
      }
    },
    {
      "type": "Feature",
      "properties": {
        "source": "viirs_noaa20",
        "satellite": "N20",
        "acq_at": "2026-10-02 12:00:00",
        "frp": "3.6",
        "confidence": "nominal"
      },
      "geometry": {
        "type": "Point",
        "coordinates": [
          14.86944,
          41.63933
        ]
      }
    },
    {
      "type": "Feature",
      "properties": {
        "source": "viirs_noaa20",
        "satellite": "N20",
        "acq_at": "2026-10-02 12:00:00",
        "frp": "2.73",
        "confidence": "nominal"
      },
      "geometry": {
        "type": "Point",
        "coordinates": [
          15.05592,
          41.72898
        ]
      }
    },
    {
      "type": "Feature",
      "properties": {
        "source": "viirs_noaa20",
        "satellite": "N20",
        "acq_at": "2026-10-02 12:00:00",
        "frp": "4.11",
        "confidence": "nominal"
      },
      "geometry": {
        "type": "Point",
        "coordinates": [
          15.15768,
          41.75788
        ]
      }
    },
    {
      "type": "Feature",
      "properties": {
        "source": "viirs_noaa20",
        "satellite": "N20",
        "acq_at": "2026-10-02 12:00:00",
        "frp": "1.31",
        "confidence": "nominal"
      },
      "geometry": {
        "type": "Point",
        "coordinates": [
          15.11692,
          41.8439
        ]
      }
    },
    {
      "type": "Feature",
      "properties": {
        "source": "viirs_noaa20",
        "satellite": "N20",
        "acq_at": "2026-10-02 12:00:00",
        "frp": "2.68",
        "confidence": "nominal"
      },
      "geometry": {
        "type": "Point",
        "coordinates": [
          13.45933,
          41.61668
        ]
      }
    },
    {
      "type": "Feature",
      "properties": {
        "source": "viirs_noaa20",
        "satellite": "N20",
        "acq_at": "2026-10-02 12:00:00",
        "frp": "2.7",
        "confidence": "nominal"
      },
      "geometry": {
        "type": "Point",
        "coordinates": [
          13.4547,
          41.61592
        ]
      }
    },
    {
      "type": "Feature",
      "properties": {
        "source": "viirs_noaa20",
        "satellite": "N20",
        "acq_at": "2026-10-02 12:00:00",
        "frp": "6.18",
        "confidence": "nominal"
      },
      "geometry": {
        "type": "Point",
        "coordinates": [
          13.51434,
          41.67741
        ]
      }
    },
    {
      "type": "Feature",
      "properties": {
        "source": "viirs_noaa20",
        "satellite": "N20",
        "acq_at": "2026-10-02 12:00:00",
        "frp": "6.18",
        "confidence": "nominal"
      },
      "geometry": {
        "type": "Point",
        "coordinates": [
          13.51342,
          41.6807
        ]
      }
    },
    {
      "type": "Feature",
      "properties": {
        "source": "viirs_noaa20",
        "satellite": "N20",
        "acq_at": "2026-10-02 12:00:00",
        "frp": "2.47",
        "confidence": "nominal"
      },
      "geometry": {
        "type": "Point",
        "coordinates": [
          14.7684,
          42.01633
        ]
      }
    },
    {
      "type": "Feature",
      "properties": {
        "source": "viirs_noaa20",
        "satellite": "N20",
        "acq_at": "2026-10-02 12:02:00",
        "frp": "5.05",
        "confidence": "nominal"
      },
      "geometry": {
        "type": "Point",
        "coordinates": [
          18.1513,
          43.15326
        ]
      }
    },
    {
      "type": "Feature",
      "properties": {
        "source": "viirs_noaa20",
        "satellite": "N20",
        "acq_at": "2026-10-02 12:02:00",
        "frp": "4.52",
        "confidence": "low"
      },
      "geometry": {
        "type": "Point",
        "coordinates": [
          17.67608,
          43.11372
        ]
      }
    },
    {
      "type": "Feature",
      "properties": {
        "source": "viirs_noaa20",
        "satellite": "N20",
        "acq_at": "2026-10-02 12:02:00",
        "frp": "2.08",
        "confidence": "nominal"
      },
      "geometry": {
        "type": "Point",
        "coordinates": [
          12.39599,
          42.4071
        ]
      }
    },
    {
      "type": "Feature",
      "properties": {
        "source": "viirs_noaa20",
        "satellite": "N20",
        "acq_at": "2026-10-02 12:02:00",
        "frp": "12.11",
        "confidence": "nominal"
      },
      "geometry": {
        "type": "Point",
        "coordinates": [
          17.39071,
          43.36701
        ]
      }
    },
    {
      "type": "Feature",
      "properties": {
        "source": "viirs_noaa20",
        "satellite": "N20",
        "acq_at": "2026-10-02 12:02:00",
        "frp": "12.11",
        "confidence": "nominal"
      },
      "geometry": {
        "type": "Point",
        "coordinates": [
          17.39003,
          43.37049
        ]
      }
    },
    {
      "type": "Feature",
      "properties": {
        "source": "viirs_noaa20",
        "satellite": "N20",
        "acq_at": "2026-10-02 12:02:00",
        "frp": "12.11",
        "confidence": "nominal"
      },
      "geometry": {
        "type": "Point",
        "coordinates": [
          17.38461,
          43.36982
        ]
      }
    },
    {
      "type": "Feature",
      "properties": {
        "source": "viirs_noaa20",
        "satellite": "N20",
        "acq_at": "2026-10-02 12:02:00",
        "frp": "10.03",
        "confidence": "nominal"
      },
      "geometry": {
        "type": "Point",
        "coordinates": [
          17.60163,
          43.63433
        ]
      }
    },
    {
      "type": "Feature",
      "properties": {
        "source": "viirs_noaa20",
        "satellite": "N20",
        "acq_at": "2026-10-02 12:02:00",
        "frp": "3.27",
        "confidence": "nominal"
      },
      "geometry": {
        "type": "Point",
        "coordinates": [
          17.5948,
          43.64067
        ]
      }
    },
    {
      "type": "Feature",
      "properties": {
        "source": "viirs_noaa20",
        "satellite": "N20",
        "acq_at": "2026-10-02 12:02:00",
        "frp": "1.94",
        "confidence": "nominal"
      },
      "geometry": {
        "type": "Point",
        "coordinates": [
          10.6038,
          43.78955
        ]
      }
    },
    {
      "type": "Feature",
      "properties": {
        "source": "viirs_noaa20",
        "satellite": "N20",
        "acq_at": "2026-10-02 12:02:00",
        "frp": "3.4",
        "confidence": "nominal"
      },
      "geometry": {
        "type": "Point",
        "coordinates": [
          14.917,
          44.56008
        ]
      }
    },
    {
      "type": "Feature",
      "properties": {
        "source": "viirs_noaa20",
        "satellite": "N20",
        "acq_at": "2026-10-02 12:02:00",
        "frp": "2.41",
        "confidence": "nominal"
      },
      "geometry": {
        "type": "Point",
        "coordinates": [
          17.00101,
          44.92373
        ]
      }
    },
    {
      "type": "Feature",
      "properties": {
        "source": "viirs_noaa20",
        "satellite": "N20",
        "acq_at": "2026-10-02 12:02:00",
        "frp": "7.68",
        "confidence": "nominal"
      },
      "geometry": {
        "type": "Point",
        "coordinates": [
          17.94014,
          45.04888
        ]
      }
    },
    {
      "type": "Feature",
      "properties": {
        "source": "viirs_noaa20",
        "satellite": "N20",
        "acq_at": "2026-10-02 12:02:00",
        "frp": "4.73",
        "confidence": "nominal"
      },
      "geometry": {
        "type": "Point",
        "coordinates": [
          16.8094,
          44.95712
        ]
      }
    },
    {
      "type": "Feature",
      "properties": {
        "source": "viirs_noaa20",
        "satellite": "N20",
        "acq_at": "2026-10-02 12:02:00",
        "frp": "4.07",
        "confidence": "nominal"
      },
      "geometry": {
        "type": "Point",
        "coordinates": [
          16.80404,
          44.95645
        ]
      }
    },
    {
      "type": "Feature",
      "properties": {
        "source": "viirs_noaa20",
        "satellite": "N20",
        "acq_at": "2026-10-02 12:02:00",
        "frp": "12.22",
        "confidence": "nominal"
      },
      "geometry": {
        "type": "Point",
        "coordinates": [
          12.0814,
          44.76531
        ]
      }
    },
    {
      "type": "Feature",
      "properties": {
        "source": "viirs_noaa20",
        "satellite": "N20",
        "acq_at": "2026-10-02 12:02:00",
        "frp": "3.92",
        "confidence": "nominal"
      },
      "geometry": {
        "type": "Point",
        "coordinates": [
          12.089,
          44.8593
        ]
      }
    },
    {
      "type": "Feature",
      "properties": {
        "source": "viirs_noaa20",
        "satellite": "N20",
        "acq_at": "2026-10-02 12:02:00",
        "frp": "2.8",
        "confidence": "nominal"
      },
      "geometry": {
        "type": "Point",
        "coordinates": [
          12.0129,
          44.90197
        ]
      }
    },
    {
      "type": "Feature",
      "properties": {
        "source": "viirs_noaa20",
        "satellite": "N20",
        "acq_at": "2026-10-02 12:02:00",
        "frp": "2.8",
        "confidence": "nominal"
      },
      "geometry": {
        "type": "Point",
        "coordinates": [
          12.00801,
          44.90115
        ]
      }
    },
    {
      "type": "Feature",
      "properties": {
        "source": "viirs_noaa20",
        "satellite": "N20",
        "acq_at": "2026-10-02 12:02:00",
        "frp": "1.67",
        "confidence": "nominal"
      },
      "geometry": {
        "type": "Point",
        "coordinates": [
          10.80892,
          44.76341
        ]
      }
    },
    {
      "type": "Feature",
      "properties": {
        "source": "viirs_noaa20",
        "satellite": "N20",
        "acq_at": "2026-10-02 12:02:00",
        "frp": "3.44",
        "confidence": "nominal"
      },
      "geometry": {
        "type": "Point",
        "coordinates": [
          16.25372,
          45.64853
        ]
      }
    },
    {
      "type": "Feature",
      "properties": {
        "source": "viirs_noaa20",
        "satellite": "N20",
        "acq_at": "2026-10-02 12:02:00",
        "frp": "5.2",
        "confidence": "nominal"
      },
      "geometry": {
        "type": "Point",
        "coordinates": [
          16.92917,
          46.08641
        ]
      }
    },
    {
      "type": "Feature",
      "properties": {
        "source": "viirs_noaa20",
        "satellite": "N20",
        "acq_at": "2026-10-02 12:02:00",
        "frp": "3.25",
        "confidence": "nominal"
      },
      "geometry": {
        "type": "Point",
        "coordinates": [
          9.40496,
          45.57934
        ]
      }
    },
    {
      "type": "Feature",
      "properties": {
        "source": "viirs_noaa20",
        "satellite": "N20",
        "acq_at": "2026-10-02 12:02:00",
        "frp": "0.9",
        "confidence": "nominal"
      },
      "geometry": {
        "type": "Point",
        "coordinates": [
          9.19197,
          45.67544
        ]
      }
    },
    {
      "type": "Feature",
      "properties": {
        "source": "viirs_noaa20",
        "satellite": "N20",
        "acq_at": "2026-10-03 00:18:00",
        "frp": "0.96",
        "confidence": "nominal"
      },
      "geometry": {
        "type": "Point",
        "coordinates": [
          17.59058,
          43.64821
        ]
      }
    },
    {
      "type": "Feature",
      "properties": {
        "source": "viirs_noaa20",
        "satellite": "N20",
        "acq_at": "2026-10-03 00:18:00",
        "frp": "2.16",
        "confidence": "nominal"
      },
      "geometry": {
        "type": "Point",
        "coordinates": [
          18.15624,
          43.1545
        ]
      }
    },
    {
      "type": "Feature",
      "properties": {
        "source": "viirs_noaa20",
        "satellite": "N20",
        "acq_at": "2026-10-03 00:18:00",
        "frp": "5.05",
        "confidence": "nominal"
      },
      "geometry": {
        "type": "Point",
        "coordinates": [
          18.87686,
          42.93
        ]
      }
    },
    {
      "type": "Feature",
      "properties": {
        "source": "viirs_noaa20",
        "satellite": "N20",
        "acq_at": "2026-10-03 00:18:00",
        "frp": "6.31",
        "confidence": "nominal"
      },
      "geometry": {
        "type": "Point",
        "coordinates": [
          18.88262,
          42.92949
        ]
      }
    },
    {
      "type": "Feature",
      "properties": {
        "source": "viirs_noaa20",
        "satellite": "N20",
        "acq_at": "2026-10-03 00:18:00",
        "frp": "6.31",
        "confidence": "nominal"
      },
      "geometry": {
        "type": "Point",
        "coordinates": [
          18.88107,
          42.92537
        ]
      }
    },
    {
      "type": "Feature",
      "properties": {
        "source": "viirs_noaa20",
        "satellite": "N20",
        "acq_at": "2026-10-03 00:18:00",
        "frp": "5.05",
        "confidence": "nominal"
      },
      "geometry": {
        "type": "Point",
        "coordinates": [
          18.87542,
          42.92586
        ]
      }
    },
    {
      "type": "Feature",
      "properties": {
        "source": "viirs_noaa20",
        "satellite": "N20",
        "acq_at": "2026-10-03 00:18:00",
        "frp": "4.92",
        "confidence": "nominal"
      },
      "geometry": {
        "type": "Point",
        "coordinates": [
          18.8789,
          42.92527
        ]
      }
    },
    {
      "type": "Feature",
      "properties": {
        "source": "viirs_noaa20",
        "satellite": "N20",
        "acq_at": "2026-10-03 00:18:00",
        "frp": "0.88",
        "confidence": "nominal"
      },
      "geometry": {
        "type": "Point",
        "coordinates": [
          15.26041,
          41.1058
        ]
      }
    },
    {
      "type": "Feature",
      "properties": {
        "source": "viirs_noaa20",
        "satellite": "N20",
        "acq_at": "2026-10-03 00:18:00",
        "frp": "0.66",
        "confidence": "nominal"
      },
      "geometry": {
        "type": "Point",
        "coordinates": [
          15.77364,
          40.81794
        ]
      }
    },
    {
      "type": "Feature",
      "properties": {
        "source": "viirs_noaa20",
        "satellite": "N20",
        "acq_at": "2026-10-03 00:18:00",
        "frp": "0.87",
        "confidence": "nominal"
      },
      "geometry": {
        "type": "Point",
        "coordinates": [
          16.34886,
          40.75129
        ]
      }
    },
    {
      "type": "Feature",
      "properties": {
        "source": "viirs_noaa20",
        "satellite": "N20",
        "acq_at": "2026-10-03 00:18:00",
        "frp": "1.1",
        "confidence": "nominal"
      },
      "geometry": {
        "type": "Point",
        "coordinates": [
          16.2849,
          40.72763
        ]
      }
    },
    {
      "type": "Feature",
      "properties": {
        "source": "viirs_noaa20",
        "satellite": "N20",
        "acq_at": "2026-10-03 00:18:00",
        "frp": "0.98",
        "confidence": "nominal"
      },
      "geometry": {
        "type": "Point",
        "coordinates": [
          17.37684,
          40.57997
        ]
      }
    },
    {
      "type": "Feature",
      "properties": {
        "source": "viirs_noaa20",
        "satellite": "N20",
        "acq_at": "2026-10-03 00:18:00",
        "frp": "1.23",
        "confidence": "nominal"
      },
      "geometry": {
        "type": "Point",
        "coordinates": [
          16.56477,
          40.55844
        ]
      }
    },
    {
      "type": "Feature",
      "properties": {
        "source": "viirs_noaa20",
        "satellite": "N20",
        "acq_at": "2026-10-03 00:18:00",
        "frp": "1.38",
        "confidence": "nominal"
      },
      "geometry": {
        "type": "Point",
        "coordinates": [
          16.56554,
          40.55954
        ]
      }
    },
    {
      "type": "Feature",
      "properties": {
        "source": "viirs_noaa20",
        "satellite": "N20",
        "acq_at": "2026-10-03 00:18:00",
        "frp": "7.86",
        "confidence": "high"
      },
      "geometry": {
        "type": "Point",
        "coordinates": [
          18.51229,
          40.10865
        ]
      }
    },
    {
      "type": "Feature",
      "properties": {
        "source": "viirs_noaa20",
        "satellite": "N20",
        "acq_at": "2026-10-03 00:20:00",
        "frp": "1.42",
        "confidence": "nominal"
      },
      "geometry": {
        "type": "Point",
        "coordinates": [
          17.13964,
          39.19748
        ]
      }
    },
    {
      "type": "Feature",
      "properties": {
        "source": "viirs_noaa20",
        "satellite": "N20",
        "acq_at": "2026-10-03 00:20:00",
        "frp": "3.17",
        "confidence": "nominal"
      },
      "geometry": {
        "type": "Point",
        "coordinates": [
          17.13217,
          39.18473
        ]
      }
    },
    {
      "type": "Feature",
      "properties": {
        "source": "viirs_noaa20",
        "satellite": "N20",
        "acq_at": "2026-10-03 00:20:00",
        "frp": "1.25",
        "confidence": "nominal"
      },
      "geometry": {
        "type": "Point",
        "coordinates": [
          17.05937,
          38.9691
        ]
      }
    },
    {
      "type": "Feature",
      "properties": {
        "source": "viirs_noaa20",
        "satellite": "N20",
        "acq_at": "2026-10-03 00:20:00",
        "frp": "0.76",
        "confidence": "nominal"
      },
      "geometry": {
        "type": "Point",
        "coordinates": [
          16.01904,
          38.70779
        ]
      }
    },
    {
      "type": "Feature",
      "properties": {
        "source": "viirs_noaa20",
        "satellite": "N20",
        "acq_at": "2026-10-03 00:20:00",
        "frp": "2.53",
        "confidence": "nominal"
      },
      "geometry": {
        "type": "Point",
        "coordinates": [
          15.26546,
          38.20573
        ]
      }
    },
    {
      "type": "Feature",
      "properties": {
        "source": "viirs_noaa20",
        "satellite": "N20",
        "acq_at": "2026-10-03 00:20:00",
        "frp": "3.26",
        "confidence": "nominal"
      },
      "geometry": {
        "type": "Point",
        "coordinates": [
          9.2466,
          37.10307
        ]
      }
    },
    {
      "type": "Feature",
      "properties": {
        "source": "viirs_noaa20",
        "satellite": "N20",
        "acq_at": "2026-10-03 00:20:00",
        "frp": "1.22",
        "confidence": "nominal"
      },
      "geometry": {
        "type": "Point",
        "coordinates": [
          9.63786,
          36.92282
        ]
      }
    },
    {
      "type": "Feature",
      "properties": {
        "source": "viirs_noaa20",
        "satellite": "N20",
        "acq_at": "2026-10-03 00:20:00",
        "frp": "1.22",
        "confidence": "nominal"
      },
      "geometry": {
        "type": "Point",
        "coordinates": [
          9.63754,
          36.91634
        ]
      }
    },
    {
      "type": "Feature",
      "properties": {
        "source": "viirs_noaa20",
        "satellite": "N20",
        "acq_at": "2026-10-03 00:20:00",
        "frp": "1.43",
        "confidence": "nominal"
      },
      "geometry": {
        "type": "Point",
        "coordinates": [
          9.63698,
          36.92269
        ]
      }
    },
    {
      "type": "Feature",
      "properties": {
        "source": "viirs_noaa20",
        "satellite": "N20",
        "acq_at": "2026-10-03 00:20:00",
        "frp": "1.43",
        "confidence": "nominal"
      },
      "geometry": {
        "type": "Point",
        "coordinates": [
          9.63668,
          36.9162
        ]
      }
    },
    {
      "type": "Feature",
      "properties": {
        "source": "viirs_noaa20",
        "satellite": "N20",
        "acq_at": "2026-10-03 00:20:00",
        "frp": "1.62",
        "confidence": "nominal"
      },
      "geometry": {
        "type": "Point",
        "coordinates": [
          7.30333,
          36.76607
        ]
      }
    },
    {
      "type": "Feature",
      "properties": {
        "source": "viirs_noaa20",
        "satellite": "N20",
        "acq_at": "2026-10-03 00:20:00",
        "frp": "1.2",
        "confidence": "nominal"
      },
      "geometry": {
        "type": "Point",
        "coordinates": [
          10.0217,
          36.50124
        ]
      }
    },
    {
      "type": "Feature",
      "properties": {
        "source": "viirs_noaa20",
        "satellite": "N20",
        "acq_at": "2026-10-03 00:20:00",
        "frp": "2.56",
        "confidence": "nominal"
      },
      "geometry": {
        "type": "Point",
        "coordinates": [
          8.16749,
          35.40328
        ]
      }
    },
    {
      "type": "Feature",
      "properties": {
        "source": "viirs_noaa20",
        "satellite": "N20",
        "acq_at": "2026-10-03 00:20:00",
        "frp": "1.82",
        "confidence": "nominal"
      },
      "geometry": {
        "type": "Point",
        "coordinates": [
          8.16244,
          35.40385
        ]
      }
    },
    {
      "type": "Feature",
      "properties": {
        "source": "viirs_noaa20",
        "satellite": "N20",
        "acq_at": "2026-10-03 00:20:00",
        "frp": "1.84",
        "confidence": "nominal"
      },
      "geometry": {
        "type": "Point",
        "coordinates": [
          8.17026,
          35.40363
        ]
      }
    },
    {
      "type": "Feature",
      "properties": {
        "source": "viirs_noaa20",
        "satellite": "N20",
        "acq_at": "2026-10-03 00:18:00",
        "frp": "1.11",
        "confidence": "nominal"
      },
      "geometry": {
        "type": "Point",
        "coordinates": [
          18.90235,
          44.92078
        ]
      }
    },
    {
      "type": "Feature",
      "properties": {
        "source": "viirs_noaa20",
        "satellite": "N20",
        "acq_at": "2026-10-03 01:58:00",
        "frp": "0.88",
        "confidence": "nominal"
      },
      "geometry": {
        "type": "Point",
        "coordinates": [
          17.58874,
          43.64877
        ]
      }
    },
    {
      "type": "Feature",
      "properties": {
        "source": "viirs_noaa20",
        "satellite": "N20",
        "acq_at": "2026-10-03 01:58:00",
        "frp": "2.09",
        "confidence": "nominal"
      },
      "geometry": {
        "type": "Point",
        "coordinates": [
          18.8808,
          42.93282
        ]
      }
    },
    {
      "type": "Feature",
      "properties": {
        "source": "viirs_noaa20",
        "satellite": "N20",
        "acq_at": "2026-10-03 01:58:00",
        "frp": "7.15",
        "confidence": "nominal"
      },
      "geometry": {
        "type": "Point",
        "coordinates": [
          18.8798,
          42.92585
        ]
      }
    },
    {
      "type": "Feature",
      "properties": {
        "source": "viirs_noaa20",
        "satellite": "N20",
        "acq_at": "2026-10-03 01:58:00",
        "frp": "3.76",
        "confidence": "nominal"
      },
      "geometry": {
        "type": "Point",
        "coordinates": [
          18.8732,
          42.92807
        ]
      }
    },
    {
      "type": "Feature",
      "properties": {
        "source": "viirs_noaa20",
        "satellite": "N20",
        "acq_at": "2026-10-03 01:58:00",
        "frp": "9.05",
        "confidence": "nominal"
      },
      "geometry": {
        "type": "Point",
        "coordinates": [
          18.87896,
          42.92662
        ]
      }
    },
    {
      "type": "Feature",
      "properties": {
        "source": "viirs_noaa20",
        "satellite": "N20",
        "acq_at": "2026-10-03 01:58:00",
        "frp": "5",
        "confidence": "nominal"
      },
      "geometry": {
        "type": "Point",
        "coordinates": [
          18.88554,
          42.92445
        ]
      }
    },
    {
      "type": "Feature",
      "properties": {
        "source": "viirs_noaa20",
        "satellite": "N20",
        "acq_at": "2026-10-03 01:58:00",
        "frp": "1.29",
        "confidence": "nominal"
      },
      "geometry": {
        "type": "Point",
        "coordinates": [
          8.77838,
          44.44632
        ]
      }
    },
    {
      "type": "Feature",
      "properties": {
        "source": "viirs_noaa20",
        "satellite": "N20",
        "acq_at": "2026-10-03 01:58:00",
        "frp": "1.29",
        "confidence": "nominal"
      },
      "geometry": {
        "type": "Point",
        "coordinates": [
          8.78303,
          44.44526
        ]
      }
    },
    {
      "type": "Feature",
      "properties": {
        "source": "viirs_noaa20",
        "satellite": "N20",
        "acq_at": "2026-10-03 01:58:00",
        "frp": "1.99",
        "confidence": "nominal"
      },
      "geometry": {
        "type": "Point",
        "coordinates": [
          8.78062,
          44.44411
        ]
      }
    },
    {
      "type": "Feature",
      "properties": {
        "source": "viirs_noaa20",
        "satellite": "N20",
        "acq_at": "2026-10-03 01:58:00",
        "frp": "0.89",
        "confidence": "nominal"
      },
      "geometry": {
        "type": "Point",
        "coordinates": [
          12.54631,
          43.36553
        ]
      }
    },
    {
      "type": "Feature",
      "properties": {
        "source": "viirs_noaa20",
        "satellite": "N20",
        "acq_at": "2026-10-03 01:58:00",
        "frp": "1.52",
        "confidence": "nominal"
      },
      "geometry": {
        "type": "Point",
        "coordinates": [
          16.34502,
          40.75581
        ]
      }
    },
    {
      "type": "Feature",
      "properties": {
        "source": "viirs_noaa20",
        "satellite": "N20",
        "acq_at": "2026-10-03 01:58:00",
        "frp": "0.97",
        "confidence": "nominal"
      },
      "geometry": {
        "type": "Point",
        "coordinates": [
          16.34993,
          40.75427
        ]
      }
    },
    {
      "type": "Feature",
      "properties": {
        "source": "viirs_noaa20",
        "satellite": "N20",
        "acq_at": "2026-10-03 01:58:00",
        "frp": "1.29",
        "confidence": "nominal"
      },
      "geometry": {
        "type": "Point",
        "coordinates": [
          16.56232,
          40.55869
        ]
      }
    },
    {
      "type": "Feature",
      "properties": {
        "source": "viirs_noaa20",
        "satellite": "N20",
        "acq_at": "2026-10-03 01:58:00",
        "frp": "1.48",
        "confidence": "nominal"
      },
      "geometry": {
        "type": "Point",
        "coordinates": [
          16.61008,
          40.23514
        ]
      }
    },
    {
      "type": "Feature",
      "properties": {
        "source": "viirs_noaa20",
        "satellite": "N20",
        "acq_at": "2026-10-03 02:00:00",
        "frp": "1.33",
        "confidence": "nominal"
      },
      "geometry": {
        "type": "Point",
        "coordinates": [
          17.13112,
          39.18542
        ]
      }
    },
    {
      "type": "Feature",
      "properties": {
        "source": "viirs_noaa20",
        "satellite": "N20",
        "acq_at": "2026-10-03 02:00:00",
        "frp": "0.6",
        "confidence": "nominal"
      },
      "geometry": {
        "type": "Point",
        "coordinates": [
          8.91632,
          39.27779
        ]
      }
    },
    {
      "type": "Feature",
      "properties": {
        "source": "viirs_noaa20",
        "satellite": "N20",
        "acq_at": "2026-10-03 02:00:00",
        "frp": "0.68",
        "confidence": "nominal"
      },
      "geometry": {
        "type": "Point",
        "coordinates": [
          9.64571,
          36.92025
        ]
      }
    },
    {
      "type": "Feature",
      "properties": {
        "source": "viirs_noaa20",
        "satellite": "N20",
        "acq_at": "2026-10-03 02:00:00",
        "frp": "0.68",
        "confidence": "nominal"
      },
      "geometry": {
        "type": "Point",
        "coordinates": [
          9.64041,
          36.91627
        ]
      }
    },
    {
      "type": "Feature",
      "properties": {
        "source": "viirs_noaa20",
        "satellite": "N20",
        "acq_at": "2026-10-03 02:00:00",
        "frp": "0.68",
        "confidence": "nominal"
      },
      "geometry": {
        "type": "Point",
        "coordinates": [
          9.64385,
          36.91541
        ]
      }
    },
    {
      "type": "Feature",
      "properties": {
        "source": "viirs_noaa20",
        "satellite": "N20",
        "acq_at": "2026-10-03 02:00:00",
        "frp": "0.68",
        "confidence": "nominal"
      },
      "geometry": {
        "type": "Point",
        "coordinates": [
          8.46497,
          36.48105
        ]
      }
    },
    {
      "type": "Feature",
      "properties": {
        "source": "viirs_noaa20",
        "satellite": "N20",
        "acq_at": "2026-10-03 02:00:00",
        "frp": "0.76",
        "confidence": "nominal"
      },
      "geometry": {
        "type": "Point",
        "coordinates": [
          8.46574,
          36.48004
        ]
      }
    },
    {
      "type": "Feature",
      "properties": {
        "source": "modis",
        "satellite": "A",
        "acq_at": "2026-10-02 13:23:00",
        "frp": "29.06",
        "confidence": "64"
      },
      "geometry": {
        "type": "Point",
        "coordinates": [
          17.00976,
          39.26146
        ]
      }
    },
    {
      "type": "Feature",
      "properties": {
        "source": "modis",
        "satellite": "A",
        "acq_at": "2026-10-02 13:23:00",
        "frp": "54.47",
        "confidence": "60"
      },
      "geometry": {
        "type": "Point",
        "coordinates": [
          18.28106,
          40.37259
        ]
      }
    },
    {
      "type": "Feature",
      "properties": {
        "source": "modis",
        "satellite": "A",
        "acq_at": "2026-10-02 13:23:00",
        "frp": "36.16",
        "confidence": "70"
      },
      "geometry": {
        "type": "Point",
        "coordinates": [
          16.30882,
          40.78617
        ]
      }
    },
    {
      "type": "Feature",
      "properties": {
        "source": "modis",
        "satellite": "A",
        "acq_at": "2026-10-02 13:25:00",
        "frp": "7.32",
        "confidence": "37"
      },
      "geometry": {
        "type": "Point",
        "coordinates": [
          18.93431,
          47.13781
        ]
      }
    },
    {
      "type": "Feature",
      "properties": {
        "source": "modis",
        "satellite": "A",
        "acq_at": "2026-10-02 14:59:00",
        "frp": "18.31",
        "confidence": "78"
      },
      "geometry": {
        "type": "Point",
        "coordinates": [
          6.45289,
          36.40604
        ]
      }
    },
    {
      "type": "Feature",
      "properties": {
        "source": "modis",
        "satellite": "A",
        "acq_at": "2026-10-02 14:59:00",
        "frp": "10.33",
        "confidence": "68"
      },
      "geometry": {
        "type": "Point",
        "coordinates": [
          6.44156,
          36.40451
        ]
      }
    },
    {
      "type": "Feature",
      "properties": {
        "source": "modis",
        "satellite": "A",
        "acq_at": "2026-10-02 14:59:00",
        "frp": "13.13",
        "confidence": "66"
      },
      "geometry": {
        "type": "Point",
        "coordinates": [
          9.55068,
          36.98589
        ]
      }
    },
    {
      "type": "Feature",
      "properties": {
        "source": "modis",
        "satellite": "A",
        "acq_at": "2026-10-02 14:59:00",
        "frp": "7.24",
        "confidence": "52"
      },
      "geometry": {
        "type": "Point",
        "coordinates": [
          9.53501,
          36.98419
        ]
      }
    },
    {
      "type": "Feature",
      "properties": {
        "source": "modis",
        "satellite": "A",
        "acq_at": "2026-10-02 14:59:00",
        "frp": "24.75",
        "confidence": "77"
      },
      "geometry": {
        "type": "Point",
        "coordinates": [
          9.25239,
          37.09463
        ]
      }
    },
    {
      "type": "Feature",
      "properties": {
        "source": "modis",
        "satellite": "A",
        "acq_at": "2026-10-02 14:59:00",
        "frp": "7.55",
        "confidence": "49"
      },
      "geometry": {
        "type": "Point",
        "coordinates": [
          10.05432,
          37.20057
        ]
      }
    },
    {
      "type": "Feature",
      "properties": {
        "source": "modis",
        "satellite": "A",
        "acq_at": "2026-10-02 14:59:00",
        "frp": "8.22",
        "confidence": "42"
      },
      "geometry": {
        "type": "Point",
        "coordinates": [
          10.03774,
          37.19887
        ]
      }
    },
    {
      "type": "Feature",
      "properties": {
        "source": "modis",
        "satellite": "A",
        "acq_at": "2026-10-02 14:59:00",
        "frp": "10.1",
        "confidence": "43"
      },
      "geometry": {
        "type": "Point",
        "coordinates": [
          9.52131,
          37.23691
        ]
      }
    },
    {
      "type": "Feature",
      "properties": {
        "source": "modis",
        "satellite": "A",
        "acq_at": "2026-10-02 14:59:00",
        "frp": "117.11",
        "confidence": "97"
      },
      "geometry": {
        "type": "Point",
        "coordinates": [
          9.51997,
          37.24736
        ]
      }
    },
    {
      "type": "Feature",
      "properties": {
        "source": "modis",
        "satellite": "A",
        "acq_at": "2026-10-02 14:59:00",
        "frp": "16.63",
        "confidence": "64"
      },
      "geometry": {
        "type": "Point",
        "coordinates": [
          9.50462,
          37.24572
        ]
      }
    },
    {
      "type": "Feature",
      "properties": {
        "source": "modis",
        "satellite": "A",
        "acq_at": "2026-10-02 14:59:00",
        "frp": "17.24",
        "confidence": "65"
      },
      "geometry": {
        "type": "Point",
        "coordinates": [
          13.17663,
          37.85526
        ]
      }
    },
    {
      "type": "Feature",
      "properties": {
        "source": "modis",
        "satellite": "A",
        "acq_at": "2026-10-02 14:59:00",
        "frp": "17.75",
        "confidence": "62"
      },
      "geometry": {
        "type": "Point",
        "coordinates": [
          12.87521,
          37.85847
        ]
      }
    },
    {
      "type": "Feature",
      "properties": {
        "source": "modis",
        "satellite": "A",
        "acq_at": "2026-10-02 14:59:00",
        "frp": "7.73",
        "confidence": "59"
      },
      "geometry": {
        "type": "Point",
        "coordinates": [
          8.72024,
          39.55147
        ]
      }
    },
    {
      "type": "Feature",
      "properties": {
        "source": "modis",
        "satellite": "A",
        "acq_at": "2026-10-02 14:59:00",
        "frp": "17",
        "confidence": "72"
      },
      "geometry": {
        "type": "Point",
        "coordinates": [
          8.70428,
          39.54974
        ]
      }
    },
    {
      "type": "Feature",
      "properties": {
        "source": "modis",
        "satellite": "T",
        "acq_at": "2026-10-02 19:15:00",
        "frp": "22.78",
        "confidence": "86"
      },
      "geometry": {
        "type": "Point",
        "coordinates": [
          9.11511,
          36.91371
        ]
      }
    },
    {
      "type": "Feature",
      "properties": {
        "source": "modis",
        "satellite": "T",
        "acq_at": "2026-10-02 19:15:00",
        "frp": "14.53",
        "confidence": "67"
      },
      "geometry": {
        "type": "Point",
        "coordinates": [
          9.25435,
          37.10165
        ]
      }
    },
    {
      "type": "Feature",
      "properties": {
        "source": "modis",
        "satellite": "T",
        "acq_at": "2026-10-02 19:15:00",
        "frp": "17.27",
        "confidence": "76"
      },
      "geometry": {
        "type": "Point",
        "coordinates": [
          9.24736,
          37.1033
        ]
      }
    },
    {
      "type": "Feature",
      "properties": {
        "source": "modis",
        "satellite": "T",
        "acq_at": "2026-10-02 19:15:00",
        "frp": "11.92",
        "confidence": "66"
      },
      "geometry": {
        "type": "Point",
        "coordinates": [
          8.9149,
          39.27602
        ]
      }
    },
    {
      "type": "Feature",
      "properties": {
        "source": "modis",
        "satellite": "T",
        "acq_at": "2026-10-02 19:15:00",
        "frp": "21.06",
        "confidence": "72"
      },
      "geometry": {
        "type": "Point",
        "coordinates": [
          18.8743,
          42.92963
        ]
      }
    },
    {
      "type": "Feature",
      "properties": {
        "source": "modis",
        "satellite": "A",
        "acq_at": "2026-10-03 02:56:00",
        "frp": "21.43",
        "confidence": "98"
      },
      "geometry": {
        "type": "Point",
        "coordinates": [
          18.88342,
          42.9263
        ]
      }
    },
    {
      "type": "Feature",
      "properties": {
        "source": "modis",
        "satellite": "T",
        "acq_at": "2026-10-03 08:50:00",
        "frp": "27.41",
        "confidence": "65"
      },
      "geometry": {
        "type": "Point",
        "coordinates": [
          15.37008,
          41.72179
        ]
      }
    },
    {
      "type": "Feature",
      "properties": {
        "source": "modis",
        "satellite": "T",
        "acq_at": "2026-10-03 08:50:00",
        "frp": "24.82",
        "confidence": "62"
      },
      "geometry": {
        "type": "Point",
        "coordinates": [
          15.36516,
          41.7232
        ]
      }
    },
    {
      "type": "Feature",
      "properties": {
        "source": "modis",
        "satellite": "T",
        "acq_at": "2026-10-03 08:50:00",
        "frp": "13.83",
        "confidence": "66"
      },
      "geometry": {
        "type": "Point",
        "coordinates": [
          8.99785,
          40.24597
        ]
      }
    },
    {
      "type": "Feature",
      "properties": {
        "source": "modis",
        "satellite": "T",
        "acq_at": "2026-10-03 08:50:00",
        "frp": "11.72",
        "confidence": "57"
      },
      "geometry": {
        "type": "Point",
        "coordinates": [
          9.01503,
          40.24268
        ]
      }
    },
    {
      "type": "Feature",
      "properties": {
        "source": "modis",
        "satellite": "T",
        "acq_at": "2026-10-03 08:52:00",
        "frp": "39.8",
        "confidence": "78"
      },
      "geometry": {
        "type": "Point",
        "coordinates": [
          9.45818,
          36.83476
        ]
      }
    },
    {
      "type": "Feature",
      "properties": {
        "source": "modis",
        "satellite": "T",
        "acq_at": "2026-10-03 08:52:00",
        "frp": "25.66",
        "confidence": "71"
      },
      "geometry": {
        "type": "Point",
        "coordinates": [
          9.4792,
          36.83045
        ]
      }
    },
    {
      "type": "Feature",
      "properties": {
        "source": "modis",
        "satellite": "T",
        "acq_at": "2026-10-03 08:50:00",
        "frp": "13.05",
        "confidence": "69"
      },
      "geometry": {
        "type": "Point",
        "coordinates": [
          11.39658,
          45.7204
        ]
      }
    },
    {
      "type": "Feature",
      "properties": {
        "source": "modis",
        "satellite": "T",
        "acq_at": "2026-10-03 08:50:00",
        "frp": "8.3",
        "confidence": "55"
      },
      "geometry": {
        "type": "Point",
        "coordinates": [
          11.22736,
          45.18716
        ]
      }
    },
    {
      "type": "Feature",
      "properties": {
        "source": "modis",
        "satellite": "T",
        "acq_at": "2026-10-03 08:50:00",
        "frp": "7.96",
        "confidence": "54"
      },
      "geometry": {
        "type": "Point",
        "coordinates": [
          11.24604,
          45.18347
        ]
      }
    },
    {
      "type": "Feature",
      "properties": {
        "source": "modis",
        "satellite": "T",
        "acq_at": "2026-10-03 08:50:00",
        "frp": "14.09",
        "confidence": "54"
      },
      "geometry": {
        "type": "Point",
        "coordinates": [
          11.47542,
          45.09198
        ]
      }
    },
    {
      "type": "Feature",
      "properties": {
        "source": "modis",
        "satellite": "T",
        "acq_at": "2026-10-03 08:50:00",
        "frp": "16.5",
        "confidence": "66"
      },
      "geometry": {
        "type": "Point",
        "coordinates": [
          11.49465,
          45.08809
        ]
      }
    },
    {
      "type": "Feature",
      "properties": {
        "source": "modis",
        "satellite": "T",
        "acq_at": "2026-10-03 08:50:00",
        "frp": "25.95",
        "confidence": "77"
      },
      "geometry": {
        "type": "Point",
        "coordinates": [
          11.47116,
          45.08136
        ]
      }
    },
    {
      "type": "Feature",
      "properties": {
        "source": "modis",
        "satellite": "T",
        "acq_at": "2026-10-03 08:50:00",
        "frp": "9.73",
        "confidence": "61"
      },
      "geometry": {
        "type": "Point",
        "coordinates": [
          11.39685,
          44.51735
        ]
      }
    },
    {
      "type": "Feature",
      "properties": {
        "source": "modis",
        "satellite": "T",
        "acq_at": "2026-10-03 08:50:00",
        "frp": "21.45",
        "confidence": "75"
      },
      "geometry": {
        "type": "Point",
        "coordinates": [
          11.39104,
          44.5167
        ]
      }
    },
    {
      "type": "Feature",
      "properties": {
        "source": "modis",
        "satellite": "T",
        "acq_at": "2026-10-03 08:50:00",
        "frp": "9.1",
        "confidence": "63"
      },
      "geometry": {
        "type": "Point",
        "coordinates": [
          11.41054,
          44.51281
        ]
      }
    },
    {
      "type": "Feature",
      "properties": {
        "source": "modis",
        "satellite": "T",
        "acq_at": "2026-10-03 08:50:00",
        "frp": "10.34",
        "confidence": "65"
      },
      "geometry": {
        "type": "Point",
        "coordinates": [
          10.53219,
          43.83029
        ]
      }
    },
    {
      "type": "Feature",
      "properties": {
        "source": "modis",
        "satellite": "T",
        "acq_at": "2026-10-03 08:50:00",
        "frp": "6.27",
        "confidence": "50"
      },
      "geometry": {
        "type": "Point",
        "coordinates": [
          10.52445,
          43.82739
        ]
      }
    },
    {
      "type": "Feature",
      "properties": {
        "source": "viirs_snpp",
        "satellite": "N",
        "acq_at": "2026-10-03 11:21:00",
        "frp": "2.19",
        "confidence": "nominal"
      },
      "geometry": {
        "type": "Point",
        "coordinates": [
          14.73558,
          37.42836
        ]
      }
    },
    {
      "type": "Feature",
      "properties": {
        "source": "viirs_snpp",
        "satellite": "N",
        "acq_at": "2026-10-03 11:21:00",
        "frp": "2.25",
        "confidence": "nominal"
      },
      "geometry": {
        "type": "Point",
        "coordinates": [
          13.90949,
          37.31682
        ]
      }
    },
    {
      "type": "Feature",
      "properties": {
        "source": "viirs_snpp",
        "satellite": "N",
        "acq_at": "2026-10-03 11:21:00",
        "frp": "3.74",
        "confidence": "nominal"
      },
      "geometry": {
        "type": "Point",
        "coordinates": [
          14.50393,
          37.54918
        ]
      }
    },
    {
      "type": "Feature",
      "properties": {
        "source": "viirs_snpp",
        "satellite": "N",
        "acq_at": "2026-10-03 11:21:00",
        "frp": "3.74",
        "confidence": "nominal"
      },
      "geometry": {
        "type": "Point",
        "coordinates": [
          14.49954,
          37.54799
        ]
      }
    },
    {
      "type": "Feature",
      "properties": {
        "source": "viirs_snpp",
        "satellite": "N",
        "acq_at": "2026-10-03 11:21:00",
        "frp": "7.19",
        "confidence": "nominal"
      },
      "geometry": {
        "type": "Point",
        "coordinates": [
          14.50201,
          37.54604
        ]
      }
    },
    {
      "type": "Feature",
      "properties": {
        "source": "viirs_snpp",
        "satellite": "N",
        "acq_at": "2026-10-03 11:21:00",
        "frp": "7.96",
        "confidence": "high"
      },
      "geometry": {
        "type": "Point",
        "coordinates": [
          13.89692,
          37.4825
        ]
      }
    },
    {
      "type": "Feature",
      "properties": {
        "source": "viirs_snpp",
        "satellite": "N",
        "acq_at": "2026-10-03 11:21:00",
        "frp": "7.28",
        "confidence": "nominal"
      },
      "geometry": {
        "type": "Point",
        "coordinates": [
          13.89869,
          37.48187
        ]
      }
    },
    {
      "type": "Feature",
      "properties": {
        "source": "viirs_snpp",
        "satellite": "N",
        "acq_at": "2026-10-03 11:21:00",
        "frp": "3.35",
        "confidence": "low"
      },
      "geometry": {
        "type": "Point",
        "coordinates": [
          13.87527,
          37.55679
        ]
      }
    },
    {
      "type": "Feature",
      "properties": {
        "source": "viirs_snpp",
        "satellite": "N",
        "acq_at": "2026-10-03 11:21:00",
        "frp": "5.23",
        "confidence": "nominal"
      },
      "geometry": {
        "type": "Point",
        "coordinates": [
          13.92512,
          37.60195
        ]
      }
    },
    {
      "type": "Feature",
      "properties": {
        "source": "viirs_snpp",
        "satellite": "N",
        "acq_at": "2026-10-03 11:21:00",
        "frp": "2.53",
        "confidence": "nominal"
      },
      "geometry": {
        "type": "Point",
        "coordinates": [
          13.76506,
          37.55022
        ]
      }
    },
    {
      "type": "Feature",
      "properties": {
        "source": "viirs_snpp",
        "satellite": "N",
        "acq_at": "2026-10-03 11:21:00",
        "frp": "5.95",
        "confidence": "nominal"
      },
      "geometry": {
        "type": "Point",
        "coordinates": [
          13.92446,
          37.602
        ]
      }
    },
    {
      "type": "Feature",
      "properties": {
        "source": "viirs_snpp",
        "satellite": "N",
        "acq_at": "2026-10-03 11:21:00",
        "frp": "6.04",
        "confidence": "nominal"
      },
      "geometry": {
        "type": "Point",
        "coordinates": [
          13.08225,
          37.77417
        ]
      }
    },
    {
      "type": "Feature",
      "properties": {
        "source": "viirs_snpp",
        "satellite": "N",
        "acq_at": "2026-10-03 11:21:00",
        "frp": "5.39",
        "confidence": "nominal"
      },
      "geometry": {
        "type": "Point",
        "coordinates": [
          13.05123,
          37.79774
        ]
      }
    },
    {
      "type": "Feature",
      "properties": {
        "source": "viirs_snpp",
        "satellite": "N",
        "acq_at": "2026-10-03 11:21:00",
        "frp": "7.47",
        "confidence": "high"
      },
      "geometry": {
        "type": "Point",
        "coordinates": [
          13.09244,
          37.81602
        ]
      }
    },
    {
      "type": "Feature",
      "properties": {
        "source": "viirs_snpp",
        "satellite": "N",
        "acq_at": "2026-10-03 11:21:00",
        "frp": "5.39",
        "confidence": "nominal"
      },
      "geometry": {
        "type": "Point",
        "coordinates": [
          13.04895,
          37.80358
        ]
      }
    },
    {
      "type": "Feature",
      "properties": {
        "source": "viirs_snpp",
        "satellite": "N",
        "acq_at": "2026-10-03 11:21:00",
        "frp": "5.61",
        "confidence": "nominal"
      },
      "geometry": {
        "type": "Point",
        "coordinates": [
          16.43996,
          38.72446
        ]
      }
    },
    {
      "type": "Feature",
      "properties": {
        "source": "viirs_snpp",
        "satellite": "N",
        "acq_at": "2026-10-03 11:21:00",
        "frp": "5.71",
        "confidence": "nominal"
      },
      "geometry": {
        "type": "Point",
        "coordinates": [
          12.98287,
          37.79767
        ]
      }
    },
    {
      "type": "Feature",
      "properties": {
        "source": "viirs_snpp",
        "satellite": "N",
        "acq_at": "2026-10-03 11:21:00",
        "frp": "4.21",
        "confidence": "nominal"
      },
      "geometry": {
        "type": "Point",
        "coordinates": [
          16.441,
          38.72559
        ]
      }
    },
    {
      "type": "Feature",
      "properties": {
        "source": "viirs_snpp",
        "satellite": "N",
        "acq_at": "2026-10-03 11:21:00",
        "frp": "5.21",
        "confidence": "nominal"
      },
      "geometry": {
        "type": "Point",
        "coordinates": [
          13.05056,
          37.79999
        ]
      }
    },
    {
      "type": "Feature",
      "properties": {
        "source": "viirs_snpp",
        "satellite": "N",
        "acq_at": "2026-10-03 11:21:00",
        "frp": "5.21",
        "confidence": "nominal"
      },
      "geometry": {
        "type": "Point",
        "coordinates": [
          13.04608,
          37.79868
        ]
      }
    },
    {
      "type": "Feature",
      "properties": {
        "source": "viirs_snpp",
        "satellite": "N",
        "acq_at": "2026-10-03 11:21:00",
        "frp": "6.49",
        "confidence": "high"
      },
      "geometry": {
        "type": "Point",
        "coordinates": [
          13.09114,
          37.81836
        ]
      }
    },
    {
      "type": "Feature",
      "properties": {
        "source": "viirs_snpp",
        "satellite": "N",
        "acq_at": "2026-10-03 11:21:00",
        "frp": "4.4",
        "confidence": "nominal"
      },
      "geometry": {
        "type": "Point",
        "coordinates": [
          12.98242,
          37.79961
        ]
      }
    },
    {
      "type": "Feature",
      "properties": {
        "source": "viirs_snpp",
        "satellite": "N",
        "acq_at": "2026-10-03 11:21:00",
        "frp": "1.51",
        "confidence": "nominal"
      },
      "geometry": {
        "type": "Point",
        "coordinates": [
          16.01941,
          38.6708
        ]
      }
    },
    {
      "type": "Feature",
      "properties": {
        "source": "viirs_snpp",
        "satellite": "N",
        "acq_at": "2026-10-03 11:21:00",
        "frp": "3.72",
        "confidence": "nominal"
      },
      "geometry": {
        "type": "Point",
        "coordinates": [
          13.42673,
          37.97302
        ]
      }
    },
    {
      "type": "Feature",
      "properties": {
        "source": "viirs_snpp",
        "satellite": "N",
        "acq_at": "2026-10-03 11:21:00",
        "frp": "6.76",
        "confidence": "high"
      },
      "geometry": {
        "type": "Point",
        "coordinates": [
          16.01899,
          38.70326
        ]
      }
    },
    {
      "type": "Feature",
      "properties": {
        "source": "viirs_snpp",
        "satellite": "N",
        "acq_at": "2026-10-03 11:21:00",
        "frp": "6.76",
        "confidence": "nominal"
      },
      "geometry": {
        "type": "Point",
        "coordinates": [
          16.01543,
          38.70234
        ]
      }
    },
    {
      "type": "Feature",
      "properties": {
        "source": "viirs_snpp",
        "satellite": "N",
        "acq_at": "2026-10-03 11:21:00",
        "frp": "8.72",
        "confidence": "nominal"
      },
      "geometry": {
        "type": "Point",
        "coordinates": [
          17.00026,
          38.95951
        ]
      }
    },
    {
      "type": "Feature",
      "properties": {
        "source": "viirs_snpp",
        "satellite": "N",
        "acq_at": "2026-10-03 11:21:00",
        "frp": "5.86",
        "confidence": "nominal"
      },
      "geometry": {
        "type": "Point",
        "coordinates": [
          16.99653,
          38.9688
        ]
      }
    },
    {
      "type": "Feature",
      "properties": {
        "source": "viirs_snpp",
        "satellite": "N",
        "acq_at": "2026-10-03 11:21:00",
        "frp": "29.77",
        "confidence": "nominal"
      },
      "geometry": {
        "type": "Point",
        "coordinates": [
          16.6173,
          38.89625
        ]
      }
    },
    {
      "type": "Feature",
      "properties": {
        "source": "viirs_snpp",
        "satellite": "N",
        "acq_at": "2026-10-03 11:21:00",
        "frp": "29.77",
        "confidence": "nominal"
      },
      "geometry": {
        "type": "Point",
        "coordinates": [
          16.61084,
          38.89465
        ]
      }
    },
    {
      "type": "Feature",
      "properties": {
        "source": "viirs_snpp",
        "satellite": "N",
        "acq_at": "2026-10-03 11:21:00",
        "frp": "5.82",
        "confidence": "nominal"
      },
      "geometry": {
        "type": "Point",
        "coordinates": [
          16.99531,
          38.96741
        ]
      }
    },
    {
      "type": "Feature",
      "properties": {
        "source": "viirs_snpp",
        "satellite": "N",
        "acq_at": "2026-10-03 11:21:00",
        "frp": "30.62",
        "confidence": "nominal"
      },
      "geometry": {
        "type": "Point",
        "coordinates": [
          16.61566,
          38.89747
        ]
      }
    },
    {
      "type": "Feature",
      "properties": {
        "source": "viirs_snpp",
        "satellite": "N",
        "acq_at": "2026-10-03 11:21:00",
        "frp": "4.11",
        "confidence": "nominal"
      },
      "geometry": {
        "type": "Point",
        "coordinates": [
          17.10782,
          39.13815
        ]
      }
    },
    {
      "type": "Feature",
      "properties": {
        "source": "viirs_snpp",
        "satellite": "N",
        "acq_at": "2026-10-03 11:21:00",
        "frp": "4.85",
        "confidence": "nominal"
      },
      "geometry": {
        "type": "Point",
        "coordinates": [
          17.11233,
          39.14432
        ]
      }
    },
    {
      "type": "Feature",
      "properties": {
        "source": "viirs_snpp",
        "satellite": "N",
        "acq_at": "2026-10-03 11:21:00",
        "frp": "9.88",
        "confidence": "nominal"
      },
      "geometry": {
        "type": "Point",
        "coordinates": [
          12.49128,
          37.90709
        ]
      }
    },
    {
      "type": "Feature",
      "properties": {
        "source": "viirs_snpp",
        "satellite": "N",
        "acq_at": "2026-10-03 11:21:00",
        "frp": "8.21",
        "confidence": "nominal"
      },
      "geometry": {
        "type": "Point",
        "coordinates": [
          16.92967,
          39.41898
        ]
      }
    },
    {
      "type": "Feature",
      "properties": {
        "source": "viirs_snpp",
        "satellite": "N",
        "acq_at": "2026-10-03 11:21:00",
        "frp": "3.92",
        "confidence": "nominal"
      },
      "geometry": {
        "type": "Point",
        "coordinates": [
          16.92358,
          39.4175
        ]
      }
    },
    {
      "type": "Feature",
      "properties": {
        "source": "viirs_snpp",
        "satellite": "N",
        "acq_at": "2026-10-03 11:21:00",
        "frp": "4.87",
        "confidence": "nominal"
      },
      "geometry": {
        "type": "Point",
        "coordinates": [
          16.9299,
          39.41882
        ]
      }
    },
    {
      "type": "Feature",
      "properties": {
        "source": "viirs_snpp",
        "satellite": "N",
        "acq_at": "2026-10-03 11:21:00",
        "frp": "4.87",
        "confidence": "nominal"
      },
      "geometry": {
        "type": "Point",
        "coordinates": [
          16.92383,
          39.41731
        ]
      }
    },
    {
      "type": "Feature",
      "properties": {
        "source": "viirs_snpp",
        "satellite": "N",
        "acq_at": "2026-10-03 11:21:00",
        "frp": "3.87",
        "confidence": "nominal"
      },
      "geometry": {
        "type": "Point",
        "coordinates": [
          18.30627,
          39.87769
        ]
      }
    },
    {
      "type": "Feature",
      "properties": {
        "source": "viirs_snpp",
        "satellite": "N",
        "acq_at": "2026-10-03 11:21:00",
        "frp": "5.71",
        "confidence": "low"
      },
      "geometry": {
        "type": "Point",
        "coordinates": [
          16.1795,
          39.60691
        ]
      }
    },
    {
      "type": "Feature",
      "properties": {
        "source": "viirs_snpp",
        "satellite": "N",
        "acq_at": "2026-10-03 11:21:00",
        "frp": "2.5",
        "confidence": "nominal"
      },
      "geometry": {
        "type": "Point",
        "coordinates": [
          16.07021,
          39.58438
        ]
      }
    },
    {
      "type": "Feature",
      "properties": {
        "source": "viirs_snpp",
        "satellite": "N",
        "acq_at": "2026-10-03 11:21:00",
        "frp": "4.05",
        "confidence": "nominal"
      },
      "geometry": {
        "type": "Point",
        "coordinates": [
          18.3616,
          40.31133
        ]
      }
    },
    {
      "type": "Feature",
      "properties": {
        "source": "viirs_snpp",
        "satellite": "N",
        "acq_at": "2026-10-03 11:21:00",
        "frp": "3.11",
        "confidence": "nominal"
      },
      "geometry": {
        "type": "Point",
        "coordinates": [
          18.36401,
          40.31328
        ]
      }
    },
    {
      "type": "Feature",
      "properties": {
        "source": "viirs_snpp",
        "satellite": "N",
        "acq_at": "2026-10-03 11:21:00",
        "frp": "9.04",
        "confidence": "nominal"
      },
      "geometry": {
        "type": "Point",
        "coordinates": [
          18.15254,
          40.4026
        ]
      }
    },
    {
      "type": "Feature",
      "properties": {
        "source": "viirs_snpp",
        "satellite": "N",
        "acq_at": "2026-10-03 11:21:00",
        "frp": "3.74",
        "confidence": "nominal"
      },
      "geometry": {
        "type": "Point",
        "coordinates": [
          17.86931,
          40.4113
        ]
      }
    },
    {
      "type": "Feature",
      "properties": {
        "source": "viirs_snpp",
        "satellite": "N",
        "acq_at": "2026-10-03 11:21:00",
        "frp": "4.27",
        "confidence": "nominal"
      },
      "geometry": {
        "type": "Point",
        "coordinates": [
          17.8676,
          40.40985
        ]
      }
    },
    {
      "type": "Feature",
      "properties": {
        "source": "viirs_snpp",
        "satellite": "N",
        "acq_at": "2026-10-03 11:21:00",
        "frp": "2.39",
        "confidence": "nominal"
      },
      "geometry": {
        "type": "Point",
        "coordinates": [
          17.804,
          40.49366
        ]
      }
    },
    {
      "type": "Feature",
      "properties": {
        "source": "viirs_snpp",
        "satellite": "N",
        "acq_at": "2026-10-03 11:21:00",
        "frp": "2.91",
        "confidence": "nominal"
      },
      "geometry": {
        "type": "Point",
        "coordinates": [
          17.64371,
          40.56718
        ]
      }
    },
    {
      "type": "Feature",
      "properties": {
        "source": "viirs_snpp",
        "satellite": "N",
        "acq_at": "2026-10-03 11:21:00",
        "frp": "6.16",
        "confidence": "nominal"
      },
      "geometry": {
        "type": "Point",
        "coordinates": [
          16.8472,
          40.41455
        ]
      }
    },
    {
      "type": "Feature",
      "properties": {
        "source": "viirs_snpp",
        "satellite": "N",
        "acq_at": "2026-10-03 11:21:00",
        "frp": "6.68",
        "confidence": "nominal"
      },
      "geometry": {
        "type": "Point",
        "coordinates": [
          16.57232,
          40.55846
        ]
      }
    },
    {
      "type": "Feature",
      "properties": {
        "source": "viirs_snpp",
        "satellite": "N",
        "acq_at": "2026-10-03 11:21:00",
        "frp": "4.49",
        "confidence": "nominal"
      },
      "geometry": {
        "type": "Point",
        "coordinates": [
          16.59712,
          40.74791
        ]
      }
    },
    {
      "type": "Feature",
      "properties": {
        "source": "viirs_snpp",
        "satellite": "N",
        "acq_at": "2026-10-03 11:21:00",
        "frp": "8.11",
        "confidence": "nominal"
      },
      "geometry": {
        "type": "Point",
        "coordinates": [
          16.33298,
          40.73428
        ]
      }
    },
    {
      "type": "Feature",
      "properties": {
        "source": "viirs_snpp",
        "satellite": "N",
        "acq_at": "2026-10-03 11:21:00",
        "frp": "7.64",
        "confidence": "nominal"
      },
      "geometry": {
        "type": "Point",
        "coordinates": [
          16.11274,
          40.6941
        ]
      }
    },
    {
      "type": "Feature",
      "properties": {
        "source": "viirs_snpp",
        "satellite": "N",
        "acq_at": "2026-10-03 11:21:00",
        "frp": "7.38",
        "confidence": "nominal"
      },
      "geometry": {
        "type": "Point",
        "coordinates": [
          16.11688,
          40.70028
        ]
      }
    },
    {
      "type": "Feature",
      "properties": {
        "source": "viirs_snpp",
        "satellite": "N",
        "acq_at": "2026-10-03 11:21:00",
        "frp": "18.44",
        "confidence": "nominal"
      },
      "geometry": {
        "type": "Point",
        "coordinates": [
          15.74278,
          40.7326
        ]
      }
    },
    {
      "type": "Feature",
      "properties": {
        "source": "viirs_snpp",
        "satellite": "N",
        "acq_at": "2026-10-03 11:21:00",
        "frp": "18.44",
        "confidence": "nominal"
      },
      "geometry": {
        "type": "Point",
        "coordinates": [
          15.73519,
          40.73066
        ]
      }
    },
    {
      "type": "Feature",
      "properties": {
        "source": "viirs_snpp",
        "satellite": "N",
        "acq_at": "2026-10-03 11:21:00",
        "frp": "2.42",
        "confidence": "nominal"
      },
      "geometry": {
        "type": "Point",
        "coordinates": [
          14.97365,
          40.59888
        ]
      }
    },
    {
      "type": "Feature",
      "properties": {
        "source": "viirs_snpp",
        "satellite": "N",
        "acq_at": "2026-10-03 11:21:00",
        "frp": "2.42",
        "confidence": "nominal"
      },
      "geometry": {
        "type": "Point",
        "coordinates": [
          14.96982,
          40.59788
        ]
      }
    },
    {
      "type": "Feature",
      "properties": {
        "source": "viirs_snpp",
        "satellite": "N",
        "acq_at": "2026-10-03 11:21:00",
        "frp": "3.49",
        "confidence": "nominal"
      },
      "geometry": {
        "type": "Point",
        "coordinates": [
          14.97431,
          40.5968
        ]
      }
    },
    {
      "type": "Feature",
      "properties": {
        "source": "viirs_snpp",
        "satellite": "N",
        "acq_at": "2026-10-03 11:21:00",
        "frp": "3.74",
        "confidence": "nominal"
      },
      "geometry": {
        "type": "Point",
        "coordinates": [
          16.03369,
          40.93925
        ]
      }
    },
    {
      "type": "Feature",
      "properties": {
        "source": "viirs_snpp",
        "satellite": "N",
        "acq_at": "2026-10-03 11:21:00",
        "frp": "8.15",
        "confidence": "nominal"
      },
      "geometry": {
        "type": "Point",
        "coordinates": [
          15.50849,
          41.11617
        ]
      }
    },
    {
      "type": "Feature",
      "properties": {
        "source": "viirs_snpp",
        "satellite": "N",
        "acq_at": "2026-10-03 11:21:00",
        "frp": "1.11",
        "confidence": "nominal"
      },
      "geometry": {
        "type": "Point",
        "coordinates": [
          14.10752,
          40.92706
        ]
      }
    },
    {
      "type": "Feature",
      "properties": {
        "source": "viirs_snpp",
        "satellite": "N",
        "acq_at": "2026-10-03 11:21:00",
        "frp": "1",
        "confidence": "nominal"
      },
      "geometry": {
        "type": "Point",
        "coordinates": [
          14.10816,
          40.9258
        ]
      }
    },
    {
      "type": "Feature",
      "properties": {
        "source": "viirs_snpp",
        "satellite": "N",
        "acq_at": "2026-10-03 11:21:00",
        "frp": "5.71",
        "confidence": "nominal"
      },
      "geometry": {
        "type": "Point",
        "coordinates": [
          15.39735,
          41.33836
        ]
      }
    },
    {
      "type": "Feature",
      "properties": {
        "source": "viirs_snpp",
        "satellite": "N",
        "acq_at": "2026-10-03 11:21:00",
        "frp": "4.3",
        "confidence": "nominal"
      },
      "geometry": {
        "type": "Point",
        "coordinates": [
          14.26525,
          41.05873
        ]
      }
    },
    {
      "type": "Feature",
      "properties": {
        "source": "viirs_snpp",
        "satellite": "N",
        "acq_at": "2026-10-03 11:21:00",
        "frp": "5.37",
        "confidence": "nominal"
      },
      "geometry": {
        "type": "Point",
        "coordinates": [
          15.47651,
          41.64912
        ]
      }
    },
    {
      "type": "Feature",
      "properties": {
        "source": "viirs_snpp",
        "satellite": "N",
        "acq_at": "2026-10-03 11:21:00",
        "frp": "4.77",
        "confidence": "nominal"
      },
      "geometry": {
        "type": "Point",
        "coordinates": [
          15.34359,
          41.78954
        ]
      }
    },
    {
      "type": "Feature",
      "properties": {
        "source": "viirs_snpp",
        "satellite": "N",
        "acq_at": "2026-10-03 11:21:00",
        "frp": "4.77",
        "confidence": "nominal"
      },
      "geometry": {
        "type": "Point",
        "coordinates": [
          15.34167,
          41.79425
        ]
      }
    },
    {
      "type": "Feature",
      "properties": {
        "source": "viirs_snpp",
        "satellite": "N",
        "acq_at": "2026-10-03 11:21:00",
        "frp": "1.69",
        "confidence": "nominal"
      },
      "geometry": {
        "type": "Point",
        "coordinates": [
          13.11857,
          41.45416
        ]
      }
    },
    {
      "type": "Feature",
      "properties": {
        "source": "viirs_snpp",
        "satellite": "N",
        "acq_at": "2026-10-03 11:21:00",
        "frp": "31.55",
        "confidence": "nominal"
      },
      "geometry": {
        "type": "Point",
        "coordinates": [
          18.89719,
          42.92192
        ]
      }
    },
    {
      "type": "Feature",
      "properties": {
        "source": "viirs_snpp",
        "satellite": "N",
        "acq_at": "2026-10-03 11:21:00",
        "frp": "31.03",
        "confidence": "nominal"
      },
      "geometry": {
        "type": "Point",
        "coordinates": [
          18.88996,
          42.92035
        ]
      }
    },
    {
      "type": "Feature",
      "properties": {
        "source": "viirs_snpp",
        "satellite": "N",
        "acq_at": "2026-10-03 11:21:00",
        "frp": "4.58",
        "confidence": "nominal"
      },
      "geometry": {
        "type": "Point",
        "coordinates": [
          18.89608,
          42.92588
        ]
      }
    },
    {
      "type": "Feature",
      "properties": {
        "source": "viirs_snpp",
        "satellite": "N",
        "acq_at": "2026-10-03 11:21:00",
        "frp": "26.3",
        "confidence": "nominal"
      },
      "geometry": {
        "type": "Point",
        "coordinates": [
          18.88903,
          42.92434
        ]
      }
    },
    {
      "type": "Feature",
      "properties": {
        "source": "viirs_snpp",
        "satellite": "N",
        "acq_at": "2026-10-03 11:21:00",
        "frp": "26.3",
        "confidence": "nominal"
      },
      "geometry": {
        "type": "Point",
        "coordinates": [
          18.88149,
          42.9227
        ]
      }
    },
    {
      "type": "Feature",
      "properties": {
        "source": "viirs_snpp",
        "satellite": "N",
        "acq_at": "2026-10-03 11:21:00",
        "frp": "26.3",
        "confidence": "nominal"
      },
      "geometry": {
        "type": "Point",
        "coordinates": [
          18.88798,
          42.92832
        ]
      }
    },
    {
      "type": "Feature",
      "properties": {
        "source": "viirs_snpp",
        "satellite": "N",
        "acq_at": "2026-10-03 11:21:00",
        "frp": "26.3",
        "confidence": "nominal"
      },
      "geometry": {
        "type": "Point",
        "coordinates": [
          18.88041,
          42.92667
        ]
      }
    },
    {
      "type": "Feature",
      "properties": {
        "source": "viirs_snpp",
        "satellite": "N",
        "acq_at": "2026-10-03 11:21:00",
        "frp": "13.82",
        "confidence": "nominal"
      },
      "geometry": {
        "type": "Point",
        "coordinates": [
          18.87927,
          42.93063
        ]
      }
    },
    {
      "type": "Feature",
      "properties": {
        "source": "viirs_snpp",
        "satellite": "N",
        "acq_at": "2026-10-03 11:21:00",
        "frp": "4.09",
        "confidence": "nominal"
      },
      "geometry": {
        "type": "Point",
        "coordinates": [
          12.94,
          41.71907
        ]
      }
    },
    {
      "type": "Feature",
      "properties": {
        "source": "viirs_snpp",
        "satellite": "N",
        "acq_at": "2026-10-03 11:21:00",
        "frp": "3.8",
        "confidence": "nominal"
      },
      "geometry": {
        "type": "Point",
        "coordinates": [
          12.94056,
          41.71963
        ]
      }
    },
    {
      "type": "Feature",
      "properties": {
        "source": "viirs_snpp",
        "satellite": "N",
        "acq_at": "2026-10-03 11:21:00",
        "frp": "46.89",
        "confidence": "nominal"
      },
      "geometry": {
        "type": "Point",
        "coordinates": [
          17.58759,
          43.63243
        ]
      }
    },
    {
      "type": "Feature",
      "properties": {
        "source": "viirs_snpp",
        "satellite": "N",
        "acq_at": "2026-10-03 11:21:00",
        "frp": "24.22",
        "confidence": "high"
      },
      "geometry": {
        "type": "Point",
        "coordinates": [
          17.59212,
          43.64669
        ]
      }
    },
    {
      "type": "Feature",
      "properties": {
        "source": "viirs_snpp",
        "satellite": "N",
        "acq_at": "2026-10-03 11:21:00",
        "frp": "6.19",
        "confidence": "nominal"
      },
      "geometry": {
        "type": "Point",
        "coordinates": [
          16.88781,
          43.76228
        ]
      }
    },
    {
      "type": "Feature",
      "properties": {
        "source": "viirs_snpp",
        "satellite": "N",
        "acq_at": "2026-10-03 11:21:00",
        "frp": "6.02",
        "confidence": "nominal"
      },
      "geometry": {
        "type": "Point",
        "coordinates": [
          16.89164,
          43.76141
        ]
      }
    },
    {
      "type": "Feature",
      "properties": {
        "source": "viirs_snpp",
        "satellite": "N",
        "acq_at": "2026-10-03 11:21:00",
        "frp": "2.44",
        "confidence": "nominal"
      },
      "geometry": {
        "type": "Point",
        "coordinates": [
          16.8864,
          43.76017
        ]
      }
    },
    {
      "type": "Feature",
      "properties": {
        "source": "viirs_snpp",
        "satellite": "N",
        "acq_at": "2026-10-03 11:21:00",
        "frp": "2.8",
        "confidence": "low"
      },
      "geometry": {
        "type": "Point",
        "coordinates": [
          17.94099,
          44.63069
        ]
      }
    },
    {
      "type": "Feature",
      "properties": {
        "source": "viirs_snpp",
        "satellite": "N",
        "acq_at": "2026-10-03 11:23:00",
        "frp": "2.75",
        "confidence": "nominal"
      },
      "geometry": {
        "type": "Point",
        "coordinates": [
          17.90071,
          44.87654
        ]
      }
    },
    {
      "type": "Feature",
      "properties": {
        "source": "viirs_snpp",
        "satellite": "N",
        "acq_at": "2026-10-03 11:23:00",
        "frp": "2.44",
        "confidence": "nominal"
      },
      "geometry": {
        "type": "Point",
        "coordinates": [
          17.37668,
          44.82292
        ]
      }
    },
    {
      "type": "Feature",
      "properties": {
        "source": "viirs_snpp",
        "satellite": "N",
        "acq_at": "2026-10-03 11:23:00",
        "frp": "3.26",
        "confidence": "nominal"
      },
      "geometry": {
        "type": "Point",
        "coordinates": [
          18.81089,
          45.21108
        ]
      }
    },
    {
      "type": "Feature",
      "properties": {
        "source": "viirs_snpp",
        "satellite": "N",
        "acq_at": "2026-10-03 11:23:00",
        "frp": "4.79",
        "confidence": "nominal"
      },
      "geometry": {
        "type": "Point",
        "coordinates": [
          17.41553,
          45.02523
        ]
      }
    },
    {
      "type": "Feature",
      "properties": {
        "source": "viirs_snpp",
        "satellite": "N",
        "acq_at": "2026-10-03 11:23:00",
        "frp": "3.06",
        "confidence": "nominal"
      },
      "geometry": {
        "type": "Point",
        "coordinates": [
          17.07325,
          45.07638
        ]
      }
    },
    {
      "type": "Feature",
      "properties": {
        "source": "viirs_snpp",
        "satellite": "N",
        "acq_at": "2026-10-03 11:23:00",
        "frp": "3.64",
        "confidence": "nominal"
      },
      "geometry": {
        "type": "Point",
        "coordinates": [
          17.33232,
          45.14395
        ]
      }
    },
    {
      "type": "Feature",
      "properties": {
        "source": "viirs_snpp",
        "satellite": "N",
        "acq_at": "2026-10-03 11:23:00",
        "frp": "5.63",
        "confidence": "nominal"
      },
      "geometry": {
        "type": "Point",
        "coordinates": [
          16.72454,
          45.08158
        ]
      }
    },
    {
      "type": "Feature",
      "properties": {
        "source": "viirs_snpp",
        "satellite": "N",
        "acq_at": "2026-10-03 11:23:00",
        "frp": "5.63",
        "confidence": "nominal"
      },
      "geometry": {
        "type": "Point",
        "coordinates": [
          16.71921,
          45.08034
        ]
      }
    },
    {
      "type": "Feature",
      "properties": {
        "source": "viirs_snpp",
        "satellite": "N",
        "acq_at": "2026-10-03 11:23:00",
        "frp": "1.64",
        "confidence": "nominal"
      },
      "geometry": {
        "type": "Point",
        "coordinates": [
          16.53401,
          45.19827
        ]
      }
    },
    {
      "type": "Feature",
      "properties": {
        "source": "viirs_snpp",
        "satellite": "N",
        "acq_at": "2026-10-03 11:23:00",
        "frp": "3.31",
        "confidence": "nominal"
      },
      "geometry": {
        "type": "Point",
        "coordinates": [
          15.88255,
          45.15248
        ]
      }
    },
    {
      "type": "Feature",
      "properties": {
        "source": "viirs_snpp",
        "satellite": "N",
        "acq_at": "2026-10-03 11:23:00",
        "frp": "2.36",
        "confidence": "nominal"
      },
      "geometry": {
        "type": "Point",
        "coordinates": [
          12.08923,
          44.26621
        ]
      }
    },
    {
      "type": "Feature",
      "properties": {
        "source": "viirs_snpp",
        "satellite": "N",
        "acq_at": "2026-10-03 11:23:00",
        "frp": "7.85",
        "confidence": "nominal"
      },
      "geometry": {
        "type": "Point",
        "coordinates": [
          17.08747,
          45.5795
        ]
      }
    },
    {
      "type": "Feature",
      "properties": {
        "source": "viirs_snpp",
        "satellite": "N",
        "acq_at": "2026-10-03 11:23:00",
        "frp": "2.49",
        "confidence": "nominal"
      },
      "geometry": {
        "type": "Point",
        "coordinates": [
          16.48093,
          45.91852
        ]
      }
    },
    {
      "type": "Feature",
      "properties": {
        "source": "viirs_snpp",
        "satellite": "N",
        "acq_at": "2026-10-03 11:23:00",
        "frp": "2.51",
        "confidence": "nominal"
      },
      "geometry": {
        "type": "Point",
        "coordinates": [
          16.13589,
          45.84641
        ]
      }
    },
    {
      "type": "Feature",
      "properties": {
        "source": "viirs_snpp",
        "satellite": "N",
        "acq_at": "2026-10-03 11:23:00",
        "frp": "4.64",
        "confidence": "nominal"
      },
      "geometry": {
        "type": "Point",
        "coordinates": [
          12.04291,
          44.85798
        ]
      }
    },
    {
      "type": "Feature",
      "properties": {
        "source": "viirs_snpp",
        "satellite": "N",
        "acq_at": "2026-10-03 11:23:00",
        "frp": "2.76",
        "confidence": "nominal"
      },
      "geometry": {
        "type": "Point",
        "coordinates": [
          12.06254,
          44.93736
        ]
      }
    },
    {
      "type": "Feature",
      "properties": {
        "source": "viirs_snpp",
        "satellite": "N",
        "acq_at": "2026-10-03 11:23:00",
        "frp": "10.01",
        "confidence": "nominal"
      },
      "geometry": {
        "type": "Point",
        "coordinates": [
          18.48675,
          46.81794
        ]
      }
    },
    {
      "type": "Feature",
      "properties": {
        "source": "viirs_snpp",
        "satellite": "N",
        "acq_at": "2026-10-03 13:01:00",
        "frp": "7.73",
        "confidence": "nominal"
      },
      "geometry": {
        "type": "Point",
        "coordinates": [
          9.15141,
          36.486
        ]
      }
    },
    {
      "type": "Feature",
      "properties": {
        "source": "viirs_snpp",
        "satellite": "N",
        "acq_at": "2026-10-03 13:01:00",
        "frp": "3.48",
        "confidence": "nominal"
      },
      "geometry": {
        "type": "Point",
        "coordinates": [
          6.58572,
          36.49403
        ]
      }
    },
    {
      "type": "Feature",
      "properties": {
        "source": "viirs_snpp",
        "satellite": "N",
        "acq_at": "2026-10-03 13:01:00",
        "frp": "7.32",
        "confidence": "high"
      },
      "geometry": {
        "type": "Point",
        "coordinates": [
          13.91877,
          37.18144
        ]
      }
    },
    {
      "type": "Feature",
      "properties": {
        "source": "viirs_snpp",
        "satellite": "N",
        "acq_at": "2026-10-03 13:01:00",
        "frp": "7.32",
        "confidence": "nominal"
      },
      "geometry": {
        "type": "Point",
        "coordinates": [
          13.91456,
          37.1812
        ]
      }
    },
    {
      "type": "Feature",
      "properties": {
        "source": "viirs_snpp",
        "satellite": "N",
        "acq_at": "2026-10-03 13:01:00",
        "frp": "3.06",
        "confidence": "nominal"
      },
      "geometry": {
        "type": "Point",
        "coordinates": [
          14.51636,
          37.29025
        ]
      }
    },
    {
      "type": "Feature",
      "properties": {
        "source": "viirs_snpp",
        "satellite": "N",
        "acq_at": "2026-10-03 13:01:00",
        "frp": "4.61",
        "confidence": "nominal"
      },
      "geometry": {
        "type": "Point",
        "coordinates": [
          9.33074,
          37.01056
        ]
      }
    },
    {
      "type": "Feature",
      "properties": {
        "source": "viirs_snpp",
        "satellite": "N",
        "acq_at": "2026-10-03 13:01:00",
        "frp": "5.98",
        "confidence": "nominal"
      },
      "geometry": {
        "type": "Point",
        "coordinates": [
          9.33064,
          37.01485
        ]
      }
    },
    {
      "type": "Feature",
      "properties": {
        "source": "viirs_snpp",
        "satellite": "N",
        "acq_at": "2026-10-03 13:01:00",
        "frp": "5.98",
        "confidence": "nominal"
      },
      "geometry": {
        "type": "Point",
        "coordinates": [
          9.32586,
          37.0144
        ]
      }
    },
    {
      "type": "Feature",
      "properties": {
        "source": "viirs_snpp",
        "satellite": "N",
        "acq_at": "2026-10-03 13:01:00",
        "frp": "3.25",
        "confidence": "nominal"
      },
      "geometry": {
        "type": "Point",
        "coordinates": [
          13.90985,
          37.43979
        ]
      }
    },
    {
      "type": "Feature",
      "properties": {
        "source": "viirs_snpp",
        "satellite": "N",
        "acq_at": "2026-10-03 13:01:00",
        "frp": "6.03",
        "confidence": "nominal"
      },
      "geometry": {
        "type": "Point",
        "coordinates": [
          13.61474,
          37.42899
        ]
      }
    },
    {
      "type": "Feature",
      "properties": {
        "source": "viirs_snpp",
        "satellite": "N",
        "acq_at": "2026-10-03 13:01:00",
        "frp": "9.2",
        "confidence": "high"
      },
      "geometry": {
        "type": "Point",
        "coordinates": [
          13.7664,
          37.45399
        ]
      }
    },
    {
      "type": "Feature",
      "properties": {
        "source": "viirs_snpp",
        "satellite": "N",
        "acq_at": "2026-10-03 13:01:00",
        "frp": "3.5",
        "confidence": "nominal"
      },
      "geometry": {
        "type": "Point",
        "coordinates": [
          13.82646,
          37.47391
        ]
      }
    },
    {
      "type": "Feature",
      "properties": {
        "source": "viirs_snpp",
        "satellite": "N",
        "acq_at": "2026-10-03 13:01:00",
        "frp": "15.89",
        "confidence": "nominal"
      },
      "geometry": {
        "type": "Point",
        "coordinates": [
          13.47759,
          37.49702
        ]
      }
    },
    {
      "type": "Feature",
      "properties": {
        "source": "viirs_snpp",
        "satellite": "N",
        "acq_at": "2026-10-03 13:01:00",
        "frp": "10.07",
        "confidence": "nominal"
      },
      "geometry": {
        "type": "Point",
        "coordinates": [
          13.4727,
          37.49672
        ]
      }
    },
    {
      "type": "Feature",
      "properties": {
        "source": "viirs_snpp",
        "satellite": "N",
        "acq_at": "2026-10-03 13:01:00",
        "frp": "10.07",
        "confidence": "nominal"
      },
      "geometry": {
        "type": "Point",
        "coordinates": [
          13.46823,
          37.49644
        ]
      }
    },
    {
      "type": "Feature",
      "properties": {
        "source": "viirs_snpp",
        "satellite": "N",
        "acq_at": "2026-10-03 13:01:00",
        "frp": "9.77",
        "confidence": "nominal"
      },
      "geometry": {
        "type": "Point",
        "coordinates": [
          6.65543,
          36.9089
        ]
      }
    },
    {
      "type": "Feature",
      "properties": {
        "source": "viirs_snpp",
        "satellite": "N",
        "acq_at": "2026-10-03 13:01:00",
        "frp": "4.31",
        "confidence": "nominal"
      },
      "geometry": {
        "type": "Point",
        "coordinates": [
          13.47212,
          37.49344
        ]
      }
    },
    {
      "type": "Feature",
      "properties": {
        "source": "viirs_snpp",
        "satellite": "N",
        "acq_at": "2026-10-03 13:01:00",
        "frp": "9.8",
        "confidence": "high"
      },
      "geometry": {
        "type": "Point",
        "coordinates": [
          13.47541,
          37.49904
        ]
      }
    },
    {
      "type": "Feature",
      "properties": {
        "source": "viirs_snpp",
        "satellite": "N",
        "acq_at": "2026-10-03 13:01:00",
        "frp": "9.8",
        "confidence": "high"
      },
      "geometry": {
        "type": "Point",
        "coordinates": [
          13.4708,
          37.49878
        ]
      }
    },
    {
      "type": "Feature",
      "properties": {
        "source": "viirs_snpp",
        "satellite": "N",
        "acq_at": "2026-10-03 13:01:00",
        "frp": "3.99",
        "confidence": "nominal"
      },
      "geometry": {
        "type": "Point",
        "coordinates": [
          13.55604,
          37.53075
        ]
      }
    },
    {
      "type": "Feature",
      "properties": {
        "source": "viirs_snpp",
        "satellite": "N",
        "acq_at": "2026-10-03 13:01:00",
        "frp": "3.09",
        "confidence": "nominal"
      },
      "geometry": {
        "type": "Point",
        "coordinates": [
          13.45412,
          37.53034
        ]
      }
    },
    {
      "type": "Feature",
      "properties": {
        "source": "viirs_snpp",
        "satellite": "N",
        "acq_at": "2026-10-03 13:01:00",
        "frp": "4.42",
        "confidence": "nominal"
      },
      "geometry": {
        "type": "Point",
        "coordinates": [
          13.86362,
          37.68565
        ]
      }
    },
    {
      "type": "Feature",
      "properties": {
        "source": "viirs_snpp",
        "satellite": "N",
        "acq_at": "2026-10-03 13:01:00",
        "frp": "3.7",
        "confidence": "nominal"
      },
      "geometry": {
        "type": "Point",
        "coordinates": [
          13.82961,
          37.70035
        ]
      }
    },
    {
      "type": "Feature",
      "properties": {
        "source": "viirs_snpp",
        "satellite": "N",
        "acq_at": "2026-10-03 13:01:00",
        "frp": "3.75",
        "confidence": "nominal"
      },
      "geometry": {
        "type": "Point",
        "coordinates": [
          13.04266,
          37.65843
        ]
      }
    },
    {
      "type": "Feature",
      "properties": {
        "source": "viirs_snpp",
        "satellite": "N",
        "acq_at": "2026-10-03 13:01:00",
        "frp": "4.18",
        "confidence": "nominal"
      },
      "geometry": {
        "type": "Point",
        "coordinates": [
          13.09365,
          37.81866
        ]
      }
    },
    {
      "type": "Feature",
      "properties": {
        "source": "viirs_snpp",
        "satellite": "N",
        "acq_at": "2026-10-03 13:01:00",
        "frp": "4.18",
        "confidence": "nominal"
      },
      "geometry": {
        "type": "Point",
        "coordinates": [
          13.08971,
          37.81843
        ]
      }
    },
    {
      "type": "Feature",
      "properties": {
        "source": "viirs_snpp",
        "satellite": "N",
        "acq_at": "2026-10-03 13:01:00",
        "frp": "4.58",
        "confidence": "nominal"
      },
      "geometry": {
        "type": "Point",
        "coordinates": [
          13.08571,
          37.8182
        ]
      }
    },
    {
      "type": "Feature",
      "properties": {
        "source": "viirs_snpp",
        "satellite": "N",
        "acq_at": "2026-10-03 13:01:00",
        "frp": "3.97",
        "confidence": "nominal"
      },
      "geometry": {
        "type": "Point",
        "coordinates": [
          13.21612,
          37.83126
        ]
      }
    },
    {
      "type": "Feature",
      "properties": {
        "source": "viirs_snpp",
        "satellite": "N",
        "acq_at": "2026-10-03 13:01:00",
        "frp": "8.41",
        "confidence": "high"
      },
      "geometry": {
        "type": "Point",
        "coordinates": [
          13.10483,
          37.82999
        ]
      }
    },
    {
      "type": "Feature",
      "properties": {
        "source": "viirs_snpp",
        "satellite": "N",
        "acq_at": "2026-10-03 13:01:00",
        "frp": "2.53",
        "confidence": "nominal"
      },
      "geometry": {
        "type": "Point",
        "coordinates": [
          13.0555,
          37.83233
        ]
      }
    },
    {
      "type": "Feature",
      "properties": {
        "source": "viirs_snpp",
        "satellite": "N",
        "acq_at": "2026-10-03 13:01:00",
        "frp": "3.7",
        "confidence": "nominal"
      },
      "geometry": {
        "type": "Point",
        "coordinates": [
          13.07644,
          37.85489
        ]
      }
    },
    {
      "type": "Feature",
      "properties": {
        "source": "viirs_snpp",
        "satellite": "N",
        "acq_at": "2026-10-03 13:01:00",
        "frp": "3.52",
        "confidence": "nominal"
      },
      "geometry": {
        "type": "Point",
        "coordinates": [
          13.06093,
          37.85393
        ]
      }
    },
    {
      "type": "Feature",
      "properties": {
        "source": "viirs_snpp",
        "satellite": "N",
        "acq_at": "2026-10-03 13:01:00",
        "frp": "6.07",
        "confidence": "nominal"
      },
      "geometry": {
        "type": "Point",
        "coordinates": [
          13.22417,
          37.86928
        ]
      }
    },
    {
      "type": "Feature",
      "properties": {
        "source": "viirs_snpp",
        "satellite": "N",
        "acq_at": "2026-10-03 13:01:00",
        "frp": "3.52",
        "confidence": "nominal"
      },
      "geometry": {
        "type": "Point",
        "coordinates": [
          13.06055,
          37.85922
        ]
      }
    },
    {
      "type": "Feature",
      "properties": {
        "source": "viirs_snpp",
        "satellite": "N",
        "acq_at": "2026-10-03 13:01:00",
        "frp": "7.19",
        "confidence": "nominal"
      },
      "geometry": {
        "type": "Point",
        "coordinates": [
          13.05914,
          37.87508
        ]
      }
    },
    {
      "type": "Feature",
      "properties": {
        "source": "viirs_snpp",
        "satellite": "N",
        "acq_at": "2026-10-03 13:01:00",
        "frp": "23.33",
        "confidence": "high"
      },
      "geometry": {
        "type": "Point",
        "coordinates": [
          13.03329,
          37.92035
        ]
      }
    },
    {
      "type": "Feature",
      "properties": {
        "source": "viirs_snpp",
        "satellite": "N",
        "acq_at": "2026-10-03 13:01:00",
        "frp": "16.24",
        "confidence": "nominal"
      },
      "geometry": {
        "type": "Point",
        "coordinates": [
          13.02932,
          37.92011
        ]
      }
    },
    {
      "type": "Feature",
      "properties": {
        "source": "viirs_snpp",
        "satellite": "N",
        "acq_at": "2026-10-03 13:01:00",
        "frp": "3.79",
        "confidence": "nominal"
      },
      "geometry": {
        "type": "Point",
        "coordinates": [
          12.67677,
          37.96627
        ]
      }
    },
    {
      "type": "Feature",
      "properties": {
        "source": "viirs_snpp",
        "satellite": "N",
        "acq_at": "2026-10-03 13:01:00",
        "frp": "4.14",
        "confidence": "nominal"
      },
      "geometry": {
        "type": "Point",
        "coordinates": [
          12.67577,
          37.9669
        ]
      }
    },
    {
      "type": "Feature",
      "properties": {
        "source": "viirs_snpp",
        "satellite": "N",
        "acq_at": "2026-10-03 13:01:00",
        "frp": "1.62",
        "confidence": "nominal"
      },
      "geometry": {
        "type": "Point",
        "coordinates": [
          12.70118,
          37.97887
        ]
      }
    },
    {
      "type": "Feature",
      "properties": {
        "source": "viirs_snpp",
        "satellite": "N",
        "acq_at": "2026-10-03 13:01:00",
        "frp": "5.29",
        "confidence": "nominal"
      },
      "geometry": {
        "type": "Point",
        "coordinates": [
          12.79647,
          38.00037
        ]
      }
    },
    {
      "type": "Feature",
      "properties": {
        "source": "viirs_snpp",
        "satellite": "N",
        "acq_at": "2026-10-03 13:01:00",
        "frp": "4.47",
        "confidence": "nominal"
      },
      "geometry": {
        "type": "Point",
        "coordinates": [
          12.69298,
          38.00969
        ]
      }
    },
    {
      "type": "Feature",
      "properties": {
        "source": "viirs_snpp",
        "satellite": "N",
        "acq_at": "2026-10-03 13:01:00",
        "frp": "2.21",
        "confidence": "nominal"
      },
      "geometry": {
        "type": "Point",
        "coordinates": [
          16.43932,
          38.72233
        ]
      }
    },
    {
      "type": "Feature",
      "properties": {
        "source": "viirs_snpp",
        "satellite": "N",
        "acq_at": "2026-10-03 13:01:00",
        "frp": "6.54",
        "confidence": "nominal"
      },
      "geometry": {
        "type": "Point",
        "coordinates": [
          17.00133,
          38.97083
        ]
      }
    },
    {
      "type": "Feature",
      "properties": {
        "source": "viirs_snpp",
        "satellite": "N",
        "acq_at": "2026-10-03 13:01:00",
        "frp": "5.35",
        "confidence": "nominal"
      },
      "geometry": {
        "type": "Point",
        "coordinates": [
          16.92783,
          39.41569
        ]
      }
    },
    {
      "type": "Feature",
      "properties": {
        "source": "viirs_snpp",
        "satellite": "N",
        "acq_at": "2026-10-03 13:01:00",
        "frp": "3.62",
        "confidence": "nominal"
      },
      "geometry": {
        "type": "Point",
        "coordinates": [
          16.92878,
          39.41417
        ]
      }
    },
    {
      "type": "Feature",
      "properties": {
        "source": "viirs_snpp",
        "satellite": "N",
        "acq_at": "2026-10-03 13:01:00",
        "frp": "3.62",
        "confidence": "nominal"
      },
      "geometry": {
        "type": "Point",
        "coordinates": [
          16.92843,
          39.42071
        ]
      }
    },
    {
      "type": "Feature",
      "properties": {
        "source": "viirs_snpp",
        "satellite": "N",
        "acq_at": "2026-10-03 13:01:00",
        "frp": "20.74",
        "confidence": "high"
      },
      "geometry": {
        "type": "Point",
        "coordinates": [
          16.12387,
          39.50196
        ]
      }
    },
    {
      "type": "Feature",
      "properties": {
        "source": "viirs_snpp",
        "satellite": "N",
        "acq_at": "2026-10-03 13:01:00",
        "frp": "20.74",
        "confidence": "nominal"
      },
      "geometry": {
        "type": "Point",
        "coordinates": [
          16.11456,
          39.50165
        ]
      }
    },
    {
      "type": "Feature",
      "properties": {
        "source": "viirs_snpp",
        "satellite": "N",
        "acq_at": "2026-10-03 13:01:00",
        "frp": "19.09",
        "confidence": "high"
      },
      "geometry": {
        "type": "Point",
        "coordinates": [
          16.12182,
          39.49877
        ]
      }
    },
    {
      "type": "Feature",
      "properties": {
        "source": "viirs_snpp",
        "satellite": "N",
        "acq_at": "2026-10-03 13:01:00",
        "frp": "19.09",
        "confidence": "high"
      },
      "geometry": {
        "type": "Point",
        "coordinates": [
          16.1221,
          39.50508
        ]
      }
    },
    {
      "type": "Feature",
      "properties": {
        "source": "viirs_snpp",
        "satellite": "N",
        "acq_at": "2026-10-03 13:01:00",
        "frp": "4.1",
        "confidence": "nominal"
      },
      "geometry": {
        "type": "Point",
        "coordinates": [
          15.74074,
          40.72297
        ]
      }
    },
    {
      "type": "Feature",
      "properties": {
        "source": "viirs_snpp",
        "satellite": "N",
        "acq_at": "2026-10-03 13:01:00",
        "frp": "38.98",
        "confidence": "high"
      },
      "geometry": {
        "type": "Point",
        "coordinates": [
          15.74033,
          40.72919
        ]
      }
    },
    {
      "type": "Feature",
      "properties": {
        "source": "viirs_snpp",
        "satellite": "N",
        "acq_at": "2026-10-03 13:01:00",
        "frp": "19.54",
        "confidence": "nominal"
      },
      "geometry": {
        "type": "Point",
        "coordinates": [
          15.73492,
          40.72902
        ]
      }
    },
    {
      "type": "Feature",
      "properties": {
        "source": "viirs_snpp",
        "satellite": "N",
        "acq_at": "2026-10-03 13:01:00",
        "frp": "5.38",
        "confidence": "nominal"
      },
      "geometry": {
        "type": "Point",
        "coordinates": [
          16.34398,
          40.75278
        ]
      }
    },
    {
      "type": "Feature",
      "properties": {
        "source": "viirs_snpp",
        "satellite": "N",
        "acq_at": "2026-10-03 13:01:00",
        "frp": "20.22",
        "confidence": "high"
      },
      "geometry": {
        "type": "Point",
        "coordinates": [
          15.73878,
          40.72744
        ]
      }
    },
    {
      "type": "Feature",
      "properties": {
        "source": "viirs_snpp",
        "satellite": "N",
        "acq_at": "2026-10-03 13:01:00",
        "frp": "19.95",
        "confidence": "nominal"
      },
      "geometry": {
        "type": "Point",
        "coordinates": [
          15.74451,
          40.72759
        ]
      }
    },
    {
      "type": "Feature",
      "properties": {
        "source": "viirs_snpp",
        "satellite": "N",
        "acq_at": "2026-10-03 13:01:00",
        "frp": "20.22",
        "confidence": "nominal"
      },
      "geometry": {
        "type": "Point",
        "coordinates": [
          15.73356,
          40.72731
        ]
      }
    },
    {
      "type": "Feature",
      "properties": {
        "source": "viirs_snpp",
        "satellite": "N",
        "acq_at": "2026-10-03 13:01:00",
        "frp": "4.78",
        "confidence": "nominal"
      },
      "geometry": {
        "type": "Point",
        "coordinates": [
          16.3426,
          40.75409
        ]
      }
    },
    {
      "type": "Feature",
      "properties": {
        "source": "viirs_snpp",
        "satellite": "N",
        "acq_at": "2026-10-03 13:01:00",
        "frp": "12.34",
        "confidence": "high"
      },
      "geometry": {
        "type": "Point",
        "coordinates": [
          16.04686,
          40.93945
        ]
      }
    },
    {
      "type": "Feature",
      "properties": {
        "source": "viirs_snpp",
        "satellite": "N",
        "acq_at": "2026-10-03 13:01:00",
        "frp": "13.86",
        "confidence": "high"
      },
      "geometry": {
        "type": "Point",
        "coordinates": [
          16.04527,
          40.93586
        ]
      }
    },
    {
      "type": "Feature",
      "properties": {
        "source": "viirs_snpp",
        "satellite": "N",
        "acq_at": "2026-10-03 13:01:00",
        "frp": "10.63",
        "confidence": "nominal"
      },
      "geometry": {
        "type": "Point",
        "coordinates": [
          15.51648,
          41.11306
        ]
      }
    },
    {
      "type": "Feature",
      "properties": {
        "source": "viirs_snpp",
        "satellite": "N",
        "acq_at": "2026-10-03 13:01:00",
        "frp": "7.28",
        "confidence": "nominal"
      },
      "geometry": {
        "type": "Point",
        "coordinates": [
          15.50525,
          41.12506
        ]
      }
    },
    {
      "type": "Feature",
      "properties": {
        "source": "viirs_snpp",
        "satellite": "N",
        "acq_at": "2026-10-03 13:01:00",
        "frp": "19.09",
        "confidence": "high"
      },
      "geometry": {
        "type": "Point",
        "coordinates": [
          14.04932,
          41.09393
        ]
      }
    },
    {
      "type": "Feature",
      "properties": {
        "source": "viirs_snpp",
        "satellite": "N",
        "acq_at": "2026-10-03 13:01:00",
        "frp": "19.09",
        "confidence": "nominal"
      },
      "geometry": {
        "type": "Point",
        "coordinates": [
          14.04417,
          41.09369
        ]
      }
    },
    {
      "type": "Feature",
      "properties": {
        "source": "viirs_snpp",
        "satellite": "N",
        "acq_at": "2026-10-03 13:01:00",
        "frp": "9.25",
        "confidence": "nominal"
      },
      "geometry": {
        "type": "Point",
        "coordinates": [
          15.50905,
          41.11818
        ]
      }
    },
    {
      "type": "Feature",
      "properties": {
        "source": "viirs_snpp",
        "satellite": "N",
        "acq_at": "2026-10-03 13:01:00",
        "frp": "8.27",
        "confidence": "nominal"
      },
      "geometry": {
        "type": "Point",
        "coordinates": [
          15.50339,
          41.12421
        ]
      }
    },
    {
      "type": "Feature",
      "properties": {
        "source": "viirs_snpp",
        "satellite": "N",
        "acq_at": "2026-10-03 13:01:00",
        "frp": "19.92",
        "confidence": "nominal"
      },
      "geometry": {
        "type": "Point",
        "coordinates": [
          14.05151,
          41.09523
        ]
      }
    },
    {
      "type": "Feature",
      "properties": {
        "source": "viirs_snpp",
        "satellite": "N",
        "acq_at": "2026-10-03 13:01:00",
        "frp": "19.92",
        "confidence": "nominal"
      },
      "geometry": {
        "type": "Point",
        "coordinates": [
          14.04635,
          41.09503
        ]
      }
    },
    {
      "type": "Feature",
      "properties": {
        "source": "viirs_snpp",
        "satellite": "N",
        "acq_at": "2026-10-03 13:01:00",
        "frp": "2.45",
        "confidence": "nominal"
      },
      "geometry": {
        "type": "Point",
        "coordinates": [
          13.89694,
          41.27888
        ]
      }
    },
    {
      "type": "Feature",
      "properties": {
        "source": "viirs_snpp",
        "satellite": "N",
        "acq_at": "2026-10-03 13:01:00",
        "frp": "3.74",
        "confidence": "nominal"
      },
      "geometry": {
        "type": "Point",
        "coordinates": [
          13.89447,
          41.2807
        ]
      }
    },
    {
      "type": "Feature",
      "properties": {
        "source": "viirs_snpp",
        "satellite": "N",
        "acq_at": "2026-10-03 13:01:00",
        "frp": "2.46",
        "confidence": "nominal"
      },
      "geometry": {
        "type": "Point",
        "coordinates": [
          13.11814,
          41.45178
        ]
      }
    },
    {
      "type": "Feature",
      "properties": {
        "source": "viirs_snpp",
        "satellite": "N",
        "acq_at": "2026-10-03 13:04:00",
        "frp": "8.01",
        "confidence": "nominal"
      },
      "geometry": {
        "type": "Point",
        "coordinates": [
          14.71353,
          41.57133
        ]
      }
    },
    {
      "type": "Feature",
      "properties": {
        "source": "viirs_snpp",
        "satellite": "N",
        "acq_at": "2026-10-03 13:04:00",
        "frp": "5.65",
        "confidence": "nominal"
      },
      "geometry": {
        "type": "Point",
        "coordinates": [
          15.50252,
          41.71099
        ]
      }
    },
    {
      "type": "Feature",
      "properties": {
        "source": "viirs_snpp",
        "satellite": "N",
        "acq_at": "2026-10-03 13:04:00",
        "frp": "5.65",
        "confidence": "nominal"
      },
      "geometry": {
        "type": "Point",
        "coordinates": [
          15.50225,
          41.71718
        ]
      }
    },
    {
      "type": "Feature",
      "properties": {
        "source": "viirs_snpp",
        "satellite": "N",
        "acq_at": "2026-10-03 13:04:00",
        "frp": "12.72",
        "confidence": "high"
      },
      "geometry": {
        "type": "Point",
        "coordinates": [
          15.48287,
          41.72902
        ]
      }
    },
    {
      "type": "Feature",
      "properties": {
        "source": "viirs_snpp",
        "satellite": "N",
        "acq_at": "2026-10-03 13:04:00",
        "frp": "13.49",
        "confidence": "nominal"
      },
      "geometry": {
        "type": "Point",
        "coordinates": [
          15.48917,
          41.7292
        ]
      }
    },
    {
      "type": "Feature",
      "properties": {
        "source": "viirs_snpp",
        "satellite": "N",
        "acq_at": "2026-10-03 13:04:00",
        "frp": "2.39",
        "confidence": "nominal"
      },
      "geometry": {
        "type": "Point",
        "coordinates": [
          15.06233,
          41.71649
        ]
      }
    },
    {
      "type": "Feature",
      "properties": {
        "source": "viirs_snpp",
        "satellite": "N",
        "acq_at": "2026-10-03 13:04:00",
        "frp": "2.1",
        "confidence": "nominal"
      },
      "geometry": {
        "type": "Point",
        "coordinates": [
          15.04952,
          41.7282
        ]
      }
    },
    {
      "type": "Feature",
      "properties": {
        "source": "viirs_snpp",
        "satellite": "N",
        "acq_at": "2026-10-03 13:04:00",
        "frp": "21.54",
        "confidence": "low"
      },
      "geometry": {
        "type": "Point",
        "coordinates": [
          18.89395,
          42.91637
        ]
      }
    },
    {
      "type": "Feature",
      "properties": {
        "source": "viirs_snpp",
        "satellite": "N",
        "acq_at": "2026-10-03 13:04:00",
        "frp": "26.13",
        "confidence": "high"
      },
      "geometry": {
        "type": "Point",
        "coordinates": [
          18.89002,
          42.92363
        ]
      }
    },
    {
      "type": "Feature",
      "properties": {
        "source": "viirs_snpp",
        "satellite": "N",
        "acq_at": "2026-10-03 13:04:00",
        "frp": "25.96",
        "confidence": "nominal"
      },
      "geometry": {
        "type": "Point",
        "coordinates": [
          18.90031,
          42.92359
        ]
      }
    },
    {
      "type": "Feature",
      "properties": {
        "source": "viirs_snpp",
        "satellite": "N",
        "acq_at": "2026-10-03 13:04:00",
        "frp": "26.13",
        "confidence": "nominal"
      },
      "geometry": {
        "type": "Point",
        "coordinates": [
          18.88203,
          42.92367
        ]
      }
    },
    {
      "type": "Feature",
      "properties": {
        "source": "viirs_snpp",
        "satellite": "N",
        "acq_at": "2026-10-03 13:04:00",
        "frp": "26.13",
        "confidence": "high"
      },
      "geometry": {
        "type": "Point",
        "coordinates": [
          18.87936,
          42.93092
        ]
      }
    },
    {
      "type": "Feature",
      "properties": {
        "source": "viirs_snpp",
        "satellite": "N",
        "acq_at": "2026-10-03 13:04:00",
        "frp": "26.13",
        "confidence": "nominal"
      },
      "geometry": {
        "type": "Point",
        "coordinates": [
          18.8872,
          42.93089
        ]
      }
    },
    {
      "type": "Feature",
      "properties": {
        "source": "viirs_snpp",
        "satellite": "N",
        "acq_at": "2026-10-03 13:04:00",
        "frp": "27.95",
        "confidence": "low"
      },
      "geometry": {
        "type": "Point",
        "coordinates": [
          18.89343,
          42.91694
        ]
      }
    },
    {
      "type": "Feature",
      "properties": {
        "source": "viirs_snpp",
        "satellite": "N",
        "acq_at": "2026-10-03 13:04:00",
        "frp": "25.95",
        "confidence": "high"
      },
      "geometry": {
        "type": "Point",
        "coordinates": [
          18.88954,
          42.92423
        ]
      }
    },
    {
      "type": "Feature",
      "properties": {
        "source": "viirs_snpp",
        "satellite": "N",
        "acq_at": "2026-10-03 13:04:00",
        "frp": "25.95",
        "confidence": "nominal"
      },
      "geometry": {
        "type": "Point",
        "coordinates": [
          18.89988,
          42.92414
        ]
      }
    },
    {
      "type": "Feature",
      "properties": {
        "source": "viirs_snpp",
        "satellite": "N",
        "acq_at": "2026-10-03 13:04:00",
        "frp": "34.28",
        "confidence": "nominal"
      },
      "geometry": {
        "type": "Point",
        "coordinates": [
          18.88157,
          42.9243
        ]
      }
    },
    {
      "type": "Feature",
      "properties": {
        "source": "viirs_snpp",
        "satellite": "N",
        "acq_at": "2026-10-03 13:04:00",
        "frp": "34.28",
        "confidence": "high"
      },
      "geometry": {
        "type": "Point",
        "coordinates": [
          18.87893,
          42.93158
        ]
      }
    },
    {
      "type": "Feature",
      "properties": {
        "source": "viirs_snpp",
        "satellite": "N",
        "acq_at": "2026-10-03 13:04:00",
        "frp": "25.95",
        "confidence": "nominal"
      },
      "geometry": {
        "type": "Point",
        "coordinates": [
          18.88688,
          42.93151
        ]
      }
    },
    {
      "type": "Feature",
      "properties": {
        "source": "viirs_snpp",
        "satellite": "N",
        "acq_at": "2026-10-03 13:04:00",
        "frp": "3.72",
        "confidence": "nominal"
      },
      "geometry": {
        "type": "Point",
        "coordinates": [
          17.78669,
          43.35447
        ]
      }
    },
    {
      "type": "Feature",
      "properties": {
        "source": "viirs_snpp",
        "satellite": "N",
        "acq_at": "2026-10-03 13:04:00",
        "frp": "6.59",
        "confidence": "nominal"
      },
      "geometry": {
        "type": "Point",
        "coordinates": [
          17.89017,
          43.43779
        ]
      }
    },
    {
      "type": "Feature",
      "properties": {
        "source": "viirs_snpp",
        "satellite": "N",
        "acq_at": "2026-10-03 13:04:00",
        "frp": "8.32",
        "confidence": "nominal"
      },
      "geometry": {
        "type": "Point",
        "coordinates": [
          17.89097,
          43.43671
        ]
      }
    },
    {
      "type": "Feature",
      "properties": {
        "source": "viirs_snpp",
        "satellite": "N",
        "acq_at": "2026-10-03 13:04:00",
        "frp": "9.98",
        "confidence": "high"
      },
      "geometry": {
        "type": "Point",
        "coordinates": [
          16.20379,
          43.51923
        ]
      }
    },
    {
      "type": "Feature",
      "properties": {
        "source": "viirs_snpp",
        "satellite": "N",
        "acq_at": "2026-10-03 13:04:00",
        "frp": "9.98",
        "confidence": "nominal"
      },
      "geometry": {
        "type": "Point",
        "coordinates": [
          16.21103,
          43.51934
        ]
      }
    },
    {
      "type": "Feature",
      "properties": {
        "source": "viirs_snpp",
        "satellite": "N",
        "acq_at": "2026-10-03 13:04:00",
        "frp": "16.35",
        "confidence": "high"
      },
      "geometry": {
        "type": "Point",
        "coordinates": [
          16.20512,
          43.5191
        ]
      }
    },
    {
      "type": "Feature",
      "properties": {
        "source": "viirs_snpp",
        "satellite": "N",
        "acq_at": "2026-10-03 13:04:00",
        "frp": "42.61",
        "confidence": "nominal"
      },
      "geometry": {
        "type": "Point",
        "coordinates": [
          17.60189,
          43.63586
        ]
      }
    },
    {
      "type": "Feature",
      "properties": {
        "source": "viirs_snpp",
        "satellite": "N",
        "acq_at": "2026-10-03 13:04:00",
        "frp": "45.47",
        "confidence": "low"
      },
      "geometry": {
        "type": "Point",
        "coordinates": [
          17.61335,
          43.63591
        ]
      }
    },
    {
      "type": "Feature",
      "properties": {
        "source": "viirs_snpp",
        "satellite": "N",
        "acq_at": "2026-10-03 13:04:00",
        "frp": "15.16",
        "confidence": "nominal"
      },
      "geometry": {
        "type": "Point",
        "coordinates": [
          17.59103,
          43.64956
        ]
      }
    },
    {
      "type": "Feature",
      "properties": {
        "source": "viirs_snpp",
        "satellite": "N",
        "acq_at": "2026-10-03 13:04:00",
        "frp": "61.15",
        "confidence": "nominal"
      },
      "geometry": {
        "type": "Point",
        "coordinates": [
          17.60223,
          43.63606
        ]
      }
    },
    {
      "type": "Feature",
      "properties": {
        "source": "viirs_snpp",
        "satellite": "N",
        "acq_at": "2026-10-03 13:04:00",
        "frp": "3.45",
        "confidence": "low"
      },
      "geometry": {
        "type": "Point",
        "coordinates": [
          16.89475,
          43.75751
        ]
      }
    },
    {
      "type": "Feature",
      "properties": {
        "source": "viirs_snpp",
        "satellite": "N",
        "acq_at": "2026-10-03 13:04:00",
        "frp": "5.62",
        "confidence": "nominal"
      },
      "geometry": {
        "type": "Point",
        "coordinates": [
          11.06671,
          44.50404
        ]
      }
    },
    {
      "type": "Feature",
      "properties": {
        "source": "viirs_snpp",
        "satellite": "N",
        "acq_at": "2026-10-03 13:04:00",
        "frp": "3.7",
        "confidence": "nominal"
      },
      "geometry": {
        "type": "Point",
        "coordinates": [
          16.9106,
          44.71878
        ]
      }
    },
    {
      "type": "Feature",
      "properties": {
        "source": "viirs_snpp",
        "satellite": "N",
        "acq_at": "2026-10-03 13:04:00",
        "frp": "4.68",
        "confidence": "nominal"
      },
      "geometry": {
        "type": "Point",
        "coordinates": [
          17.00979,
          44.89824
        ]
      }
    },
    {
      "type": "Feature",
      "properties": {
        "source": "viirs_snpp",
        "satellite": "N",
        "acq_at": "2026-10-03 13:04:00",
        "frp": "4.87",
        "confidence": "nominal"
      },
      "geometry": {
        "type": "Point",
        "coordinates": [
          12.02473,
          44.85433
        ]
      }
    },
    {
      "type": "Feature",
      "properties": {
        "source": "viirs_snpp",
        "satellite": "N",
        "acq_at": "2026-10-03 13:04:00",
        "frp": "4.1",
        "confidence": "nominal"
      },
      "geometry": {
        "type": "Point",
        "coordinates": [
          12.02477,
          44.85725
        ]
      }
    },
    {
      "type": "Feature",
      "properties": {
        "source": "viirs_snpp",
        "satellite": "N",
        "acq_at": "2026-10-03 13:04:00",
        "frp": "3.39",
        "confidence": "nominal"
      },
      "geometry": {
        "type": "Point",
        "coordinates": [
          12.08099,
          44.9079
        ]
      }
    },
    {
      "type": "Feature",
      "properties": {
        "source": "viirs_snpp",
        "satellite": "N",
        "acq_at": "2026-10-03 13:04:00",
        "frp": "2.78",
        "confidence": "nominal"
      },
      "geometry": {
        "type": "Point",
        "coordinates": [
          12.07633,
          44.90769
        ]
      }
    },
    {
      "type": "Feature",
      "properties": {
        "source": "viirs_snpp",
        "satellite": "N",
        "acq_at": "2026-10-03 13:04:00",
        "frp": "2.35",
        "confidence": "nominal"
      },
      "geometry": {
        "type": "Point",
        "coordinates": [
          11.74086,
          45.50499
        ]
      }
    },
    {
      "type": "Feature",
      "properties": {
        "source": "viirs_snpp",
        "satellite": "N",
        "acq_at": "2026-10-03 13:04:00",
        "frp": "1.46",
        "confidence": "nominal"
      },
      "geometry": {
        "type": "Point",
        "coordinates": [
          11.81395,
          45.56677
        ]
      }
    },
    {
      "type": "Feature",
      "properties": {
        "source": "viirs_snpp",
        "satellite": "N",
        "acq_at": "2026-10-03 13:04:00",
        "frp": "1.57",
        "confidence": "nominal"
      },
      "geometry": {
        "type": "Point",
        "coordinates": [
          13.13891,
          46.01548
        ]
      }
    },
    {
      "type": "Feature",
      "properties": {
        "source": "viirs_snpp",
        "satellite": "N",
        "acq_at": "2026-10-03 23:39:00",
        "frp": "7.96",
        "confidence": "nominal"
      },
      "geometry": {
        "type": "Point",
        "coordinates": [
          18.87731,
          42.93402
        ]
      }
    },
    {
      "type": "Feature",
      "properties": {
        "source": "viirs_snpp",
        "satellite": "N",
        "acq_at": "2026-10-03 23:39:00",
        "frp": "10.71",
        "confidence": "nominal"
      },
      "geometry": {
        "type": "Point",
        "coordinates": [
          18.8729,
          42.92661
        ]
      }
    },
    {
      "type": "Feature",
      "properties": {
        "source": "viirs_snpp",
        "satellite": "N",
        "acq_at": "2026-10-03 23:39:00",
        "frp": "3.57",
        "confidence": "nominal"
      },
      "geometry": {
        "type": "Point",
        "coordinates": [
          18.88694,
          42.92675
        ]
      }
    },
    {
      "type": "Feature",
      "properties": {
        "source": "viirs_snpp",
        "satellite": "N",
        "acq_at": "2026-10-03 23:39:00",
        "frp": "3.57",
        "confidence": "nominal"
      },
      "geometry": {
        "type": "Point",
        "coordinates": [
          18.89715,
          42.92686
        ]
      }
    },
    {
      "type": "Feature",
      "properties": {
        "source": "viirs_snpp",
        "satellite": "N",
        "acq_at": "2026-10-03 23:39:00",
        "frp": "3.57",
        "confidence": "nominal"
      },
      "geometry": {
        "type": "Point",
        "coordinates": [
          18.89379,
          42.91946
        ]
      }
    },
    {
      "type": "Feature",
      "properties": {
        "source": "viirs_snpp",
        "satellite": "N",
        "acq_at": "2026-10-03 23:39:00",
        "frp": "5.1",
        "confidence": "nominal"
      },
      "geometry": {
        "type": "Point",
        "coordinates": [
          18.87852,
          42.92704
        ]
      }
    },
    {
      "type": "Feature",
      "properties": {
        "source": "viirs_snpp",
        "satellite": "N",
        "acq_at": "2026-10-03 23:39:00",
        "frp": "8.28",
        "confidence": "nominal"
      },
      "geometry": {
        "type": "Point",
        "coordinates": [
          18.86618,
          42.92698
        ]
      }
    },
    {
      "type": "Feature",
      "properties": {
        "source": "viirs_snpp",
        "satellite": "N",
        "acq_at": "2026-10-03 23:39:00",
        "frp": "5.1",
        "confidence": "nominal"
      },
      "geometry": {
        "type": "Point",
        "coordinates": [
          18.89179,
          42.92712
        ]
      }
    },
    {
      "type": "Feature",
      "properties": {
        "source": "viirs_snpp",
        "satellite": "N",
        "acq_at": "2026-10-03 23:39:00",
        "frp": "1.99",
        "confidence": "nominal"
      },
      "geometry": {
        "type": "Point",
        "coordinates": [
          18.90025,
          42.92716
        ]
      }
    },
    {
      "type": "Feature",
      "properties": {
        "source": "viirs_snpp",
        "satellite": "N",
        "acq_at": "2026-10-03 23:39:00",
        "frp": "5.1",
        "confidence": "nominal"
      },
      "geometry": {
        "type": "Point",
        "coordinates": [
          18.88657,
          42.91973
        ]
      }
    },
    {
      "type": "Feature",
      "properties": {
        "source": "viirs_snpp",
        "satellite": "N",
        "acq_at": "2026-10-03 23:39:00",
        "frp": "1.99",
        "confidence": "nominal"
      },
      "geometry": {
        "type": "Point",
        "coordinates": [
          18.8983,
          42.9198
        ]
      }
    },
    {
      "type": "Feature",
      "properties": {
        "source": "viirs_snpp",
        "satellite": "N",
        "acq_at": "2026-10-03 23:39:00",
        "frp": "1.89",
        "confidence": "nominal"
      },
      "geometry": {
        "type": "Point",
        "coordinates": [
          18.89306,
          42.91241
        ]
      }
    },
    {
      "type": "Feature",
      "properties": {
        "source": "viirs_snpp",
        "satellite": "N",
        "acq_at": "2026-10-04 01:20:00",
        "frp": "1.1",
        "confidence": "nominal"
      },
      "geometry": {
        "type": "Point",
        "coordinates": [
          8.68504,
          45.78031
        ]
      }
    },
    {
      "type": "Feature",
      "properties": {
        "source": "viirs_snpp",
        "satellite": "N",
        "acq_at": "2026-10-04 01:20:00",
        "frp": "1.14",
        "confidence": "nominal"
      },
      "geometry": {
        "type": "Point",
        "coordinates": [
          11.07337,
          45.34507
        ]
      }
    },
    {
      "type": "Feature",
      "properties": {
        "source": "viirs_snpp",
        "satellite": "N",
        "acq_at": "2026-10-04 01:20:00",
        "frp": "0.37",
        "confidence": "nominal"
      },
      "geometry": {
        "type": "Point",
        "coordinates": [
          9.13161,
          45.42044
        ]
      }
    },
    {
      "type": "Feature",
      "properties": {
        "source": "viirs_snpp",
        "satellite": "N",
        "acq_at": "2026-10-04 01:20:00",
        "frp": "2.58",
        "confidence": "nominal"
      },
      "geometry": {
        "type": "Point",
        "coordinates": [
          17.58961,
          43.64695
        ]
      }
    },
    {
      "type": "Feature",
      "properties": {
        "source": "viirs_snpp",
        "satellite": "N",
        "acq_at": "2026-10-04 01:20:00",
        "frp": "12.48",
        "confidence": "nominal"
      },
      "geometry": {
        "type": "Point",
        "coordinates": [
          18.87821,
          42.93431
        ]
      }
    },
    {
      "type": "Feature",
      "properties": {
        "source": "viirs_snpp",
        "satellite": "N",
        "acq_at": "2026-10-04 01:20:00",
        "frp": "7.65",
        "confidence": "nominal"
      },
      "geometry": {
        "type": "Point",
        "coordinates": [
          18.88451,
          42.93295
        ]
      }
    },
    {
      "type": "Feature",
      "properties": {
        "source": "viirs_snpp",
        "satellite": "N",
        "acq_at": "2026-10-04 01:20:00",
        "frp": "12.48",
        "confidence": "nominal"
      },
      "geometry": {
        "type": "Point",
        "coordinates": [
          18.87717,
          42.9304
        ]
      }
    },
    {
      "type": "Feature",
      "properties": {
        "source": "viirs_snpp",
        "satellite": "N",
        "acq_at": "2026-10-04 01:20:00",
        "frp": "7.65",
        "confidence": "nominal"
      },
      "geometry": {
        "type": "Point",
        "coordinates": [
          18.88342,
          42.92906
        ]
      }
    },
    {
      "type": "Feature",
      "properties": {
        "source": "viirs_snpp",
        "satellite": "N",
        "acq_at": "2026-10-04 01:20:00",
        "frp": "2.43",
        "confidence": "nominal"
      },
      "geometry": {
        "type": "Point",
        "coordinates": [
          18.89667,
          42.92619
        ]
      }
    },
    {
      "type": "Feature",
      "properties": {
        "source": "viirs_snpp",
        "satellite": "N",
        "acq_at": "2026-10-04 01:20:00",
        "frp": "3.29",
        "confidence": "nominal"
      },
      "geometry": {
        "type": "Point",
        "coordinates": [
          18.87616,
          42.92649
        ]
      }
    },
    {
      "type": "Feature",
      "properties": {
        "source": "viirs_snpp",
        "satellite": "N",
        "acq_at": "2026-10-04 01:20:00",
        "frp": "1.61",
        "confidence": "nominal"
      },
      "geometry": {
        "type": "Point",
        "coordinates": [
          18.88248,
          42.92512
        ]
      }
    },
    {
      "type": "Feature",
      "properties": {
        "source": "viirs_snpp",
        "satellite": "N",
        "acq_at": "2026-10-04 01:20:00",
        "frp": "2.46",
        "confidence": "nominal"
      },
      "geometry": {
        "type": "Point",
        "coordinates": [
          18.89548,
          42.92231
        ]
      }
    },
    {
      "type": "Feature",
      "properties": {
        "source": "viirs_snpp",
        "satellite": "N",
        "acq_at": "2026-10-04 01:20:00",
        "frp": "1.61",
        "confidence": "nominal"
      },
      "geometry": {
        "type": "Point",
        "coordinates": [
          18.88801,
          42.91979
        ]
      }
    },
    {
      "type": "Feature",
      "properties": {
        "source": "viirs_snpp",
        "satellite": "N",
        "acq_at": "2026-10-04 01:20:00",
        "frp": "2.46",
        "confidence": "nominal"
      },
      "geometry": {
        "type": "Point",
        "coordinates": [
          18.90128,
          42.91691
        ]
      }
    },
    {
      "type": "Feature",
      "properties": {
        "source": "viirs_snpp",
        "satellite": "N",
        "acq_at": "2026-10-04 01:20:00",
        "frp": "1.63",
        "confidence": "nominal"
      },
      "geometry": {
        "type": "Point",
        "coordinates": [
          18.90026,
          42.91299
        ]
      }
    },
    {
      "type": "Feature",
      "properties": {
        "source": "viirs_snpp",
        "satellite": "N",
        "acq_at": "2026-10-04 01:20:00",
        "frp": "2.94",
        "confidence": "nominal"
      },
      "geometry": {
        "type": "Point",
        "coordinates": [
          18.88719,
          42.91583
        ]
      }
    },
    {
      "type": "Feature",
      "properties": {
        "source": "viirs_snpp",
        "satellite": "N",
        "acq_at": "2026-10-04 01:20:00",
        "frp": "1.63",
        "confidence": "nominal"
      },
      "geometry": {
        "type": "Point",
        "coordinates": [
          18.89373,
          42.91441
        ]
      }
    },
    {
      "type": "Feature",
      "properties": {
        "source": "viirs_snpp",
        "satellite": "N",
        "acq_at": "2026-10-04 01:20:00",
        "frp": "1.63",
        "confidence": "nominal"
      },
      "geometry": {
        "type": "Point",
        "coordinates": [
          18.89279,
          42.91047
        ]
      }
    },
    {
      "type": "Feature",
      "properties": {
        "source": "viirs_snpp",
        "satellite": "N",
        "acq_at": "2026-10-04 01:20:00",
        "frp": "1.63",
        "confidence": "nominal"
      },
      "geometry": {
        "type": "Point",
        "coordinates": [
          18.89928,
          42.90906
        ]
      }
    },
    {
      "type": "Feature",
      "properties": {
        "source": "viirs_snpp",
        "satellite": "N",
        "acq_at": "2026-10-04 01:20:00",
        "frp": "1.51",
        "confidence": "nominal"
      },
      "geometry": {
        "type": "Point",
        "coordinates": [
          8.66086,
          44.5501
        ]
      }
    },
    {
      "type": "Feature",
      "properties": {
        "source": "viirs_snpp",
        "satellite": "N",
        "acq_at": "2026-10-04 01:20:00",
        "frp": "1.51",
        "confidence": "nominal"
      },
      "geometry": {
        "type": "Point",
        "coordinates": [
          8.66662,
          44.54941
        ]
      }
    },
    {
      "type": "Feature",
      "properties": {
        "source": "viirs_snpp",
        "satellite": "N",
        "acq_at": "2026-10-04 01:20:00",
        "frp": "0.73",
        "confidence": "nominal"
      },
      "geometry": {
        "type": "Point",
        "coordinates": [
          17.58191,
          43.06061
        ]
      }
    },
    {
      "type": "Feature",
      "properties": {
        "source": "viirs_snpp",
        "satellite": "N",
        "acq_at": "2026-10-04 01:20:00",
        "frp": "0.73",
        "confidence": "nominal"
      },
      "geometry": {
        "type": "Point",
        "coordinates": [
          17.58881,
          43.05919
        ]
      }
    },
    {
      "type": "Feature",
      "properties": {
        "source": "viirs_snpp",
        "satellite": "N",
        "acq_at": "2026-10-04 01:20:00",
        "frp": "2.47",
        "confidence": "nominal"
      },
      "geometry": {
        "type": "Point",
        "coordinates": [
          17.58694,
          43.05568
        ]
      }
    },
    {
      "type": "Feature",
      "properties": {
        "source": "viirs_snpp",
        "satellite": "N",
        "acq_at": "2026-10-04 01:20:00",
        "frp": "0.68",
        "confidence": "nominal"
      },
      "geometry": {
        "type": "Point",
        "coordinates": [
          17.59373,
          43.05428
        ]
      }
    },
    {
      "type": "Feature",
      "properties": {
        "source": "viirs_snpp",
        "satellite": "N",
        "acq_at": "2026-10-04 01:20:00",
        "frp": "0.68",
        "confidence": "nominal"
      },
      "geometry": {
        "type": "Point",
        "coordinates": [
          17.59196,
          43.05075
        ]
      }
    },
    {
      "type": "Feature",
      "properties": {
        "source": "viirs_snpp",
        "satellite": "N",
        "acq_at": "2026-10-04 01:20:00",
        "frp": "2.58",
        "confidence": "nominal"
      },
      "geometry": {
        "type": "Point",
        "coordinates": [
          8.77753,
          44.44351
        ]
      }
    },
    {
      "type": "Feature",
      "properties": {
        "source": "viirs_snpp",
        "satellite": "N",
        "acq_at": "2026-10-04 01:20:00",
        "frp": "1.53",
        "confidence": "nominal"
      },
      "geometry": {
        "type": "Point",
        "coordinates": [
          8.77657,
          44.44313
        ]
      }
    },
    {
      "type": "Feature",
      "properties": {
        "source": "viirs_snpp",
        "satellite": "N",
        "acq_at": "2026-10-04 01:20:00",
        "frp": "0.7",
        "confidence": "nominal"
      },
      "geometry": {
        "type": "Point",
        "coordinates": [
          8.78221,
          44.44245
        ]
      }
    },
    {
      "type": "Feature",
      "properties": {
        "source": "viirs_snpp",
        "satellite": "N",
        "acq_at": "2026-10-04 01:20:00",
        "frp": "1.59",
        "confidence": "nominal"
      },
      "geometry": {
        "type": "Point",
        "coordinates": [
          15.30306,
          41.88888
        ]
      }
    },
    {
      "type": "Feature",
      "properties": {
        "source": "viirs_snpp",
        "satellite": "N",
        "acq_at": "2026-10-04 01:20:00",
        "frp": "1.72",
        "confidence": "nominal"
      },
      "geometry": {
        "type": "Point",
        "coordinates": [
          15.30191,
          41.88546
        ]
      }
    },
    {
      "type": "Feature",
      "properties": {
        "source": "viirs_snpp",
        "satellite": "N",
        "acq_at": "2026-10-04 01:20:00",
        "frp": "0.6",
        "confidence": "nominal"
      },
      "geometry": {
        "type": "Point",
        "coordinates": [
          15.34047,
          41.33595
        ]
      }
    },
    {
      "type": "Feature",
      "properties": {
        "source": "viirs_snpp",
        "satellite": "N",
        "acq_at": "2026-10-04 01:20:00",
        "frp": "0.73",
        "confidence": "nominal"
      },
      "geometry": {
        "type": "Point",
        "coordinates": [
          15.26403,
          41.22919
        ]
      }
    },
    {
      "type": "Feature",
      "properties": {
        "source": "viirs_snpp",
        "satellite": "N",
        "acq_at": "2026-10-04 01:20:00",
        "frp": "0.65",
        "confidence": "nominal"
      },
      "geometry": {
        "type": "Point",
        "coordinates": [
          15.88657,
          41.03893
        ]
      }
    },
    {
      "type": "Feature",
      "properties": {
        "source": "viirs_snpp",
        "satellite": "N",
        "acq_at": "2026-10-04 01:20:00",
        "frp": "0.8",
        "confidence": "nominal"
      },
      "geometry": {
        "type": "Point",
        "coordinates": [
          15.88425,
          41.03833
        ]
      }
    },
    {
      "type": "Feature",
      "properties": {
        "source": "viirs_snpp",
        "satellite": "N",
        "acq_at": "2026-10-04 01:20:00",
        "frp": "0.9",
        "confidence": "nominal"
      },
      "geometry": {
        "type": "Point",
        "coordinates": [
          17.79715,
          40.62376
        ]
      }
    },
    {
      "type": "Feature",
      "properties": {
        "source": "viirs_snpp",
        "satellite": "N",
        "acq_at": "2026-10-04 01:20:00",
        "frp": "0.79",
        "confidence": "nominal"
      },
      "geometry": {
        "type": "Point",
        "coordinates": [
          16.65604,
          40.67503
        ]
      }
    },
    {
      "type": "Feature",
      "properties": {
        "source": "viirs_snpp",
        "satellite": "N",
        "acq_at": "2026-10-04 01:20:00",
        "frp": "0.42",
        "confidence": "nominal"
      },
      "geometry": {
        "type": "Point",
        "coordinates": [
          18.03577,
          40.28854
        ]
      }
    },
    {
      "type": "Feature",
      "properties": {
        "source": "viirs_snpp",
        "satellite": "N",
        "acq_at": "2026-10-04 01:20:00",
        "frp": "0.58",
        "confidence": "nominal"
      },
      "geometry": {
        "type": "Point",
        "coordinates": [
          18.03436,
          40.28465
        ]
      }
    },
    {
      "type": "Feature",
      "properties": {
        "source": "viirs_snpp",
        "satellite": "N",
        "acq_at": "2026-10-04 01:22:00",
        "frp": "1.21",
        "confidence": "nominal"
      },
      "geometry": {
        "type": "Point",
        "coordinates": [
          16.0925,
          39.66507
        ]
      }
    },
    {
      "type": "Feature",
      "properties": {
        "source": "viirs_snpp",
        "satellite": "N",
        "acq_at": "2026-10-04 01:22:00",
        "frp": "1.06",
        "confidence": "nominal"
      },
      "geometry": {
        "type": "Point",
        "coordinates": [
          8.7506,
          40.32918
        ]
      }
    },
    {
      "type": "Feature",
      "properties": {
        "source": "viirs_snpp",
        "satellite": "N",
        "acq_at": "2026-10-04 01:22:00",
        "frp": "0.99",
        "confidence": "nominal"
      },
      "geometry": {
        "type": "Point",
        "coordinates": [
          8.59881,
          40.27437
        ]
      }
    },
    {
      "type": "Feature",
      "properties": {
        "source": "viirs_snpp",
        "satellite": "N",
        "acq_at": "2026-10-04 01:22:00",
        "frp": "0.99",
        "confidence": "nominal"
      },
      "geometry": {
        "type": "Point",
        "coordinates": [
          8.60385,
          40.27372
        ]
      }
    },
    {
      "type": "Feature",
      "properties": {
        "source": "viirs_snpp",
        "satellite": "N",
        "acq_at": "2026-10-04 01:22:00",
        "frp": "2.47",
        "confidence": "nominal"
      },
      "geometry": {
        "type": "Point",
        "coordinates": [
          8.53643,
          40.23928
        ]
      }
    },
    {
      "type": "Feature",
      "properties": {
        "source": "viirs_snpp",
        "satellite": "N",
        "acq_at": "2026-10-04 01:22:00",
        "frp": "0.39",
        "confidence": "nominal"
      },
      "geometry": {
        "type": "Point",
        "coordinates": [
          8.99706,
          39.46596
        ]
      }
    },
    {
      "type": "Feature",
      "properties": {
        "source": "viirs_snpp",
        "satellite": "N",
        "acq_at": "2026-10-04 01:22:00",
        "frp": "1.34",
        "confidence": "nominal"
      },
      "geometry": {
        "type": "Point",
        "coordinates": [
          13.07006,
          37.85036
        ]
      }
    },
    {
      "type": "Feature",
      "properties": {
        "source": "viirs_snpp",
        "satellite": "N",
        "acq_at": "2026-10-04 01:22:00",
        "frp": "0.34",
        "confidence": "nominal"
      },
      "geometry": {
        "type": "Point",
        "coordinates": [
          13.86945,
          37.60906
        ]
      }
    },
    {
      "type": "Feature",
      "properties": {
        "source": "viirs_snpp",
        "satellite": "N",
        "acq_at": "2026-10-04 01:22:00",
        "frp": "0.55",
        "confidence": "nominal"
      },
      "geometry": {
        "type": "Point",
        "coordinates": [
          12.478,
          37.7678
        ]
      }
    },
    {
      "type": "Feature",
      "properties": {
        "source": "viirs_snpp",
        "satellite": "N",
        "acq_at": "2026-10-04 01:22:00",
        "frp": "1.29",
        "confidence": "nominal"
      },
      "geometry": {
        "type": "Point",
        "coordinates": [
          13.7569,
          37.50928
        ]
      }
    },
    {
      "type": "Feature",
      "properties": {
        "source": "viirs_snpp",
        "satellite": "N",
        "acq_at": "2026-10-04 01:22:00",
        "frp": "1",
        "confidence": "nominal"
      },
      "geometry": {
        "type": "Point",
        "coordinates": [
          13.76192,
          37.50834
        ]
      }
    },
    {
      "type": "Feature",
      "properties": {
        "source": "viirs_snpp",
        "satellite": "N",
        "acq_at": "2026-10-04 01:22:00",
        "frp": "0.24",
        "confidence": "nominal"
      },
      "geometry": {
        "type": "Point",
        "coordinates": [
          9.75751,
          37.22971
        ]
      }
    },
    {
      "type": "Feature",
      "properties": {
        "source": "viirs_snpp",
        "satellite": "N",
        "acq_at": "2026-10-04 01:22:00",
        "frp": "0.76",
        "confidence": "nominal"
      },
      "geometry": {
        "type": "Point",
        "coordinates": [
          9.25271,
          37.10548
        ]
      }
    },
    {
      "type": "Feature",
      "properties": {
        "source": "viirs_snpp",
        "satellite": "N",
        "acq_at": "2026-10-04 01:22:00",
        "frp": "0.76",
        "confidence": "nominal"
      },
      "geometry": {
        "type": "Point",
        "coordinates": [
          9.25636,
          37.1015
        ]
      }
    },
    {
      "type": "Feature",
      "properties": {
        "source": "viirs_snpp",
        "satellite": "N",
        "acq_at": "2026-10-04 01:22:00",
        "frp": "0.77",
        "confidence": "nominal"
      },
      "geometry": {
        "type": "Point",
        "coordinates": [
          9.2468,
          37.09946
        ]
      }
    },
    {
      "type": "Feature",
      "properties": {
        "source": "viirs_snpp",
        "satellite": "N",
        "acq_at": "2026-10-04 01:22:00",
        "frp": "0.99",
        "confidence": "nominal"
      },
      "geometry": {
        "type": "Point",
        "coordinates": [
          9.25998,
          37.09752
        ]
      }
    },
    {
      "type": "Feature",
      "properties": {
        "source": "viirs_snpp",
        "satellite": "N",
        "acq_at": "2026-10-04 01:22:00",
        "frp": "0.77",
        "confidence": "nominal"
      },
      "geometry": {
        "type": "Point",
        "coordinates": [
          9.24602,
          37.09613
        ]
      }
    },
    {
      "type": "Feature",
      "properties": {
        "source": "viirs_snpp",
        "satellite": "N",
        "acq_at": "2026-10-04 01:22:00",
        "frp": "1.02",
        "confidence": "nominal"
      },
      "geometry": {
        "type": "Point",
        "coordinates": [
          9.25044,
          37.09547
        ]
      }
    },
    {
      "type": "Feature",
      "properties": {
        "source": "viirs_snpp",
        "satellite": "N",
        "acq_at": "2026-10-04 01:22:00",
        "frp": "1.02",
        "confidence": "nominal"
      },
      "geometry": {
        "type": "Point",
        "coordinates": [
          9.25484,
          37.09483
        ]
      }
    },
    {
      "type": "Feature",
      "properties": {
        "source": "viirs_snpp",
        "satellite": "N",
        "acq_at": "2026-10-04 01:22:00",
        "frp": "0.99",
        "confidence": "nominal"
      },
      "geometry": {
        "type": "Point",
        "coordinates": [
          9.25921,
          37.09419
        ]
      }
    },
    {
      "type": "Feature",
      "properties": {
        "source": "viirs_snpp",
        "satellite": "N",
        "acq_at": "2026-10-04 01:22:00",
        "frp": "3.29",
        "confidence": "nominal"
      },
      "geometry": {
        "type": "Point",
        "coordinates": [
          9.67669,
          37.02509
        ]
      }
    },
    {
      "type": "Feature",
      "properties": {
        "source": "viirs_snpp",
        "satellite": "N",
        "acq_at": "2026-10-04 01:22:00",
        "frp": "0.81",
        "confidence": "nominal"
      },
      "geometry": {
        "type": "Point",
        "coordinates": [
          10.27402,
          36.88885
        ]
      }
    },
    {
      "type": "Feature",
      "properties": {
        "source": "viirs_snpp",
        "satellite": "N",
        "acq_at": "2026-10-04 01:22:00",
        "frp": "0.81",
        "confidence": "nominal"
      },
      "geometry": {
        "type": "Point",
        "coordinates": [
          10.27322,
          36.88556
        ]
      }
    },
    {
      "type": "Feature",
      "properties": {
        "source": "viirs_snpp",
        "satellite": "N",
        "acq_at": "2026-10-04 01:22:00",
        "frp": "2.26",
        "confidence": "nominal"
      },
      "geometry": {
        "type": "Point",
        "coordinates": [
          9.11676,
          36.9089
        ]
      }
    },
    {
      "type": "Feature",
      "properties": {
        "source": "viirs_snpp",
        "satellite": "N",
        "acq_at": "2026-10-04 01:22:00",
        "frp": "2.26",
        "confidence": "nominal"
      },
      "geometry": {
        "type": "Point",
        "coordinates": [
          9.11594,
          36.90557
        ]
      }
    },
    {
      "type": "Feature",
      "properties": {
        "source": "viirs_snpp",
        "satellite": "N",
        "acq_at": "2026-10-04 01:22:00",
        "frp": "0.81",
        "confidence": "nominal"
      },
      "geometry": {
        "type": "Point",
        "coordinates": [
          10.61975,
          36.52161
        ]
      }
    },
    {
      "type": "Feature",
      "properties": {
        "source": "viirs_snpp",
        "satellite": "N",
        "acq_at": "2026-10-04 01:22:00",
        "frp": "4.25",
        "confidence": "nominal"
      },
      "geometry": {
        "type": "Point",
        "coordinates": [
          9.21136,
          36.6336
        ]
      }
    },
    {
      "type": "Feature",
      "properties": {
        "source": "viirs_snpp",
        "satellite": "N",
        "acq_at": "2026-10-04 01:22:00",
        "frp": "0.62",
        "confidence": "nominal"
      },
      "geometry": {
        "type": "Point",
        "coordinates": [
          8.57158,
          36.49937
        ]
      }
    },
    {
      "type": "Feature",
      "properties": {
        "source": "viirs_snpp",
        "satellite": "N",
        "acq_at": "2026-10-04 01:22:00",
        "frp": "0.34",
        "confidence": "nominal"
      },
      "geometry": {
        "type": "Point",
        "coordinates": [
          8.17098,
          35.40161
        ]
      }
    },
    {
      "type": "Feature",
      "properties": {
        "source": "viirs_noaa20",
        "satellite": "N20",
        "acq_at": "2026-10-03 11:40:00",
        "frp": "1.74",
        "confidence": "low"
      },
      "geometry": {
        "type": "Point",
        "coordinates": [
          13.79546,
          37.14773
        ]
      }
    },
    {
      "type": "Feature",
      "properties": {
        "source": "viirs_noaa20",
        "satellite": "N20",
        "acq_at": "2026-10-03 11:40:00",
        "frp": "4",
        "confidence": "nominal"
      },
      "geometry": {
        "type": "Point",
        "coordinates": [
          14.62051,
          37.35804
        ]
      }
    },
    {
      "type": "Feature",
      "properties": {
        "source": "viirs_noaa20",
        "satellite": "N20",
        "acq_at": "2026-10-03 11:40:00",
        "frp": "2.62",
        "confidence": "nominal"
      },
      "geometry": {
        "type": "Point",
        "coordinates": [
          10.24227,
          36.36927
        ]
      }
    },
    {
      "type": "Feature",
      "properties": {
        "source": "viirs_noaa20",
        "satellite": "N20",
        "acq_at": "2026-10-03 11:40:00",
        "frp": "2.35",
        "confidence": "nominal"
      },
      "geometry": {
        "type": "Point",
        "coordinates": [
          9.99848,
          36.30328
        ]
      }
    },
    {
      "type": "Feature",
      "properties": {
        "source": "viirs_noaa20",
        "satellite": "N20",
        "acq_at": "2026-10-03 11:40:00",
        "frp": "4.87",
        "confidence": "nominal"
      },
      "geometry": {
        "type": "Point",
        "coordinates": [
          13.90874,
          37.31824
        ]
      }
    },
    {
      "type": "Feature",
      "properties": {
        "source": "viirs_noaa20",
        "satellite": "N20",
        "acq_at": "2026-10-03 11:40:00",
        "frp": "2.35",
        "confidence": "nominal"
      },
      "geometry": {
        "type": "Point",
        "coordinates": [
          13.93306,
          37.33215
        ]
      }
    },
    {
      "type": "Feature",
      "properties": {
        "source": "viirs_noaa20",
        "satellite": "N20",
        "acq_at": "2026-10-03 11:40:00",
        "frp": "3.23",
        "confidence": "nominal"
      },
      "geometry": {
        "type": "Point",
        "coordinates": [
          14.07976,
          37.37948
        ]
      }
    },
    {
      "type": "Feature",
      "properties": {
        "source": "viirs_noaa20",
        "satellite": "N20",
        "acq_at": "2026-10-03 11:40:00",
        "frp": "2.31",
        "confidence": "nominal"
      },
      "geometry": {
        "type": "Point",
        "coordinates": [
          14.04092,
          37.40984
        ]
      }
    },
    {
      "type": "Feature",
      "properties": {
        "source": "viirs_noaa20",
        "satellite": "N20",
        "acq_at": "2026-10-03 11:40:00",
        "frp": "3.73",
        "confidence": "nominal"
      },
      "geometry": {
        "type": "Point",
        "coordinates": [
          13.83433,
          37.42601
        ]
      }
    },
    {
      "type": "Feature",
      "properties": {
        "source": "viirs_noaa20",
        "satellite": "N20",
        "acq_at": "2026-10-03 11:40:00",
        "frp": "2.56",
        "confidence": "nominal"
      },
      "geometry": {
        "type": "Point",
        "coordinates": [
          13.75868,
          37.44641
        ]
      }
    },
    {
      "type": "Feature",
      "properties": {
        "source": "viirs_noaa20",
        "satellite": "N20",
        "acq_at": "2026-10-03 11:40:00",
        "frp": "9.07",
        "confidence": "nominal"
      },
      "geometry": {
        "type": "Point",
        "coordinates": [
          13.89765,
          37.48117
        ]
      }
    },
    {
      "type": "Feature",
      "properties": {
        "source": "viirs_noaa20",
        "satellite": "N20",
        "acq_at": "2026-10-03 11:40:00",
        "frp": "3.32",
        "confidence": "nominal"
      },
      "geometry": {
        "type": "Point",
        "coordinates": [
          8.87382,
          36.31793
        ]
      }
    },
    {
      "type": "Feature",
      "properties": {
        "source": "viirs_noaa20",
        "satellite": "N20",
        "acq_at": "2026-10-03 11:40:00",
        "frp": "3.07",
        "confidence": "nominal"
      },
      "geometry": {
        "type": "Point",
        "coordinates": [
          14.3623,
          37.62775
        ]
      }
    },
    {
      "type": "Feature",
      "properties": {
        "source": "viirs_noaa20",
        "satellite": "N20",
        "acq_at": "2026-10-03 11:40:00",
        "frp": "9.34",
        "confidence": "nominal"
      },
      "geometry": {
        "type": "Point",
        "coordinates": [
          13.51133,
          37.4805
        ]
      }
    },
    {
      "type": "Feature",
      "properties": {
        "source": "viirs_noaa20",
        "satellite": "N20",
        "acq_at": "2026-10-03 11:40:00",
        "frp": "6.28",
        "confidence": "nominal"
      },
      "geometry": {
        "type": "Point",
        "coordinates": [
          13.5132,
          37.481
        ]
      }
    },
    {
      "type": "Feature",
      "properties": {
        "source": "viirs_noaa20",
        "satellite": "N20",
        "acq_at": "2026-10-03 11:40:00",
        "frp": "3.52",
        "confidence": "nominal"
      },
      "geometry": {
        "type": "Point",
        "coordinates": [
          8.5579,
          36.32137
        ]
      }
    },
    {
      "type": "Feature",
      "properties": {
        "source": "viirs_noaa20",
        "satellite": "N20",
        "acq_at": "2026-10-03 11:40:00",
        "frp": "5.13",
        "confidence": "nominal"
      },
      "geometry": {
        "type": "Point",
        "coordinates": [
          13.48056,
          37.53585
        ]
      }
    },
    {
      "type": "Feature",
      "properties": {
        "source": "viirs_noaa20",
        "satellite": "N20",
        "acq_at": "2026-10-03 11:40:00",
        "frp": "5.99",
        "confidence": "nominal"
      },
      "geometry": {
        "type": "Point",
        "coordinates": [
          13.35555,
          37.51278
        ]
      }
    },
    {
      "type": "Feature",
      "properties": {
        "source": "viirs_noaa20",
        "satellite": "N20",
        "acq_at": "2026-10-03 11:40:00",
        "frp": "9.81",
        "confidence": "nominal"
      },
      "geometry": {
        "type": "Point",
        "coordinates": [
          7.01977,
          35.92687
        ]
      }
    },
    {
      "type": "Feature",
      "properties": {
        "source": "viirs_noaa20",
        "satellite": "N20",
        "acq_at": "2026-10-03 11:40:00",
        "frp": "11.69",
        "confidence": "high"
      },
      "geometry": {
        "type": "Point",
        "coordinates": [
          7.02128,
          35.92793
        ]
      }
    },
    {
      "type": "Feature",
      "properties": {
        "source": "viirs_noaa20",
        "satellite": "N20",
        "acq_at": "2026-10-03 11:40:00",
        "frp": "4.1",
        "confidence": "nominal"
      },
      "geometry": {
        "type": "Point",
        "coordinates": [
          13.14887,
          37.64857
        ]
      }
    },
    {
      "type": "Feature",
      "properties": {
        "source": "viirs_noaa20",
        "satellite": "N20",
        "acq_at": "2026-10-03 11:40:00",
        "frp": "7.46",
        "confidence": "nominal"
      },
      "geometry": {
        "type": "Point",
        "coordinates": [
          12.97689,
          37.72564
        ]
      }
    },
    {
      "type": "Feature",
      "properties": {
        "source": "viirs_noaa20",
        "satellite": "N20",
        "acq_at": "2026-10-03 11:40:00",
        "frp": "4.68",
        "confidence": "nominal"
      },
      "geometry": {
        "type": "Point",
        "coordinates": [
          9.18706,
          36.79654
        ]
      }
    },
    {
      "type": "Feature",
      "properties": {
        "source": "viirs_noaa20",
        "satellite": "N20",
        "acq_at": "2026-10-03 11:40:00",
        "frp": "5.59",
        "confidence": "nominal"
      },
      "geometry": {
        "type": "Point",
        "coordinates": [
          13.08104,
          37.77167
        ]
      }
    },
    {
      "type": "Feature",
      "properties": {
        "source": "viirs_noaa20",
        "satellite": "N20",
        "acq_at": "2026-10-03 11:40:00",
        "frp": "4.59",
        "confidence": "nominal"
      },
      "geometry": {
        "type": "Point",
        "coordinates": [
          15.90238,
          38.38979
        ]
      }
    },
    {
      "type": "Feature",
      "properties": {
        "source": "viirs_noaa20",
        "satellite": "N20",
        "acq_at": "2026-10-03 11:40:00",
        "frp": "23.35",
        "confidence": "nominal"
      },
      "geometry": {
        "type": "Point",
        "coordinates": [
          13.04877,
          37.80058
        ]
      }
    },
    {
      "type": "Feature",
      "properties": {
        "source": "viirs_noaa20",
        "satellite": "N20",
        "acq_at": "2026-10-03 11:40:00",
        "frp": "2.74",
        "confidence": "nominal"
      },
      "geometry": {
        "type": "Point",
        "coordinates": [
          13.09067,
          37.81885
        ]
      }
    },
    {
      "type": "Feature",
      "properties": {
        "source": "viirs_noaa20",
        "satellite": "N20",
        "acq_at": "2026-10-03 11:40:00",
        "frp": "3.25",
        "confidence": "nominal"
      },
      "geometry": {
        "type": "Point",
        "coordinates": [
          13.10958,
          37.82752
        ]
      }
    },
    {
      "type": "Feature",
      "properties": {
        "source": "viirs_noaa20",
        "satellite": "N20",
        "acq_at": "2026-10-03 11:40:00",
        "frp": "7.84",
        "confidence": "nominal"
      },
      "geometry": {
        "type": "Point",
        "coordinates": [
          13.11108,
          37.83094
        ]
      }
    },
    {
      "type": "Feature",
      "properties": {
        "source": "viirs_noaa20",
        "satellite": "N20",
        "acq_at": "2026-10-03 11:40:00",
        "frp": "7.28",
        "confidence": "nominal"
      },
      "geometry": {
        "type": "Point",
        "coordinates": [
          13.06177,
          37.8333
        ]
      }
    },
    {
      "type": "Feature",
      "properties": {
        "source": "viirs_noaa20",
        "satellite": "N20",
        "acq_at": "2026-10-03 11:40:00",
        "frp": "7.91",
        "confidence": "nominal"
      },
      "geometry": {
        "type": "Point",
        "coordinates": [
          13.0565,
          37.8321
        ]
      }
    },
    {
      "type": "Feature",
      "properties": {
        "source": "viirs_noaa20",
        "satellite": "N20",
        "acq_at": "2026-10-03 11:40:00",
        "frp": "3.7",
        "confidence": "nominal"
      },
      "geometry": {
        "type": "Point",
        "coordinates": [
          9.88453,
          37.0849
        ]
      }
    },
    {
      "type": "Feature",
      "properties": {
        "source": "viirs_noaa20",
        "satellite": "N20",
        "acq_at": "2026-10-03 11:40:00",
        "frp": "8.06",
        "confidence": "nominal"
      },
      "geometry": {
        "type": "Point",
        "coordinates": [
          13.07486,
          37.85879
        ]
      }
    },
    {
      "type": "Feature",
      "properties": {
        "source": "viirs_noaa20",
        "satellite": "N20",
        "acq_at": "2026-10-03 11:40:00",
        "frp": "3.61",
        "confidence": "nominal"
      },
      "geometry": {
        "type": "Point",
        "coordinates": [
          9.3282,
          37.01376
        ]
      }
    },
    {
      "type": "Feature",
      "properties": {
        "source": "viirs_noaa20",
        "satellite": "N20",
        "acq_at": "2026-10-03 11:40:00",
        "frp": "2.82",
        "confidence": "nominal"
      },
      "geometry": {
        "type": "Point",
        "coordinates": [
          16.442,
          38.72115
        ]
      }
    },
    {
      "type": "Feature",
      "properties": {
        "source": "viirs_noaa20",
        "satellite": "N20",
        "acq_at": "2026-10-03 11:40:00",
        "frp": "3.42",
        "confidence": "nominal"
      },
      "geometry": {
        "type": "Point",
        "coordinates": [
          16.44104,
          38.7247
        ]
      }
    },
    {
      "type": "Feature",
      "properties": {
        "source": "viirs_noaa20",
        "satellite": "N20",
        "acq_at": "2026-10-03 11:40:00",
        "frp": "3.08",
        "confidence": "nominal"
      },
      "geometry": {
        "type": "Point",
        "coordinates": [
          7.85743,
          36.76017
        ]
      }
    },
    {
      "type": "Feature",
      "properties": {
        "source": "viirs_noaa20",
        "satellite": "N20",
        "acq_at": "2026-10-03 11:40:00",
        "frp": "11.46",
        "confidence": "high"
      },
      "geometry": {
        "type": "Point",
        "coordinates": [
          7.85509,
          36.7657
        ]
      }
    },
    {
      "type": "Feature",
      "properties": {
        "source": "viirs_noaa20",
        "satellite": "N20",
        "acq_at": "2026-10-03 11:40:00",
        "frp": "11.46",
        "confidence": "nominal"
      },
      "geometry": {
        "type": "Point",
        "coordinates": [
          7.85025,
          36.76435
        ]
      }
    },
    {
      "type": "Feature",
      "properties": {
        "source": "viirs_noaa20",
        "satellite": "N20",
        "acq_at": "2026-10-03 11:40:00",
        "frp": "12.49",
        "confidence": "nominal"
      },
      "geometry": {
        "type": "Point",
        "coordinates": [
          16.01593,
          38.7045
        ]
      }
    },
    {
      "type": "Feature",
      "properties": {
        "source": "viirs_noaa20",
        "satellite": "N20",
        "acq_at": "2026-10-03 11:40:00",
        "frp": "3.06",
        "confidence": "low"
      },
      "geometry": {
        "type": "Point",
        "coordinates": [
          17.00103,
          38.95757
        ]
      }
    },
    {
      "type": "Feature",
      "properties": {
        "source": "viirs_noaa20",
        "satellite": "N20",
        "acq_at": "2026-10-03 11:40:00",
        "frp": "3.3",
        "confidence": "low"
      },
      "geometry": {
        "type": "Point",
        "coordinates": [
          16.99894,
          38.96448
        ]
      }
    },
    {
      "type": "Feature",
      "properties": {
        "source": "viirs_noaa20",
        "satellite": "N20",
        "acq_at": "2026-10-03 11:40:00",
        "frp": "2.22",
        "confidence": "low"
      },
      "geometry": {
        "type": "Point",
        "coordinates": [
          16.969,
          38.95891
        ]
      }
    },
    {
      "type": "Feature",
      "properties": {
        "source": "viirs_noaa20",
        "satellite": "N20",
        "acq_at": "2026-10-03 11:40:00",
        "frp": "2.7",
        "confidence": "nominal"
      },
      "geometry": {
        "type": "Point",
        "coordinates": [
          16.74373,
          38.91673
        ]
      }
    },
    {
      "type": "Feature",
      "properties": {
        "source": "viirs_noaa20",
        "satellite": "N20",
        "acq_at": "2026-10-03 11:40:00",
        "frp": "10.74",
        "confidence": "nominal"
      },
      "geometry": {
        "type": "Point",
        "coordinates": [
          16.99792,
          38.96794
        ]
      }
    },
    {
      "type": "Feature",
      "properties": {
        "source": "viirs_noaa20",
        "satellite": "N20",
        "acq_at": "2026-10-03 11:40:00",
        "frp": "5.87",
        "confidence": "nominal"
      },
      "geometry": {
        "type": "Point",
        "coordinates": [
          6.5891,
          36.63042
        ]
      }
    },
    {
      "type": "Feature",
      "properties": {
        "source": "viirs_noaa20",
        "satellite": "N20",
        "acq_at": "2026-10-03 11:40:00",
        "frp": "4.22",
        "confidence": "nominal"
      },
      "geometry": {
        "type": "Point",
        "coordinates": [
          6.59304,
          36.63142
        ]
      }
    },
    {
      "type": "Feature",
      "properties": {
        "source": "viirs_noaa20",
        "satellite": "N20",
        "acq_at": "2026-10-03 11:40:00",
        "frp": "1.46",
        "confidence": "low"
      },
      "geometry": {
        "type": "Point",
        "coordinates": [
          17.11024,
          39.13861
        ]
      }
    },
    {
      "type": "Feature",
      "properties": {
        "source": "viirs_noaa20",
        "satellite": "N20",
        "acq_at": "2026-10-03 11:40:00",
        "frp": "4.2",
        "confidence": "low"
      },
      "geometry": {
        "type": "Point",
        "coordinates": [
          17.11308,
          39.14637
        ]
      }
    },
    {
      "type": "Feature",
      "properties": {
        "source": "viirs_noaa20",
        "satellite": "N20",
        "acq_at": "2026-10-03 11:42:00",
        "frp": "2.27",
        "confidence": "nominal"
      },
      "geometry": {
        "type": "Point",
        "coordinates": [
          17.0648,
          39.32504
        ]
      }
    },
    {
      "type": "Feature",
      "properties": {
        "source": "viirs_noaa20",
        "satellite": "N20",
        "acq_at": "2026-10-03 11:42:00",
        "frp": "2.14",
        "confidence": "nominal"
      },
      "geometry": {
        "type": "Point",
        "coordinates": [
          16.92565,
          39.41326
        ]
      }
    },
    {
      "type": "Feature",
      "properties": {
        "source": "viirs_noaa20",
        "satellite": "N20",
        "acq_at": "2026-10-03 11:42:00",
        "frp": "8.93",
        "confidence": "nominal"
      },
      "geometry": {
        "type": "Point",
        "coordinates": [
          16.92948,
          39.41761
        ]
      }
    },
    {
      "type": "Feature",
      "properties": {
        "source": "viirs_noaa20",
        "satellite": "N20",
        "acq_at": "2026-10-03 11:42:00",
        "frp": "10.32",
        "confidence": "nominal"
      },
      "geometry": {
        "type": "Point",
        "coordinates": [
          18.30791,
          39.87819
        ]
      }
    },
    {
      "type": "Feature",
      "properties": {
        "source": "viirs_noaa20",
        "satellite": "N20",
        "acq_at": "2026-10-03 11:42:00",
        "frp": "5.16",
        "confidence": "nominal"
      },
      "geometry": {
        "type": "Point",
        "coordinates": [
          18.30698,
          39.8815
        ]
      }
    },
    {
      "type": "Feature",
      "properties": {
        "source": "viirs_noaa20",
        "satellite": "N20",
        "acq_at": "2026-10-03 11:42:00",
        "frp": "4.69",
        "confidence": "nominal"
      },
      "geometry": {
        "type": "Point",
        "coordinates": [
          16.07211,
          39.58331
        ]
      }
    },
    {
      "type": "Feature",
      "properties": {
        "source": "viirs_noaa20",
        "satellite": "N20",
        "acq_at": "2026-10-03 11:42:00",
        "frp": "5.01",
        "confidence": "nominal"
      },
      "geometry": {
        "type": "Point",
        "coordinates": [
          16.25811,
          39.71815
        ]
      }
    },
    {
      "type": "Feature",
      "properties": {
        "source": "viirs_noaa20",
        "satellite": "N20",
        "acq_at": "2026-10-03 11:42:00",
        "frp": "2.17",
        "confidence": "nominal"
      },
      "geometry": {
        "type": "Point",
        "coordinates": [
          18.15046,
          40.156
        ]
      }
    },
    {
      "type": "Feature",
      "properties": {
        "source": "viirs_noaa20",
        "satellite": "N20",
        "acq_at": "2026-10-03 11:42:00",
        "frp": "2.33",
        "confidence": "nominal"
      },
      "geometry": {
        "type": "Point",
        "coordinates": [
          17.95359,
          40.21304
        ]
      }
    },
    {
      "type": "Feature",
      "properties": {
        "source": "viirs_noaa20",
        "satellite": "N20",
        "acq_at": "2026-10-03 11:42:00",
        "frp": "4.57",
        "confidence": "low"
      },
      "geometry": {
        "type": "Point",
        "coordinates": [
          18.15691,
          40.39743
        ]
      }
    },
    {
      "type": "Feature",
      "properties": {
        "source": "viirs_noaa20",
        "satellite": "N20",
        "acq_at": "2026-10-03 11:42:00",
        "frp": "4.57",
        "confidence": "nominal"
      },
      "geometry": {
        "type": "Point",
        "coordinates": [
          18.15594,
          40.40074
        ]
      }
    },
    {
      "type": "Feature",
      "properties": {
        "source": "viirs_noaa20",
        "satellite": "N20",
        "acq_at": "2026-10-03 11:42:00",
        "frp": "1.9",
        "confidence": "nominal"
      },
      "geometry": {
        "type": "Point",
        "coordinates": [
          17.78336,
          40.37178
        ]
      }
    },
    {
      "type": "Feature",
      "properties": {
        "source": "viirs_noaa20",
        "satellite": "N20",
        "acq_at": "2026-10-03 11:42:00",
        "frp": "1.98",
        "confidence": "nominal"
      },
      "geometry": {
        "type": "Point",
        "coordinates": [
          17.87105,
          40.40788
        ]
      }
    },
    {
      "type": "Feature",
      "properties": {
        "source": "viirs_noaa20",
        "satellite": "N20",
        "acq_at": "2026-10-03 11:42:00",
        "frp": "2.57",
        "confidence": "nominal"
      },
      "geometry": {
        "type": "Point",
        "coordinates": [
          17.62205,
          40.36491
        ]
      }
    },
    {
      "type": "Feature",
      "properties": {
        "source": "viirs_noaa20",
        "satellite": "N20",
        "acq_at": "2026-10-03 11:42:00",
        "frp": "2.21",
        "confidence": "nominal"
      },
      "geometry": {
        "type": "Point",
        "coordinates": [
          17.43101,
          40.40967
        ]
      }
    },
    {
      "type": "Feature",
      "properties": {
        "source": "viirs_noaa20",
        "satellite": "N20",
        "acq_at": "2026-10-03 11:42:00",
        "frp": "0.94",
        "confidence": "nominal"
      },
      "geometry": {
        "type": "Point",
        "coordinates": [
          17.45388,
          40.41724
        ]
      }
    },
    {
      "type": "Feature",
      "properties": {
        "source": "viirs_noaa20",
        "satellite": "N20",
        "acq_at": "2026-10-03 11:42:00",
        "frp": "3.43",
        "confidence": "nominal"
      },
      "geometry": {
        "type": "Point",
        "coordinates": [
          17.44432,
          40.41555
        ]
      }
    },
    {
      "type": "Feature",
      "properties": {
        "source": "viirs_noaa20",
        "satellite": "N20",
        "acq_at": "2026-10-03 11:42:00",
        "frp": "2.21",
        "confidence": "nominal"
      },
      "geometry": {
        "type": "Point",
        "coordinates": [
          17.42523,
          40.41219
        ]
      }
    },
    {
      "type": "Feature",
      "properties": {
        "source": "viirs_noaa20",
        "satellite": "N20",
        "acq_at": "2026-10-03 11:42:00",
        "frp": "1.52",
        "confidence": "nominal"
      },
      "geometry": {
        "type": "Point",
        "coordinates": [
          17.45286,
          40.42059
        ]
      }
    },
    {
      "type": "Feature",
      "properties": {
        "source": "viirs_noaa20",
        "satellite": "N20",
        "acq_at": "2026-10-03 11:42:00",
        "frp": "4.14",
        "confidence": "nominal"
      },
      "geometry": {
        "type": "Point",
        "coordinates": [
          16.3422,
          40.21947
        ]
      }
    },
    {
      "type": "Feature",
      "properties": {
        "source": "viirs_noaa20",
        "satellite": "N20",
        "acq_at": "2026-10-03 11:42:00",
        "frp": "2.38",
        "confidence": "nominal"
      },
      "geometry": {
        "type": "Point",
        "coordinates": [
          17.80414,
          40.49224
        ]
      }
    },
    {
      "type": "Feature",
      "properties": {
        "source": "viirs_noaa20",
        "satellite": "N20",
        "acq_at": "2026-10-03 11:42:00",
        "frp": "3.01",
        "confidence": "nominal"
      },
      "geometry": {
        "type": "Point",
        "coordinates": [
          17.7975,
          40.4981
        ]
      }
    },
    {
      "type": "Feature",
      "properties": {
        "source": "viirs_noaa20",
        "satellite": "N20",
        "acq_at": "2026-10-03 11:42:00",
        "frp": "4.59",
        "confidence": "nominal"
      },
      "geometry": {
        "type": "Point",
        "coordinates": [
          17.47991,
          40.4642
        ]
      }
    },
    {
      "type": "Feature",
      "properties": {
        "source": "viirs_noaa20",
        "satellite": "N20",
        "acq_at": "2026-10-03 11:42:00",
        "frp": "2.37",
        "confidence": "nominal"
      },
      "geometry": {
        "type": "Point",
        "coordinates": [
          17.46358,
          40.46841
        ]
      }
    },
    {
      "type": "Feature",
      "properties": {
        "source": "viirs_noaa20",
        "satellite": "N20",
        "acq_at": "2026-10-03 11:42:00",
        "frp": "4.4",
        "confidence": "nominal"
      },
      "geometry": {
        "type": "Point",
        "coordinates": [
          17.4607,
          40.46815
        ]
      }
    },
    {
      "type": "Feature",
      "properties": {
        "source": "viirs_noaa20",
        "satellite": "N20",
        "acq_at": "2026-10-03 11:42:00",
        "frp": "4.4",
        "confidence": "low"
      },
      "geometry": {
        "type": "Point",
        "coordinates": [
          17.4692,
          40.47319
        ]
      }
    },
    {
      "type": "Feature",
      "properties": {
        "source": "viirs_noaa20",
        "satellite": "N20",
        "acq_at": "2026-10-03 11:42:00",
        "frp": "6.05",
        "confidence": "nominal"
      },
      "geometry": {
        "type": "Point",
        "coordinates": [
          17.41265,
          40.47733
        ]
      }
    },
    {
      "type": "Feature",
      "properties": {
        "source": "viirs_noaa20",
        "satellite": "N20",
        "acq_at": "2026-10-03 11:42:00",
        "frp": "2.47",
        "confidence": "nominal"
      },
      "geometry": {
        "type": "Point",
        "coordinates": [
          17.41163,
          40.48068
        ]
      }
    },
    {
      "type": "Feature",
      "properties": {
        "source": "viirs_noaa20",
        "satellite": "N20",
        "acq_at": "2026-10-03 11:42:00",
        "frp": "2.71",
        "confidence": "nominal"
      },
      "geometry": {
        "type": "Point",
        "coordinates": [
          17.38294,
          40.4756
        ]
      }
    },
    {
      "type": "Feature",
      "properties": {
        "source": "viirs_noaa20",
        "satellite": "N20",
        "acq_at": "2026-10-03 11:42:00",
        "frp": "4.65",
        "confidence": "nominal"
      },
      "geometry": {
        "type": "Point",
        "coordinates": [
          16.84448,
          40.41108
        ]
      }
    },
    {
      "type": "Feature",
      "properties": {
        "source": "viirs_noaa20",
        "satellite": "N20",
        "acq_at": "2026-10-03 11:42:00",
        "frp": "4.19",
        "confidence": "nominal"
      },
      "geometry": {
        "type": "Point",
        "coordinates": [
          16.84342,
          40.41448
        ]
      }
    },
    {
      "type": "Feature",
      "properties": {
        "source": "viirs_noaa20",
        "satellite": "N20",
        "acq_at": "2026-10-03 11:42:00",
        "frp": "4.15",
        "confidence": "nominal"
      },
      "geometry": {
        "type": "Point",
        "coordinates": [
          17.94603,
          40.61575
        ]
      }
    },
    {
      "type": "Feature",
      "properties": {
        "source": "viirs_noaa20",
        "satellite": "N20",
        "acq_at": "2026-10-03 11:42:00",
        "frp": "3.86",
        "confidence": "low"
      },
      "geometry": {
        "type": "Point",
        "coordinates": [
          17.6407,
          40.56668
        ]
      }
    },
    {
      "type": "Feature",
      "properties": {
        "source": "viirs_noaa20",
        "satellite": "N20",
        "acq_at": "2026-10-03 11:42:00",
        "frp": "2.95",
        "confidence": "nominal"
      },
      "geometry": {
        "type": "Point",
        "coordinates": [
          16.85291,
          40.43421
        ]
      }
    },
    {
      "type": "Feature",
      "properties": {
        "source": "viirs_noaa20",
        "satellite": "N20",
        "acq_at": "2026-10-03 11:42:00",
        "frp": "5.69",
        "confidence": "nominal"
      },
      "geometry": {
        "type": "Point",
        "coordinates": [
          16.40938,
          40.36771
        ]
      }
    },
    {
      "type": "Feature",
      "properties": {
        "source": "viirs_noaa20",
        "satellite": "N20",
        "acq_at": "2026-10-03 11:42:00",
        "frp": "2.42",
        "confidence": "nominal"
      },
      "geometry": {
        "type": "Point",
        "coordinates": [
          16.97161,
          40.57647
        ]
      }
    },
    {
      "type": "Feature",
      "properties": {
        "source": "viirs_noaa20",
        "satellite": "N20",
        "acq_at": "2026-10-03 11:42:00",
        "frp": "2.42",
        "confidence": "nominal"
      },
      "geometry": {
        "type": "Point",
        "coordinates": [
          16.97057,
          40.57986
        ]
      }
    },
    {
      "type": "Feature",
      "properties": {
        "source": "viirs_noaa20",
        "satellite": "N20",
        "acq_at": "2026-10-03 11:42:00",
        "frp": "4.62",
        "confidence": "nominal"
      },
      "geometry": {
        "type": "Point",
        "coordinates": [
          16.57294,
          40.55632
        ]
      }
    },
    {
      "type": "Feature",
      "properties": {
        "source": "viirs_noaa20",
        "satellite": "N20",
        "acq_at": "2026-10-03 11:42:00",
        "frp": "4.62",
        "confidence": "nominal"
      },
      "geometry": {
        "type": "Point",
        "coordinates": [
          16.57183,
          40.55974
        ]
      }
    },
    {
      "type": "Feature",
      "properties": {
        "source": "viirs_noaa20",
        "satellite": "N20",
        "acq_at": "2026-10-03 11:42:00",
        "frp": "3.58",
        "confidence": "nominal"
      },
      "geometry": {
        "type": "Point",
        "coordinates": [
          16.56693,
          40.55884
        ]
      }
    },
    {
      "type": "Feature",
      "properties": {
        "source": "viirs_noaa20",
        "satellite": "N20",
        "acq_at": "2026-10-03 11:42:00",
        "frp": "3.58",
        "confidence": "nominal"
      },
      "geometry": {
        "type": "Point",
        "coordinates": [
          16.56202,
          40.55793
        ]
      }
    },
    {
      "type": "Feature",
      "properties": {
        "source": "viirs_noaa20",
        "satellite": "N20",
        "acq_at": "2026-10-03 11:42:00",
        "frp": "3.11",
        "confidence": "nominal"
      },
      "geometry": {
        "type": "Point",
        "coordinates": [
          16.55724,
          40.55706
        ]
      }
    },
    {
      "type": "Feature",
      "properties": {
        "source": "viirs_noaa20",
        "satellite": "N20",
        "acq_at": "2026-10-03 11:42:00",
        "frp": "2.12",
        "confidence": "nominal"
      },
      "geometry": {
        "type": "Point",
        "coordinates": [
          16.58122,
          40.57962
        ]
      }
    },
    {
      "type": "Feature",
      "properties": {
        "source": "viirs_noaa20",
        "satellite": "N20",
        "acq_at": "2026-10-03 11:42:00",
        "frp": "3.12",
        "confidence": "nominal"
      },
      "geometry": {
        "type": "Point",
        "coordinates": [
          15.54781,
          40.4223
        ]
      }
    },
    {
      "type": "Feature",
      "properties": {
        "source": "viirs_noaa20",
        "satellite": "N20",
        "acq_at": "2026-10-03 11:42:00",
        "frp": "2.2",
        "confidence": "nominal"
      },
      "geometry": {
        "type": "Point",
        "coordinates": [
          16.92651,
          40.68188
        ]
      }
    },
    {
      "type": "Feature",
      "properties": {
        "source": "viirs_noaa20",
        "satellite": "N20",
        "acq_at": "2026-10-03 11:42:00",
        "frp": "4.29",
        "confidence": "nominal"
      },
      "geometry": {
        "type": "Point",
        "coordinates": [
          15.52084,
          40.46338
        ]
      }
    },
    {
      "type": "Feature",
      "properties": {
        "source": "viirs_noaa20",
        "satellite": "N20",
        "acq_at": "2026-10-03 11:42:00",
        "frp": "22.41",
        "confidence": "nominal"
      },
      "geometry": {
        "type": "Point",
        "coordinates": [
          16.59609,
          40.74689
        ]
      }
    },
    {
      "type": "Feature",
      "properties": {
        "source": "viirs_noaa20",
        "satellite": "N20",
        "acq_at": "2026-10-03 11:42:00",
        "frp": "22.41",
        "confidence": "low"
      },
      "geometry": {
        "type": "Point",
        "coordinates": [
          16.59105,
          40.74598
        ]
      }
    },
    {
      "type": "Feature",
      "properties": {
        "source": "viirs_noaa20",
        "satellite": "N20",
        "acq_at": "2026-10-03 11:42:00",
        "frp": "2.97",
        "confidence": "nominal"
      },
      "geometry": {
        "type": "Point",
        "coordinates": [
          16.59055,
          40.77275
        ]
      }
    },
    {
      "type": "Feature",
      "properties": {
        "source": "viirs_noaa20",
        "satellite": "N20",
        "acq_at": "2026-10-03 11:42:00",
        "frp": "2.49",
        "confidence": "nominal"
      },
      "geometry": {
        "type": "Point",
        "coordinates": [
          16.33599,
          40.73287
        ]
      }
    },
    {
      "type": "Feature",
      "properties": {
        "source": "viirs_noaa20",
        "satellite": "N20",
        "acq_at": "2026-10-03 11:42:00",
        "frp": "11.19",
        "confidence": "nominal"
      },
      "geometry": {
        "type": "Point",
        "coordinates": [
          16.34628,
          40.75304
        ]
      }
    },
    {
      "type": "Feature",
      "properties": {
        "source": "viirs_noaa20",
        "satellite": "N20",
        "acq_at": "2026-10-03 11:42:00",
        "frp": "3.85",
        "confidence": "nominal"
      },
      "geometry": {
        "type": "Point",
        "coordinates": [
          16.35055,
          40.75748
        ]
      }
    },
    {
      "type": "Feature",
      "properties": {
        "source": "viirs_noaa20",
        "satellite": "N20",
        "acq_at": "2026-10-03 11:42:00",
        "frp": "6.23",
        "confidence": "low"
      },
      "geometry": {
        "type": "Point",
        "coordinates": [
          16.27855,
          40.7624
        ]
      }
    },
    {
      "type": "Feature",
      "properties": {
        "source": "viirs_noaa20",
        "satellite": "N20",
        "acq_at": "2026-10-03 11:42:00",
        "frp": "3.65",
        "confidence": "nominal"
      },
      "geometry": {
        "type": "Point",
        "coordinates": [
          14.91413,
          40.54312
        ]
      }
    },
    {
      "type": "Feature",
      "properties": {
        "source": "viirs_noaa20",
        "satellite": "N20",
        "acq_at": "2026-10-03 11:42:00",
        "frp": "5.27",
        "confidence": "nominal"
      },
      "geometry": {
        "type": "Point",
        "coordinates": [
          16.48827,
          40.87147
        ]
      }
    },
    {
      "type": "Feature",
      "properties": {
        "source": "viirs_noaa20",
        "satellite": "N20",
        "acq_at": "2026-10-03 11:42:00",
        "frp": "10.53",
        "confidence": "nominal"
      },
      "geometry": {
        "type": "Point",
        "coordinates": [
          15.74439,
          40.73146
        ]
      }
    },
    {
      "type": "Feature",
      "properties": {
        "source": "viirs_noaa20",
        "satellite": "N20",
        "acq_at": "2026-10-03 11:42:00",
        "frp": "11.97",
        "confidence": "nominal"
      },
      "geometry": {
        "type": "Point",
        "coordinates": [
          15.739,
          40.73042
        ]
      }
    },
    {
      "type": "Feature",
      "properties": {
        "source": "viirs_noaa20",
        "satellite": "N20",
        "acq_at": "2026-10-03 11:42:00",
        "frp": "4.94",
        "confidence": "nominal"
      },
      "geometry": {
        "type": "Point",
        "coordinates": [
          15.64744,
          40.90546
        ]
      }
    },
    {
      "type": "Feature",
      "properties": {
        "source": "viirs_noaa20",
        "satellite": "N20",
        "acq_at": "2026-10-03 11:42:00",
        "frp": "7.28",
        "confidence": "nominal"
      },
      "geometry": {
        "type": "Point",
        "coordinates": [
          15.65145,
          40.90467
        ]
      }
    },
    {
      "type": "Feature",
      "properties": {
        "source": "viirs_noaa20",
        "satellite": "N20",
        "acq_at": "2026-10-03 11:42:00",
        "frp": "5",
        "confidence": "nominal"
      },
      "geometry": {
        "type": "Point",
        "coordinates": [
          15.71693,
          41.02533
        ]
      }
    },
    {
      "type": "Feature",
      "properties": {
        "source": "viirs_noaa20",
        "satellite": "N20",
        "acq_at": "2026-10-03 11:42:00",
        "frp": "8.36",
        "confidence": "nominal"
      },
      "geometry": {
        "type": "Point",
        "coordinates": [
          15.71393,
          41.02716
        ]
      }
    },
    {
      "type": "Feature",
      "properties": {
        "source": "viirs_noaa20",
        "satellite": "N20",
        "acq_at": "2026-10-03 11:42:00",
        "frp": "1.98",
        "confidence": "low"
      },
      "geometry": {
        "type": "Point",
        "coordinates": [
          15.85526,
          41.08758
        ]
      }
    },
    {
      "type": "Feature",
      "properties": {
        "source": "viirs_noaa20",
        "satellite": "N20",
        "acq_at": "2026-10-03 11:42:00",
        "frp": "9.92",
        "confidence": "nominal"
      },
      "geometry": {
        "type": "Point",
        "coordinates": [
          15.57657,
          41.03431
        ]
      }
    },
    {
      "type": "Feature",
      "properties": {
        "source": "viirs_noaa20",
        "satellite": "N20",
        "acq_at": "2026-10-03 11:42:00",
        "frp": "5.33",
        "confidence": "nominal"
      },
      "geometry": {
        "type": "Point",
        "coordinates": [
          16.1814,
          41.16353
        ]
      }
    },
    {
      "type": "Feature",
      "properties": {
        "source": "viirs_noaa20",
        "satellite": "N20",
        "acq_at": "2026-10-03 11:42:00",
        "frp": "3",
        "confidence": "nominal"
      },
      "geometry": {
        "type": "Point",
        "coordinates": [
          15.50742,
          41.11662
        ]
      }
    },
    {
      "type": "Feature",
      "properties": {
        "source": "viirs_noaa20",
        "satellite": "N20",
        "acq_at": "2026-10-03 11:42:00",
        "frp": "5.35",
        "confidence": "low"
      },
      "geometry": {
        "type": "Point",
        "coordinates": [
          15.35241,
          41.10159
        ]
      }
    },
    {
      "type": "Feature",
      "properties": {
        "source": "viirs_noaa20",
        "satellite": "N20",
        "acq_at": "2026-10-03 11:42:00",
        "frp": "2.22",
        "confidence": "nominal"
      },
      "geometry": {
        "type": "Point",
        "coordinates": [
          15.40286,
          41.13773
        ]
      }
    },
    {
      "type": "Feature",
      "properties": {
        "source": "viirs_noaa20",
        "satellite": "N20",
        "acq_at": "2026-10-03 11:42:00",
        "frp": "4.68",
        "confidence": "nominal"
      },
      "geometry": {
        "type": "Point",
        "coordinates": [
          14.44485,
          41.0513
        ]
      }
    },
    {
      "type": "Feature",
      "properties": {
        "source": "viirs_noaa20",
        "satellite": "N20",
        "acq_at": "2026-10-03 11:42:00",
        "frp": "4.34",
        "confidence": "nominal"
      },
      "geometry": {
        "type": "Point",
        "coordinates": [
          14.26248,
          41.0578
        ]
      }
    },
    {
      "type": "Feature",
      "properties": {
        "source": "viirs_noaa20",
        "satellite": "N20",
        "acq_at": "2026-10-03 11:42:00",
        "frp": "4.8",
        "confidence": "nominal"
      },
      "geometry": {
        "type": "Point",
        "coordinates": [
          15.33508,
          41.33821
        ]
      }
    },
    {
      "type": "Feature",
      "properties": {
        "source": "viirs_noaa20",
        "satellite": "N20",
        "acq_at": "2026-10-03 11:42:00",
        "frp": "4.15",
        "confidence": "nominal"
      },
      "geometry": {
        "type": "Point",
        "coordinates": [
          15.66331,
          41.4567
        ]
      }
    },
    {
      "type": "Feature",
      "properties": {
        "source": "viirs_noaa20",
        "satellite": "N20",
        "acq_at": "2026-10-03 11:42:00",
        "frp": "5.73",
        "confidence": "low"
      },
      "geometry": {
        "type": "Point",
        "coordinates": [
          14.07846,
          41.14652
        ]
      }
    },
    {
      "type": "Feature",
      "properties": {
        "source": "viirs_noaa20",
        "satellite": "N20",
        "acq_at": "2026-10-03 11:42:00",
        "frp": "2.23",
        "confidence": "nominal"
      },
      "geometry": {
        "type": "Point",
        "coordinates": [
          13.88893,
          41.12703
        ]
      }
    },
    {
      "type": "Feature",
      "properties": {
        "source": "viirs_noaa20",
        "satellite": "N20",
        "acq_at": "2026-10-03 11:42:00",
        "frp": "2.66",
        "confidence": "nominal"
      },
      "geometry": {
        "type": "Point",
        "coordinates": [
          14.09844,
          41.36122
        ]
      }
    },
    {
      "type": "Feature",
      "properties": {
        "source": "viirs_noaa20",
        "satellite": "N20",
        "acq_at": "2026-10-03 11:42:00",
        "frp": "8.02",
        "confidence": "nominal"
      },
      "geometry": {
        "type": "Point",
        "coordinates": [
          15.12184,
          41.60591
        ]
      }
    },
    {
      "type": "Feature",
      "properties": {
        "source": "viirs_noaa20",
        "satellite": "N20",
        "acq_at": "2026-10-03 11:42:00",
        "frp": "19.28",
        "confidence": "low"
      },
      "geometry": {
        "type": "Point",
        "coordinates": [
          15.50094,
          41.73497
        ]
      }
    },
    {
      "type": "Feature",
      "properties": {
        "source": "viirs_noaa20",
        "satellite": "N20",
        "acq_at": "2026-10-03 11:42:00",
        "frp": "3.09",
        "confidence": "low"
      },
      "geometry": {
        "type": "Point",
        "coordinates": [
          15.05426,
          41.72618
        ]
      }
    },
    {
      "type": "Feature",
      "properties": {
        "source": "viirs_noaa20",
        "satellite": "N20",
        "acq_at": "2026-10-03 11:42:00",
        "frp": "3.09",
        "confidence": "low"
      },
      "geometry": {
        "type": "Point",
        "coordinates": [
          15.04758,
          41.72866
        ]
      }
    },
    {
      "type": "Feature",
      "properties": {
        "source": "viirs_noaa20",
        "satellite": "N20",
        "acq_at": "2026-10-03 11:42:00",
        "frp": "4.59",
        "confidence": "nominal"
      },
      "geometry": {
        "type": "Point",
        "coordinates": [
          8.74459,
          40.33628
        ]
      }
    },
    {
      "type": "Feature",
      "properties": {
        "source": "viirs_noaa20",
        "satellite": "N20",
        "acq_at": "2026-10-03 11:42:00",
        "frp": "2.56",
        "confidence": "low"
      },
      "geometry": {
        "type": "Point",
        "coordinates": [
          15.33825,
          41.84673
        ]
      }
    },
    {
      "type": "Feature",
      "properties": {
        "source": "viirs_noaa20",
        "satellite": "N20",
        "acq_at": "2026-10-03 11:42:00",
        "frp": "4.1",
        "confidence": "nominal"
      },
      "geometry": {
        "type": "Point",
        "coordinates": [
          13.11906,
          41.44999
        ]
      }
    },
    {
      "type": "Feature",
      "properties": {
        "source": "viirs_noaa20",
        "satellite": "N20",
        "acq_at": "2026-10-03 11:42:00",
        "frp": "3.23",
        "confidence": "nominal"
      },
      "geometry": {
        "type": "Point",
        "coordinates": [
          12.82286,
          41.47247
        ]
      }
    },
    {
      "type": "Feature",
      "properties": {
        "source": "viirs_noaa20",
        "satellite": "N20",
        "acq_at": "2026-10-03 11:42:00",
        "frp": "14.97",
        "confidence": "nominal"
      },
      "geometry": {
        "type": "Point",
        "coordinates": [
          18.88972,
          42.9194
        ]
      }
    },
    {
      "type": "Feature",
      "properties": {
        "source": "viirs_noaa20",
        "satellite": "N20",
        "acq_at": "2026-10-03 11:42:00",
        "frp": "83.36",
        "confidence": "nominal"
      },
      "geometry": {
        "type": "Point",
        "coordinates": [
          18.89344,
          42.92339
        ]
      }
    },
    {
      "type": "Feature",
      "properties": {
        "source": "viirs_noaa20",
        "satellite": "N20",
        "acq_at": "2026-10-03 11:42:00",
        "frp": "14.97",
        "confidence": "nominal"
      },
      "geometry": {
        "type": "Point",
        "coordinates": [
          18.88879,
          42.92266
        ]
      }
    },
    {
      "type": "Feature",
      "properties": {
        "source": "viirs_noaa20",
        "satellite": "N20",
        "acq_at": "2026-10-03 11:42:00",
        "frp": "14.97",
        "confidence": "nominal"
      },
      "geometry": {
        "type": "Point",
        "coordinates": [
          18.88414,
          42.92194
        ]
      }
    },
    {
      "type": "Feature",
      "properties": {
        "source": "viirs_noaa20",
        "satellite": "N20",
        "acq_at": "2026-10-03 11:42:00",
        "frp": "38.48",
        "confidence": "high"
      },
      "geometry": {
        "type": "Point",
        "coordinates": [
          18.88321,
          42.92521
        ]
      }
    },
    {
      "type": "Feature",
      "properties": {
        "source": "viirs_noaa20",
        "satellite": "N20",
        "acq_at": "2026-10-03 11:42:00",
        "frp": "38.48",
        "confidence": "nominal"
      },
      "geometry": {
        "type": "Point",
        "coordinates": [
          18.88786,
          42.92593
        ]
      }
    },
    {
      "type": "Feature",
      "properties": {
        "source": "viirs_noaa20",
        "satellite": "N20",
        "acq_at": "2026-10-03 11:42:00",
        "frp": "31.24",
        "confidence": "nominal"
      },
      "geometry": {
        "type": "Point",
        "coordinates": [
          18.87857,
          42.92448
        ]
      }
    },
    {
      "type": "Feature",
      "properties": {
        "source": "viirs_noaa20",
        "satellite": "N20",
        "acq_at": "2026-10-03 11:42:00",
        "frp": "38.48",
        "confidence": "nominal"
      },
      "geometry": {
        "type": "Point",
        "coordinates": [
          18.88693,
          42.92919
        ]
      }
    },
    {
      "type": "Feature",
      "properties": {
        "source": "viirs_noaa20",
        "satellite": "N20",
        "acq_at": "2026-10-03 11:42:00",
        "frp": "38.48",
        "confidence": "nominal"
      },
      "geometry": {
        "type": "Point",
        "coordinates": [
          18.88228,
          42.92847
        ]
      }
    },
    {
      "type": "Feature",
      "properties": {
        "source": "viirs_noaa20",
        "satellite": "N20",
        "acq_at": "2026-10-03 11:42:00",
        "frp": "1.69",
        "confidence": "nominal"
      },
      "geometry": {
        "type": "Point",
        "coordinates": [
          17.73514,
          43.04876
        ]
      }
    },
    {
      "type": "Feature",
      "properties": {
        "source": "viirs_noaa20",
        "satellite": "N20",
        "acq_at": "2026-10-03 11:42:00",
        "frp": "6.04",
        "confidence": "nominal"
      },
      "geometry": {
        "type": "Point",
        "coordinates": [
          17.60164,
          43.63375
        ]
      }
    },
    {
      "type": "Feature",
      "properties": {
        "source": "viirs_noaa20",
        "satellite": "N20",
        "acq_at": "2026-10-03 11:42:00",
        "frp": "27.76",
        "confidence": "nominal"
      },
      "geometry": {
        "type": "Point",
        "coordinates": [
          17.58727,
          43.63138
        ]
      }
    },
    {
      "type": "Feature",
      "properties": {
        "source": "viirs_noaa20",
        "satellite": "N20",
        "acq_at": "2026-10-03 11:42:00",
        "frp": "11.73",
        "confidence": "nominal"
      },
      "geometry": {
        "type": "Point",
        "coordinates": [
          17.59265,
          43.64602
        ]
      }
    },
    {
      "type": "Feature",
      "properties": {
        "source": "viirs_noaa20",
        "satellite": "N20",
        "acq_at": "2026-10-03 11:42:00",
        "frp": "20.33",
        "confidence": "nominal"
      },
      "geometry": {
        "type": "Point",
        "coordinates": [
          17.59151,
          43.64928
        ]
      }
    },
    {
      "type": "Feature",
      "properties": {
        "source": "viirs_noaa20",
        "satellite": "N20",
        "acq_at": "2026-10-03 11:42:00",
        "frp": "12.84",
        "confidence": "nominal"
      },
      "geometry": {
        "type": "Point",
        "coordinates": [
          16.89163,
          43.75874
        ]
      }
    },
    {
      "type": "Feature",
      "properties": {
        "source": "viirs_noaa20",
        "satellite": "N20",
        "acq_at": "2026-10-03 11:42:00",
        "frp": "7.73",
        "confidence": "nominal"
      },
      "geometry": {
        "type": "Point",
        "coordinates": [
          16.8868,
          43.75791
        ]
      }
    },
    {
      "type": "Feature",
      "properties": {
        "source": "viirs_noaa20",
        "satellite": "N20",
        "acq_at": "2026-10-03 11:42:00",
        "frp": "3.95",
        "confidence": "low"
      },
      "geometry": {
        "type": "Point",
        "coordinates": [
          16.87716,
          43.75627
        ]
      }
    },
    {
      "type": "Feature",
      "properties": {
        "source": "viirs_noaa20",
        "satellite": "N20",
        "acq_at": "2026-10-03 11:42:00",
        "frp": "7.73",
        "confidence": "low"
      },
      "geometry": {
        "type": "Point",
        "coordinates": [
          16.88572,
          43.76121
        ]
      }
    },
    {
      "type": "Feature",
      "properties": {
        "source": "viirs_noaa20",
        "satellite": "N20",
        "acq_at": "2026-10-03 11:42:00",
        "frp": "5.2",
        "confidence": "nominal"
      },
      "geometry": {
        "type": "Point",
        "coordinates": [
          18.47235,
          44.07799
        ]
      }
    },
    {
      "type": "Feature",
      "properties": {
        "source": "viirs_noaa20",
        "satellite": "N20",
        "acq_at": "2026-10-03 11:42:00",
        "frp": "2.67",
        "confidence": "nominal"
      },
      "geometry": {
        "type": "Point",
        "coordinates": [
          13.68595,
          43.26714
        ]
      }
    },
    {
      "type": "Feature",
      "properties": {
        "source": "viirs_noaa20",
        "satellite": "N20",
        "acq_at": "2026-10-03 11:42:00",
        "frp": "3.93",
        "confidence": "nominal"
      },
      "geometry": {
        "type": "Point",
        "coordinates": [
          18.78324,
          44.42286
        ]
      }
    },
    {
      "type": "Feature",
      "properties": {
        "source": "viirs_noaa20",
        "satellite": "N20",
        "acq_at": "2026-10-03 11:42:00",
        "frp": "3.09",
        "confidence": "nominal"
      },
      "geometry": {
        "type": "Point",
        "coordinates": [
          18.41879,
          44.51407
        ]
      }
    },
    {
      "type": "Feature",
      "properties": {
        "source": "viirs_noaa20",
        "satellite": "N20",
        "acq_at": "2026-10-03 11:42:00",
        "frp": "4.14",
        "confidence": "nominal"
      },
      "geometry": {
        "type": "Point",
        "coordinates": [
          18.93396,
          44.73909
        ]
      }
    },
    {
      "type": "Feature",
      "properties": {
        "source": "viirs_noaa20",
        "satellite": "N20",
        "acq_at": "2026-10-03 11:42:00",
        "frp": "2.28",
        "confidence": "nominal"
      },
      "geometry": {
        "type": "Point",
        "coordinates": [
          17.94236,
          44.63107
        ]
      }
    },
    {
      "type": "Feature",
      "properties": {
        "source": "viirs_noaa20",
        "satellite": "N20",
        "acq_at": "2026-10-03 11:42:00",
        "frp": "3.08",
        "confidence": "nominal"
      },
      "geometry": {
        "type": "Point",
        "coordinates": [
          17.93758,
          44.63031
        ]
      }
    },
    {
      "type": "Feature",
      "properties": {
        "source": "viirs_noaa20",
        "satellite": "N20",
        "acq_at": "2026-10-03 11:42:00",
        "frp": "1.45",
        "confidence": "nominal"
      },
      "geometry": {
        "type": "Point",
        "coordinates": [
          18.6225,
          45.01669
        ]
      }
    },
    {
      "type": "Feature",
      "properties": {
        "source": "viirs_noaa20",
        "satellite": "N20",
        "acq_at": "2026-10-03 11:42:00",
        "frp": "2.23",
        "confidence": "nominal"
      },
      "geometry": {
        "type": "Point",
        "coordinates": [
          18.24255,
          44.9586
        ]
      }
    },
    {
      "type": "Feature",
      "properties": {
        "source": "viirs_noaa20",
        "satellite": "N20",
        "acq_at": "2026-10-03 11:42:00",
        "frp": "2.73",
        "confidence": "low"
      },
      "geometry": {
        "type": "Point",
        "coordinates": [
          17.00326,
          44.78049
        ]
      }
    },
    {
      "type": "Feature",
      "properties": {
        "source": "viirs_noaa20",
        "satellite": "N20",
        "acq_at": "2026-10-03 11:42:00",
        "frp": "3.48",
        "confidence": "nominal"
      },
      "geometry": {
        "type": "Point",
        "coordinates": [
          18.23931,
          45.12908
        ]
      }
    },
    {
      "type": "Feature",
      "properties": {
        "source": "viirs_noaa20",
        "satellite": "N20",
        "acq_at": "2026-10-03 11:42:00",
        "frp": "1.8",
        "confidence": "nominal"
      },
      "geometry": {
        "type": "Point",
        "coordinates": [
          17.41668,
          45.02649
        ]
      }
    },
    {
      "type": "Feature",
      "properties": {
        "source": "viirs_noaa20",
        "satellite": "N20",
        "acq_at": "2026-10-03 11:42:00",
        "frp": "2.73",
        "confidence": "nominal"
      },
      "geometry": {
        "type": "Point",
        "coordinates": [
          18.23409,
          45.16245
        ]
      }
    },
    {
      "type": "Feature",
      "properties": {
        "source": "viirs_noaa20",
        "satellite": "N20",
        "acq_at": "2026-10-03 11:42:00",
        "frp": "1.98",
        "confidence": "nominal"
      },
      "geometry": {
        "type": "Point",
        "coordinates": [
          17.42013,
          45.13321
        ]
      }
    },
    {
      "type": "Feature",
      "properties": {
        "source": "viirs_noaa20",
        "satellite": "N20",
        "acq_at": "2026-10-03 11:42:00",
        "frp": "2.22",
        "confidence": "nominal"
      },
      "geometry": {
        "type": "Point",
        "coordinates": [
          18.44156,
          45.33419
        ]
      }
    },
    {
      "type": "Feature",
      "properties": {
        "source": "viirs_noaa20",
        "satellite": "N20",
        "acq_at": "2026-10-03 11:45:00",
        "frp": "2.14",
        "confidence": "nominal"
      },
      "geometry": {
        "type": "Point",
        "coordinates": [
          17.36789,
          45.6459
        ]
      }
    },
    {
      "type": "Feature",
      "properties": {
        "source": "viirs_noaa20",
        "satellite": "N20",
        "acq_at": "2026-10-03 11:45:00",
        "frp": "2.42",
        "confidence": "nominal"
      },
      "geometry": {
        "type": "Point",
        "coordinates": [
          15.3698,
          45.37312
        ]
      }
    },
    {
      "type": "Feature",
      "properties": {
        "source": "viirs_noaa20",
        "satellite": "N20",
        "acq_at": "2026-10-03 11:45:00",
        "frp": "2.09",
        "confidence": "nominal"
      },
      "geometry": {
        "type": "Point",
        "coordinates": [
          14.04749,
          45.2611
        ]
      }
    },
    {
      "type": "Feature",
      "properties": {
        "source": "viirs_noaa20",
        "satellite": "N20",
        "acq_at": "2026-10-03 11:45:00",
        "frp": "7.57",
        "confidence": "nominal"
      },
      "geometry": {
        "type": "Point",
        "coordinates": [
          12.03971,
          44.85824
        ]
      }
    },
    {
      "type": "Feature",
      "properties": {
        "source": "viirs_noaa20",
        "satellite": "N20",
        "acq_at": "2026-10-03 11:45:00",
        "frp": "4.39",
        "confidence": "nominal"
      },
      "geometry": {
        "type": "Point",
        "coordinates": [
          12.03313,
          44.85682
        ]
      }
    },
    {
      "type": "Feature",
      "properties": {
        "source": "viirs_noaa20",
        "satellite": "N20",
        "acq_at": "2026-10-03 11:45:00",
        "frp": "7.94",
        "confidence": "nominal"
      },
      "geometry": {
        "type": "Point",
        "coordinates": [
          12.06388,
          44.93663
        ]
      }
    },
    {
      "type": "Feature",
      "properties": {
        "source": "viirs_noaa20",
        "satellite": "N20",
        "acq_at": "2026-10-03 11:45:00",
        "frp": "3.31",
        "confidence": "nominal"
      },
      "geometry": {
        "type": "Point",
        "coordinates": [
          15.62611,
          45.66819
        ]
      }
    },
    {
      "type": "Feature",
      "properties": {
        "source": "viirs_noaa20",
        "satellite": "N20",
        "acq_at": "2026-10-03 11:45:00",
        "frp": "4.71",
        "confidence": "nominal"
      },
      "geometry": {
        "type": "Point",
        "coordinates": [
          16.1357,
          45.8478
        ]
      }
    },
    {
      "type": "Feature",
      "properties": {
        "source": "viirs_noaa20",
        "satellite": "N20",
        "acq_at": "2026-10-03 11:45:00",
        "frp": "1.55",
        "confidence": "nominal"
      },
      "geometry": {
        "type": "Point",
        "coordinates": [
          16.56415,
          46.05668
        ]
      }
    },
    {
      "type": "Feature",
      "properties": {
        "source": "viirs_noaa20",
        "satellite": "N20",
        "acq_at": "2026-10-03 11:45:00",
        "frp": "4.59",
        "confidence": "nominal"
      },
      "geometry": {
        "type": "Point",
        "coordinates": [
          16.2925,
          46.06663
        ]
      }
    },
    {
      "type": "Feature",
      "properties": {
        "source": "viirs_noaa20",
        "satellite": "N20",
        "acq_at": "2026-10-03 11:45:00",
        "frp": "2.68",
        "confidence": "nominal"
      },
      "geometry": {
        "type": "Point",
        "coordinates": [
          14.37745,
          46.0189
        ]
      }
    },
    {
      "type": "Feature",
      "properties": {
        "source": "viirs_noaa20",
        "satellite": "N20",
        "acq_at": "2026-10-03 11:45:00",
        "frp": "1.51",
        "confidence": "nominal"
      },
      "geometry": {
        "type": "Point",
        "coordinates": [
          16.49334,
          46.51937
        ]
      }
    },
    {
      "type": "Feature",
      "properties": {
        "source": "viirs_noaa20",
        "satellite": "N20",
        "acq_at": "2026-10-03 11:45:00",
        "frp": "5.75",
        "confidence": "nominal"
      },
      "geometry": {
        "type": "Point",
        "coordinates": [
          11.41822,
          45.71384
        ]
      }
    },
    {
      "type": "Feature",
      "properties": {
        "source": "viirs_noaa20",
        "satellite": "N20",
        "acq_at": "2026-10-03 11:45:00",
        "frp": "2.59",
        "confidence": "nominal"
      },
      "geometry": {
        "type": "Point",
        "coordinates": [
          17.43209,
          46.83801
        ]
      }
    },
    {
      "type": "Feature",
      "properties": {
        "source": "viirs_noaa20",
        "satellite": "N20",
        "acq_at": "2026-10-03 11:45:00",
        "frp": "3.22",
        "confidence": "nominal"
      },
      "geometry": {
        "type": "Point",
        "coordinates": [
          11.41725,
          45.71436
        ]
      }
    },
    {
      "type": "Feature",
      "properties": {
        "source": "viirs_noaa20",
        "satellite": "N20",
        "acq_at": "2026-10-03 13:23:00",
        "frp": "4.49",
        "confidence": "nominal"
      },
      "geometry": {
        "type": "Point",
        "coordinates": [
          8.55479,
          36.35291
        ]
      }
    },
    {
      "type": "Feature",
      "properties": {
        "source": "viirs_noaa20",
        "satellite": "N20",
        "acq_at": "2026-10-03 13:23:00",
        "frp": "1.72",
        "confidence": "nominal"
      },
      "geometry": {
        "type": "Point",
        "coordinates": [
          7.64039,
          36.75892
        ]
      }
    },
    {
      "type": "Feature",
      "properties": {
        "source": "viirs_noaa20",
        "satellite": "N20",
        "acq_at": "2026-10-03 13:23:00",
        "frp": "28.25",
        "confidence": "high"
      },
      "geometry": {
        "type": "Point",
        "coordinates": [
          9.32536,
          37.00916
        ]
      }
    },
    {
      "type": "Feature",
      "properties": {
        "source": "viirs_noaa20",
        "satellite": "N20",
        "acq_at": "2026-10-03 13:23:00",
        "frp": "28.25",
        "confidence": "high"
      },
      "geometry": {
        "type": "Point",
        "coordinates": [
          9.32601,
          37.01529
        ]
      }
    },
    {
      "type": "Feature",
      "properties": {
        "source": "viirs_noaa20",
        "satellite": "N20",
        "acq_at": "2026-10-03 13:23:00",
        "frp": "3.9",
        "confidence": "nominal"
      },
      "geometry": {
        "type": "Point",
        "coordinates": [
          6.65662,
          36.91003
        ]
      }
    },
    {
      "type": "Feature",
      "properties": {
        "source": "viirs_noaa20",
        "satellite": "N20",
        "acq_at": "2026-10-03 13:23:00",
        "frp": "13.71",
        "confidence": "nominal"
      },
      "geometry": {
        "type": "Point",
        "coordinates": [
          8.92093,
          39.59287
        ]
      }
    },
    {
      "type": "Feature",
      "properties": {
        "source": "viirs_noaa20",
        "satellite": "N20",
        "acq_at": "2026-10-03 23:58:00",
        "frp": "1.17",
        "confidence": "nominal"
      },
      "geometry": {
        "type": "Point",
        "coordinates": [
          13.96431,
          44.80889
        ]
      }
    },
    {
      "type": "Feature",
      "properties": {
        "source": "viirs_noaa20",
        "satellite": "N20",
        "acq_at": "2026-10-03 23:58:00",
        "frp": "1.85",
        "confidence": "nominal"
      },
      "geometry": {
        "type": "Point",
        "coordinates": [
          17.58034,
          43.0626
        ]
      }
    },
    {
      "type": "Feature",
      "properties": {
        "source": "viirs_noaa20",
        "satellite": "N20",
        "acq_at": "2026-10-03 23:58:00",
        "frp": "1.18",
        "confidence": "nominal"
      },
      "geometry": {
        "type": "Point",
        "coordinates": [
          17.57897,
          43.0618
        ]
      }
    },
    {
      "type": "Feature",
      "properties": {
        "source": "viirs_noaa20",
        "satellite": "N20",
        "acq_at": "2026-10-03 23:58:00",
        "frp": "1.18",
        "confidence": "nominal"
      },
      "geometry": {
        "type": "Point",
        "coordinates": [
          17.58267,
          43.06166
        ]
      }
    },
    {
      "type": "Feature",
      "properties": {
        "source": "viirs_noaa20",
        "satellite": "N20",
        "acq_at": "2026-10-03 23:58:00",
        "frp": "1.56",
        "confidence": "nominal"
      },
      "geometry": {
        "type": "Point",
        "coordinates": [
          17.59027,
          43.0556
        ]
      }
    },
    {
      "type": "Feature",
      "properties": {
        "source": "viirs_noaa20",
        "satellite": "N20",
        "acq_at": "2026-10-03 23:58:00",
        "frp": "1.56",
        "confidence": "nominal"
      },
      "geometry": {
        "type": "Point",
        "coordinates": [
          17.5867,
          43.05573
        ]
      }
    },
    {
      "type": "Feature",
      "properties": {
        "source": "viirs_noaa20",
        "satellite": "N20",
        "acq_at": "2026-10-03 23:58:00",
        "frp": "1.56",
        "confidence": "nominal"
      },
      "geometry": {
        "type": "Point",
        "coordinates": [
          17.59071,
          43.04982
        ]
      }
    },
    {
      "type": "Feature",
      "properties": {
        "source": "viirs_noaa20",
        "satellite": "N20",
        "acq_at": "2026-10-04 00:01:00",
        "frp": "7.38",
        "confidence": "high"
      },
      "geometry": {
        "type": "Point",
        "coordinates": [
          18.87675,
          42.93438
        ]
      }
    },
    {
      "type": "Feature",
      "properties": {
        "source": "viirs_noaa20",
        "satellite": "N20",
        "acq_at": "2026-10-04 00:01:00",
        "frp": "7.83",
        "confidence": "nominal"
      },
      "geometry": {
        "type": "Point",
        "coordinates": [
          18.88209,
          42.93413
        ]
      }
    },
    {
      "type": "Feature",
      "properties": {
        "source": "viirs_noaa20",
        "satellite": "N20",
        "acq_at": "2026-10-04 00:01:00",
        "frp": "7.38",
        "confidence": "nominal"
      },
      "geometry": {
        "type": "Point",
        "coordinates": [
          18.87132,
          42.93463
        ]
      }
    },
    {
      "type": "Feature",
      "properties": {
        "source": "viirs_noaa20",
        "satellite": "N20",
        "acq_at": "2026-10-04 00:01:00",
        "frp": "7.38",
        "confidence": "nominal"
      },
      "geometry": {
        "type": "Point",
        "coordinates": [
          18.86939,
          42.9293
        ]
      }
    },
    {
      "type": "Feature",
      "properties": {
        "source": "viirs_noaa20",
        "satellite": "N20",
        "acq_at": "2026-10-04 00:01:00",
        "frp": "7.38",
        "confidence": "high"
      },
      "geometry": {
        "type": "Point",
        "coordinates": [
          18.87457,
          42.92907
        ]
      }
    },
    {
      "type": "Feature",
      "properties": {
        "source": "viirs_noaa20",
        "satellite": "N20",
        "acq_at": "2026-10-04 00:01:00",
        "frp": "7.83",
        "confidence": "nominal"
      },
      "geometry": {
        "type": "Point",
        "coordinates": [
          18.87996,
          42.92882
        ]
      }
    },
    {
      "type": "Feature",
      "properties": {
        "source": "viirs_noaa20",
        "satellite": "N20",
        "acq_at": "2026-10-04 00:01:00",
        "frp": "2.05",
        "confidence": "nominal"
      },
      "geometry": {
        "type": "Point",
        "coordinates": [
          18.89485,
          42.92814
        ]
      }
    },
    {
      "type": "Feature",
      "properties": {
        "source": "viirs_noaa20",
        "satellite": "N20",
        "acq_at": "2026-10-04 00:01:00",
        "frp": "2.2",
        "confidence": "nominal"
      },
      "geometry": {
        "type": "Point",
        "coordinates": [
          18.89307,
          42.92281
        ]
      }
    },
    {
      "type": "Feature",
      "properties": {
        "source": "viirs_noaa20",
        "satellite": "N20",
        "acq_at": "2026-10-04 00:01:00",
        "frp": "1.11",
        "confidence": "nominal"
      },
      "geometry": {
        "type": "Point",
        "coordinates": [
          18.88289,
          42.92327
        ]
      }
    },
    {
      "type": "Feature",
      "properties": {
        "source": "viirs_noaa20",
        "satellite": "N20",
        "acq_at": "2026-10-04 00:01:00",
        "frp": "1.11",
        "confidence": "nominal"
      },
      "geometry": {
        "type": "Point",
        "coordinates": [
          18.88053,
          42.91797
        ]
      }
    },
    {
      "type": "Feature",
      "properties": {
        "source": "viirs_noaa20",
        "satellite": "N20",
        "acq_at": "2026-10-04 00:01:00",
        "frp": "2.2",
        "confidence": "nominal"
      },
      "geometry": {
        "type": "Point",
        "coordinates": [
          18.88538,
          42.91775
        ]
      }
    },
    {
      "type": "Feature",
      "properties": {
        "source": "viirs_noaa20",
        "satellite": "N20",
        "acq_at": "2026-10-04 00:01:00",
        "frp": "2.2",
        "confidence": "nominal"
      },
      "geometry": {
        "type": "Point",
        "coordinates": [
          18.89038,
          42.91753
        ]
      }
    },
    {
      "type": "Feature",
      "properties": {
        "source": "viirs_noaa20",
        "satellite": "N20",
        "acq_at": "2026-10-04 00:01:00",
        "frp": "2.22",
        "confidence": "nominal"
      },
      "geometry": {
        "type": "Point",
        "coordinates": [
          18.89537,
          42.9173
        ]
      }
    },
    {
      "type": "Feature",
      "properties": {
        "source": "viirs_noaa20",
        "satellite": "N20",
        "acq_at": "2026-10-04 00:01:00",
        "frp": "2.22",
        "confidence": "nominal"
      },
      "geometry": {
        "type": "Point",
        "coordinates": [
          18.90007,
          42.91709
        ]
      }
    },
    {
      "type": "Feature",
      "properties": {
        "source": "viirs_noaa20",
        "satellite": "N20",
        "acq_at": "2026-10-04 00:01:00",
        "frp": "1.74",
        "confidence": "nominal"
      },
      "geometry": {
        "type": "Point",
        "coordinates": [
          18.88764,
          42.91224
        ]
      }
    },
    {
      "type": "Feature",
      "properties": {
        "source": "viirs_noaa20",
        "satellite": "N20",
        "acq_at": "2026-10-04 00:01:00",
        "frp": "2.09",
        "confidence": "nominal"
      },
      "geometry": {
        "type": "Point",
        "coordinates": [
          18.89266,
          42.91201
        ]
      }
    },
    {
      "type": "Feature",
      "properties": {
        "source": "viirs_noaa20",
        "satellite": "N20",
        "acq_at": "2026-10-04 00:01:00",
        "frp": "1.91",
        "confidence": "nominal"
      },
      "geometry": {
        "type": "Point",
        "coordinates": [
          18.89285,
          42.92588
        ]
      }
    },
    {
      "type": "Feature",
      "properties": {
        "source": "viirs_noaa20",
        "satellite": "N20",
        "acq_at": "2026-10-04 00:01:00",
        "frp": "0.97",
        "confidence": "nominal"
      },
      "geometry": {
        "type": "Point",
        "coordinates": [
          18.87223,
          42.92694
        ]
      }
    },
    {
      "type": "Feature",
      "properties": {
        "source": "viirs_noaa20",
        "satellite": "N20",
        "acq_at": "2026-10-04 00:01:00",
        "frp": "0.97",
        "confidence": "nominal"
      },
      "geometry": {
        "type": "Point",
        "coordinates": [
          18.87739,
          42.92668
        ]
      }
    },
    {
      "type": "Feature",
      "properties": {
        "source": "viirs_noaa20",
        "satellite": "N20",
        "acq_at": "2026-10-04 00:01:00",
        "frp": "0.91",
        "confidence": "nominal"
      },
      "geometry": {
        "type": "Point",
        "coordinates": [
          18.88281,
          42.9264
        ]
      }
    },
    {
      "type": "Feature",
      "properties": {
        "source": "viirs_noaa20",
        "satellite": "N20",
        "acq_at": "2026-10-04 00:01:00",
        "frp": "1.91",
        "confidence": "nominal"
      },
      "geometry": {
        "type": "Point",
        "coordinates": [
          18.89716,
          42.92566
        ]
      }
    },
    {
      "type": "Feature",
      "properties": {
        "source": "viirs_noaa20",
        "satellite": "N20",
        "acq_at": "2026-10-04 00:01:00",
        "frp": "0.91",
        "confidence": "nominal"
      },
      "geometry": {
        "type": "Point",
        "coordinates": [
          18.88034,
          42.92112
        ]
      }
    },
    {
      "type": "Feature",
      "properties": {
        "source": "viirs_noaa20",
        "satellite": "N20",
        "acq_at": "2026-10-04 00:01:00",
        "frp": "0.91",
        "confidence": "nominal"
      },
      "geometry": {
        "type": "Point",
        "coordinates": [
          18.88547,
          42.92085
        ]
      }
    },
    {
      "type": "Feature",
      "properties": {
        "source": "viirs_noaa20",
        "satellite": "N20",
        "acq_at": "2026-10-04 00:01:00",
        "frp": "1.91",
        "confidence": "nominal"
      },
      "geometry": {
        "type": "Point",
        "coordinates": [
          18.89056,
          42.92059
        ]
      }
    },
    {
      "type": "Feature",
      "properties": {
        "source": "viirs_noaa20",
        "satellite": "N20",
        "acq_at": "2026-10-04 00:01:00",
        "frp": "1.91",
        "confidence": "nominal"
      },
      "geometry": {
        "type": "Point",
        "coordinates": [
          18.89543,
          42.92034
        ]
      }
    },
    {
      "type": "Feature",
      "properties": {
        "source": "viirs_noaa20",
        "satellite": "N20",
        "acq_at": "2026-10-04 00:01:00",
        "frp": "1.61",
        "confidence": "nominal"
      },
      "geometry": {
        "type": "Point",
        "coordinates": [
          18.89995,
          42.92011
        ]
      }
    },
    {
      "type": "Feature",
      "properties": {
        "source": "viirs_noaa20",
        "satellite": "N20",
        "acq_at": "2026-10-04 00:01:00",
        "frp": "1",
        "confidence": "nominal"
      },
      "geometry": {
        "type": "Point",
        "coordinates": [
          18.88297,
          42.91558
        ]
      }
    },
    {
      "type": "Feature",
      "properties": {
        "source": "viirs_noaa20",
        "satellite": "N20",
        "acq_at": "2026-10-04 00:01:00",
        "frp": "1.22",
        "confidence": "nominal"
      },
      "geometry": {
        "type": "Point",
        "coordinates": [
          18.8877,
          42.91534
        ]
      }
    },
    {
      "type": "Feature",
      "properties": {
        "source": "viirs_noaa20",
        "satellite": "N20",
        "acq_at": "2026-10-04 00:01:00",
        "frp": "1.22",
        "confidence": "nominal"
      },
      "geometry": {
        "type": "Point",
        "coordinates": [
          18.8927,
          42.91508
        ]
      }
    },
    {
      "type": "Feature",
      "properties": {
        "source": "viirs_noaa20",
        "satellite": "N20",
        "acq_at": "2026-10-04 00:01:00",
        "frp": "2.39",
        "confidence": "nominal"
      },
      "geometry": {
        "type": "Point",
        "coordinates": [
          18.89767,
          42.91483
        ]
      }
    },
    {
      "type": "Feature",
      "properties": {
        "source": "viirs_noaa20",
        "satellite": "N20",
        "acq_at": "2026-10-04 00:01:00",
        "frp": "1.22",
        "confidence": "nominal"
      },
      "geometry": {
        "type": "Point",
        "coordinates": [
          18.89038,
          42.9098
        ]
      }
    },
    {
      "type": "Feature",
      "properties": {
        "source": "viirs_noaa20",
        "satellite": "N20",
        "acq_at": "2026-10-04 00:01:00",
        "frp": "1.63",
        "confidence": "nominal"
      },
      "geometry": {
        "type": "Point",
        "coordinates": [
          15.33921,
          41.44414
        ]
      }
    },
    {
      "type": "Feature",
      "properties": {
        "source": "viirs_noaa20",
        "satellite": "N20",
        "acq_at": "2026-10-04 00:01:00",
        "frp": "0.61",
        "confidence": "nominal"
      },
      "geometry": {
        "type": "Point",
        "coordinates": [
          16.46303,
          40.84203
        ]
      }
    },
    {
      "type": "Feature",
      "properties": {
        "source": "viirs_noaa20",
        "satellite": "N20",
        "acq_at": "2026-10-03 23:58:00",
        "frp": "0.72",
        "confidence": "nominal"
      },
      "geometry": {
        "type": "Point",
        "coordinates": [
          16.38307,
          38.32489
        ]
      }
    },
    {
      "type": "Feature",
      "properties": {
        "source": "viirs_noaa20",
        "satellite": "N20",
        "acq_at": "2026-10-03 23:58:00",
        "frp": "0.93",
        "confidence": "nominal"
      },
      "geometry": {
        "type": "Point",
        "coordinates": [
          16.38687,
          38.32674
        ]
      }
    },
    {
      "type": "Feature",
      "properties": {
        "source": "viirs_noaa20",
        "satellite": "N20",
        "acq_at": "2026-10-04 01:41:00",
        "frp": "4.17",
        "confidence": "nominal"
      },
      "geometry": {
        "type": "Point",
        "coordinates": [
          9.21111,
          36.63484
        ]
      }
    },
    {
      "type": "Feature",
      "properties": {
        "source": "viirs_noaa20",
        "satellite": "N20",
        "acq_at": "2026-10-04 01:41:00",
        "frp": "0.9",
        "confidence": "nominal"
      },
      "geometry": {
        "type": "Point",
        "coordinates": [
          8.57219,
          36.50037
        ]
      }
    },
    {
      "type": "Feature",
      "properties": {
        "source": "viirs_noaa20",
        "satellite": "N20",
        "acq_at": "2026-10-04 01:41:00",
        "frp": "2.28",
        "confidence": "nominal"
      },
      "geometry": {
        "type": "Point",
        "coordinates": [
          17.58982,
          43.64906
        ]
      }
    },
    {
      "type": "Feature",
      "properties": {
        "source": "viirs_noaa20",
        "satellite": "N20",
        "acq_at": "2026-10-04 01:41:00",
        "frp": "2.14",
        "confidence": "nominal"
      },
      "geometry": {
        "type": "Point",
        "coordinates": [
          17.58932,
          43.6473
        ]
      }
    },
    {
      "type": "Feature",
      "properties": {
        "source": "viirs_noaa20",
        "satellite": "N20",
        "acq_at": "2026-10-04 01:41:00",
        "frp": "0.3",
        "confidence": "nominal"
      },
      "geometry": {
        "type": "Point",
        "coordinates": [
          9.13328,
          45.42038
        ]
      }
    },
    {
      "type": "Feature",
      "properties": {
        "source": "viirs_noaa20",
        "satellite": "N20",
        "acq_at": "2026-10-04 01:41:00",
        "frp": "4.61",
        "confidence": "high"
      },
      "geometry": {
        "type": "Point",
        "coordinates": [
          18.87743,
          42.93213
        ]
      }
    },
    {
      "type": "Feature",
      "properties": {
        "source": "viirs_noaa20",
        "satellite": "N20",
        "acq_at": "2026-10-04 01:41:00",
        "frp": "3.78",
        "confidence": "nominal"
      },
      "geometry": {
        "type": "Point",
        "coordinates": [
          18.88137,
          42.93102
        ]
      }
    },
    {
      "type": "Feature",
      "properties": {
        "source": "viirs_noaa20",
        "satellite": "N20",
        "acq_at": "2026-10-04 01:41:00",
        "frp": "4.61",
        "confidence": "nominal"
      },
      "geometry": {
        "type": "Point",
        "coordinates": [
          18.87343,
          42.93325
        ]
      }
    },
    {
      "type": "Feature",
      "properties": {
        "source": "viirs_noaa20",
        "satellite": "N20",
        "acq_at": "2026-10-04 01:41:00",
        "frp": "3.78",
        "confidence": "nominal"
      },
      "geometry": {
        "type": "Point",
        "coordinates": [
          18.8854,
          42.92988
        ]
      }
    },
    {
      "type": "Feature",
      "properties": {
        "source": "viirs_noaa20",
        "satellite": "N20",
        "acq_at": "2026-10-04 01:41:00",
        "frp": "2.64",
        "confidence": "nominal"
      },
      "geometry": {
        "type": "Point",
        "coordinates": [
          18.89432,
          42.92738
        ]
      }
    },
    {
      "type": "Feature",
      "properties": {
        "source": "viirs_noaa20",
        "satellite": "N20",
        "acq_at": "2026-10-04 01:41:00",
        "frp": "1.14",
        "confidence": "nominal"
      },
      "geometry": {
        "type": "Point",
        "coordinates": [
          18.89952,
          42.92591
        ]
      }
    },
    {
      "type": "Feature",
      "properties": {
        "source": "viirs_noaa20",
        "satellite": "N20",
        "acq_at": "2026-10-04 01:41:00",
        "frp": "4.61",
        "confidence": "nominal"
      },
      "geometry": {
        "type": "Point",
        "coordinates": [
          18.87213,
          42.92783
        ]
      }
    },
    {
      "type": "Feature",
      "properties": {
        "source": "viirs_noaa20",
        "satellite": "N20",
        "acq_at": "2026-10-04 01:41:00",
        "frp": "4.61",
        "confidence": "nominal"
      },
      "geometry": {
        "type": "Point",
        "coordinates": [
          18.87628,
          42.92666
        ]
      }
    },
    {
      "type": "Feature",
      "properties": {
        "source": "viirs_noaa20",
        "satellite": "N20",
        "acq_at": "2026-10-04 01:41:00",
        "frp": "3.78",
        "confidence": "nominal"
      },
      "geometry": {
        "type": "Point",
        "coordinates": [
          18.88035,
          42.92551
        ]
      }
    },
    {
      "type": "Feature",
      "properties": {
        "source": "viirs_noaa20",
        "satellite": "N20",
        "acq_at": "2026-10-04 01:41:00",
        "frp": "3.78",
        "confidence": "nominal"
      },
      "geometry": {
        "type": "Point",
        "coordinates": [
          18.88441,
          42.92437
        ]
      }
    },
    {
      "type": "Feature",
      "properties": {
        "source": "viirs_noaa20",
        "satellite": "N20",
        "acq_at": "2026-10-04 01:41:00",
        "frp": "1.14",
        "confidence": "nominal"
      },
      "geometry": {
        "type": "Point",
        "coordinates": [
          18.89759,
          42.92066
        ]
      }
    },
    {
      "type": "Feature",
      "properties": {
        "source": "viirs_noaa20",
        "satellite": "N20",
        "acq_at": "2026-10-04 01:41:00",
        "frp": "1.31",
        "confidence": "nominal"
      },
      "geometry": {
        "type": "Point",
        "coordinates": [
          18.88361,
          42.9188
        ]
      }
    },
    {
      "type": "Feature",
      "properties": {
        "source": "viirs_noaa20",
        "satellite": "N20",
        "acq_at": "2026-10-04 01:41:00",
        "frp": "1.06",
        "confidence": "nominal"
      },
      "geometry": {
        "type": "Point",
        "coordinates": [
          18.88802,
          42.91756
        ]
      }
    },
    {
      "type": "Feature",
      "properties": {
        "source": "viirs_noaa20",
        "satellite": "N20",
        "acq_at": "2026-10-04 01:41:00",
        "frp": "1.21",
        "confidence": "nominal"
      },
      "geometry": {
        "type": "Point",
        "coordinates": [
          18.8968,
          42.91509
        ]
      }
    },
    {
      "type": "Feature",
      "properties": {
        "source": "viirs_noaa20",
        "satellite": "N20",
        "acq_at": "2026-10-04 01:41:00",
        "frp": "1.21",
        "confidence": "nominal"
      },
      "geometry": {
        "type": "Point",
        "coordinates": [
          18.90125,
          42.91383
        ]
      }
    },
    {
      "type": "Feature",
      "properties": {
        "source": "viirs_noaa20",
        "satellite": "N20",
        "acq_at": "2026-10-04 01:41:00",
        "frp": "1.06",
        "confidence": "nominal"
      },
      "geometry": {
        "type": "Point",
        "coordinates": [
          18.88726,
          42.91198
        ]
      }
    },
    {
      "type": "Feature",
      "properties": {
        "source": "viirs_noaa20",
        "satellite": "N20",
        "acq_at": "2026-10-04 01:41:00",
        "frp": "1.06",
        "confidence": "nominal"
      },
      "geometry": {
        "type": "Point",
        "coordinates": [
          18.89163,
          42.91075
        ]
      }
    },
    {
      "type": "Feature",
      "properties": {
        "source": "viirs_noaa20",
        "satellite": "N20",
        "acq_at": "2026-10-04 01:41:00",
        "frp": "1.04",
        "confidence": "nominal"
      },
      "geometry": {
        "type": "Point",
        "coordinates": [
          17.58533,
          43.05922
        ]
      }
    },
    {
      "type": "Feature",
      "properties": {
        "source": "viirs_noaa20",
        "satellite": "N20",
        "acq_at": "2026-10-04 01:41:00",
        "frp": "3.6",
        "confidence": "nominal"
      },
      "geometry": {
        "type": "Point",
        "coordinates": [
          8.66481,
          44.55077
        ]
      }
    },
    {
      "type": "Feature",
      "properties": {
        "source": "viirs_noaa20",
        "satellite": "N20",
        "acq_at": "2026-10-04 01:41:00",
        "frp": "3.01",
        "confidence": "nominal"
      },
      "geometry": {
        "type": "Point",
        "coordinates": [
          8.77999,
          44.44457
        ]
      }
    },
    {
      "type": "Feature",
      "properties": {
        "source": "viirs_noaa20",
        "satellite": "N20",
        "acq_at": "2026-10-04 01:41:00",
        "frp": "3.01",
        "confidence": "nominal"
      },
      "geometry": {
        "type": "Point",
        "coordinates": [
          8.77892,
          44.44123
        ]
      }
    },
    {
      "type": "Feature",
      "properties": {
        "source": "viirs_noaa20",
        "satellite": "N20",
        "acq_at": "2026-10-04 01:41:00",
        "frp": "0.96",
        "confidence": "nominal"
      },
      "geometry": {
        "type": "Point",
        "coordinates": [
          15.30057,
          41.88894
        ]
      }
    },
    {
      "type": "Feature",
      "properties": {
        "source": "viirs_noaa20",
        "satellite": "N20",
        "acq_at": "2026-10-04 01:41:00",
        "frp": "1.38",
        "confidence": "nominal"
      },
      "geometry": {
        "type": "Point",
        "coordinates": [
          15.30129,
          41.88962
        ]
      }
    },
    {
      "type": "Feature",
      "properties": {
        "source": "viirs_noaa20",
        "satellite": "N20",
        "acq_at": "2026-10-04 01:41:00",
        "frp": "1.19",
        "confidence": "nominal"
      },
      "geometry": {
        "type": "Point",
        "coordinates": [
          16.12556,
          41.0417
        ]
      }
    },
    {
      "type": "Feature",
      "properties": {
        "source": "viirs_noaa20",
        "satellite": "N20",
        "acq_at": "2026-10-04 01:41:00",
        "frp": "0.59",
        "confidence": "nominal"
      },
      "geometry": {
        "type": "Point",
        "coordinates": [
          13.61046,
          41.65855
        ]
      }
    },
    {
      "type": "Feature",
      "properties": {
        "source": "viirs_noaa20",
        "satellite": "N20",
        "acq_at": "2026-10-04 01:41:00",
        "frp": "0.64",
        "confidence": "nominal"
      },
      "geometry": {
        "type": "Point",
        "coordinates": [
          18.03421,
          40.28653
        ]
      }
    },
    {
      "type": "Feature",
      "properties": {
        "source": "viirs_noaa20",
        "satellite": "N20",
        "acq_at": "2026-10-04 01:41:00",
        "frp": "1.56",
        "confidence": "nominal"
      },
      "geometry": {
        "type": "Point",
        "coordinates": [
          16.08835,
          39.66584
        ]
      }
    },
    {
      "type": "Feature",
      "properties": {
        "source": "viirs_noaa20",
        "satellite": "N20",
        "acq_at": "2026-10-04 01:41:00",
        "frp": "1.8",
        "confidence": "nominal"
      },
      "geometry": {
        "type": "Point",
        "coordinates": [
          16.09181,
          39.66493
        ]
      }
    },
    {
      "type": "Feature",
      "properties": {
        "source": "viirs_noaa20",
        "satellite": "N20",
        "acq_at": "2026-10-04 01:41:00",
        "frp": "2.02",
        "confidence": "nominal"
      },
      "geometry": {
        "type": "Point",
        "coordinates": [
          8.74866,
          40.32854
        ]
      }
    },
    {
      "type": "Feature",
      "properties": {
        "source": "viirs_noaa20",
        "satellite": "N20",
        "acq_at": "2026-10-04 01:41:00",
        "frp": "0.33",
        "confidence": "nominal"
      },
      "geometry": {
        "type": "Point",
        "coordinates": [
          8.66334,
          40.30471
        ]
      }
    },
    {
      "type": "Feature",
      "properties": {
        "source": "viirs_noaa20",
        "satellite": "N20",
        "acq_at": "2026-10-04 01:41:00",
        "frp": "1.89",
        "confidence": "nominal"
      },
      "geometry": {
        "type": "Point",
        "coordinates": [
          8.60042,
          40.2762
        ]
      }
    },
    {
      "type": "Feature",
      "properties": {
        "source": "viirs_noaa20",
        "satellite": "N20",
        "acq_at": "2026-10-04 01:41:00",
        "frp": "1.89",
        "confidence": "nominal"
      },
      "geometry": {
        "type": "Point",
        "coordinates": [
          8.59929,
          40.27274
        ]
      }
    },
    {
      "type": "Feature",
      "properties": {
        "source": "viirs_noaa20",
        "satellite": "N20",
        "acq_at": "2026-10-04 01:41:00",
        "frp": "2.99",
        "confidence": "nominal"
      },
      "geometry": {
        "type": "Point",
        "coordinates": [
          8.53562,
          40.24082
        ]
      }
    },
    {
      "type": "Feature",
      "properties": {
        "source": "viirs_noaa20",
        "satellite": "N20",
        "acq_at": "2026-10-04 01:41:00",
        "frp": "2.16",
        "confidence": "nominal"
      },
      "geometry": {
        "type": "Point",
        "coordinates": [
          8.53341,
          40.24093
        ]
      }
    },
    {
      "type": "Feature",
      "properties": {
        "source": "viirs_noaa20",
        "satellite": "N20",
        "acq_at": "2026-10-04 01:41:00",
        "frp": "1.33",
        "confidence": "nominal"
      },
      "geometry": {
        "type": "Point",
        "coordinates": [
          8.53842,
          40.23998
        ]
      }
    },
    {
      "type": "Feature",
      "properties": {
        "source": "viirs_noaa20",
        "satellite": "N20",
        "acq_at": "2026-10-04 01:41:00",
        "frp": "1.01",
        "confidence": "nominal"
      },
      "geometry": {
        "type": "Point",
        "coordinates": [
          15.26284,
          38.2057
        ]
      }
    },
    {
      "type": "Feature",
      "properties": {
        "source": "viirs_noaa20",
        "satellite": "N20",
        "acq_at": "2026-10-04 01:41:00",
        "frp": "0.56",
        "confidence": "nominal"
      },
      "geometry": {
        "type": "Point",
        "coordinates": [
          8.53859,
          39.72112
        ]
      }
    },
    {
      "type": "Feature",
      "properties": {
        "source": "viirs_noaa20",
        "satellite": "N20",
        "acq_at": "2026-10-04 01:41:00",
        "frp": "0.63",
        "confidence": "nominal"
      },
      "geometry": {
        "type": "Point",
        "coordinates": [
          8.99709,
          39.4674
        ]
      }
    },
    {
      "type": "Feature",
      "properties": {
        "source": "viirs_noaa20",
        "satellite": "N20",
        "acq_at": "2026-10-04 01:41:00",
        "frp": "0.88",
        "confidence": "nominal"
      },
      "geometry": {
        "type": "Point",
        "coordinates": [
          9.21345,
          39.29156
        ]
      }
    },
    {
      "type": "Feature",
      "properties": {
        "source": "viirs_noaa20",
        "satellite": "N20",
        "acq_at": "2026-10-04 01:43:00",
        "frp": "1.47",
        "confidence": "nominal"
      },
      "geometry": {
        "type": "Point",
        "coordinates": [
          13.06539,
          37.85388
        ]
      }
    },
    {
      "type": "Feature",
      "properties": {
        "source": "viirs_noaa20",
        "satellite": "N20",
        "acq_at": "2026-10-04 01:43:00",
        "frp": "0.62",
        "confidence": "nominal"
      },
      "geometry": {
        "type": "Point",
        "coordinates": [
          15.1779,
          37.19408
        ]
      }
    },
    {
      "type": "Feature",
      "properties": {
        "source": "viirs_noaa20",
        "satellite": "N20",
        "acq_at": "2026-10-04 01:43:00",
        "frp": "2.63",
        "confidence": "nominal"
      },
      "geometry": {
        "type": "Point",
        "coordinates": [
          13.75371,
          37.51328
        ]
      }
    },
    {
      "type": "Feature",
      "properties": {
        "source": "viirs_noaa20",
        "satellite": "N20",
        "acq_at": "2026-10-04 01:43:00",
        "frp": "2.63",
        "confidence": "nominal"
      },
      "geometry": {
        "type": "Point",
        "coordinates": [
          13.76107,
          37.51149
        ]
      }
    },
    {
      "type": "Feature",
      "properties": {
        "source": "viirs_noaa20",
        "satellite": "N20",
        "acq_at": "2026-10-04 01:43:00",
        "frp": "0.94",
        "confidence": "nominal"
      },
      "geometry": {
        "type": "Point",
        "coordinates": [
          9.67677,
          37.02628
        ]
      }
    },
    {
      "type": "Feature",
      "properties": {
        "source": "viirs_noaa20",
        "satellite": "N20",
        "acq_at": "2026-10-04 01:43:00",
        "frp": "1.21",
        "confidence": "nominal"
      },
      "geometry": {
        "type": "Point",
        "coordinates": [
          9.67583,
          37.02601
        ]
      }
    },
    {
      "type": "Feature",
      "properties": {
        "source": "viirs_noaa20",
        "satellite": "N20",
        "acq_at": "2026-10-04 01:43:00",
        "frp": "0.78",
        "confidence": "nominal"
      },
      "geometry": {
        "type": "Point",
        "coordinates": [
          9.24599,
          37.10175
        ]
      }
    },
    {
      "type": "Feature",
      "properties": {
        "source": "viirs_noaa20",
        "satellite": "N20",
        "acq_at": "2026-10-04 01:43:00",
        "frp": "1.01",
        "confidence": "nominal"
      },
      "geometry": {
        "type": "Point",
        "coordinates": [
          9.25758,
          37.0994
        ]
      }
    },
    {
      "type": "Feature",
      "properties": {
        "source": "viirs_noaa20",
        "satellite": "N20",
        "acq_at": "2026-10-04 01:43:00",
        "frp": "1.14",
        "confidence": "nominal"
      },
      "geometry": {
        "type": "Point",
        "coordinates": [
          10.27068,
          36.88926
        ]
      }
    },
    {
      "type": "Feature",
      "properties": {
        "source": "viirs_noaa20",
        "satellite": "N20",
        "acq_at": "2026-10-04 01:43:00",
        "frp": "0.78",
        "confidence": "nominal"
      },
      "geometry": {
        "type": "Point",
        "coordinates": [
          9.24487,
          37.098
        ]
      }
    },
    {
      "type": "Feature",
      "properties": {
        "source": "viirs_noaa20",
        "satellite": "N20",
        "acq_at": "2026-10-04 01:43:00",
        "frp": "0.78",
        "confidence": "nominal"
      },
      "geometry": {
        "type": "Point",
        "coordinates": [
          9.25055,
          37.09684
        ]
      }
    },
    {
      "type": "Feature",
      "properties": {
        "source": "viirs_noaa20",
        "satellite": "N20",
        "acq_at": "2026-10-04 01:43:00",
        "frp": "1.01",
        "confidence": "nominal"
      },
      "geometry": {
        "type": "Point",
        "coordinates": [
          9.25633,
          37.09566
        ]
      }
    },
    {
      "type": "Feature",
      "properties": {
        "source": "viirs_noaa20",
        "satellite": "N20",
        "acq_at": "2026-10-04 01:43:00",
        "frp": "0.77",
        "confidence": "nominal"
      },
      "geometry": {
        "type": "Point",
        "coordinates": [
          9.12084,
          36.9101
        ]
      }
    },
    {
      "type": "Feature",
      "properties": {
        "source": "viirs_noaa20",
        "satellite": "N20",
        "acq_at": "2026-10-04 01:43:00",
        "frp": "1.38",
        "confidence": "nominal"
      },
      "geometry": {
        "type": "Point",
        "coordinates": [
          9.11436,
          36.90745
        ]
      }
    },
    {
      "type": "Feature",
      "properties": {
        "source": "viirs_noaa20",
        "satellite": "N20",
        "acq_at": "2026-10-04 01:43:00",
        "frp": "0.79",
        "confidence": "nominal"
      },
      "geometry": {
        "type": "Point",
        "coordinates": [
          10.61977,
          36.52382
        ]
      }
    },
    {
      "type": "Feature",
      "properties": {
        "source": "modis",
        "satellite": "A",
        "acq_at": "2026-10-03 13:59:00",
        "frp": "15.38",
        "confidence": "45"
      },
      "geometry": {
        "type": "Point",
        "coordinates": [
          14.21548,
          37.15639
        ]
      }
    },
    {
      "type": "Feature",
      "properties": {
        "source": "modis",
        "satellite": "A",
        "acq_at": "2026-10-03 13:59:00",
        "frp": "8.43",
        "confidence": "56"
      },
      "geometry": {
        "type": "Point",
        "coordinates": [
          13.90861,
          37.1779
        ]
      }
    },
    {
      "type": "Feature",
      "properties": {
        "source": "modis",
        "satellite": "A",
        "acq_at": "2026-10-03 13:59:00",
        "frp": "10.83",
        "confidence": "59"
      },
      "geometry": {
        "type": "Point",
        "coordinates": [
          13.66493,
          37.37449
        ]
      }
    },
    {
      "type": "Feature",
      "properties": {
        "source": "modis",
        "satellite": "A",
        "acq_at": "2026-10-03 13:59:00",
        "frp": "23.78",
        "confidence": "77"
      },
      "geometry": {
        "type": "Point",
        "coordinates": [
          13.82744,
          37.69966
        ]
      }
    },
    {
      "type": "Feature",
      "properties": {
        "source": "modis",
        "satellite": "A",
        "acq_at": "2026-10-03 13:59:00",
        "frp": "9.31",
        "confidence": "53"
      },
      "geometry": {
        "type": "Point",
        "coordinates": [
          13.8373,
          37.70515
        ]
      }
    },
    {
      "type": "Feature",
      "properties": {
        "source": "modis",
        "satellite": "A",
        "acq_at": "2026-10-03 13:59:00",
        "frp": "11.97",
        "confidence": "68"
      },
      "geometry": {
        "type": "Point",
        "coordinates": [
          13.81997,
          37.70163
        ]
      }
    },
    {
      "type": "Feature",
      "properties": {
        "source": "modis",
        "satellite": "A",
        "acq_at": "2026-10-03 13:59:00",
        "frp": "17.3",
        "confidence": "73"
      },
      "geometry": {
        "type": "Point",
        "coordinates": [
          13.80563,
          37.75567
        ]
      }
    },
    {
      "type": "Feature",
      "properties": {
        "source": "modis",
        "satellite": "A",
        "acq_at": "2026-10-03 13:59:00",
        "frp": "10.47",
        "confidence": "52"
      },
      "geometry": {
        "type": "Point",
        "coordinates": [
          13.04376,
          37.65808
        ]
      }
    },
    {
      "type": "Feature",
      "properties": {
        "source": "modis",
        "satellite": "A",
        "acq_at": "2026-10-03 13:59:00",
        "frp": "55.68",
        "confidence": "60"
      },
      "geometry": {
        "type": "Point",
        "coordinates": [
          9.57328,
          37.2643
        ]
      }
    },
    {
      "type": "Feature",
      "properties": {
        "source": "modis",
        "satellite": "A",
        "acq_at": "2026-10-03 13:59:00",
        "frp": "12.12",
        "confidence": "55"
      },
      "geometry": {
        "type": "Point",
        "coordinates": [
          16.43451,
          38.72457
        ]
      }
    },
    {
      "type": "Feature",
      "properties": {
        "source": "modis",
        "satellite": "A",
        "acq_at": "2026-10-03 13:59:00",
        "frp": "26.25",
        "confidence": "82"
      },
      "geometry": {
        "type": "Point",
        "coordinates": [
          17.11193,
          39.04496
        ]
      }
    },
    {
      "type": "Feature",
      "properties": {
        "source": "modis",
        "satellite": "A",
        "acq_at": "2026-10-03 13:59:00",
        "frp": "18.79",
        "confidence": "69"
      },
      "geometry": {
        "type": "Point",
        "coordinates": [
          16.92982,
          39.40637
        ]
      }
    },
    {
      "type": "Feature",
      "properties": {
        "source": "modis",
        "satellite": "A",
        "acq_at": "2026-10-03 13:59:00",
        "frp": "21.61",
        "confidence": "73"
      },
      "geometry": {
        "type": "Point",
        "coordinates": [
          16.91781,
          39.40434
        ]
      }
    },
    {
      "type": "Feature",
      "properties": {
        "source": "modis",
        "satellite": "A",
        "acq_at": "2026-10-03 13:59:00",
        "frp": "18.25",
        "confidence": "82"
      },
      "geometry": {
        "type": "Point",
        "coordinates": [
          16.92721,
          39.4153
        ]
      }
    },
    {
      "type": "Feature",
      "properties": {
        "source": "modis",
        "satellite": "A",
        "acq_at": "2026-10-03 13:59:00",
        "frp": "14.39",
        "confidence": "75"
      },
      "geometry": {
        "type": "Point",
        "coordinates": [
          16.91537,
          39.4133
        ]
      }
    },
    {
      "type": "Feature",
      "properties": {
        "source": "modis",
        "satellite": "A",
        "acq_at": "2026-10-03 13:59:00",
        "frp": "9.66",
        "confidence": "39"
      },
      "geometry": {
        "type": "Point",
        "coordinates": [
          16.12526,
          39.50241
        ]
      }
    },
    {
      "type": "Feature",
      "properties": {
        "source": "modis",
        "satellite": "A",
        "acq_at": "2026-10-03 13:59:00",
        "frp": "16.4",
        "confidence": "66"
      },
      "geometry": {
        "type": "Point",
        "coordinates": [
          16.11326,
          39.50032
        ]
      }
    },
    {
      "type": "Feature",
      "properties": {
        "source": "modis",
        "satellite": "A",
        "acq_at": "2026-10-03 13:59:00",
        "frp": "6.58",
        "confidence": "53"
      },
      "geometry": {
        "type": "Point",
        "coordinates": [
          18.31191,
          39.87926
        ]
      }
    },
    {
      "type": "Feature",
      "properties": {
        "source": "modis",
        "satellite": "A",
        "acq_at": "2026-10-03 13:59:00",
        "frp": "8.15",
        "confidence": "60"
      },
      "geometry": {
        "type": "Point",
        "coordinates": [
          18.30059,
          39.87752
        ]
      }
    },
    {
      "type": "Feature",
      "properties": {
        "source": "modis",
        "satellite": "A",
        "acq_at": "2026-10-03 13:59:00",
        "frp": "11.91",
        "confidence": "76"
      },
      "geometry": {
        "type": "Point",
        "coordinates": [
          18.137,
          40.22404
        ]
      }
    },
    {
      "type": "Feature",
      "properties": {
        "source": "modis",
        "satellite": "A",
        "acq_at": "2026-10-03 13:59:00",
        "frp": "4.85",
        "confidence": "60"
      },
      "geometry": {
        "type": "Point",
        "coordinates": [
          16.9236,
          40.51437
        ]
      }
    },
    {
      "type": "Feature",
      "properties": {
        "source": "modis",
        "satellite": "A",
        "acq_at": "2026-10-03 13:59:00",
        "frp": "5.01",
        "confidence": "63"
      },
      "geometry": {
        "type": "Point",
        "coordinates": [
          16.55643,
          40.74283
        ]
      }
    },
    {
      "type": "Feature",
      "properties": {
        "source": "modis",
        "satellite": "A",
        "acq_at": "2026-10-03 13:59:00",
        "frp": "6.91",
        "confidence": "51"
      },
      "geometry": {
        "type": "Point",
        "coordinates": [
          16.33987,
          40.73431
        ]
      }
    },
    {
      "type": "Feature",
      "properties": {
        "source": "modis",
        "satellite": "A",
        "acq_at": "2026-10-03 13:59:00",
        "frp": "30.2",
        "confidence": "84"
      },
      "geometry": {
        "type": "Point",
        "coordinates": [
          15.74279,
          40.72525
        ]
      }
    },
    {
      "type": "Feature",
      "properties": {
        "source": "modis",
        "satellite": "A",
        "acq_at": "2026-10-03 13:59:00",
        "frp": "39.34",
        "confidence": "88"
      },
      "geometry": {
        "type": "Point",
        "coordinates": [
          15.72932,
          40.72288
        ]
      }
    },
    {
      "type": "Feature",
      "properties": {
        "source": "modis",
        "satellite": "A",
        "acq_at": "2026-10-03 13:59:00",
        "frp": "6.67",
        "confidence": "35"
      },
      "geometry": {
        "type": "Point",
        "coordinates": [
          15.53415,
          41.09177
        ]
      }
    },
    {
      "type": "Feature",
      "properties": {
        "source": "modis",
        "satellite": "A",
        "acq_at": "2026-10-03 13:59:00",
        "frp": "7.26",
        "confidence": "35"
      },
      "geometry": {
        "type": "Point",
        "coordinates": [
          15.52117,
          41.0895
        ]
      }
    },
    {
      "type": "Feature",
      "properties": {
        "source": "modis",
        "satellite": "A",
        "acq_at": "2026-10-03 13:59:00",
        "frp": "7.66",
        "confidence": "64"
      },
      "geometry": {
        "type": "Point",
        "coordinates": [
          15.5056,
          41.12178
        ]
      }
    },
    {
      "type": "Feature",
      "properties": {
        "source": "modis",
        "satellite": "A",
        "acq_at": "2026-10-03 13:59:00",
        "frp": "22.76",
        "confidence": "78"
      },
      "geometry": {
        "type": "Point",
        "coordinates": [
          14.05052,
          41.09226
        ]
      }
    },
    {
      "type": "Feature",
      "properties": {
        "source": "modis",
        "satellite": "A",
        "acq_at": "2026-10-03 13:59:00",
        "frp": "11.68",
        "confidence": "68"
      },
      "geometry": {
        "type": "Point",
        "coordinates": [
          14.03543,
          41.0894
        ]
      }
    },
    {
      "type": "Feature",
      "properties": {
        "source": "modis",
        "satellite": "A",
        "acq_at": "2026-10-03 13:59:00",
        "frp": "8.34",
        "confidence": "66"
      },
      "geometry": {
        "type": "Point",
        "coordinates": [
          15.14617,
          41.52017
        ]
      }
    },
    {
      "type": "Feature",
      "properties": {
        "source": "modis",
        "satellite": "A",
        "acq_at": "2026-10-03 13:59:00",
        "frp": "16.37",
        "confidence": "79"
      },
      "geometry": {
        "type": "Point",
        "coordinates": [
          15.30912,
          41.5557
        ]
      }
    },
    {
      "type": "Feature",
      "properties": {
        "source": "modis",
        "satellite": "A",
        "acq_at": "2026-10-03 13:59:00",
        "frp": "16.31",
        "confidence": "79"
      },
      "geometry": {
        "type": "Point",
        "coordinates": [
          15.29598,
          41.55336
        ]
      }
    },
    {
      "type": "Feature",
      "properties": {
        "source": "modis",
        "satellite": "A",
        "acq_at": "2026-10-03 13:59:00",
        "frp": "14.81",
        "confidence": "74"
      },
      "geometry": {
        "type": "Point",
        "coordinates": [
          14.8646,
          41.60822
        ]
      }
    },
    {
      "type": "Feature",
      "properties": {
        "source": "modis",
        "satellite": "A",
        "acq_at": "2026-10-03 13:59:00",
        "frp": "14.5",
        "confidence": "73"
      },
      "geometry": {
        "type": "Point",
        "coordinates": [
          14.85131,
          41.60582
        ]
      }
    },
    {
      "type": "Feature",
      "properties": {
        "source": "modis",
        "satellite": "A",
        "acq_at": "2026-10-03 13:59:00",
        "frp": "39.35",
        "confidence": "86"
      },
      "geometry": {
        "type": "Point",
        "coordinates": [
          14.14813,
          41.61164
        ]
      }
    },
    {
      "type": "Feature",
      "properties": {
        "source": "modis",
        "satellite": "A",
        "acq_at": "2026-10-03 13:59:00",
        "frp": "52.67",
        "confidence": "90"
      },
      "geometry": {
        "type": "Point",
        "coordinates": [
          14.13391,
          41.609
        ]
      }
    },
    {
      "type": "Feature",
      "properties": {
        "source": "modis",
        "satellite": "A",
        "acq_at": "2026-10-03 13:59:00",
        "frp": "24.98",
        "confidence": "85"
      },
      "geometry": {
        "type": "Point",
        "coordinates": [
          18.90043,
          42.91587
        ]
      }
    },
    {
      "type": "Feature",
      "properties": {
        "source": "modis",
        "satellite": "A",
        "acq_at": "2026-10-03 13:59:00",
        "frp": "48.14",
        "confidence": "93"
      },
      "geometry": {
        "type": "Point",
        "coordinates": [
          18.88861,
          42.91422
        ]
      }
    },
    {
      "type": "Feature",
      "properties": {
        "source": "modis",
        "satellite": "A",
        "acq_at": "2026-10-03 13:59:00",
        "frp": "9.43",
        "confidence": "70"
      },
      "geometry": {
        "type": "Point",
        "coordinates": [
          18.89793,
          42.92454
        ]
      }
    },
    {
      "type": "Feature",
      "properties": {
        "source": "modis",
        "satellite": "A",
        "acq_at": "2026-10-03 13:59:00",
        "frp": "87.34",
        "confidence": "99"
      },
      "geometry": {
        "type": "Point",
        "coordinates": [
          18.88607,
          42.92289
        ]
      }
    },
    {
      "type": "Feature",
      "properties": {
        "source": "modis",
        "satellite": "A",
        "acq_at": "2026-10-03 13:59:00",
        "frp": "37.15",
        "confidence": "90"
      },
      "geometry": {
        "type": "Point",
        "coordinates": [
          18.87429,
          42.92124
        ]
      }
    },
    {
      "type": "Feature",
      "properties": {
        "source": "modis",
        "satellite": "A",
        "acq_at": "2026-10-03 13:59:00",
        "frp": "49.3",
        "confidence": "93"
      },
      "geometry": {
        "type": "Point",
        "coordinates": [
          18.88366,
          42.93157
        ]
      }
    },
    {
      "type": "Feature",
      "properties": {
        "source": "modis",
        "satellite": "A",
        "acq_at": "2026-10-03 13:59:00",
        "frp": "39.06",
        "confidence": "90"
      },
      "geometry": {
        "type": "Point",
        "coordinates": [
          18.87187,
          42.92992
        ]
      }
    },
    {
      "type": "Feature",
      "properties": {
        "source": "modis",
        "satellite": "A",
        "acq_at": "2026-10-03 13:59:00",
        "frp": "6.3",
        "confidence": "71"
      },
      "geometry": {
        "type": "Point",
        "coordinates": [
          17.89004,
          43.43745
        ]
      }
    },
    {
      "type": "Feature",
      "properties": {
        "source": "modis",
        "satellite": "A",
        "acq_at": "2026-10-03 13:59:00",
        "frp": "12.26",
        "confidence": "78"
      },
      "geometry": {
        "type": "Point",
        "coordinates": [
          17.25498,
          43.42669
        ]
      }
    },
    {
      "type": "Feature",
      "properties": {
        "source": "modis",
        "satellite": "A",
        "acq_at": "2026-10-03 13:59:00",
        "frp": "83.77",
        "confidence": "99"
      },
      "geometry": {
        "type": "Point",
        "coordinates": [
          17.58938,
          43.64517
        ]
      }
    },
    {
      "type": "Feature",
      "properties": {
        "source": "modis",
        "satellite": "A",
        "acq_at": "2026-10-03 13:59:00",
        "frp": "43.02",
        "confidence": "69"
      },
      "geometry": {
        "type": "Point",
        "coordinates": [
          16.21215,
          43.52322
        ]
      }
    },
    {
      "type": "Feature",
      "properties": {
        "source": "modis",
        "satellite": "A",
        "acq_at": "2026-10-03 13:59:00",
        "frp": "54.2",
        "confidence": "0"
      },
      "geometry": {
        "type": "Point",
        "coordinates": [
          16.19977,
          43.52121
        ]
      }
    },
    {
      "type": "Feature",
      "properties": {
        "source": "modis",
        "satellite": "A",
        "acq_at": "2026-10-03 13:59:00",
        "frp": "4.66",
        "confidence": "59"
      },
      "geometry": {
        "type": "Point",
        "coordinates": [
          17.88995,
          45.09008
        ]
      }
    },
    {
      "type": "Feature",
      "properties": {
        "source": "modis",
        "satellite": "A",
        "acq_at": "2026-10-03 13:59:00",
        "frp": "11.8",
        "confidence": "68"
      },
      "geometry": {
        "type": "Point",
        "coordinates": [
          10.87155,
          44.53027
        ]
      }
    },
    {
      "type": "Feature",
      "properties": {
        "source": "modis",
        "satellite": "A",
        "acq_at": "2026-10-03 13:59:00",
        "frp": "10.9",
        "confidence": "68"
      },
      "geometry": {
        "type": "Point",
        "coordinates": [
          11.93312,
          45.39661
        ]
      }
    },
    {
      "type": "Feature",
      "properties": {
        "source": "modis",
        "satellite": "A",
        "acq_at": "2026-10-03 13:59:00",
        "frp": "6.91",
        "confidence": "60"
      },
      "geometry": {
        "type": "Point",
        "coordinates": [
          11.85096,
          45.42309
        ]
      }
    },
    {
      "type": "Feature",
      "properties": {
        "source": "modis",
        "satellite": "A",
        "acq_at": "2026-10-03 13:59:00",
        "frp": "11.68",
        "confidence": "72"
      },
      "geometry": {
        "type": "Point",
        "coordinates": [
          11.3934,
          45.70918
        ]
      }
    },
    {
      "type": "Feature",
      "properties": {
        "source": "modis",
        "satellite": "A",
        "acq_at": "2026-10-03 14:01:00",
        "frp": "9.33",
        "confidence": "53"
      },
      "geometry": {
        "type": "Point",
        "coordinates": [
          9.60922,
          45.7113
        ]
      }
    },
    {
      "type": "Feature",
      "properties": {
        "source": "modis",
        "satellite": "T",
        "acq_at": "2026-10-03 18:17:00",
        "frp": "21.51",
        "confidence": "18"
      },
      "geometry": {
        "type": "Point",
        "coordinates": [
          18.90159,
          42.91464
        ]
      }
    },
    {
      "type": "Feature",
      "properties": {
        "source": "modis",
        "satellite": "T",
        "acq_at": "2026-10-03 18:17:00",
        "frp": "37.33",
        "confidence": "76"
      },
      "geometry": {
        "type": "Point",
        "coordinates": [
          18.89844,
          42.92752
        ]
      }
    },
    {
      "type": "Feature",
      "properties": {
        "source": "modis",
        "satellite": "T",
        "acq_at": "2026-10-03 18:17:00",
        "frp": "43.54",
        "confidence": "83"
      },
      "geometry": {
        "type": "Point",
        "coordinates": [
          18.87054,
          42.92129
        ]
      }
    },
    {
      "type": "Feature",
      "properties": {
        "source": "modis",
        "satellite": "T",
        "acq_at": "2026-10-03 18:17:00",
        "frp": "31.17",
        "confidence": "56"
      },
      "geometry": {
        "type": "Point",
        "coordinates": [
          17.60578,
          43.05542
        ]
      }
    },
    {
      "type": "Feature",
      "properties": {
        "source": "modis",
        "satellite": "T",
        "acq_at": "2026-10-03 18:17:00",
        "frp": "66.56",
        "confidence": "91"
      },
      "geometry": {
        "type": "Point",
        "coordinates": [
          17.57844,
          43.04905
        ]
      }
    },
    {
      "type": "Feature",
      "properties": {
        "source": "modis",
        "satellite": "T",
        "acq_at": "2026-10-03 18:17:00",
        "frp": "42.26",
        "confidence": "72"
      },
      "geometry": {
        "type": "Point",
        "coordinates": [
          17.5973,
          43.06078
        ]
      }
    },
    {
      "type": "Feature",
      "properties": {
        "source": "modis",
        "satellite": "T",
        "acq_at": "2026-10-03 18:17:00",
        "frp": "39.26",
        "confidence": "67"
      },
      "geometry": {
        "type": "Point",
        "coordinates": [
          17.56943,
          43.05413
        ]
      }
    },
    {
      "type": "Feature",
      "properties": {
        "source": "modis",
        "satellite": "T",
        "acq_at": "2026-10-03 19:53:00",
        "frp": "6.2",
        "confidence": "49"
      },
      "geometry": {
        "type": "Point",
        "coordinates": [
          8.9653,
          36.8636
        ]
      }
    },
    {
      "type": "Feature",
      "properties": {
        "source": "modis",
        "satellite": "T",
        "acq_at": "2026-10-03 19:53:00",
        "frp": "5.59",
        "confidence": "43"
      },
      "geometry": {
        "type": "Point",
        "coordinates": [
          9.25114,
          37.09612
        ]
      }
    },
    {
      "type": "Feature",
      "properties": {
        "source": "modis",
        "satellite": "T",
        "acq_at": "2026-10-03 19:53:00",
        "frp": "23.47",
        "confidence": "95"
      },
      "geometry": {
        "type": "Point",
        "coordinates": [
          8.53995,
          40.24139
        ]
      }
    },
    {
      "type": "Feature",
      "properties": {
        "source": "modis",
        "satellite": "T",
        "acq_at": "2026-10-03 19:53:00",
        "frp": "15.65",
        "confidence": "81"
      },
      "geometry": {
        "type": "Point",
        "coordinates": [
          8.52488,
          40.23987
        ]
      }
    },
    {
      "type": "Feature",
      "properties": {
        "source": "modis",
        "satellite": "T",
        "acq_at": "2026-10-03 19:53:00",
        "frp": "8.63",
        "confidence": "47"
      },
      "geometry": {
        "type": "Point",
        "coordinates": [
          8.61071,
          40.27937
        ]
      }
    },
    {
      "type": "Feature",
      "properties": {
        "source": "modis",
        "satellite": "A",
        "acq_at": "2026-10-04 03:34:00",
        "frp": "7.05",
        "confidence": "52"
      },
      "geometry": {
        "type": "Point",
        "coordinates": [
          8.78156,
          44.44654
        ]
      }
    },
    {
      "type": "Feature",
      "properties": {
        "source": "modis",
        "satellite": "T",
        "acq_at": "2026-10-04 07:50:00",
        "frp": "14.39",
        "confidence": "50"
      },
      "geometry": {
        "type": "Point",
        "coordinates": [
          18.87628,
          42.92734
        ]
      }
    },
    {
      "type": "Feature",
      "properties": {
        "source": "modis",
        "satellite": "T",
        "acq_at": "2026-10-04 07:52:00",
        "frp": "8.27",
        "confidence": "71"
      },
      "geometry": {
        "type": "Point",
        "coordinates": [
          15.79008,
          41.61045
        ]
      }
    },
    {
      "type": "Feature",
      "properties": {
        "source": "modis",
        "satellite": "T",
        "acq_at": "2026-10-04 07:52:00",
        "frp": "7.05",
        "confidence": "67"
      },
      "geometry": {
        "type": "Point",
        "coordinates": [
          15.23583,
          41.41867
        ]
      }
    },
    {
      "type": "Feature",
      "properties": {
        "source": "modis",
        "satellite": "T",
        "acq_at": "2026-10-04 07:52:00",
        "frp": "5.39",
        "confidence": "60"
      },
      "geometry": {
        "type": "Point",
        "coordinates": [
          16.80277,
          41.11801
        ]
      }
    },
    {
      "type": "Feature",
      "properties": {
        "source": "modis",
        "satellite": "T",
        "acq_at": "2026-10-04 07:52:00",
        "frp": "9.49",
        "confidence": "72"
      },
      "geometry": {
        "type": "Point",
        "coordinates": [
          16.36589,
          40.85968
        ]
      }
    },
    {
      "type": "Feature",
      "properties": {
        "source": "modis",
        "satellite": "T",
        "acq_at": "2026-10-04 07:52:00",
        "frp": "10.83",
        "confidence": "67"
      },
      "geometry": {
        "type": "Point",
        "coordinates": [
          15.52214,
          40.95116
        ]
      }
    },
    {
      "type": "Feature",
      "properties": {
        "source": "modis",
        "satellite": "T",
        "acq_at": "2026-10-04 07:52:00",
        "frp": "6.64",
        "confidence": "46"
      },
      "geometry": {
        "type": "Point",
        "coordinates": [
          15.53473,
          40.94971
        ]
      }
    },
    {
      "type": "Feature",
      "properties": {
        "source": "modis",
        "satellite": "T",
        "acq_at": "2026-10-04 07:52:00",
        "frp": "7.39",
        "confidence": "53"
      },
      "geometry": {
        "type": "Point",
        "coordinates": [
          16.89724,
          39.52013
        ]
      }
    },
    {
      "type": "Feature",
      "properties": {
        "source": "modis",
        "satellite": "T",
        "acq_at": "2026-10-04 07:52:00",
        "frp": "8.95",
        "confidence": "60"
      },
      "geometry": {
        "type": "Point",
        "coordinates": [
          13.8788,
          37.74437
        ]
      }
    },
    {
      "type": "Feature",
      "properties": {
        "source": "modis",
        "satellite": "T",
        "acq_at": "2026-10-04 07:52:00",
        "frp": "7.8",
        "confidence": "60"
      },
      "geometry": {
        "type": "Point",
        "coordinates": [
          13.97414,
          37.69141
        ]
      }
    },
    {
      "type": "Feature",
      "properties": {
        "source": "modis",
        "satellite": "T",
        "acq_at": "2026-10-04 07:52:00",
        "frp": "11.4",
        "confidence": "72"
      },
      "geometry": {
        "type": "Point",
        "coordinates": [
          14.45733,
          37.50538
        ]
      }
    }
  ]
}