{
  "type": "FeatureCollection",
  "properties": {
    "generated_at": "2026-09-29T13:11:01Z",
    "window_days": 2,
    "excluded_count": 206
  },
  "features": [
    {
      "type": "Feature",
      "properties": {
        "source": "viirs_snpp",
        "satellite": "N",
        "acq_at": "2026-09-27 13:14:00",
        "frp": "5.16",
        "confidence": "nominal"
      },
      "geometry": {
        "type": "Point",
        "coordinates": [
          8.35364,
          36.16241
        ]
      }
    },
    {
      "type": "Feature",
      "properties": {
        "source": "viirs_snpp",
        "satellite": "N",
        "acq_at": "2026-09-27 13:14:00",
        "frp": "14.29",
        "confidence": "nominal"
      },
      "geometry": {
        "type": "Point",
        "coordinates": [
          9.02042,
          36.35429
        ]
      }
    },
    {
      "type": "Feature",
      "properties": {
        "source": "viirs_snpp",
        "satellite": "N",
        "acq_at": "2026-09-27 13:14:00",
        "frp": "5.99",
        "confidence": "nominal"
      },
      "geometry": {
        "type": "Point",
        "coordinates": [
          9.01952,
          36.35491
        ]
      }
    },
    {
      "type": "Feature",
      "properties": {
        "source": "viirs_snpp",
        "satellite": "N",
        "acq_at": "2026-09-27 13:14:00",
        "frp": "2.97",
        "confidence": "nominal"
      },
      "geometry": {
        "type": "Point",
        "coordinates": [
          7.2004,
          36.22287
        ]
      }
    },
    {
      "type": "Feature",
      "properties": {
        "source": "viirs_snpp",
        "satellite": "N",
        "acq_at": "2026-09-27 13:14:00",
        "frp": "12.9",
        "confidence": "nominal"
      },
      "geometry": {
        "type": "Point",
        "coordinates": [
          7.11595,
          36.29203
        ]
      }
    },
    {
      "type": "Feature",
      "properties": {
        "source": "viirs_snpp",
        "satellite": "N",
        "acq_at": "2026-09-27 13:14:00",
        "frp": "8.96",
        "confidence": "nominal"
      },
      "geometry": {
        "type": "Point",
        "coordinates": [
          7.11504,
          36.29644
        ]
      }
    },
    {
      "type": "Feature",
      "properties": {
        "source": "viirs_snpp",
        "satellite": "N",
        "acq_at": "2026-09-27 13:14:00",
        "frp": "4.87",
        "confidence": "nominal"
      },
      "geometry": {
        "type": "Point",
        "coordinates": [
          6.82166,
          36.28704
        ]
      }
    },
    {
      "type": "Feature",
      "properties": {
        "source": "viirs_snpp",
        "satellite": "N",
        "acq_at": "2026-09-27 13:14:00",
        "frp": "4.3",
        "confidence": "nominal"
      },
      "geometry": {
        "type": "Point",
        "coordinates": [
          6.81914,
          36.28653
        ]
      }
    },
    {
      "type": "Feature",
      "properties": {
        "source": "viirs_snpp",
        "satellite": "N",
        "acq_at": "2026-09-27 13:14:00",
        "frp": "2.71",
        "confidence": "nominal"
      },
      "geometry": {
        "type": "Point",
        "coordinates": [
          7.48126,
          36.37066
        ]
      }
    },
    {
      "type": "Feature",
      "properties": {
        "source": "viirs_snpp",
        "satellite": "N",
        "acq_at": "2026-09-27 13:14:00",
        "frp": "1.82",
        "confidence": "nominal"
      },
      "geometry": {
        "type": "Point",
        "coordinates": [
          10.05007,
          36.58002
        ]
      }
    },
    {
      "type": "Feature",
      "properties": {
        "source": "viirs_snpp",
        "satellite": "N",
        "acq_at": "2026-09-27 13:14:00",
        "frp": "3.58",
        "confidence": "low"
      },
      "geometry": {
        "type": "Point",
        "coordinates": [
          6.66245,
          36.47581
        ]
      }
    },
    {
      "type": "Feature",
      "properties": {
        "source": "viirs_snpp",
        "satellite": "N",
        "acq_at": "2026-09-27 13:14:00",
        "frp": "6.46",
        "confidence": "low"
      },
      "geometry": {
        "type": "Point",
        "coordinates": [
          6.6658,
          36.47662
        ]
      }
    },
    {
      "type": "Feature",
      "properties": {
        "source": "viirs_snpp",
        "satellite": "N",
        "acq_at": "2026-09-27 13:14:00",
        "frp": "5.98",
        "confidence": "nominal"
      },
      "geometry": {
        "type": "Point",
        "coordinates": [
          9.58744,
          36.72919
        ]
      }
    },
    {
      "type": "Feature",
      "properties": {
        "source": "viirs_snpp",
        "satellite": "N",
        "acq_at": "2026-09-27 13:14:00",
        "frp": "2.87",
        "confidence": "nominal"
      },
      "geometry": {
        "type": "Point",
        "coordinates": [
          10.96921,
          36.8444
        ]
      }
    },
    {
      "type": "Feature",
      "properties": {
        "source": "viirs_snpp",
        "satellite": "N",
        "acq_at": "2026-09-27 13:14:00",
        "frp": "2.79",
        "confidence": "nominal"
      },
      "geometry": {
        "type": "Point",
        "coordinates": [
          9.5041,
          36.8167
        ]
      }
    },
    {
      "type": "Feature",
      "properties": {
        "source": "viirs_snpp",
        "satellite": "N",
        "acq_at": "2026-09-27 13:14:00",
        "frp": "2.79",
        "confidence": "nominal"
      },
      "geometry": {
        "type": "Point",
        "coordinates": [
          9.5034,
          36.82181
        ]
      }
    },
    {
      "type": "Feature",
      "properties": {
        "source": "viirs_snpp",
        "satellite": "N",
        "acq_at": "2026-09-27 13:14:00",
        "frp": "2.79",
        "confidence": "nominal"
      },
      "geometry": {
        "type": "Point",
        "coordinates": [
          9.49937,
          36.82153
        ]
      }
    },
    {
      "type": "Feature",
      "properties": {
        "source": "viirs_snpp",
        "satellite": "N",
        "acq_at": "2026-09-27 13:14:00",
        "frp": "2.87",
        "confidence": "nominal"
      },
      "geometry": {
        "type": "Point",
        "coordinates": [
          9.50396,
          36.8188
        ]
      }
    },
    {
      "type": "Feature",
      "properties": {
        "source": "viirs_snpp",
        "satellite": "N",
        "acq_at": "2026-09-27 13:14:00",
        "frp": "2.87",
        "confidence": "nominal"
      },
      "geometry": {
        "type": "Point",
        "coordinates": [
          9.49994,
          36.81854
        ]
      }
    },
    {
      "type": "Feature",
      "properties": {
        "source": "viirs_snpp",
        "satellite": "N",
        "acq_at": "2026-09-27 13:14:00",
        "frp": "2.87",
        "confidence": "nominal"
      },
      "geometry": {
        "type": "Point",
        "coordinates": [
          9.49916,
          36.82365
        ]
      }
    },
    {
      "type": "Feature",
      "properties": {
        "source": "viirs_snpp",
        "satellite": "N",
        "acq_at": "2026-09-27 13:14:00",
        "frp": "1.82",
        "confidence": "low"
      },
      "geometry": {
        "type": "Point",
        "coordinates": [
          9.56712,
          36.87991
        ]
      }
    },
    {
      "type": "Feature",
      "properties": {
        "source": "viirs_snpp",
        "satellite": "N",
        "acq_at": "2026-09-27 13:14:00",
        "frp": "7.43",
        "confidence": "nominal"
      },
      "geometry": {
        "type": "Point",
        "coordinates": [
          6.51478,
          36.68755
        ]
      }
    },
    {
      "type": "Feature",
      "properties": {
        "source": "viirs_snpp",
        "satellite": "N",
        "acq_at": "2026-09-27 13:14:00",
        "frp": "5.1",
        "confidence": "nominal"
      },
      "geometry": {
        "type": "Point",
        "coordinates": [
          6.51646,
          36.68886
        ]
      }
    },
    {
      "type": "Feature",
      "properties": {
        "source": "viirs_snpp",
        "satellite": "N",
        "acq_at": "2026-09-27 13:14:00",
        "frp": "5.1",
        "confidence": "nominal"
      },
      "geometry": {
        "type": "Point",
        "coordinates": [
          6.51172,
          36.68843
        ]
      }
    },
    {
      "type": "Feature",
      "properties": {
        "source": "viirs_snpp",
        "satellite": "N",
        "acq_at": "2026-09-27 13:14:00",
        "frp": "3.28",
        "confidence": "nominal"
      },
      "geometry": {
        "type": "Point",
        "coordinates": [
          9.23501,
          36.92653
        ]
      }
    },
    {
      "type": "Feature",
      "properties": {
        "source": "viirs_snpp",
        "satellite": "N",
        "acq_at": "2026-09-27 13:14:00",
        "frp": "2.59",
        "confidence": "nominal"
      },
      "geometry": {
        "type": "Point",
        "coordinates": [
          9.63796,
          36.974
        ]
      }
    },
    {
      "type": "Feature",
      "properties": {
        "source": "viirs_snpp",
        "satellite": "N",
        "acq_at": "2026-09-27 13:14:00",
        "frp": "3.05",
        "confidence": "nominal"
      },
      "geometry": {
        "type": "Point",
        "coordinates": [
          9.60306,
          37.02374
        ]
      }
    },
    {
      "type": "Feature",
      "properties": {
        "source": "viirs_snpp",
        "satellite": "N",
        "acq_at": "2026-09-27 13:14:00",
        "frp": "4.03",
        "confidence": "nominal"
      },
      "geometry": {
        "type": "Point",
        "coordinates": [
          9.60319,
          37.02507
        ]
      }
    },
    {
      "type": "Feature",
      "properties": {
        "source": "viirs_snpp",
        "satellite": "N",
        "acq_at": "2026-09-27 13:14:00",
        "frp": "4.64",
        "confidence": "nominal"
      },
      "geometry": {
        "type": "Point",
        "coordinates": [
          13.8566,
          37.24657
        ]
      }
    },
    {
      "type": "Feature",
      "properties": {
        "source": "viirs_snpp",
        "satellite": "N",
        "acq_at": "2026-09-27 13:14:00",
        "frp": "21.65",
        "confidence": "high"
      },
      "geometry": {
        "type": "Point",
        "coordinates": [
          13.31568,
          37.39075
        ]
      }
    },
    {
      "type": "Feature",
      "properties": {
        "source": "viirs_snpp",
        "satellite": "N",
        "acq_at": "2026-09-27 13:14:00",
        "frp": "21.65",
        "confidence": "high"
      },
      "geometry": {
        "type": "Point",
        "coordinates": [
          13.31478,
          37.39706
        ]
      }
    },
    {
      "type": "Feature",
      "properties": {
        "source": "viirs_snpp",
        "satellite": "N",
        "acq_at": "2026-09-27 13:14:00",
        "frp": "7.8",
        "confidence": "nominal"
      },
      "geometry": {
        "type": "Point",
        "coordinates": [
          12.87786,
          37.58894
        ]
      }
    },
    {
      "type": "Feature",
      "properties": {
        "source": "viirs_snpp",
        "satellite": "N",
        "acq_at": "2026-09-27 13:14:00",
        "frp": "4.63",
        "confidence": "nominal"
      },
      "geometry": {
        "type": "Point",
        "coordinates": [
          12.65086,
          37.70238
        ]
      }
    },
    {
      "type": "Feature",
      "properties": {
        "source": "viirs_snpp",
        "satellite": "N",
        "acq_at": "2026-09-27 13:14:00",
        "frp": "4.24",
        "confidence": "nominal"
      },
      "geometry": {
        "type": "Point",
        "coordinates": [
          12.68701,
          37.87589
        ]
      }
    },
    {
      "type": "Feature",
      "properties": {
        "source": "viirs_snpp",
        "satellite": "N",
        "acq_at": "2026-09-27 13:14:00",
        "frp": "5.03",
        "confidence": "nominal"
      },
      "geometry": {
        "type": "Point",
        "coordinates": [
          12.92669,
          37.89093
        ]
      }
    },
    {
      "type": "Feature",
      "properties": {
        "source": "viirs_snpp",
        "satellite": "N",
        "acq_at": "2026-09-27 13:14:00",
        "frp": "3.12",
        "confidence": "nominal"
      },
      "geometry": {
        "type": "Point",
        "coordinates": [
          12.73058,
          37.94552
        ]
      }
    },
    {
      "type": "Feature",
      "properties": {
        "source": "viirs_snpp",
        "satellite": "N",
        "acq_at": "2026-09-27 13:16:00",
        "frp": "3.14",
        "confidence": "nominal"
      },
      "geometry": {
        "type": "Point",
        "coordinates": [
          8.94099,
          39.37093
        ]
      }
    },
    {
      "type": "Feature",
      "properties": {
        "source": "viirs_snpp",
        "satellite": "N",
        "acq_at": "2026-09-27 13:16:00",
        "frp": "3.14",
        "confidence": "nominal"
      },
      "geometry": {
        "type": "Point",
        "coordinates": [
          8.9372,
          39.37069
        ]
      }
    },
    {
      "type": "Feature",
      "properties": {
        "source": "viirs_snpp",
        "satellite": "N",
        "acq_at": "2026-09-27 13:16:00",
        "frp": "8.23",
        "confidence": "nominal"
      },
      "geometry": {
        "type": "Point",
        "coordinates": [
          15.46418,
          41.09061
        ]
      }
    },
    {
      "type": "Feature",
      "properties": {
        "source": "viirs_snpp",
        "satellite": "N",
        "acq_at": "2026-09-27 13:16:00",
        "frp": "6.84",
        "confidence": "nominal"
      },
      "geometry": {
        "type": "Point",
        "coordinates": [
          15.10022,
          41.40834
        ]
      }
    },
    {
      "type": "Feature",
      "properties": {
        "source": "viirs_snpp",
        "satellite": "N",
        "acq_at": "2026-09-27 13:16:00",
        "frp": "6.5",
        "confidence": "nominal"
      },
      "geometry": {
        "type": "Point",
        "coordinates": [
          15.1002,
          41.41298
        ]
      }
    },
    {
      "type": "Feature",
      "properties": {
        "source": "viirs_snpp",
        "satellite": "N",
        "acq_at": "2026-09-27 13:16:00",
        "frp": "4.31",
        "confidence": "nominal"
      },
      "geometry": {
        "type": "Point",
        "coordinates": [
          8.43242,
          44.75328
        ]
      }
    },
    {
      "type": "Feature",
      "properties": {
        "source": "viirs_snpp",
        "satellite": "N",
        "acq_at": "2026-09-27 13:16:00",
        "frp": "2.03",
        "confidence": "nominal"
      },
      "geometry": {
        "type": "Point",
        "coordinates": [
          10.57385,
          44.93867
        ]
      }
    },
    {
      "type": "Feature",
      "properties": {
        "source": "viirs_snpp",
        "satellite": "N",
        "acq_at": "2026-09-27 13:16:00",
        "frp": "3.48",
        "confidence": "nominal"
      },
      "geometry": {
        "type": "Point",
        "coordinates": [
          8.56787,
          45.32555
        ]
      }
    },
    {
      "type": "Feature",
      "properties": {
        "source": "viirs_snpp",
        "satellite": "N",
        "acq_at": "2026-09-27 13:16:00",
        "frp": "3.22",
        "confidence": "nominal"
      },
      "geometry": {
        "type": "Point",
        "coordinates": [
          9.20384,
          45.58435
        ]
      }
    },
    {
      "type": "Feature",
      "properties": {
        "source": "viirs_snpp",
        "satellite": "N",
        "acq_at": "2026-09-27 13:16:00",
        "frp": "1.65",
        "confidence": "nominal"
      },
      "geometry": {
        "type": "Point",
        "coordinates": [
          8.07676,
          45.55289
        ]
      }
    },
    {
      "type": "Feature",
      "properties": {
        "source": "viirs_snpp",
        "satellite": "N",
        "acq_at": "2026-09-27 13:16:00",
        "frp": "1.5",
        "confidence": "nominal"
      },
      "geometry": {
        "type": "Point",
        "coordinates": [
          8.07773,
          45.55427
        ]
      }
    },
    {
      "type": "Feature",
      "properties": {
        "source": "viirs_snpp",
        "satellite": "N",
        "acq_at": "2026-09-27 23:52:00",
        "frp": "0.55",
        "confidence": "nominal"
      },
      "geometry": {
        "type": "Point",
        "coordinates": [
          15.555,
          41.08271
        ]
      }
    },
    {
      "type": "Feature",
      "properties": {
        "source": "viirs_snpp",
        "satellite": "N",
        "acq_at": "2026-09-27 23:52:00",
        "frp": "1.12",
        "confidence": "nominal"
      },
      "geometry": {
        "type": "Point",
        "coordinates": [
          15.55388,
          41.0831
        ]
      }
    },
    {
      "type": "Feature",
      "properties": {
        "source": "viirs_snpp",
        "satellite": "N",
        "acq_at": "2026-09-28 01:32:00",
        "frp": "0.9",
        "confidence": "nominal"
      },
      "geometry": {
        "type": "Point",
        "coordinates": [
          13.25217,
          46.00473
        ]
      }
    },
    {
      "type": "Feature",
      "properties": {
        "source": "viirs_snpp",
        "satellite": "N",
        "acq_at": "2026-09-28 01:32:00",
        "frp": "0.88",
        "confidence": "nominal"
      },
      "geometry": {
        "type": "Point",
        "coordinates": [
          11.83434,
          43.23603
        ]
      }
    },
    {
      "type": "Feature",
      "properties": {
        "source": "viirs_snpp",
        "satellite": "N",
        "acq_at": "2026-09-28 01:32:00",
        "frp": "0.88",
        "confidence": "nominal"
      },
      "geometry": {
        "type": "Point",
        "coordinates": [
          11.83927,
          43.23514
        ]
      }
    },
    {
      "type": "Feature",
      "properties": {
        "source": "viirs_snpp",
        "satellite": "N",
        "acq_at": "2026-09-28 01:34:00",
        "frp": "1.28",
        "confidence": "nominal"
      },
      "geometry": {
        "type": "Point",
        "coordinates": [
          17.37192,
          40.53725
        ]
      }
    },
    {
      "type": "Feature",
      "properties": {
        "source": "viirs_snpp",
        "satellite": "N",
        "acq_at": "2026-09-28 01:34:00",
        "frp": "0.38",
        "confidence": "nominal"
      },
      "geometry": {
        "type": "Point",
        "coordinates": [
          9.39228,
          42.00941
        ]
      }
    },
    {
      "type": "Feature",
      "properties": {
        "source": "viirs_snpp",
        "satellite": "N",
        "acq_at": "2026-09-28 01:34:00",
        "frp": "0.78",
        "confidence": "nominal"
      },
      "geometry": {
        "type": "Point",
        "coordinates": [
          8.59954,
          39.6172
        ]
      }
    },
    {
      "type": "Feature",
      "properties": {
        "source": "viirs_snpp",
        "satellite": "N",
        "acq_at": "2026-09-28 01:34:00",
        "frp": "0.43",
        "confidence": "nominal"
      },
      "geometry": {
        "type": "Point",
        "coordinates": [
          8.40675,
          39.21275
        ]
      }
    },
    {
      "type": "Feature",
      "properties": {
        "source": "viirs_snpp",
        "satellite": "N",
        "acq_at": "2026-09-28 01:34:00",
        "frp": "0.98",
        "confidence": "nominal"
      },
      "geometry": {
        "type": "Point",
        "coordinates": [
          14.36937,
          36.98095
        ]
      }
    },
    {
      "type": "Feature",
      "properties": {
        "source": "viirs_snpp",
        "satellite": "N",
        "acq_at": "2026-09-28 01:34:00",
        "frp": "0.22",
        "confidence": "nominal"
      },
      "geometry": {
        "type": "Point",
        "coordinates": [
          9.93486,
          36.17442
        ]
      }
    },
    {
      "type": "Feature",
      "properties": {
        "source": "viirs_snpp",
        "satellite": "N",
        "acq_at": "2026-09-28 01:34:00",
        "frp": "0.57",
        "confidence": "nominal"
      },
      "geometry": {
        "type": "Point",
        "coordinates": [
          6.87941,
          36.14975
        ]
      }
    },
    {
      "type": "Feature",
      "properties": {
        "source": "viirs_snpp",
        "satellite": "N",
        "acq_at": "2026-09-28 01:37:00",
        "frp": "0.76",
        "confidence": "nominal"
      },
      "geometry": {
        "type": "Point",
        "coordinates": [
          6.86771,
          35.55028
        ]
      }
    },
    {
      "type": "Feature",
      "properties": {
        "source": "viirs_snpp",
        "satellite": "N",
        "acq_at": "2026-09-29 01:13:00",
        "frp": "0.52",
        "confidence": "nominal"
      },
      "geometry": {
        "type": "Point",
        "coordinates": [
          14.45595,
          46.8633
        ]
      }
    },
    {
      "type": "Feature",
      "properties": {
        "source": "viirs_snpp",
        "satellite": "N",
        "acq_at": "2026-09-29 01:13:00",
        "frp": "0.71",
        "confidence": "nominal"
      },
      "geometry": {
        "type": "Point",
        "coordinates": [
          13.25113,
          46.00415
        ]
      }
    },
    {
      "type": "Feature",
      "properties": {
        "source": "viirs_snpp",
        "satellite": "N",
        "acq_at": "2026-09-29 01:13:00",
        "frp": "1.63",
        "confidence": "nominal"
      },
      "geometry": {
        "type": "Point",
        "coordinates": [
          11.79689,
          45.70397
        ]
      }
    },
    {
      "type": "Feature",
      "properties": {
        "source": "viirs_snpp",
        "satellite": "N",
        "acq_at": "2026-09-29 01:13:00",
        "frp": "2.03",
        "confidence": "nominal"
      },
      "geometry": {
        "type": "Point",
        "coordinates": [
          6.21747,
          43.82923
        ]
      }
    },
    {
      "type": "Feature",
      "properties": {
        "source": "viirs_snpp",
        "satellite": "N",
        "acq_at": "2026-09-29 01:13:00",
        "frp": "2.62",
        "confidence": "nominal"
      },
      "geometry": {
        "type": "Point",
        "coordinates": [
          15.22612,
          41.47178
        ]
      }
    },
    {
      "type": "Feature",
      "properties": {
        "source": "viirs_snpp",
        "satellite": "N",
        "acq_at": "2026-09-29 01:13:00",
        "frp": "0.74",
        "confidence": "nominal"
      },
      "geometry": {
        "type": "Point",
        "coordinates": [
          16.65637,
          40.67482
        ]
      }
    },
    {
      "type": "Feature",
      "properties": {
        "source": "viirs_snpp",
        "satellite": "N",
        "acq_at": "2026-09-29 01:13:00",
        "frp": "0.26",
        "confidence": "nominal"
      },
      "geometry": {
        "type": "Point",
        "coordinates": [
          17.63656,
          40.4165
        ]
      }
    },
    {
      "type": "Feature",
      "properties": {
        "source": "viirs_snpp",
        "satellite": "N",
        "acq_at": "2026-09-29 01:13:00",
        "frp": "0.38",
        "confidence": "nominal"
      },
      "geometry": {
        "type": "Point",
        "coordinates": [
          16.86329,
          40.43407
        ]
      }
    },
    {
      "type": "Feature",
      "properties": {
        "source": "viirs_snpp",
        "satellite": "N",
        "acq_at": "2026-09-29 01:13:00",
        "frp": "1.07",
        "confidence": "nominal"
      },
      "geometry": {
        "type": "Point",
        "coordinates": [
          17.03589,
          39.09608
        ]
      }
    },
    {
      "type": "Feature",
      "properties": {
        "source": "viirs_snpp",
        "satellite": "N",
        "acq_at": "2026-09-29 01:13:00",
        "frp": "1.07",
        "confidence": "nominal"
      },
      "geometry": {
        "type": "Point",
        "coordinates": [
          17.02931,
          39.09356
        ]
      }
    },
    {
      "type": "Feature",
      "properties": {
        "source": "viirs_snpp",
        "satellite": "N",
        "acq_at": "2026-09-29 01:13:00",
        "frp": "1.07",
        "confidence": "nominal"
      },
      "geometry": {
        "type": "Point",
        "coordinates": [
          17.03473,
          39.09251
        ]
      }
    },
    {
      "type": "Feature",
      "properties": {
        "source": "viirs_snpp",
        "satellite": "N",
        "acq_at": "2026-09-29 01:15:00",
        "frp": "1.33",
        "confidence": "nominal"
      },
      "geometry": {
        "type": "Point",
        "coordinates": [
          8.79935,
          40.22482
        ]
      }
    },
    {
      "type": "Feature",
      "properties": {
        "source": "viirs_snpp",
        "satellite": "N",
        "acq_at": "2026-09-29 01:15:00",
        "frp": "1.19",
        "confidence": "nominal"
      },
      "geometry": {
        "type": "Point",
        "coordinates": [
          8.81591,
          40.22285
        ]
      }
    },
    {
      "type": "Feature",
      "properties": {
        "source": "viirs_snpp",
        "satellite": "N",
        "acq_at": "2026-09-29 01:15:00",
        "frp": "0.5",
        "confidence": "nominal"
      },
      "geometry": {
        "type": "Point",
        "coordinates": [
          16.56177,
          38.47958
        ]
      }
    },
    {
      "type": "Feature",
      "properties": {
        "source": "viirs_snpp",
        "satellite": "N",
        "acq_at": "2026-09-29 01:15:00",
        "frp": "0.74",
        "confidence": "nominal"
      },
      "geometry": {
        "type": "Point",
        "coordinates": [
          8.75955,
          39.66309
        ]
      }
    },
    {
      "type": "Feature",
      "properties": {
        "source": "viirs_snpp",
        "satellite": "N",
        "acq_at": "2026-09-29 01:15:00",
        "frp": "0.48",
        "confidence": "nominal"
      },
      "geometry": {
        "type": "Point",
        "coordinates": [
          14.67375,
          37.67612
        ]
      }
    },
    {
      "type": "Feature",
      "properties": {
        "source": "viirs_snpp",
        "satellite": "N",
        "acq_at": "2026-09-29 01:15:00",
        "frp": "1.19",
        "confidence": "nominal"
      },
      "geometry": {
        "type": "Point",
        "coordinates": [
          15.21786,
          37.12134
        ]
      }
    },
    {
      "type": "Feature",
      "properties": {
        "source": "viirs_snpp",
        "satellite": "N",
        "acq_at": "2026-09-29 01:15:00",
        "frp": "0.55",
        "confidence": "nominal"
      },
      "geometry": {
        "type": "Point",
        "coordinates": [
          14.47635,
          36.90685
        ]
      }
    },
    {
      "type": "Feature",
      "properties": {
        "source": "viirs_snpp",
        "satellite": "N",
        "acq_at": "2026-09-29 01:15:00",
        "frp": "0.55",
        "confidence": "nominal"
      },
      "geometry": {
        "type": "Point",
        "coordinates": [
          14.47543,
          36.90345
        ]
      }
    },
    {
      "type": "Feature",
      "properties": {
        "source": "viirs_snpp",
        "satellite": "N",
        "acq_at": "2026-09-29 01:15:00",
        "frp": "0.5",
        "confidence": "nominal"
      },
      "geometry": {
        "type": "Point",
        "coordinates": [
          15.04247,
          36.73022
        ]
      }
    },
    {
      "type": "Feature",
      "properties": {
        "source": "viirs_snpp",
        "satellite": "N",
        "acq_at": "2026-09-29 01:15:00",
        "frp": "0.39",
        "confidence": "nominal"
      },
      "geometry": {
        "type": "Point",
        "coordinates": [
          9.98847,
          36.76606
        ]
      }
    },
    {
      "type": "Feature",
      "properties": {
        "source": "viirs_snpp",
        "satellite": "N",
        "acq_at": "2026-09-29 01:15:00",
        "frp": "2.36",
        "confidence": "nominal"
      },
      "geometry": {
        "type": "Point",
        "coordinates": [
          6.95976,
          36.58101
        ]
      }
    },
    {
      "type": "Feature",
      "properties": {
        "source": "viirs_snpp",
        "satellite": "N",
        "acq_at": "2026-09-29 01:15:00",
        "frp": "2.36",
        "confidence": "nominal"
      },
      "geometry": {
        "type": "Point",
        "coordinates": [
          6.96563,
          36.58035
        ]
      }
    },
    {
      "type": "Feature",
      "properties": {
        "source": "viirs_snpp",
        "satellite": "N",
        "acq_at": "2026-09-29 01:15:00",
        "frp": "0.48",
        "confidence": "nominal"
      },
      "geometry": {
        "type": "Point",
        "coordinates": [
          8.76441,
          36.11664
        ]
      }
    },
    {
      "type": "Feature",
      "properties": {
        "source": "viirs_snpp",
        "satellite": "N",
        "acq_at": "2026-09-29 01:15:00",
        "frp": "0.98",
        "confidence": "nominal"
      },
      "geometry": {
        "type": "Point",
        "coordinates": [
          8.59426,
          35.85152
        ]
      }
    },
    {
      "type": "Feature",
      "properties": {
        "source": "viirs_snpp",
        "satellite": "N",
        "acq_at": "2026-09-29 01:15:00",
        "frp": "0.29",
        "confidence": "nominal"
      },
      "geometry": {
        "type": "Point",
        "coordinates": [
          11.01041,
          35.49173
        ]
      }
    },
    {
      "type": "Feature",
      "properties": {
        "source": "viirs_snpp",
        "satellite": "N",
        "acq_at": "2026-09-29 10:56:00",
        "frp": "2.91",
        "confidence": "nominal"
      },
      "geometry": {
        "type": "Point",
        "coordinates": [
          17.02954,
          39.05623
        ]
      }
    },
    {
      "type": "Feature",
      "properties": {
        "source": "viirs_snpp",
        "satellite": "N",
        "acq_at": "2026-09-29 10:56:00",
        "frp": "15.36",
        "confidence": "high"
      },
      "geometry": {
        "type": "Point",
        "coordinates": [
          16.98349,
          39.07019
        ]
      }
    },
    {
      "type": "Feature",
      "properties": {
        "source": "viirs_snpp",
        "satellite": "N",
        "acq_at": "2026-09-29 10:56:00",
        "frp": "15.36",
        "confidence": "high"
      },
      "geometry": {
        "type": "Point",
        "coordinates": [
          16.97695,
          39.06815
        ]
      }
    },
    {
      "type": "Feature",
      "properties": {
        "source": "viirs_snpp",
        "satellite": "N",
        "acq_at": "2026-09-29 10:56:00",
        "frp": "3.27",
        "confidence": "nominal"
      },
      "geometry": {
        "type": "Point",
        "coordinates": [
          16.45146,
          38.9532
        ]
      }
    },
    {
      "type": "Feature",
      "properties": {
        "source": "viirs_snpp",
        "satellite": "N",
        "acq_at": "2026-09-29 10:58:00",
        "frp": "1.83",
        "confidence": "nominal"
      },
      "geometry": {
        "type": "Point",
        "coordinates": [
          17.9574,
          40.49111
        ]
      }
    },
    {
      "type": "Feature",
      "properties": {
        "source": "viirs_snpp",
        "satellite": "N",
        "acq_at": "2026-09-29 10:58:00",
        "frp": "2.2",
        "confidence": "low"
      },
      "geometry": {
        "type": "Point",
        "coordinates": [
          17.93497,
          40.51052
        ]
      }
    },
    {
      "type": "Feature",
      "properties": {
        "source": "viirs_snpp",
        "satellite": "N",
        "acq_at": "2026-09-29 10:58:00",
        "frp": "3.74",
        "confidence": "nominal"
      },
      "geometry": {
        "type": "Point",
        "coordinates": [
          18.00546,
          40.60664
        ]
      }
    },
    {
      "type": "Feature",
      "properties": {
        "source": "viirs_snpp",
        "satellite": "N",
        "acq_at": "2026-09-29 10:58:00",
        "frp": "5.86",
        "confidence": "nominal"
      },
      "geometry": {
        "type": "Point",
        "coordinates": [
          16.40103,
          40.36722
        ]
      }
    },
    {
      "type": "Feature",
      "properties": {
        "source": "viirs_snpp",
        "satellite": "N",
        "acq_at": "2026-09-29 10:58:00",
        "frp": "5.86",
        "confidence": "nominal"
      },
      "geometry": {
        "type": "Point",
        "coordinates": [
          16.39421,
          40.36507
        ]
      }
    },
    {
      "type": "Feature",
      "properties": {
        "source": "viirs_snpp",
        "satellite": "N",
        "acq_at": "2026-09-29 10:58:00",
        "frp": "10.05",
        "confidence": "nominal"
      },
      "geometry": {
        "type": "Point",
        "coordinates": [
          16.57865,
          40.86886
        ]
      }
    },
    {
      "type": "Feature",
      "properties": {
        "source": "viirs_snpp",
        "satellite": "N",
        "acq_at": "2026-09-29 10:58:00",
        "frp": "22.79",
        "confidence": "high"
      },
      "geometry": {
        "type": "Point",
        "coordinates": [
          14.91683,
          40.54028
        ]
      }
    },
    {
      "type": "Feature",
      "properties": {
        "source": "viirs_snpp",
        "satellite": "N",
        "acq_at": "2026-09-29 10:58:00",
        "frp": "10.6",
        "confidence": "nominal"
      },
      "geometry": {
        "type": "Point",
        "coordinates": [
          14.90922,
          40.53778
        ]
      }
    },
    {
      "type": "Feature",
      "properties": {
        "source": "viirs_snpp",
        "satellite": "N",
        "acq_at": "2026-09-29 10:58:00",
        "frp": "15.05",
        "confidence": "high"
      },
      "geometry": {
        "type": "Point",
        "coordinates": [
          14.91525,
          40.54174
        ]
      }
    },
    {
      "type": "Feature",
      "properties": {
        "source": "viirs_snpp",
        "satellite": "N",
        "acq_at": "2026-09-29 10:58:00",
        "frp": "15.05",
        "confidence": "nominal"
      },
      "geometry": {
        "type": "Point",
        "coordinates": [
          14.90764,
          40.5392
        ]
      }
    },
    {
      "type": "Feature",
      "properties": {
        "source": "viirs_snpp",
        "satellite": "N",
        "acq_at": "2026-09-29 10:58:00",
        "frp": "4.08",
        "confidence": "nominal"
      },
      "geometry": {
        "type": "Point",
        "coordinates": [
          15.65189,
          40.99955
        ]
      }
    },
    {
      "type": "Feature",
      "properties": {
        "source": "viirs_snpp",
        "satellite": "N",
        "acq_at": "2026-09-29 10:58:00",
        "frp": "3.68",
        "confidence": "nominal"
      },
      "geometry": {
        "type": "Point",
        "coordinates": [
          15.65056,
          40.99874
        ]
      }
    },
    {
      "type": "Feature",
      "properties": {
        "source": "viirs_snpp",
        "satellite": "N",
        "acq_at": "2026-09-29 10:58:00",
        "frp": "5.26",
        "confidence": "nominal"
      },
      "geometry": {
        "type": "Point",
        "coordinates": [
          15.76798,
          41.58048
        ]
      }
    },
    {
      "type": "Feature",
      "properties": {
        "source": "viirs_snpp",
        "satellite": "N",
        "acq_at": "2026-09-29 10:58:00",
        "frp": "4.5",
        "confidence": "nominal"
      },
      "geometry": {
        "type": "Point",
        "coordinates": [
          15.26313,
          41.76926
        ]
      }
    },
    {
      "type": "Feature",
      "properties": {
        "source": "viirs_snpp",
        "satellite": "N",
        "acq_at": "2026-09-29 10:58:00",
        "frp": "3.26",
        "confidence": "nominal"
      },
      "geometry": {
        "type": "Point",
        "coordinates": [
          15.09093,
          41.73466
        ]
      }
    },
    {
      "type": "Feature",
      "properties": {
        "source": "viirs_snpp",
        "satellite": "N",
        "acq_at": "2026-09-29 10:58:00",
        "frp": "2.26",
        "confidence": "nominal"
      },
      "geometry": {
        "type": "Point",
        "coordinates": [
          15.22111,
          41.89977
        ]
      }
    },
    {
      "type": "Feature",
      "properties": {
        "source": "viirs_snpp",
        "satellite": "N",
        "acq_at": "2026-09-29 10:58:00",
        "frp": "2.69",
        "confidence": "nominal"
      },
      "geometry": {
        "type": "Point",
        "coordinates": [
          18.977,
          44.52056
        ]
      }
    },
    {
      "type": "Feature",
      "properties": {
        "source": "viirs_snpp",
        "satellite": "N",
        "acq_at": "2026-09-29 10:58:00",
        "frp": "2.93",
        "confidence": "nominal"
      },
      "geometry": {
        "type": "Point",
        "coordinates": [
          18.97669,
          44.52338
        ]
      }
    },
    {
      "type": "Feature",
      "properties": {
        "source": "viirs_snpp",
        "satellite": "N",
        "acq_at": "2026-09-29 10:58:00",
        "frp": "3.43",
        "confidence": "nominal"
      },
      "geometry": {
        "type": "Point",
        "coordinates": [
          15.40077,
          44.1819
        ]
      }
    },
    {
      "type": "Feature",
      "properties": {
        "source": "viirs_snpp",
        "satellite": "N",
        "acq_at": "2026-09-29 10:58:00",
        "frp": "1.96",
        "confidence": "nominal"
      },
      "geometry": {
        "type": "Point",
        "coordinates": [
          18.44713,
          45.16674
        ]
      }
    },
    {
      "type": "Feature",
      "properties": {
        "source": "viirs_snpp",
        "satellite": "N",
        "acq_at": "2026-09-29 10:58:00",
        "frp": "2.51",
        "confidence": "nominal"
      },
      "geometry": {
        "type": "Point",
        "coordinates": [
          18.44933,
          45.16324
        ]
      }
    },
    {
      "type": "Feature",
      "properties": {
        "source": "viirs_snpp",
        "satellite": "N",
        "acq_at": "2026-09-29 10:58:00",
        "frp": "2.21",
        "confidence": "nominal"
      },
      "geometry": {
        "type": "Point",
        "coordinates": [
          18.42694,
          45.24675
        ]
      }
    },
    {
      "type": "Feature",
      "properties": {
        "source": "viirs_snpp",
        "satellite": "N",
        "acq_at": "2026-09-29 10:58:00",
        "frp": "1.19",
        "confidence": "nominal"
      },
      "geometry": {
        "type": "Point",
        "coordinates": [
          16.17903,
          45.89277
        ]
      }
    },
    {
      "type": "Feature",
      "properties": {
        "source": "viirs_snpp",
        "satellite": "N",
        "acq_at": "2026-09-28 12:55:00",
        "frp": "3.5",
        "confidence": "nominal"
      },
      "geometry": {
        "type": "Point",
        "coordinates": [
          9.88902,
          37.14677
        ]
      }
    },
    {
      "type": "Feature",
      "properties": {
        "source": "viirs_snpp",
        "satellite": "N",
        "acq_at": "2026-09-28 12:55:00",
        "frp": "1.73",
        "confidence": "nominal"
      },
      "geometry": {
        "type": "Point",
        "coordinates": [
          8.05039,
          36.24751
        ]
      }
    },
    {
      "type": "Feature",
      "properties": {
        "source": "viirs_snpp",
        "satellite": "N",
        "acq_at": "2026-09-28 12:55:00",
        "frp": "1.8",
        "confidence": "low"
      },
      "geometry": {
        "type": "Point",
        "coordinates": [
          7.13348,
          36.22149
        ]
      }
    },
    {
      "type": "Feature",
      "properties": {
        "source": "viirs_snpp",
        "satellite": "N",
        "acq_at": "2026-09-28 12:55:00",
        "frp": "4.64",
        "confidence": "nominal"
      },
      "geometry": {
        "type": "Point",
        "coordinates": [
          9.14905,
          36.46938
        ]
      }
    },
    {
      "type": "Feature",
      "properties": {
        "source": "viirs_snpp",
        "satellite": "N",
        "acq_at": "2026-09-28 12:55:00",
        "frp": "3.08",
        "confidence": "nominal"
      },
      "geometry": {
        "type": "Point",
        "coordinates": [
          7.13079,
          36.23548
        ]
      }
    },
    {
      "type": "Feature",
      "properties": {
        "source": "viirs_snpp",
        "satellite": "N",
        "acq_at": "2026-09-28 12:55:00",
        "frp": "9.17",
        "confidence": "nominal"
      },
      "geometry": {
        "type": "Point",
        "coordinates": [
          9.25474,
          36.49701
        ]
      }
    },
    {
      "type": "Feature",
      "properties": {
        "source": "viirs_snpp",
        "satellite": "N",
        "acq_at": "2026-09-28 12:55:00",
        "frp": "1.96",
        "confidence": "low"
      },
      "geometry": {
        "type": "Point",
        "coordinates": [
          7.1333,
          36.23577
        ]
      }
    },
    {
      "type": "Feature",
      "properties": {
        "source": "viirs_snpp",
        "satellite": "N",
        "acq_at": "2026-09-28 12:55:00",
        "frp": "3.82",
        "confidence": "low"
      },
      "geometry": {
        "type": "Point",
        "coordinates": [
          9.2535,
          36.49763
        ]
      }
    },
    {
      "type": "Feature",
      "properties": {
        "source": "viirs_snpp",
        "satellite": "N",
        "acq_at": "2026-09-28 12:55:00",
        "frp": "4.43",
        "confidence": "nominal"
      },
      "geometry": {
        "type": "Point",
        "coordinates": [
          9.25838,
          36.50601
        ]
      }
    },
    {
      "type": "Feature",
      "properties": {
        "source": "viirs_snpp",
        "satellite": "N",
        "acq_at": "2026-09-28 12:55:00",
        "frp": "5.08",
        "confidence": "nominal"
      },
      "geometry": {
        "type": "Point",
        "coordinates": [
          8.62601,
          36.4438
        ]
      }
    },
    {
      "type": "Feature",
      "properties": {
        "source": "viirs_snpp",
        "satellite": "N",
        "acq_at": "2026-09-28 12:55:00",
        "frp": "6.09",
        "confidence": "nominal"
      },
      "geometry": {
        "type": "Point",
        "coordinates": [
          9.26771,
          36.52668
        ]
      }
    },
    {
      "type": "Feature",
      "properties": {
        "source": "viirs_snpp",
        "satellite": "N",
        "acq_at": "2026-09-28 12:55:00",
        "frp": "2.51",
        "confidence": "low"
      },
      "geometry": {
        "type": "Point",
        "coordinates": [
          7.2617,
          36.29147
        ]
      }
    },
    {
      "type": "Feature",
      "properties": {
        "source": "viirs_snpp",
        "satellite": "N",
        "acq_at": "2026-09-28 12:55:00",
        "frp": "2.72",
        "confidence": "low"
      },
      "geometry": {
        "type": "Point",
        "coordinates": [
          7.27063,
          36.2962
        ]
      }
    },
    {
      "type": "Feature",
      "properties": {
        "source": "viirs_snpp",
        "satellite": "N",
        "acq_at": "2026-09-28 12:55:00",
        "frp": "3.15",
        "confidence": "nominal"
      },
      "geometry": {
        "type": "Point",
        "coordinates": [
          7.04113,
          36.27776
        ]
      }
    },
    {
      "type": "Feature",
      "properties": {
        "source": "viirs_snpp",
        "satellite": "N",
        "acq_at": "2026-09-28 12:55:00",
        "frp": "4.14",
        "confidence": "nominal"
      },
      "geometry": {
        "type": "Point",
        "coordinates": [
          7.04035,
          36.28123
        ]
      }
    },
    {
      "type": "Feature",
      "properties": {
        "source": "viirs_snpp",
        "satellite": "N",
        "acq_at": "2026-09-28 12:55:00",
        "frp": "2.38",
        "confidence": "low"
      },
      "geometry": {
        "type": "Point",
        "coordinates": [
          6.96422,
          36.27142
        ]
      }
    },
    {
      "type": "Feature",
      "properties": {
        "source": "viirs_snpp",
        "satellite": "N",
        "acq_at": "2026-09-28 12:55:00",
        "frp": "2.43",
        "confidence": "low"
      },
      "geometry": {
        "type": "Point",
        "coordinates": [
          7.14813,
          36.34173
        ]
      }
    },
    {
      "type": "Feature",
      "properties": {
        "source": "viirs_snpp",
        "satellite": "N",
        "acq_at": "2026-09-28 12:55:00",
        "frp": "1.33",
        "confidence": "low"
      },
      "geometry": {
        "type": "Point",
        "coordinates": [
          8.84338,
          36.57178
        ]
      }
    },
    {
      "type": "Feature",
      "properties": {
        "source": "viirs_snpp",
        "satellite": "N",
        "acq_at": "2026-09-28 12:55:00",
        "frp": "3.05",
        "confidence": "nominal"
      },
      "geometry": {
        "type": "Point",
        "coordinates": [
          6.86885,
          36.3457
        ]
      }
    },
    {
      "type": "Feature",
      "properties": {
        "source": "viirs_snpp",
        "satellite": "N",
        "acq_at": "2026-09-28 12:55:00",
        "frp": "3.92",
        "confidence": "nominal"
      },
      "geometry": {
        "type": "Point",
        "coordinates": [
          14.12614,
          37.15286
        ]
      }
    },
    {
      "type": "Feature",
      "properties": {
        "source": "viirs_snpp",
        "satellite": "N",
        "acq_at": "2026-09-28 12:55:00",
        "frp": "5.61",
        "confidence": "high"
      },
      "geometry": {
        "type": "Point",
        "coordinates": [
          14.26731,
          37.17241
        ]
      }
    },
    {
      "type": "Feature",
      "properties": {
        "source": "viirs_snpp",
        "satellite": "N",
        "acq_at": "2026-09-28 12:55:00",
        "frp": "18.89",
        "confidence": "high"
      },
      "geometry": {
        "type": "Point",
        "coordinates": [
          14.02267,
          37.16648
        ]
      }
    },
    {
      "type": "Feature",
      "properties": {
        "source": "viirs_snpp",
        "satellite": "N",
        "acq_at": "2026-09-28 12:55:00",
        "frp": "7.83",
        "confidence": "nominal"
      },
      "geometry": {
        "type": "Point",
        "coordinates": [
          14.01929,
          37.16626
        ]
      }
    },
    {
      "type": "Feature",
      "properties": {
        "source": "viirs_snpp",
        "satellite": "N",
        "acq_at": "2026-09-28 12:55:00",
        "frp": "3.34",
        "confidence": "nominal"
      },
      "geometry": {
        "type": "Point",
        "coordinates": [
          13.997,
          37.17496
        ]
      }
    },
    {
      "type": "Feature",
      "properties": {
        "source": "viirs_snpp",
        "satellite": "N",
        "acq_at": "2026-09-28 12:55:00",
        "frp": "4.96",
        "confidence": "low"
      },
      "geometry": {
        "type": "Point",
        "coordinates": [
          9.18516,
          36.84274
        ]
      }
    },
    {
      "type": "Feature",
      "properties": {
        "source": "viirs_snpp",
        "satellite": "N",
        "acq_at": "2026-09-28 12:55:00",
        "frp": "1.66",
        "confidence": "nominal"
      },
      "geometry": {
        "type": "Point",
        "coordinates": [
          10.01734,
          36.9341
        ]
      }
    },
    {
      "type": "Feature",
      "properties": {
        "source": "viirs_snpp",
        "satellite": "N",
        "acq_at": "2026-09-28 12:55:00",
        "frp": "5.75",
        "confidence": "low"
      },
      "geometry": {
        "type": "Point",
        "coordinates": [
          9.42771,
          36.87276
        ]
      }
    },
    {
      "type": "Feature",
      "properties": {
        "source": "viirs_snpp",
        "satellite": "N",
        "acq_at": "2026-09-28 12:55:00",
        "frp": "5.21",
        "confidence": "nominal"
      },
      "geometry": {
        "type": "Point",
        "coordinates": [
          14.63905,
          37.34895
        ]
      }
    },
    {
      "type": "Feature",
      "properties": {
        "source": "viirs_snpp",
        "satellite": "N",
        "acq_at": "2026-09-28 12:55:00",
        "frp": "3.7",
        "confidence": "nominal"
      },
      "geometry": {
        "type": "Point",
        "coordinates": [
          14.63517,
          37.34871
        ]
      }
    },
    {
      "type": "Feature",
      "properties": {
        "source": "viirs_snpp",
        "satellite": "N",
        "acq_at": "2026-09-28 12:55:00",
        "frp": "8.72",
        "confidence": "nominal"
      },
      "geometry": {
        "type": "Point",
        "coordinates": [
          9.46491,
          36.91662
        ]
      }
    },
    {
      "type": "Feature",
      "properties": {
        "source": "viirs_snpp",
        "satellite": "N",
        "acq_at": "2026-09-28 12:55:00",
        "frp": "4.13",
        "confidence": "nominal"
      },
      "geometry": {
        "type": "Point",
        "coordinates": [
          9.44622,
          36.91459
        ]
      }
    },
    {
      "type": "Feature",
      "properties": {
        "source": "viirs_snpp",
        "satellite": "N",
        "acq_at": "2026-09-28 12:55:00",
        "frp": "4.54",
        "confidence": "nominal"
      },
      "geometry": {
        "type": "Point",
        "coordinates": [
          6.63858,
          36.60204
        ]
      }
    },
    {
      "type": "Feature",
      "properties": {
        "source": "viirs_snpp",
        "satellite": "N",
        "acq_at": "2026-09-28 12:55:00",
        "frp": "1.84",
        "confidence": "low"
      },
      "geometry": {
        "type": "Point",
        "coordinates": [
          6.63601,
          36.60295
        ]
      }
    },
    {
      "type": "Feature",
      "properties": {
        "source": "viirs_snpp",
        "satellite": "N",
        "acq_at": "2026-09-28 12:55:00",
        "frp": "2.95",
        "confidence": "low"
      },
      "geometry": {
        "type": "Point",
        "coordinates": [
          9.43216,
          36.94798
        ]
      }
    },
    {
      "type": "Feature",
      "properties": {
        "source": "viirs_snpp",
        "satellite": "N",
        "acq_at": "2026-09-28 12:55:00",
        "frp": "6.54",
        "confidence": "nominal"
      },
      "geometry": {
        "type": "Point",
        "coordinates": [
          14.09543,
          37.36639
        ]
      }
    },
    {
      "type": "Feature",
      "properties": {
        "source": "viirs_snpp",
        "satellite": "N",
        "acq_at": "2026-09-28 12:55:00",
        "frp": "1.86",
        "confidence": "nominal"
      },
      "geometry": {
        "type": "Point",
        "coordinates": [
          14.78327,
          37.42008
        ]
      }
    },
    {
      "type": "Feature",
      "properties": {
        "source": "viirs_snpp",
        "satellite": "N",
        "acq_at": "2026-09-28 12:55:00",
        "frp": "3.14",
        "confidence": "nominal"
      },
      "geometry": {
        "type": "Point",
        "coordinates": [
          9.4596,
          36.97878
        ]
      }
    },
    {
      "type": "Feature",
      "properties": {
        "source": "viirs_snpp",
        "satellite": "N",
        "acq_at": "2026-09-28 12:55:00",
        "frp": "6.06",
        "confidence": "nominal"
      },
      "geometry": {
        "type": "Point",
        "coordinates": [
          14.6498,
          37.43319
        ]
      }
    },
    {
      "type": "Feature",
      "properties": {
        "source": "viirs_snpp",
        "satellite": "N",
        "acq_at": "2026-09-28 12:55:00",
        "frp": "3.54",
        "confidence": "low"
      },
      "geometry": {
        "type": "Point",
        "coordinates": [
          14.64565,
          37.43293
        ]
      }
    },
    {
      "type": "Feature",
      "properties": {
        "source": "viirs_snpp",
        "satellite": "N",
        "acq_at": "2026-09-28 12:55:00",
        "frp": "3.54",
        "confidence": "nominal"
      },
      "geometry": {
        "type": "Point",
        "coordinates": [
          14.64164,
          37.43268
        ]
      }
    },
    {
      "type": "Feature",
      "properties": {
        "source": "viirs_snpp",
        "satellite": "N",
        "acq_at": "2026-09-28 12:55:00",
        "frp": "7.14",
        "confidence": "nominal"
      },
      "geometry": {
        "type": "Point",
        "coordinates": [
          6.81846,
          36.69407
        ]
      }
    },
    {
      "type": "Feature",
      "properties": {
        "source": "viirs_snpp",
        "satellite": "N",
        "acq_at": "2026-09-28 12:55:00",
        "frp": "11.18",
        "confidence": "nominal"
      },
      "geometry": {
        "type": "Point",
        "coordinates": [
          9.52759,
          37.03805
        ]
      }
    },
    {
      "type": "Feature",
      "properties": {
        "source": "viirs_snpp",
        "satellite": "N",
        "acq_at": "2026-09-28 12:55:00",
        "frp": "6.22",
        "confidence": "nominal"
      },
      "geometry": {
        "type": "Point",
        "coordinates": [
          9.67315,
          37.0577
        ]
      }
    },
    {
      "type": "Feature",
      "properties": {
        "source": "viirs_snpp",
        "satellite": "N",
        "acq_at": "2026-09-28 12:55:00",
        "frp": "7.06",
        "confidence": "nominal"
      },
      "geometry": {
        "type": "Point",
        "coordinates": [
          9.6716,
          37.05962
        ]
      }
    },
    {
      "type": "Feature",
      "properties": {
        "source": "viirs_snpp",
        "satellite": "N",
        "acq_at": "2026-09-28 12:55:00",
        "frp": "6.5",
        "confidence": "nominal"
      },
      "geometry": {
        "type": "Point",
        "coordinates": [
          13.68227,
          37.54964
        ]
      }
    },
    {
      "type": "Feature",
      "properties": {
        "source": "viirs_snpp",
        "satellite": "N",
        "acq_at": "2026-09-28 12:55:00",
        "frp": "53.67",
        "confidence": "nominal"
      },
      "geometry": {
        "type": "Point",
        "coordinates": [
          13.80817,
          37.57339
        ]
      }
    },
    {
      "type": "Feature",
      "properties": {
        "source": "viirs_snpp",
        "satellite": "N",
        "acq_at": "2026-09-28 12:55:00",
        "frp": "2.03",
        "confidence": "nominal"
      },
      "geometry": {
        "type": "Point",
        "coordinates": [
          13.90871,
          37.7165
        ]
      }
    },
    {
      "type": "Feature",
      "properties": {
        "source": "viirs_snpp",
        "satellite": "N",
        "acq_at": "2026-09-28 12:55:00",
        "frp": "10.25",
        "confidence": "nominal"
      },
      "geometry": {
        "type": "Point",
        "coordinates": [
          12.99258,
          37.73143
        ]
      }
    },
    {
      "type": "Feature",
      "properties": {
        "source": "viirs_snpp",
        "satellite": "N",
        "acq_at": "2026-09-28 12:55:00",
        "frp": "1.16",
        "confidence": "nominal"
      },
      "geometry": {
        "type": "Point",
        "coordinates": [
          15.88603,
          37.9854
        ]
      }
    },
    {
      "type": "Feature",
      "properties": {
        "source": "viirs_snpp",
        "satellite": "N",
        "acq_at": "2026-09-28 12:55:00",
        "frp": "5.7",
        "confidence": "nominal"
      },
      "geometry": {
        "type": "Point",
        "coordinates": [
          12.85364,
          37.78855
        ]
      }
    },
    {
      "type": "Feature",
      "properties": {
        "source": "viirs_snpp",
        "satellite": "N",
        "acq_at": "2026-09-28 12:55:00",
        "frp": "2.15",
        "confidence": "nominal"
      },
      "geometry": {
        "type": "Point",
        "coordinates": [
          12.85224,
          37.78835
        ]
      }
    },
    {
      "type": "Feature",
      "properties": {
        "source": "viirs_snpp",
        "satellite": "N",
        "acq_at": "2026-09-28 12:55:00",
        "frp": "7.72",
        "confidence": "nominal"
      },
      "geometry": {
        "type": "Point",
        "coordinates": [
          13.02729,
          37.87417
        ]
      }
    },
    {
      "type": "Feature",
      "properties": {
        "source": "viirs_snpp",
        "satellite": "N",
        "acq_at": "2026-09-28 12:55:00",
        "frp": "7.72",
        "confidence": "nominal"
      },
      "geometry": {
        "type": "Point",
        "coordinates": [
          13.02049,
          37.87365
        ]
      }
    },
    {
      "type": "Feature",
      "properties": {
        "source": "viirs_snpp",
        "satellite": "N",
        "acq_at": "2026-09-28 12:55:00",
        "frp": "3.92",
        "confidence": "nominal"
      },
      "geometry": {
        "type": "Point",
        "coordinates": [
          13.21916,
          37.93974
        ]
      }
    },
    {
      "type": "Feature",
      "properties": {
        "source": "viirs_snpp",
        "satellite": "N",
        "acq_at": "2026-09-28 12:55:00",
        "frp": "4.67",
        "confidence": "nominal"
      },
      "geometry": {
        "type": "Point",
        "coordinates": [
          13.06441,
          37.92868
        ]
      }
    },
    {
      "type": "Feature",
      "properties": {
        "source": "viirs_snpp",
        "satellite": "N",
        "acq_at": "2026-09-28 12:55:00",
        "frp": "3.44",
        "confidence": "nominal"
      },
      "geometry": {
        "type": "Point",
        "coordinates": [
          17.16955,
          39.00312
        ]
      }
    },
    {
      "type": "Feature",
      "properties": {
        "source": "viirs_snpp",
        "satellite": "N",
        "acq_at": "2026-09-28 12:55:00",
        "frp": "5.81",
        "confidence": "nominal"
      },
      "geometry": {
        "type": "Point",
        "coordinates": [
          17.02702,
          39.09623
        ]
      }
    },
    {
      "type": "Feature",
      "properties": {
        "source": "viirs_snpp",
        "satellite": "N",
        "acq_at": "2026-09-28 12:55:00",
        "frp": "1.49",
        "confidence": "nominal"
      },
      "geometry": {
        "type": "Point",
        "coordinates": [
          16.06844,
          39.14532
        ]
      }
    },
    {
      "type": "Feature",
      "properties": {
        "source": "viirs_snpp",
        "satellite": "N",
        "acq_at": "2026-09-28 12:55:00",
        "frp": "19.21",
        "confidence": "high"
      },
      "geometry": {
        "type": "Point",
        "coordinates": [
          16.4047,
          40.38255
        ]
      }
    },
    {
      "type": "Feature",
      "properties": {
        "source": "viirs_snpp",
        "satellite": "N",
        "acq_at": "2026-09-28 12:55:00",
        "frp": "9.8",
        "confidence": "nominal"
      },
      "geometry": {
        "type": "Point",
        "coordinates": [
          16.40713,
          40.37936
        ]
      }
    },
    {
      "type": "Feature",
      "properties": {
        "source": "viirs_snpp",
        "satellite": "N",
        "acq_at": "2026-09-28 12:55:00",
        "frp": "9.8",
        "confidence": "high"
      },
      "geometry": {
        "type": "Point",
        "coordinates": [
          16.40727,
          40.38532
        ]
      }
    },
    {
      "type": "Feature",
      "properties": {
        "source": "viirs_snpp",
        "satellite": "N",
        "acq_at": "2026-09-28 12:55:00",
        "frp": "3.53",
        "confidence": "nominal"
      },
      "geometry": {
        "type": "Point",
        "coordinates": [
          15.15724,
          40.61826
        ]
      }
    },
    {
      "type": "Feature",
      "properties": {
        "source": "viirs_snpp",
        "satellite": "N",
        "acq_at": "2026-09-28 12:55:00",
        "frp": "2.62",
        "confidence": "nominal"
      },
      "geometry": {
        "type": "Point",
        "coordinates": [
          16.76746,
          40.81877
        ]
      }
    },
    {
      "type": "Feature",
      "properties": {
        "source": "viirs_snpp",
        "satellite": "N",
        "acq_at": "2026-09-28 12:55:00",
        "frp": "13.38",
        "confidence": "high"
      },
      "geometry": {
        "type": "Point",
        "coordinates": [
          16.18963,
          40.87115
        ]
      }
    },
    {
      "type": "Feature",
      "properties": {
        "source": "viirs_snpp",
        "satellite": "N",
        "acq_at": "2026-09-28 12:55:00",
        "frp": "7.27",
        "confidence": "nominal"
      },
      "geometry": {
        "type": "Point",
        "coordinates": [
          16.18429,
          40.87095
        ]
      }
    },
    {
      "type": "Feature",
      "properties": {
        "source": "viirs_snpp",
        "satellite": "N",
        "acq_at": "2026-09-28 12:55:00",
        "frp": "7.27",
        "confidence": "nominal"
      },
      "geometry": {
        "type": "Point",
        "coordinates": [
          16.1788,
          40.87074
        ]
      }
    },
    {
      "type": "Feature",
      "properties": {
        "source": "viirs_snpp",
        "satellite": "N",
        "acq_at": "2026-09-28 12:55:00",
        "frp": "6.23",
        "confidence": "nominal"
      },
      "geometry": {
        "type": "Point",
        "coordinates": [
          15.80666,
          40.88492
        ]
      }
    },
    {
      "type": "Feature",
      "properties": {
        "source": "viirs_snpp",
        "satellite": "N",
        "acq_at": "2026-09-28 12:55:00",
        "frp": "7.47",
        "confidence": "nominal"
      },
      "geometry": {
        "type": "Point",
        "coordinates": [
          15.80369,
          40.88523
        ]
      }
    },
    {
      "type": "Feature",
      "properties": {
        "source": "viirs_snpp",
        "satellite": "N",
        "acq_at": "2026-09-28 12:55:00",
        "frp": "6.26",
        "confidence": "nominal"
      },
      "geometry": {
        "type": "Point",
        "coordinates": [
          16.14175,
          40.96209
        ]
      }
    },
    {
      "type": "Feature",
      "properties": {
        "source": "viirs_snpp",
        "satellite": "N",
        "acq_at": "2026-09-28 12:55:00",
        "frp": "6.26",
        "confidence": "high"
      },
      "geometry": {
        "type": "Point",
        "coordinates": [
          16.14082,
          40.96795
        ]
      }
    },
    {
      "type": "Feature",
      "properties": {
        "source": "viirs_snpp",
        "satellite": "N",
        "acq_at": "2026-09-28 12:55:00",
        "frp": "2.08",
        "confidence": "low"
      },
      "geometry": {
        "type": "Point",
        "coordinates": [
          14.31375,
          40.94086
        ]
      }
    },
    {
      "type": "Feature",
      "properties": {
        "source": "viirs_snpp",
        "satellite": "N",
        "acq_at": "2026-09-28 12:55:00",
        "frp": "2.91",
        "confidence": "nominal"
      },
      "geometry": {
        "type": "Point",
        "coordinates": [
          15.5317,
          41.07615
        ]
      }
    },
    {
      "type": "Feature",
      "properties": {
        "source": "viirs_snpp",
        "satellite": "N",
        "acq_at": "2026-09-28 12:55:00",
        "frp": "2.48",
        "confidence": "nominal"
      },
      "geometry": {
        "type": "Point",
        "coordinates": [
          14.05655,
          41.01242
        ]
      }
    },
    {
      "type": "Feature",
      "properties": {
        "source": "viirs_snpp",
        "satellite": "N",
        "acq_at": "2026-09-28 12:55:00",
        "frp": "1.46",
        "confidence": "nominal"
      },
      "geometry": {
        "type": "Point",
        "coordinates": [
          14.05511,
          41.01143
        ]
      }
    },
    {
      "type": "Feature",
      "properties": {
        "source": "viirs_snpp",
        "satellite": "N",
        "acq_at": "2026-09-28 12:55:00",
        "frp": "4.62",
        "confidence": "nominal"
      },
      "geometry": {
        "type": "Point",
        "coordinates": [
          15.77413,
          41.13906
        ]
      }
    },
    {
      "type": "Feature",
      "properties": {
        "source": "viirs_snpp",
        "satellite": "N",
        "acq_at": "2026-09-28 12:55:00",
        "frp": "7.8",
        "confidence": "high"
      },
      "geometry": {
        "type": "Point",
        "coordinates": [
          15.77384,
          41.14485
        ]
      }
    },
    {
      "type": "Feature",
      "properties": {
        "source": "viirs_snpp",
        "satellite": "N",
        "acq_at": "2026-09-28 12:55:00",
        "frp": "6.15",
        "confidence": "nominal"
      },
      "geometry": {
        "type": "Point",
        "coordinates": [
          15.78164,
          41.20893
        ]
      }
    },
    {
      "type": "Feature",
      "properties": {
        "source": "viirs_snpp",
        "satellite": "N",
        "acq_at": "2026-09-28 12:55:00",
        "frp": "4.95",
        "confidence": "nominal"
      },
      "geometry": {
        "type": "Point",
        "coordinates": [
          15.7763,
          41.2087
        ]
      }
    },
    {
      "type": "Feature",
      "properties": {
        "source": "viirs_snpp",
        "satellite": "N",
        "acq_at": "2026-09-28 12:55:00",
        "frp": "6.05",
        "confidence": "high"
      },
      "geometry": {
        "type": "Point",
        "coordinates": [
          15.77759,
          41.20851
        ]
      }
    },
    {
      "type": "Feature",
      "properties": {
        "source": "viirs_snpp",
        "satellite": "N",
        "acq_at": "2026-09-28 12:55:00",
        "frp": "1.79",
        "confidence": "nominal"
      },
      "geometry": {
        "type": "Point",
        "coordinates": [
          15.03068,
          41.25114
        ]
      }
    },
    {
      "type": "Feature",
      "properties": {
        "source": "viirs_snpp",
        "satellite": "N",
        "acq_at": "2026-09-28 12:55:00",
        "frp": "2.55",
        "confidence": "nominal"
      },
      "geometry": {
        "type": "Point",
        "coordinates": [
          14.80869,
          41.27914
        ]
      }
    },
    {
      "type": "Feature",
      "properties": {
        "source": "viirs_snpp",
        "satellite": "N",
        "acq_at": "2026-09-28 12:55:00",
        "frp": "12.38",
        "confidence": "nominal"
      },
      "geometry": {
        "type": "Point",
        "coordinates": [
          15.85139,
          41.42644
        ]
      }
    },
    {
      "type": "Feature",
      "properties": {
        "source": "viirs_snpp",
        "satellite": "N",
        "acq_at": "2026-09-28 12:55:00",
        "frp": "6.17",
        "confidence": "nominal"
      },
      "geometry": {
        "type": "Point",
        "coordinates": [
          15.85317,
          41.42563
        ]
      }
    },
    {
      "type": "Feature",
      "properties": {
        "source": "viirs_snpp",
        "satellite": "N",
        "acq_at": "2026-09-28 12:55:00",
        "frp": "3.02",
        "confidence": "nominal"
      },
      "geometry": {
        "type": "Point",
        "coordinates": [
          15.83155,
          41.42485
        ]
      }
    },
    {
      "type": "Feature",
      "properties": {
        "source": "viirs_snpp",
        "satellite": "N",
        "acq_at": "2026-09-28 12:55:00",
        "frp": "6.17",
        "confidence": "high"
      },
      "geometry": {
        "type": "Point",
        "coordinates": [
          15.85282,
          41.43145
        ]
      }
    },
    {
      "type": "Feature",
      "properties": {
        "source": "viirs_snpp",
        "satellite": "N",
        "acq_at": "2026-09-28 12:55:00",
        "frp": "8.67",
        "confidence": "nominal"
      },
      "geometry": {
        "type": "Point",
        "coordinates": [
          15.55404,
          41.57089
        ]
      }
    },
    {
      "type": "Feature",
      "properties": {
        "source": "viirs_snpp",
        "satellite": "N",
        "acq_at": "2026-09-28 12:55:00",
        "frp": "3.25",
        "confidence": "nominal"
      },
      "geometry": {
        "type": "Point",
        "coordinates": [
          14.97843,
          41.79244
        ]
      }
    },
    {
      "type": "Feature",
      "properties": {
        "source": "viirs_snpp",
        "satellite": "N",
        "acq_at": "2026-09-28 12:55:00",
        "frp": "3.87",
        "confidence": "nominal"
      },
      "geometry": {
        "type": "Point",
        "coordinates": [
          18.31253,
          42.68308
        ]
      }
    },
    {
      "type": "Feature",
      "properties": {
        "source": "viirs_snpp",
        "satellite": "N",
        "acq_at": "2026-09-28 12:55:00",
        "frp": "4.09",
        "confidence": "nominal"
      },
      "geometry": {
        "type": "Point",
        "coordinates": [
          11.11018,
          42.70417
        ]
      }
    },
    {
      "type": "Feature",
      "properties": {
        "source": "viirs_snpp",
        "satellite": "N",
        "acq_at": "2026-09-28 12:57:00",
        "frp": "13.88",
        "confidence": "high"
      },
      "geometry": {
        "type": "Point",
        "coordinates": [
          17.73868,
          43.03565
        ]
      }
    },
    {
      "type": "Feature",
      "properties": {
        "source": "viirs_snpp",
        "satellite": "N",
        "acq_at": "2026-09-28 12:57:00",
        "frp": "13.65",
        "confidence": "high"
      },
      "geometry": {
        "type": "Point",
        "coordinates": [
          17.74126,
          43.0365
        ]
      }
    },
    {
      "type": "Feature",
      "properties": {
        "source": "viirs_snpp",
        "satellite": "N",
        "acq_at": "2026-09-28 12:57:00",
        "frp": "2.38",
        "confidence": "nominal"
      },
      "geometry": {
        "type": "Point",
        "coordinates": [
          11.06565,
          44.50356
        ]
      }
    },
    {
      "type": "Feature",
      "properties": {
        "source": "viirs_snpp",
        "satellite": "N",
        "acq_at": "2026-09-28 12:57:00",
        "frp": "2.31",
        "confidence": "nominal"
      },
      "geometry": {
        "type": "Point",
        "coordinates": [
          17.3517,
          47.06235
        ]
      }
    },
    {
      "type": "Feature",
      "properties": {
        "source": "viirs_snpp",
        "satellite": "N",
        "acq_at": "2026-09-28 11:17:00",
        "frp": "3.14",
        "confidence": "nominal"
      },
      "geometry": {
        "type": "Point",
        "coordinates": [
          13.94165,
          37.13008
        ]
      }
    },
    {
      "type": "Feature",
      "properties": {
        "source": "viirs_snpp",
        "satellite": "N",
        "acq_at": "2026-09-28 11:17:00",
        "frp": "14.76",
        "confidence": "high"
      },
      "geometry": {
        "type": "Point",
        "coordinates": [
          14.45926,
          37.38171
        ]
      }
    },
    {
      "type": "Feature",
      "properties": {
        "source": "viirs_snpp",
        "satellite": "N",
        "acq_at": "2026-09-28 11:17:00",
        "frp": "4.54",
        "confidence": "nominal"
      },
      "geometry": {
        "type": "Point",
        "coordinates": [
          16.23617,
          38.28362
        ]
      }
    },
    {
      "type": "Feature",
      "properties": {
        "source": "viirs_snpp",
        "satellite": "N",
        "acq_at": "2026-09-28 11:17:00",
        "frp": "5.34",
        "confidence": "nominal"
      },
      "geometry": {
        "type": "Point",
        "coordinates": [
          16.23496,
          38.28385
        ]
      }
    },
    {
      "type": "Feature",
      "properties": {
        "source": "viirs_snpp",
        "satellite": "N",
        "acq_at": "2026-09-28 11:17:00",
        "frp": "4.49",
        "confidence": "nominal"
      },
      "geometry": {
        "type": "Point",
        "coordinates": [
          13.80926,
          37.71872
        ]
      }
    },
    {
      "type": "Feature",
      "properties": {
        "source": "viirs_snpp",
        "satellite": "N",
        "acq_at": "2026-09-28 11:17:00",
        "frp": "18.6",
        "confidence": "high"
      },
      "geometry": {
        "type": "Point",
        "coordinates": [
          13.29895,
          37.8875
        ]
      }
    },
    {
      "type": "Feature",
      "properties": {
        "source": "viirs_snpp",
        "satellite": "N",
        "acq_at": "2026-09-28 11:17:00",
        "frp": "2.48",
        "confidence": "low"
      },
      "geometry": {
        "type": "Point",
        "coordinates": [
          17.10881,
          38.94972
        ]
      }
    },
    {
      "type": "Feature",
      "properties": {
        "source": "viirs_snpp",
        "satellite": "N",
        "acq_at": "2026-09-28 11:17:00",
        "frp": "2.03",
        "confidence": "nominal"
      },
      "geometry": {
        "type": "Point",
        "coordinates": [
          17.10986,
          38.95167
        ]
      }
    },
    {
      "type": "Feature",
      "properties": {
        "source": "viirs_snpp",
        "satellite": "N",
        "acq_at": "2026-09-28 11:17:00",
        "frp": "10.75",
        "confidence": "high"
      },
      "geometry": {
        "type": "Point",
        "coordinates": [
          13.29286,
          37.88799
        ]
      }
    },
    {
      "type": "Feature",
      "properties": {
        "source": "viirs_snpp",
        "satellite": "N",
        "acq_at": "2026-09-28 11:17:00",
        "frp": "10.75",
        "confidence": "nominal"
      },
      "geometry": {
        "type": "Point",
        "coordinates": [
          13.29931,
          37.88995
        ]
      }
    },
    {
      "type": "Feature",
      "properties": {
        "source": "viirs_snpp",
        "satellite": "N",
        "acq_at": "2026-09-28 11:17:00",
        "frp": "3.73",
        "confidence": "nominal"
      },
      "geometry": {
        "type": "Point",
        "coordinates": [
          17.16746,
          39.00552
        ]
      }
    },
    {
      "type": "Feature",
      "properties": {
        "source": "viirs_snpp",
        "satellite": "N",
        "acq_at": "2026-09-28 11:17:00",
        "frp": "3.73",
        "confidence": "nominal"
      },
      "geometry": {
        "type": "Point",
        "coordinates": [
          17.16393,
          39.0046
        ]
      }
    },
    {
      "type": "Feature",
      "properties": {
        "source": "viirs_snpp",
        "satellite": "N",
        "acq_at": "2026-09-28 11:17:00",
        "frp": "5.43",
        "confidence": "nominal"
      },
      "geometry": {
        "type": "Point",
        "coordinates": [
          13.16585,
          37.88404
        ]
      }
    },
    {
      "type": "Feature",
      "properties": {
        "source": "viirs_snpp",
        "satellite": "N",
        "acq_at": "2026-09-28 11:17:00",
        "frp": "5.22",
        "confidence": "nominal"
      },
      "geometry": {
        "type": "Point",
        "coordinates": [
          12.8959,
          37.87214
        ]
      }
    },
    {
      "type": "Feature",
      "properties": {
        "source": "viirs_snpp",
        "satellite": "N",
        "acq_at": "2026-09-28 11:17:00",
        "frp": "6.04",
        "confidence": "nominal"
      },
      "geometry": {
        "type": "Point",
        "coordinates": [
          13.06415,
          37.93011
        ]
      }
    },
    {
      "type": "Feature",
      "properties": {
        "source": "viirs_snpp",
        "satellite": "N",
        "acq_at": "2026-09-28 11:17:00",
        "frp": "1.74",
        "confidence": "nominal"
      },
      "geometry": {
        "type": "Point",
        "coordinates": [
          16.86706,
          39.01592
        ]
      }
    },
    {
      "type": "Feature",
      "properties": {
        "source": "viirs_snpp",
        "satellite": "N",
        "acq_at": "2026-09-28 11:17:00",
        "frp": "2.01",
        "confidence": "nominal"
      },
      "geometry": {
        "type": "Point",
        "coordinates": [
          16.86696,
          39.01566
        ]
      }
    },
    {
      "type": "Feature",
      "properties": {
        "source": "viirs_snpp",
        "satellite": "N",
        "acq_at": "2026-09-28 11:17:00",
        "frp": "3.88",
        "confidence": "nominal"
      },
      "geometry": {
        "type": "Point",
        "coordinates": [
          12.90019,
          37.87275
        ]
      }
    },
    {
      "type": "Feature",
      "properties": {
        "source": "viirs_snpp",
        "satellite": "N",
        "acq_at": "2026-09-28 11:17:00",
        "frp": "5.48",
        "confidence": "nominal"
      },
      "geometry": {
        "type": "Point",
        "coordinates": [
          13.06179,
          37.92973
        ]
      }
    },
    {
      "type": "Feature",
      "properties": {
        "source": "viirs_snpp",
        "satellite": "N",
        "acq_at": "2026-09-28 11:17:00",
        "frp": "13.47",
        "confidence": "high"
      },
      "geometry": {
        "type": "Point",
        "coordinates": [
          17.02288,
          39.09587
        ]
      }
    },
    {
      "type": "Feature",
      "properties": {
        "source": "viirs_snpp",
        "satellite": "N",
        "acq_at": "2026-09-28 11:17:00",
        "frp": "8.92",
        "confidence": "high"
      },
      "geometry": {
        "type": "Point",
        "coordinates": [
          17.01901,
          39.09486
        ]
      }
    },
    {
      "type": "Feature",
      "properties": {
        "source": "viirs_snpp",
        "satellite": "N",
        "acq_at": "2026-09-28 11:17:00",
        "frp": "11.36",
        "confidence": "nominal"
      },
      "geometry": {
        "type": "Point",
        "coordinates": [
          12.72887,
          37.91227
        ]
      }
    },
    {
      "type": "Feature",
      "properties": {
        "source": "viirs_snpp",
        "satellite": "N",
        "acq_at": "2026-09-28 11:17:00",
        "frp": "11.18",
        "confidence": "nominal"
      },
      "geometry": {
        "type": "Point",
        "coordinates": [
          12.72755,
          37.91141
        ]
      }
    },
    {
      "type": "Feature",
      "properties": {
        "source": "viirs_snpp",
        "satellite": "N",
        "acq_at": "2026-09-28 11:17:00",
        "frp": "5.81",
        "confidence": "nominal"
      },
      "geometry": {
        "type": "Point",
        "coordinates": [
          17.94065,
          40.3342
        ]
      }
    },
    {
      "type": "Feature",
      "properties": {
        "source": "viirs_snpp",
        "satellite": "N",
        "acq_at": "2026-09-28 11:17:00",
        "frp": "16.03",
        "confidence": "nominal"
      },
      "geometry": {
        "type": "Point",
        "coordinates": [
          17.87437,
          40.35345
        ]
      }
    },
    {
      "type": "Feature",
      "properties": {
        "source": "viirs_snpp",
        "satellite": "N",
        "acq_at": "2026-09-28 11:17:00",
        "frp": "5.32",
        "confidence": "high"
      },
      "geometry": {
        "type": "Point",
        "coordinates": [
          16.62386,
          40.2474
        ]
      }
    },
    {
      "type": "Feature",
      "properties": {
        "source": "viirs_snpp",
        "satellite": "N",
        "acq_at": "2026-09-28 11:17:00",
        "frp": "5.26",
        "confidence": "nominal"
      },
      "geometry": {
        "type": "Point",
        "coordinates": [
          16.84664,
          40.39034
        ]
      }
    },
    {
      "type": "Feature",
      "properties": {
        "source": "viirs_snpp",
        "satellite": "N",
        "acq_at": "2026-09-28 11:17:00",
        "frp": "3.48",
        "confidence": "nominal"
      },
      "geometry": {
        "type": "Point",
        "coordinates": [
          16.21058,
          40.71649
        ]
      }
    },
    {
      "type": "Feature",
      "properties": {
        "source": "viirs_snpp",
        "satellite": "N",
        "acq_at": "2026-09-28 11:17:00",
        "frp": "2.97",
        "confidence": "nominal"
      },
      "geometry": {
        "type": "Point",
        "coordinates": [
          15.16212,
          40.49926
        ]
      }
    },
    {
      "type": "Feature",
      "properties": {
        "source": "viirs_snpp",
        "satellite": "N",
        "acq_at": "2026-09-28 11:17:00",
        "frp": "2.58",
        "confidence": "nominal"
      },
      "geometry": {
        "type": "Point",
        "coordinates": [
          16.46502,
          40.85784
        ]
      }
    },
    {
      "type": "Feature",
      "properties": {
        "source": "viirs_snpp",
        "satellite": "N",
        "acq_at": "2026-09-28 11:17:00",
        "frp": "2.58",
        "confidence": "nominal"
      },
      "geometry": {
        "type": "Point",
        "coordinates": [
          16.46128,
          40.85686
        ]
      }
    },
    {
      "type": "Feature",
      "properties": {
        "source": "viirs_snpp",
        "satellite": "N",
        "acq_at": "2026-09-28 11:17:00",
        "frp": "4.13",
        "confidence": "nominal"
      },
      "geometry": {
        "type": "Point",
        "coordinates": [
          16.21603,
          40.86377
        ]
      }
    },
    {
      "type": "Feature",
      "properties": {
        "source": "viirs_snpp",
        "satellite": "N",
        "acq_at": "2026-09-28 11:17:00",
        "frp": "3.64",
        "confidence": "low"
      },
      "geometry": {
        "type": "Point",
        "coordinates": [
          16.21517,
          40.86515
        ]
      }
    },
    {
      "type": "Feature",
      "properties": {
        "source": "viirs_snpp",
        "satellite": "N",
        "acq_at": "2026-09-28 11:17:00",
        "frp": "13.7",
        "confidence": "high"
      },
      "geometry": {
        "type": "Point",
        "coordinates": [
          15.87921,
          40.83639
        ]
      }
    },
    {
      "type": "Feature",
      "properties": {
        "source": "viirs_snpp",
        "satellite": "N",
        "acq_at": "2026-09-28 11:17:00",
        "frp": "7.03",
        "confidence": "high"
      },
      "geometry": {
        "type": "Point",
        "coordinates": [
          15.65958,
          40.90165
        ]
      }
    },
    {
      "type": "Feature",
      "properties": {
        "source": "viirs_snpp",
        "satellite": "N",
        "acq_at": "2026-09-28 11:17:00",
        "frp": "2.6",
        "confidence": "nominal"
      },
      "geometry": {
        "type": "Point",
        "coordinates": [
          15.90841,
          41.0806
        ]
      }
    },
    {
      "type": "Feature",
      "properties": {
        "source": "viirs_snpp",
        "satellite": "N",
        "acq_at": "2026-09-28 11:17:00",
        "frp": "2.5",
        "confidence": "nominal"
      },
      "geometry": {
        "type": "Point",
        "coordinates": [
          15.77161,
          41.14569
        ]
      }
    },
    {
      "type": "Feature",
      "properties": {
        "source": "viirs_snpp",
        "satellite": "N",
        "acq_at": "2026-09-28 11:17:00",
        "frp": "2.5",
        "confidence": "nominal"
      },
      "geometry": {
        "type": "Point",
        "coordinates": [
          15.76763,
          41.14462
        ]
      }
    },
    {
      "type": "Feature",
      "properties": {
        "source": "viirs_snpp",
        "satellite": "N",
        "acq_at": "2026-09-28 11:17:00",
        "frp": "14.55",
        "confidence": "high"
      },
      "geometry": {
        "type": "Point",
        "coordinates": [
          14.01619,
          40.98419
        ]
      }
    },
    {
      "type": "Feature",
      "properties": {
        "source": "viirs_snpp",
        "satellite": "N",
        "acq_at": "2026-09-28 11:17:00",
        "frp": "4.53",
        "confidence": "nominal"
      },
      "geometry": {
        "type": "Point",
        "coordinates": [
          15.42741,
          41.37927
        ]
      }
    },
    {
      "type": "Feature",
      "properties": {
        "source": "viirs_snpp",
        "satellite": "N",
        "acq_at": "2026-09-28 11:17:00",
        "frp": "12.9",
        "confidence": "nominal"
      },
      "geometry": {
        "type": "Point",
        "coordinates": [
          14.0211,
          40.9856
        ]
      }
    },
    {
      "type": "Feature",
      "properties": {
        "source": "viirs_snpp",
        "satellite": "N",
        "acq_at": "2026-09-28 11:17:00",
        "frp": "3.47",
        "confidence": "nominal"
      },
      "geometry": {
        "type": "Point",
        "coordinates": [
          15.49929,
          41.72086
        ]
      }
    },
    {
      "type": "Feature",
      "properties": {
        "source": "viirs_snpp",
        "satellite": "N",
        "acq_at": "2026-09-28 11:17:00",
        "frp": "2.38",
        "confidence": "nominal"
      },
      "geometry": {
        "type": "Point",
        "coordinates": [
          15.49693,
          41.72583
        ]
      }
    },
    {
      "type": "Feature",
      "properties": {
        "source": "viirs_snpp",
        "satellite": "N",
        "acq_at": "2026-09-28 11:17:00",
        "frp": "3.22",
        "confidence": "nominal"
      },
      "geometry": {
        "type": "Point",
        "coordinates": [
          18.97657,
          44.79924
        ]
      }
    },
    {
      "type": "Feature",
      "properties": {
        "source": "viirs_snpp",
        "satellite": "N",
        "acq_at": "2026-09-28 11:17:00",
        "frp": "4.42",
        "confidence": "nominal"
      },
      "geometry": {
        "type": "Point",
        "coordinates": [
          18.0825,
          44.86548
        ]
      }
    },
    {
      "type": "Feature",
      "properties": {
        "source": "viirs_snpp",
        "satellite": "N",
        "acq_at": "2026-09-28 11:17:00",
        "frp": "1.94",
        "confidence": "low"
      },
      "geometry": {
        "type": "Point",
        "coordinates": [
          17.33874,
          44.9693
        ]
      }
    },
    {
      "type": "Feature",
      "properties": {
        "source": "viirs_noaa20",
        "satellite": "N20",
        "acq_at": "2026-09-27 13:33:00",
        "frp": "5.52",
        "confidence": "nominal"
      },
      "geometry": {
        "type": "Point",
        "coordinates": [
          6.98973,
          35.96712
        ]
      }
    },
    {
      "type": "Feature",
      "properties": {
        "source": "viirs_noaa20",
        "satellite": "N20",
        "acq_at": "2026-09-27 13:33:00",
        "frp": "5.11",
        "confidence": "nominal"
      },
      "geometry": {
        "type": "Point",
        "coordinates": [
          6.98915,
          35.96388
        ]
      }
    },
    {
      "type": "Feature",
      "properties": {
        "source": "viirs_noaa20",
        "satellite": "N20",
        "acq_at": "2026-09-27 13:33:00",
        "frp": "5.51",
        "confidence": "nominal"
      },
      "geometry": {
        "type": "Point",
        "coordinates": [
          6.66798,
          36.47567
        ]
      }
    },
    {
      "type": "Feature",
      "properties": {
        "source": "viirs_noaa20",
        "satellite": "N20",
        "acq_at": "2026-09-27 13:33:00",
        "frp": "5.01",
        "confidence": "nominal"
      },
      "geometry": {
        "type": "Point",
        "coordinates": [
          6.66545,
          36.47356
        ]
      }
    },
    {
      "type": "Feature",
      "properties": {
        "source": "viirs_noaa20",
        "satellite": "N20",
        "acq_at": "2026-09-27 13:33:00",
        "frp": "8.28",
        "confidence": "nominal"
      },
      "geometry": {
        "type": "Point",
        "coordinates": [
          9.32551,
          36.72535
        ]
      }
    },
    {
      "type": "Feature",
      "properties": {
        "source": "viirs_noaa20",
        "satellite": "N20",
        "acq_at": "2026-09-27 13:33:00",
        "frp": "9.65",
        "confidence": "nominal"
      },
      "geometry": {
        "type": "Point",
        "coordinates": [
          6.51593,
          36.68924
        ]
      }
    },
    {
      "type": "Feature",
      "properties": {
        "source": "viirs_noaa20",
        "satellite": "N20",
        "acq_at": "2026-09-28 00:11:00",
        "frp": "5.53",
        "confidence": "nominal"
      },
      "geometry": {
        "type": "Point",
        "coordinates": [
          9.39647,
          41.85878
        ]
      }
    },
    {
      "type": "Feature",
      "properties": {
        "source": "viirs_noaa20",
        "satellite": "N20",
        "acq_at": "2026-09-28 00:13:00",
        "frp": "2.27",
        "confidence": "nominal"
      },
      "geometry": {
        "type": "Point",
        "coordinates": [
          16.56388,
          38.54382
        ]
      }
    },
    {
      "type": "Feature",
      "properties": {
        "source": "viirs_noaa20",
        "satellite": "N20",
        "acq_at": "2026-09-28 00:13:00",
        "frp": "1.82",
        "confidence": "nominal"
      },
      "geometry": {
        "type": "Point",
        "coordinates": [
          16.56524,
          38.54234
        ]
      }
    },
    {
      "type": "Feature",
      "properties": {
        "source": "viirs_noaa20",
        "satellite": "N20",
        "acq_at": "2026-09-28 00:13:00",
        "frp": "0.82",
        "confidence": "nominal"
      },
      "geometry": {
        "type": "Point",
        "coordinates": [
          13.89836,
          37.64367
        ]
      }
    },
    {
      "type": "Feature",
      "properties": {
        "source": "viirs_noaa20",
        "satellite": "N20",
        "acq_at": "2026-09-28 00:13:00",
        "frp": "0.74",
        "confidence": "nominal"
      },
      "geometry": {
        "type": "Point",
        "coordinates": [
          13.89845,
          37.64676
        ]
      }
    },
    {
      "type": "Feature",
      "properties": {
        "source": "viirs_noaa20",
        "satellite": "N20",
        "acq_at": "2026-09-28 00:13:00",
        "frp": "4.81",
        "confidence": "nominal"
      },
      "geometry": {
        "type": "Point",
        "coordinates": [
          14.36817,
          36.98359
        ]
      }
    },
    {
      "type": "Feature",
      "properties": {
        "source": "viirs_noaa20",
        "satellite": "N20",
        "acq_at": "2026-09-28 00:13:00",
        "frp": "3.27",
        "confidence": "nominal"
      },
      "geometry": {
        "type": "Point",
        "coordinates": [
          14.3637,
          36.98386
        ]
      }
    },
    {
      "type": "Feature",
      "properties": {
        "source": "viirs_noaa20",
        "satellite": "N20",
        "acq_at": "2026-09-28 01:52:00",
        "frp": "0.88",
        "confidence": "nominal"
      },
      "geometry": {
        "type": "Point",
        "coordinates": [
          12.54513,
          43.36567
        ]
      }
    },
    {
      "type": "Feature",
      "properties": {
        "source": "viirs_noaa20",
        "satellite": "N20",
        "acq_at": "2026-09-28 01:52:00",
        "frp": "1.08",
        "confidence": "nominal"
      },
      "geometry": {
        "type": "Point",
        "coordinates": [
          11.83719,
          43.23578
        ]
      }
    },
    {
      "type": "Feature",
      "properties": {
        "source": "viirs_noaa20",
        "satellite": "N20",
        "acq_at": "2026-09-28 01:52:00",
        "frp": "1.77",
        "confidence": "nominal"
      },
      "geometry": {
        "type": "Point",
        "coordinates": [
          17.359,
          40.54681
        ]
      }
    },
    {
      "type": "Feature",
      "properties": {
        "source": "viirs_noaa20",
        "satellite": "N20",
        "acq_at": "2026-09-28 01:52:00",
        "frp": "1.29",
        "confidence": "nominal"
      },
      "geometry": {
        "type": "Point",
        "coordinates": [
          17.36489,
          40.54498
        ]
      }
    },
    {
      "type": "Feature",
      "properties": {
        "source": "viirs_noaa20",
        "satellite": "N20",
        "acq_at": "2026-09-28 01:52:00",
        "frp": "1.77",
        "confidence": "nominal"
      },
      "geometry": {
        "type": "Point",
        "coordinates": [
          17.35045,
          40.54274
        ]
      }
    },
    {
      "type": "Feature",
      "properties": {
        "source": "viirs_noaa20",
        "satellite": "N20",
        "acq_at": "2026-09-28 01:52:00",
        "frp": "1.29",
        "confidence": "nominal"
      },
      "geometry": {
        "type": "Point",
        "coordinates": [
          17.36803,
          40.53728
        ]
      }
    },
    {
      "type": "Feature",
      "properties": {
        "source": "viirs_noaa20",
        "satellite": "N20",
        "acq_at": "2026-09-28 01:52:00",
        "frp": "2.53",
        "confidence": "nominal"
      },
      "geometry": {
        "type": "Point",
        "coordinates": [
          17.36142,
          40.54609
        ]
      }
    },
    {
      "type": "Feature",
      "properties": {
        "source": "viirs_noaa20",
        "satellite": "N20",
        "acq_at": "2026-09-28 01:52:00",
        "frp": "1.2",
        "confidence": "nominal"
      },
      "geometry": {
        "type": "Point",
        "coordinates": [
          17.35279,
          40.54201
        ]
      }
    },
    {
      "type": "Feature",
      "properties": {
        "source": "viirs_noaa20",
        "satellite": "N20",
        "acq_at": "2026-09-28 01:52:00",
        "frp": "0.74",
        "confidence": "nominal"
      },
      "geometry": {
        "type": "Point",
        "coordinates": [
          17.37046,
          40.53664
        ]
      }
    },
    {
      "type": "Feature",
      "properties": {
        "source": "viirs_noaa20",
        "satellite": "N20",
        "acq_at": "2026-09-28 01:52:00",
        "frp": "0.9",
        "confidence": "nominal"
      },
      "geometry": {
        "type": "Point",
        "coordinates": [
          9.38802,
          42.00811
        ]
      }
    },
    {
      "type": "Feature",
      "properties": {
        "source": "viirs_noaa20",
        "satellite": "N20",
        "acq_at": "2026-09-28 01:54:00",
        "frp": "0.47",
        "confidence": "nominal"
      },
      "geometry": {
        "type": "Point",
        "coordinates": [
          9.00946,
          39.57938
        ]
      }
    },
    {
      "type": "Feature",
      "properties": {
        "source": "viirs_noaa20",
        "satellite": "N20",
        "acq_at": "2026-09-28 01:54:00",
        "frp": "0.91",
        "confidence": "nominal"
      },
      "geometry": {
        "type": "Point",
        "coordinates": [
          8.59924,
          39.61861
        ]
      }
    },
    {
      "type": "Feature",
      "properties": {
        "source": "viirs_noaa20",
        "satellite": "N20",
        "acq_at": "2026-09-28 11:34:00",
        "frp": "3.72",
        "confidence": "nominal"
      },
      "geometry": {
        "type": "Point",
        "coordinates": [
          14.32237,
          37.22193
        ]
      }
    },
    {
      "type": "Feature",
      "properties": {
        "source": "viirs_noaa20",
        "satellite": "N20",
        "acq_at": "2026-09-28 11:34:00",
        "frp": "5.11",
        "confidence": "nominal"
      },
      "geometry": {
        "type": "Point",
        "coordinates": [
          14.3209,
          37.22624
        ]
      }
    },
    {
      "type": "Feature",
      "properties": {
        "source": "viirs_noaa20",
        "satellite": "N20",
        "acq_at": "2026-09-28 11:34:00",
        "frp": "4.98",
        "confidence": "nominal"
      },
      "geometry": {
        "type": "Point",
        "coordinates": [
          14.77202,
          37.36043
        ]
      }
    },
    {
      "type": "Feature",
      "properties": {
        "source": "viirs_noaa20",
        "satellite": "N20",
        "acq_at": "2026-09-28 11:34:00",
        "frp": "1.73",
        "confidence": "nominal"
      },
      "geometry": {
        "type": "Point",
        "coordinates": [
          9.82351,
          36.36454
        ]
      }
    },
    {
      "type": "Feature",
      "properties": {
        "source": "viirs_noaa20",
        "satellite": "N20",
        "acq_at": "2026-09-28 11:34:00",
        "frp": "3.47",
        "confidence": "low"
      },
      "geometry": {
        "type": "Point",
        "coordinates": [
          14.66786,
          37.56841
        ]
      }
    },
    {
      "type": "Feature",
      "properties": {
        "source": "viirs_noaa20",
        "satellite": "N20",
        "acq_at": "2026-09-28 11:34:00",
        "frp": "4.28",
        "confidence": "nominal"
      },
      "geometry": {
        "type": "Point",
        "coordinates": [
          13.75318,
          37.54955
        ]
      }
    },
    {
      "type": "Feature",
      "properties": {
        "source": "viirs_noaa20",
        "satellite": "N20",
        "acq_at": "2026-09-28 11:34:00",
        "frp": "5.76",
        "confidence": "low"
      },
      "geometry": {
        "type": "Point",
        "coordinates": [
          13.8067,
          37.57154
        ]
      }
    },
    {
      "type": "Feature",
      "properties": {
        "source": "viirs_noaa20",
        "satellite": "N20",
        "acq_at": "2026-09-28 11:34:00",
        "frp": "10.66",
        "confidence": "nominal"
      },
      "geometry": {
        "type": "Point",
        "coordinates": [
          13.68544,
          37.54805
        ]
      }
    },
    {
      "type": "Feature",
      "properties": {
        "source": "viirs_noaa20",
        "satellite": "N20",
        "acq_at": "2026-09-28 11:34:00",
        "frp": "10.36",
        "confidence": "nominal"
      },
      "geometry": {
        "type": "Point",
        "coordinates": [
          13.68053,
          37.54691
        ]
      }
    },
    {
      "type": "Feature",
      "properties": {
        "source": "viirs_noaa20",
        "satellite": "N20",
        "acq_at": "2026-09-28 11:34:00",
        "frp": "2.66",
        "confidence": "low"
      },
      "geometry": {
        "type": "Point",
        "coordinates": [
          8.8221,
          36.35275
        ]
      }
    },
    {
      "type": "Feature",
      "properties": {
        "source": "viirs_noaa20",
        "satellite": "N20",
        "acq_at": "2026-09-28 11:34:00",
        "frp": "6.19",
        "confidence": "nominal"
      },
      "geometry": {
        "type": "Point",
        "coordinates": [
          16.23687,
          38.28334
        ]
      }
    },
    {
      "type": "Feature",
      "properties": {
        "source": "viirs_noaa20",
        "satellite": "N20",
        "acq_at": "2026-09-28 11:34:00",
        "frp": "6.55",
        "confidence": "nominal"
      },
      "geometry": {
        "type": "Point",
        "coordinates": [
          16.23595,
          38.28334
        ]
      }
    },
    {
      "type": "Feature",
      "properties": {
        "source": "viirs_noaa20",
        "satellite": "N20",
        "acq_at": "2026-09-28 11:34:00",
        "frp": "7.47",
        "confidence": "nominal"
      },
      "geometry": {
        "type": "Point",
        "coordinates": [
          6.40898,
          35.80297
        ]
      }
    },
    {
      "type": "Feature",
      "properties": {
        "source": "viirs_noaa20",
        "satellite": "N20",
        "acq_at": "2026-09-28 11:34:00",
        "frp": "2.72",
        "confidence": "nominal"
      },
      "geometry": {
        "type": "Point",
        "coordinates": [
          9.91867,
          36.95101
        ]
      }
    },
    {
      "type": "Feature",
      "properties": {
        "source": "viirs_noaa20",
        "satellite": "N20",
        "acq_at": "2026-09-28 11:34:00",
        "frp": "4.95",
        "confidence": "nominal"
      },
      "geometry": {
        "type": "Point",
        "coordinates": [
          13.19951,
          37.81184
        ]
      }
    },
    {
      "type": "Feature",
      "properties": {
        "source": "viirs_noaa20",
        "satellite": "N20",
        "acq_at": "2026-09-28 11:34:00",
        "frp": "5.84",
        "confidence": "nominal"
      },
      "geometry": {
        "type": "Point",
        "coordinates": [
          9.44932,
          36.91703
        ]
      }
    },
    {
      "type": "Feature",
      "properties": {
        "source": "viirs_noaa20",
        "satellite": "N20",
        "acq_at": "2026-09-28 11:34:00",
        "frp": "4.1",
        "confidence": "nominal"
      },
      "geometry": {
        "type": "Point",
        "coordinates": [
          9.44495,
          36.91583
        ]
      }
    },
    {
      "type": "Feature",
      "properties": {
        "source": "viirs_noaa20",
        "satellite": "N20",
        "acq_at": "2026-09-28 11:34:00",
        "frp": "2.97",
        "confidence": "nominal"
      },
      "geometry": {
        "type": "Point",
        "coordinates": [
          9.45652,
          36.92517
        ]
      }
    },
    {
      "type": "Feature",
      "properties": {
        "source": "viirs_noaa20",
        "satellite": "N20",
        "acq_at": "2026-09-28 11:34:00",
        "frp": "5.16",
        "confidence": "nominal"
      },
      "geometry": {
        "type": "Point",
        "coordinates": [
          7.2619,
          36.29482
        ]
      }
    },
    {
      "type": "Feature",
      "properties": {
        "source": "viirs_noaa20",
        "satellite": "N20",
        "acq_at": "2026-09-28 11:34:00",
        "frp": "3.99",
        "confidence": "nominal"
      },
      "geometry": {
        "type": "Point",
        "coordinates": [
          13.02589,
          37.86771
        ]
      }
    },
    {
      "type": "Feature",
      "properties": {
        "source": "viirs_noaa20",
        "satellite": "N20",
        "acq_at": "2026-09-28 11:34:00",
        "frp": "11.33",
        "confidence": "nominal"
      },
      "geometry": {
        "type": "Point",
        "coordinates": [
          13.0241,
          37.87222
        ]
      }
    },
    {
      "type": "Feature",
      "properties": {
        "source": "viirs_noaa20",
        "satellite": "N20",
        "acq_at": "2026-09-28 11:34:00",
        "frp": "4.26",
        "confidence": "nominal"
      },
      "geometry": {
        "type": "Point",
        "coordinates": [
          9.76001,
          37.0686
        ]
      }
    },
    {
      "type": "Feature",
      "properties": {
        "source": "viirs_noaa20",
        "satellite": "N20",
        "acq_at": "2026-09-28 11:34:00",
        "frp": "7.68",
        "confidence": "high"
      },
      "geometry": {
        "type": "Point",
        "coordinates": [
          9.88519,
          37.10814
        ]
      }
    },
    {
      "type": "Feature",
      "properties": {
        "source": "viirs_noaa20",
        "satellite": "N20",
        "acq_at": "2026-09-28 11:34:00",
        "frp": "8.75",
        "confidence": "nominal"
      },
      "geometry": {
        "type": "Point",
        "coordinates": [
          9.88058,
          37.10691
        ]
      }
    },
    {
      "type": "Feature",
      "properties": {
        "source": "viirs_noaa20",
        "satellite": "N20",
        "acq_at": "2026-09-28 11:34:00",
        "frp": "9.63",
        "confidence": "nominal"
      },
      "geometry": {
        "type": "Point",
        "coordinates": [
          12.89825,
          37.87209
        ]
      }
    },
    {
      "type": "Feature",
      "properties": {
        "source": "viirs_noaa20",
        "satellite": "N20",
        "acq_at": "2026-09-28 11:34:00",
        "frp": "4.66",
        "confidence": "nominal"
      },
      "geometry": {
        "type": "Point",
        "coordinates": [
          12.90192,
          37.87519
        ]
      }
    },
    {
      "type": "Feature",
      "properties": {
        "source": "viirs_noaa20",
        "satellite": "N20",
        "acq_at": "2026-09-28 11:34:00",
        "frp": "4.66",
        "confidence": "nominal"
      },
      "geometry": {
        "type": "Point",
        "coordinates": [
          12.89622,
          37.87381
        ]
      }
    },
    {
      "type": "Feature",
      "properties": {
        "source": "viirs_noaa20",
        "satellite": "N20",
        "acq_at": "2026-09-28 11:34:00",
        "frp": "1.8",
        "confidence": "low"
      },
      "geometry": {
        "type": "Point",
        "coordinates": [
          9.76268,
          37.06698
        ]
      }
    },
    {
      "type": "Feature",
      "properties": {
        "source": "viirs_noaa20",
        "satellite": "N20",
        "acq_at": "2026-09-28 11:34:00",
        "frp": "10.79",
        "confidence": "nominal"
      },
      "geometry": {
        "type": "Point",
        "coordinates": [
          9.88278,
          37.10598
        ]
      }
    },
    {
      "type": "Feature",
      "properties": {
        "source": "viirs_noaa20",
        "satellite": "N20",
        "acq_at": "2026-09-28 11:34:00",
        "frp": "1.57",
        "confidence": "low"
      },
      "geometry": {
        "type": "Point",
        "coordinates": [
          9.76047,
          37.07241
        ]
      }
    },
    {
      "type": "Feature",
      "properties": {
        "source": "viirs_noaa20",
        "satellite": "N20",
        "acq_at": "2026-09-28 11:34:00",
        "frp": "8.54",
        "confidence": "nominal"
      },
      "geometry": {
        "type": "Point",
        "coordinates": [
          13.06723,
          37.92996
        ]
      }
    },
    {
      "type": "Feature",
      "properties": {
        "source": "viirs_noaa20",
        "satellite": "N20",
        "acq_at": "2026-09-28 11:34:00",
        "frp": "10.79",
        "confidence": "nominal"
      },
      "geometry": {
        "type": "Point",
        "coordinates": [
          9.88055,
          37.11136
        ]
      }
    },
    {
      "type": "Feature",
      "properties": {
        "source": "viirs_noaa20",
        "satellite": "N20",
        "acq_at": "2026-09-28 11:34:00",
        "frp": "3.73",
        "confidence": "nominal"
      },
      "geometry": {
        "type": "Point",
        "coordinates": [
          9.67721,
          37.05552
        ]
      }
    },
    {
      "type": "Feature",
      "properties": {
        "source": "viirs_noaa20",
        "satellite": "N20",
        "acq_at": "2026-09-28 11:34:00",
        "frp": "4.93",
        "confidence": "nominal"
      },
      "geometry": {
        "type": "Point",
        "coordinates": [
          13.06531,
          37.93442
        ]
      }
    },
    {
      "type": "Feature",
      "properties": {
        "source": "viirs_noaa20",
        "satellite": "N20",
        "acq_at": "2026-09-28 11:34:00",
        "frp": "4.77",
        "confidence": "nominal"
      },
      "geometry": {
        "type": "Point",
        "coordinates": [
          9.48179,
          37.01982
        ]
      }
    },
    {
      "type": "Feature",
      "properties": {
        "source": "viirs_noaa20",
        "satellite": "N20",
        "acq_at": "2026-09-28 11:34:00",
        "frp": "3.47",
        "confidence": "nominal"
      },
      "geometry": {
        "type": "Point",
        "coordinates": [
          9.47727,
          37.01856
        ]
      }
    },
    {
      "type": "Feature",
      "properties": {
        "source": "viirs_noaa20",
        "satellite": "N20",
        "acq_at": "2026-09-28 11:34:00",
        "frp": "2.12",
        "confidence": "low"
      },
      "geometry": {
        "type": "Point",
        "coordinates": [
          17.10806,
          38.94793
        ]
      }
    },
    {
      "type": "Feature",
      "properties": {
        "source": "viirs_noaa20",
        "satellite": "N20",
        "acq_at": "2026-09-28 11:34:00",
        "frp": "1.76",
        "confidence": "low"
      },
      "geometry": {
        "type": "Point",
        "coordinates": [
          9.70352,
          37.21157
        ]
      }
    },
    {
      "type": "Feature",
      "properties": {
        "source": "viirs_noaa20",
        "satellite": "N20",
        "acq_at": "2026-09-28 11:34:00",
        "frp": "1.24",
        "confidence": "nominal"
      },
      "geometry": {
        "type": "Point",
        "coordinates": [
          17.16752,
          39.00221
        ]
      }
    },
    {
      "type": "Feature",
      "properties": {
        "source": "viirs_noaa20",
        "satellite": "N20",
        "acq_at": "2026-09-28 11:34:00",
        "frp": "3.1",
        "confidence": "nominal"
      },
      "geometry": {
        "type": "Point",
        "coordinates": [
          17.16644,
          39.00586
        ]
      }
    },
    {
      "type": "Feature",
      "properties": {
        "source": "viirs_noaa20",
        "satellite": "N20",
        "acq_at": "2026-09-28 11:34:00",
        "frp": "4.92",
        "confidence": "nominal"
      },
      "geometry": {
        "type": "Point",
        "coordinates": [
          17.12133,
          39.00092
        ]
      }
    },
    {
      "type": "Feature",
      "properties": {
        "source": "viirs_noaa20",
        "satellite": "N20",
        "acq_at": "2026-09-28 11:34:00",
        "frp": "28.85",
        "confidence": "high"
      },
      "geometry": {
        "type": "Point",
        "coordinates": [
          9.57848,
          37.25928
        ]
      }
    },
    {
      "type": "Feature",
      "properties": {
        "source": "viirs_noaa20",
        "satellite": "N20",
        "acq_at": "2026-09-28 11:34:00",
        "frp": "10.84",
        "confidence": "nominal"
      },
      "geometry": {
        "type": "Point",
        "coordinates": [
          17.02928,
          39.0932
        ]
      }
    },
    {
      "type": "Feature",
      "properties": {
        "source": "viirs_noaa20",
        "satellite": "N20",
        "acq_at": "2026-09-28 11:34:00",
        "frp": "8.32",
        "confidence": "nominal"
      },
      "geometry": {
        "type": "Point",
        "coordinates": [
          17.02244,
          39.09575
        ]
      }
    },
    {
      "type": "Feature",
      "properties": {
        "source": "viirs_noaa20",
        "satellite": "N20",
        "acq_at": "2026-09-28 11:34:00",
        "frp": "5.52",
        "confidence": "nominal"
      },
      "geometry": {
        "type": "Point",
        "coordinates": [
          6.63831,
          36.60092
        ]
      }
    },
    {
      "type": "Feature",
      "properties": {
        "source": "viirs_noaa20",
        "satellite": "N20",
        "acq_at": "2026-09-28 11:34:00",
        "frp": "7.62",
        "confidence": "nominal"
      },
      "geometry": {
        "type": "Point",
        "coordinates": [
          6.63898,
          36.59942
        ]
      }
    },
    {
      "type": "Feature",
      "properties": {
        "source": "viirs_noaa20",
        "satellite": "N20",
        "acq_at": "2026-09-28 11:34:00",
        "frp": "2.97",
        "confidence": "nominal"
      },
      "geometry": {
        "type": "Point",
        "coordinates": [
          18.38295,
          39.87858
        ]
      }
    },
    {
      "type": "Feature",
      "properties": {
        "source": "viirs_noaa20",
        "satellite": "N20",
        "acq_at": "2026-09-28 11:34:00",
        "frp": "2.82",
        "confidence": "nominal"
      },
      "geometry": {
        "type": "Point",
        "coordinates": [
          18.04942,
          40.00817
        ]
      }
    },
    {
      "type": "Feature",
      "properties": {
        "source": "viirs_noaa20",
        "satellite": "N20",
        "acq_at": "2026-09-28 11:34:00",
        "frp": "7.66",
        "confidence": "nominal"
      },
      "geometry": {
        "type": "Point",
        "coordinates": [
          15.81958,
          39.74353
        ]
      }
    },
    {
      "type": "Feature",
      "properties": {
        "source": "viirs_noaa20",
        "satellite": "N20",
        "acq_at": "2026-09-28 11:34:00",
        "frp": "12.88",
        "confidence": "nominal"
      },
      "geometry": {
        "type": "Point",
        "coordinates": [
          15.81845,
          39.74449
        ]
      }
    },
    {
      "type": "Feature",
      "properties": {
        "source": "viirs_noaa20",
        "satellite": "N20",
        "acq_at": "2026-09-28 11:34:00",
        "frp": "2.19",
        "confidence": "nominal"
      },
      "geometry": {
        "type": "Point",
        "coordinates": [
          17.97603,
          40.38737
        ]
      }
    },
    {
      "type": "Feature",
      "properties": {
        "source": "viirs_noaa20",
        "satellite": "N20",
        "acq_at": "2026-09-28 11:34:00",
        "frp": "1.91",
        "confidence": "nominal"
      },
      "geometry": {
        "type": "Point",
        "coordinates": [
          18.01348,
          40.44609
        ]
      }
    },
    {
      "type": "Feature",
      "properties": {
        "source": "viirs_noaa20",
        "satellite": "N20",
        "acq_at": "2026-09-28 11:34:00",
        "frp": "2.18",
        "confidence": "nominal"
      },
      "geometry": {
        "type": "Point",
        "coordinates": [
          18.08271,
          40.51352
        ]
      }
    },
    {
      "type": "Feature",
      "properties": {
        "source": "viirs_noaa20",
        "satellite": "N20",
        "acq_at": "2026-09-28 11:34:00",
        "frp": "3.51",
        "confidence": "nominal"
      },
      "geometry": {
        "type": "Point",
        "coordinates": [
          16.62497,
          40.24499
        ]
      }
    },
    {
      "type": "Feature",
      "properties": {
        "source": "viirs_noaa20",
        "satellite": "N20",
        "acq_at": "2026-09-28 11:34:00",
        "frp": "2.61",
        "confidence": "nominal"
      },
      "geometry": {
        "type": "Point",
        "coordinates": [
          16.6225,
          40.24643
        ]
      }
    },
    {
      "type": "Feature",
      "properties": {
        "source": "viirs_noaa20",
        "satellite": "N20",
        "acq_at": "2026-09-28 11:34:00",
        "frp": "11.1",
        "confidence": "nominal"
      },
      "geometry": {
        "type": "Point",
        "coordinates": [
          16.84999,
          40.38773
        ]
      }
    },
    {
      "type": "Feature",
      "properties": {
        "source": "viirs_noaa20",
        "satellite": "N20",
        "acq_at": "2026-09-28 11:34:00",
        "frp": "3.46",
        "confidence": "nominal"
      },
      "geometry": {
        "type": "Point",
        "coordinates": [
          16.43199,
          40.30573
        ]
      }
    },
    {
      "type": "Feature",
      "properties": {
        "source": "viirs_noaa20",
        "satellite": "N20",
        "acq_at": "2026-09-28 11:36:00",
        "frp": "3.61",
        "confidence": "low"
      },
      "geometry": {
        "type": "Point",
        "coordinates": [
          16.46734,
          40.85809
        ]
      }
    },
    {
      "type": "Feature",
      "properties": {
        "source": "viirs_noaa20",
        "satellite": "N20",
        "acq_at": "2026-09-28 11:36:00",
        "frp": "8.22",
        "confidence": "nominal"
      },
      "geometry": {
        "type": "Point",
        "coordinates": [
          16.21853,
          40.86089
        ]
      }
    },
    {
      "type": "Feature",
      "properties": {
        "source": "viirs_noaa20",
        "satellite": "N20",
        "acq_at": "2026-09-28 11:36:00",
        "frp": "6.43",
        "confidence": "nominal"
      },
      "geometry": {
        "type": "Point",
        "coordinates": [
          15.65734,
          40.90129
        ]
      }
    },
    {
      "type": "Feature",
      "properties": {
        "source": "viirs_noaa20",
        "satellite": "N20",
        "acq_at": "2026-09-28 11:36:00",
        "frp": "4.35",
        "confidence": "nominal"
      },
      "geometry": {
        "type": "Point",
        "coordinates": [
          15.89247,
          40.98082
        ]
      }
    },
    {
      "type": "Feature",
      "properties": {
        "source": "viirs_noaa20",
        "satellite": "N20",
        "acq_at": "2026-09-28 11:36:00",
        "frp": "3.73",
        "confidence": "nominal"
      },
      "geometry": {
        "type": "Point",
        "coordinates": [
          15.89093,
          40.9805
        ]
      }
    },
    {
      "type": "Feature",
      "properties": {
        "source": "viirs_noaa20",
        "satellite": "N20",
        "acq_at": "2026-09-28 11:36:00",
        "frp": "4.39",
        "confidence": "nominal"
      },
      "geometry": {
        "type": "Point",
        "coordinates": [
          15.90945,
          41.07124
        ]
      }
    },
    {
      "type": "Feature",
      "properties": {
        "source": "viirs_noaa20",
        "satellite": "N20",
        "acq_at": "2026-09-28 11:36:00",
        "frp": "4.91",
        "confidence": "nominal"
      },
      "geometry": {
        "type": "Point",
        "coordinates": [
          15.55377,
          41.08187
        ]
      }
    },
    {
      "type": "Feature",
      "properties": {
        "source": "viirs_noaa20",
        "satellite": "N20",
        "acq_at": "2026-09-28 11:36:00",
        "frp": "18.5",
        "confidence": "nominal"
      },
      "geometry": {
        "type": "Point",
        "coordinates": [
          15.77269,
          41.14265
        ]
      }
    },
    {
      "type": "Feature",
      "properties": {
        "source": "viirs_noaa20",
        "satellite": "N20",
        "acq_at": "2026-09-28 11:36:00",
        "frp": "4.79",
        "confidence": "nominal"
      },
      "geometry": {
        "type": "Point",
        "coordinates": [
          15.77135,
          41.14635
        ]
      }
    },
    {
      "type": "Feature",
      "properties": {
        "source": "viirs_noaa20",
        "satellite": "N20",
        "acq_at": "2026-09-28 11:36:00",
        "frp": "2.12",
        "confidence": "nominal"
      },
      "geometry": {
        "type": "Point",
        "coordinates": [
          15.86284,
          41.22435
        ]
      }
    },
    {
      "type": "Feature",
      "properties": {
        "source": "viirs_noaa20",
        "satellite": "N20",
        "acq_at": "2026-09-28 11:36:00",
        "frp": "2.64",
        "confidence": "nominal"
      },
      "geometry": {
        "type": "Point",
        "coordinates": [
          14.61745,
          41.04802
        ]
      }
    },
    {
      "type": "Feature",
      "properties": {
        "source": "viirs_noaa20",
        "satellite": "N20",
        "acq_at": "2026-09-28 11:36:00",
        "frp": "3.53",
        "confidence": "nominal"
      },
      "geometry": {
        "type": "Point",
        "coordinates": [
          15.33906,
          41.40666
        ]
      }
    },
    {
      "type": "Feature",
      "properties": {
        "source": "viirs_noaa20",
        "satellite": "N20",
        "acq_at": "2026-09-28 11:36:00",
        "frp": "2.42",
        "confidence": "low"
      },
      "geometry": {
        "type": "Point",
        "coordinates": [
          15.50143,
          41.72117
        ]
      }
    },
    {
      "type": "Feature",
      "properties": {
        "source": "viirs_noaa20",
        "satellite": "N20",
        "acq_at": "2026-09-28 11:36:00",
        "frp": "3.93",
        "confidence": "nominal"
      },
      "geometry": {
        "type": "Point",
        "coordinates": [
          16.55486,
          43.58479
        ]
      }
    },
    {
      "type": "Feature",
      "properties": {
        "source": "viirs_noaa20",
        "satellite": "N20",
        "acq_at": "2026-09-28 11:36:00",
        "frp": "8.65",
        "confidence": "nominal"
      },
      "geometry": {
        "type": "Point",
        "coordinates": [
          16.54962,
          43.58379
        ]
      }
    },
    {
      "type": "Feature",
      "properties": {
        "source": "viirs_noaa20",
        "satellite": "N20",
        "acq_at": "2026-09-28 11:36:00",
        "frp": "1.77",
        "confidence": "nominal"
      },
      "geometry": {
        "type": "Point",
        "coordinates": [
          13.46511,
          43.34771
        ]
      }
    },
    {
      "type": "Feature",
      "properties": {
        "source": "viirs_noaa20",
        "satellite": "N20",
        "acq_at": "2026-09-28 11:36:00",
        "frp": "3.54",
        "confidence": "nominal"
      },
      "geometry": {
        "type": "Point",
        "coordinates": [
          18.08243,
          44.86451
        ]
      }
    },
    {
      "type": "Feature",
      "properties": {
        "source": "viirs_noaa20",
        "satellite": "N20",
        "acq_at": "2026-09-28 11:36:00",
        "frp": "1.66",
        "confidence": "nominal"
      },
      "geometry": {
        "type": "Point",
        "coordinates": [
          17.87134,
          44.8702
        ]
      }
    },
    {
      "type": "Feature",
      "properties": {
        "source": "viirs_noaa20",
        "satellite": "N20",
        "acq_at": "2026-09-28 11:36:00",
        "frp": "1.19",
        "confidence": "nominal"
      },
      "geometry": {
        "type": "Point",
        "coordinates": [
          17.9016,
          44.88939
        ]
      }
    },
    {
      "type": "Feature",
      "properties": {
        "source": "viirs_noaa20",
        "satellite": "N20",
        "acq_at": "2026-09-28 11:36:00",
        "frp": "1.59",
        "confidence": "nominal"
      },
      "geometry": {
        "type": "Point",
        "coordinates": [
          18.04658,
          44.94744
        ]
      }
    },
    {
      "type": "Feature",
      "properties": {
        "source": "viirs_noaa20",
        "satellite": "N20",
        "acq_at": "2026-09-28 11:36:00",
        "frp": "2.41",
        "confidence": "nominal"
      },
      "geometry": {
        "type": "Point",
        "coordinates": [
          17.1865,
          44.84968
        ]
      }
    },
    {
      "type": "Feature",
      "properties": {
        "source": "viirs_noaa20",
        "satellite": "N20",
        "acq_at": "2026-09-28 11:36:00",
        "frp": "2.2",
        "confidence": "nominal"
      },
      "geometry": {
        "type": "Point",
        "coordinates": [
          17.77856,
          44.97825
        ]
      }
    },
    {
      "type": "Feature",
      "properties": {
        "source": "viirs_noaa20",
        "satellite": "N20",
        "acq_at": "2026-09-28 11:36:00",
        "frp": "3.33",
        "confidence": "nominal"
      },
      "geometry": {
        "type": "Point",
        "coordinates": [
          18.44095,
          45.15538
        ]
      }
    },
    {
      "type": "Feature",
      "properties": {
        "source": "viirs_noaa20",
        "satellite": "N20",
        "acq_at": "2026-09-28 11:36:00",
        "frp": "1.81",
        "confidence": "nominal"
      },
      "geometry": {
        "type": "Point",
        "coordinates": [
          17.33682,
          44.9691
        ]
      }
    },
    {
      "type": "Feature",
      "properties": {
        "source": "viirs_noaa20",
        "satellite": "N20",
        "acq_at": "2026-09-28 11:36:00",
        "frp": "1.06",
        "confidence": "nominal"
      },
      "geometry": {
        "type": "Point",
        "coordinates": [
          17.24883,
          45.12807
        ]
      }
    },
    {
      "type": "Feature",
      "properties": {
        "source": "viirs_noaa20",
        "satellite": "N20",
        "acq_at": "2026-09-28 11:36:00",
        "frp": "3.35",
        "confidence": "nominal"
      },
      "geometry": {
        "type": "Point",
        "coordinates": [
          18.69933,
          45.40047
        ]
      }
    },
    {
      "type": "Feature",
      "properties": {
        "source": "viirs_noaa20",
        "satellite": "N20",
        "acq_at": "2026-09-28 11:38:00",
        "frp": "1.92",
        "confidence": "low"
      },
      "geometry": {
        "type": "Point",
        "coordinates": [
          16.59244,
          47.19115
        ]
      }
    },
    {
      "type": "Feature",
      "properties": {
        "source": "viirs_noaa20",
        "satellite": "N20",
        "acq_at": "2026-09-28 13:14:00",
        "frp": "4.03",
        "confidence": "nominal"
      },
      "geometry": {
        "type": "Point",
        "coordinates": [
          8.05019,
          36.24596
        ]
      }
    },
    {
      "type": "Feature",
      "properties": {
        "source": "viirs_noaa20",
        "satellite": "N20",
        "acq_at": "2026-09-28 13:14:00",
        "frp": "11.01",
        "confidence": "nominal"
      },
      "geometry": {
        "type": "Point",
        "coordinates": [
          8.64793,
          36.33839
        ]
      }
    },
    {
      "type": "Feature",
      "properties": {
        "source": "viirs_noaa20",
        "satellite": "N20",
        "acq_at": "2026-09-28 13:14:00",
        "frp": "11.01",
        "confidence": "nominal"
      },
      "geometry": {
        "type": "Point",
        "coordinates": [
          8.64387,
          36.33812
        ]
      }
    },
    {
      "type": "Feature",
      "properties": {
        "source": "viirs_noaa20",
        "satellite": "N20",
        "acq_at": "2026-09-28 13:14:00",
        "frp": "4.32",
        "confidence": "high"
      },
      "geometry": {
        "type": "Point",
        "coordinates": [
          8.64411,
          36.33569
        ]
      }
    },
    {
      "type": "Feature",
      "properties": {
        "source": "viirs_noaa20",
        "satellite": "N20",
        "acq_at": "2026-09-28 13:14:00",
        "frp": "16.68",
        "confidence": "nominal"
      },
      "geometry": {
        "type": "Point",
        "coordinates": [
          8.64355,
          36.34104
        ]
      }
    },
    {
      "type": "Feature",
      "properties": {
        "source": "viirs_noaa20",
        "satellite": "N20",
        "acq_at": "2026-09-28 13:14:00",
        "frp": "4.19",
        "confidence": "nominal"
      },
      "geometry": {
        "type": "Point",
        "coordinates": [
          9.09361,
          36.41091
        ]
      }
    },
    {
      "type": "Feature",
      "properties": {
        "source": "viirs_noaa20",
        "satellite": "N20",
        "acq_at": "2026-09-28 13:14:00",
        "frp": "16.54",
        "confidence": "nominal"
      },
      "geometry": {
        "type": "Point",
        "coordinates": [
          7.25855,
          36.29125
        ]
      }
    },
    {
      "type": "Feature",
      "properties": {
        "source": "viirs_noaa20",
        "satellite": "N20",
        "acq_at": "2026-09-28 13:14:00",
        "frp": "3.8",
        "confidence": "nominal"
      },
      "geometry": {
        "type": "Point",
        "coordinates": [
          7.03854,
          36.27994
        ]
      }
    },
    {
      "type": "Feature",
      "properties": {
        "source": "viirs_noaa20",
        "satellite": "N20",
        "acq_at": "2026-09-28 13:14:00",
        "frp": "3.93",
        "confidence": "nominal"
      },
      "geometry": {
        "type": "Point",
        "coordinates": [
          8.66872,
          36.45341
        ]
      }
    },
    {
      "type": "Feature",
      "properties": {
        "source": "viirs_noaa20",
        "satellite": "N20",
        "acq_at": "2026-09-28 13:14:00",
        "frp": "2.36",
        "confidence": "nominal"
      },
      "geometry": {
        "type": "Point",
        "coordinates": [
          9.26856,
          36.52615
        ]
      }
    },
    {
      "type": "Feature",
      "properties": {
        "source": "viirs_noaa20",
        "satellite": "N20",
        "acq_at": "2026-09-28 13:14:00",
        "frp": "11.65",
        "confidence": "nominal"
      },
      "geometry": {
        "type": "Point",
        "coordinates": [
          9.23205,
          36.52411
        ]
      }
    },
    {
      "type": "Feature",
      "properties": {
        "source": "viirs_noaa20",
        "satellite": "N20",
        "acq_at": "2026-09-28 13:14:00",
        "frp": "11.65",
        "confidence": "high"
      },
      "geometry": {
        "type": "Point",
        "coordinates": [
          9.23118,
          36.52963
        ]
      }
    },
    {
      "type": "Feature",
      "properties": {
        "source": "viirs_noaa20",
        "satellite": "N20",
        "acq_at": "2026-09-28 13:14:00",
        "frp": "14.32",
        "confidence": "nominal"
      },
      "geometry": {
        "type": "Point",
        "coordinates": [
          9.22632,
          36.52936
        ]
      }
    },
    {
      "type": "Feature",
      "properties": {
        "source": "viirs_noaa20",
        "satellite": "N20",
        "acq_at": "2026-09-28 13:14:00",
        "frp": "1.93",
        "confidence": "low"
      },
      "geometry": {
        "type": "Point",
        "coordinates": [
          8.84312,
          36.56869
        ]
      }
    },
    {
      "type": "Feature",
      "properties": {
        "source": "viirs_noaa20",
        "satellite": "N20",
        "acq_at": "2026-09-28 13:14:00",
        "frp": "2.58",
        "confidence": "nominal"
      },
      "geometry": {
        "type": "Point",
        "coordinates": [
          8.84267,
          36.57412
        ]
      }
    },
    {
      "type": "Feature",
      "properties": {
        "source": "viirs_noaa20",
        "satellite": "N20",
        "acq_at": "2026-09-28 13:14:00",
        "frp": "4.03",
        "confidence": "low"
      },
      "geometry": {
        "type": "Point",
        "coordinates": [
          9.24085,
          36.60735
        ]
      }
    },
    {
      "type": "Feature",
      "properties": {
        "source": "viirs_noaa20",
        "satellite": "N20",
        "acq_at": "2026-09-28 13:16:00",
        "frp": "7.61",
        "confidence": "low"
      },
      "geometry": {
        "type": "Point",
        "coordinates": [
          6.23057,
          36.50728
        ]
      }
    },
    {
      "type": "Feature",
      "properties": {
        "source": "viirs_noaa20",
        "satellite": "N20",
        "acq_at": "2026-09-28 13:16:00",
        "frp": "3.85",
        "confidence": "nominal"
      },
      "geometry": {
        "type": "Point",
        "coordinates": [
          9.44757,
          36.76877
        ]
      }
    },
    {
      "type": "Feature",
      "properties": {
        "source": "viirs_noaa20",
        "satellite": "N20",
        "acq_at": "2026-09-28 13:16:00",
        "frp": "2.19",
        "confidence": "nominal"
      },
      "geometry": {
        "type": "Point",
        "coordinates": [
          9.39479,
          36.83141
        ]
      }
    },
    {
      "type": "Feature",
      "properties": {
        "source": "viirs_noaa20",
        "satellite": "N20",
        "acq_at": "2026-09-28 13:16:00",
        "frp": "1",
        "confidence": "nominal"
      },
      "geometry": {
        "type": "Point",
        "coordinates": [
          9.22655,
          36.83362
        ]
      }
    },
    {
      "type": "Feature",
      "properties": {
        "source": "viirs_noaa20",
        "satellite": "N20",
        "acq_at": "2026-09-28 13:16:00",
        "frp": "4.8",
        "confidence": "low"
      },
      "geometry": {
        "type": "Point",
        "coordinates": [
          9.42134,
          36.87233
        ]
      }
    },
    {
      "type": "Feature",
      "properties": {
        "source": "viirs_noaa20",
        "satellite": "N20",
        "acq_at": "2026-09-28 13:16:00",
        "frp": "2.05",
        "confidence": "nominal"
      },
      "geometry": {
        "type": "Point",
        "coordinates": [
          7.7189,
          36.76751
        ]
      }
    },
    {
      "type": "Feature",
      "properties": {
        "source": "viirs_noaa20",
        "satellite": "N20",
        "acq_at": "2026-09-28 13:16:00",
        "frp": "4.11",
        "confidence": "nominal"
      },
      "geometry": {
        "type": "Point",
        "coordinates": [
          9.50646,
          36.9053
        ]
      }
    },
    {
      "type": "Feature",
      "properties": {
        "source": "viirs_noaa20",
        "satellite": "N20",
        "acq_at": "2026-09-28 13:16:00",
        "frp": "2.89",
        "confidence": "nominal"
      },
      "geometry": {
        "type": "Point",
        "coordinates": [
          9.50935,
          36.90847
        ]
      }
    },
    {
      "type": "Feature",
      "properties": {
        "source": "viirs_noaa20",
        "satellite": "N20",
        "acq_at": "2026-09-28 13:16:00",
        "frp": "2.89",
        "confidence": "nominal"
      },
      "geometry": {
        "type": "Point",
        "coordinates": [
          9.50389,
          36.9082
        ]
      }
    },
    {
      "type": "Feature",
      "properties": {
        "source": "viirs_noaa20",
        "satellite": "N20",
        "acq_at": "2026-09-28 13:16:00",
        "frp": "2.49",
        "confidence": "nominal"
      },
      "geometry": {
        "type": "Point",
        "coordinates": [
          9.62565,
          36.93129
        ]
      }
    },
    {
      "type": "Feature",
      "properties": {
        "source": "viirs_noaa20",
        "satellite": "N20",
        "acq_at": "2026-09-28 13:16:00",
        "frp": "12.97",
        "confidence": "nominal"
      },
      "geometry": {
        "type": "Point",
        "coordinates": [
          14.13248,
          37.15393
        ]
      }
    },
    {
      "type": "Feature",
      "properties": {
        "source": "viirs_noaa20",
        "satellite": "N20",
        "acq_at": "2026-09-28 13:16:00",
        "frp": "6.7",
        "confidence": "nominal"
      },
      "geometry": {
        "type": "Point",
        "coordinates": [
          14.27234,
          37.1704
        ]
      }
    },
    {
      "type": "Feature",
      "properties": {
        "source": "viirs_noaa20",
        "satellite": "N20",
        "acq_at": "2026-09-28 13:16:00",
        "frp": "10.78",
        "confidence": "nominal"
      },
      "geometry": {
        "type": "Point",
        "coordinates": [
          14.13186,
          37.15681
        ]
      }
    },
    {
      "type": "Feature",
      "properties": {
        "source": "viirs_noaa20",
        "satellite": "N20",
        "acq_at": "2026-09-28 13:16:00",
        "frp": "4.56",
        "confidence": "nominal"
      },
      "geometry": {
        "type": "Point",
        "coordinates": [
          14.27198,
          37.17257
        ]
      }
    },
    {
      "type": "Feature",
      "properties": {
        "source": "viirs_noaa20",
        "satellite": "N20",
        "acq_at": "2026-09-28 13:16:00",
        "frp": "3.17",
        "confidence": "nominal"
      },
      "geometry": {
        "type": "Point",
        "coordinates": [
          9.5295,
          37.0371
        ]
      }
    },
    {
      "type": "Feature",
      "properties": {
        "source": "viirs_noaa20",
        "satellite": "N20",
        "acq_at": "2026-09-28 13:16:00",
        "frp": "4.4",
        "confidence": "nominal"
      },
      "geometry": {
        "type": "Point",
        "coordinates": [
          9.72893,
          37.05841
        ]
      }
    },
    {
      "type": "Feature",
      "properties": {
        "source": "viirs_noaa20",
        "satellite": "N20",
        "acq_at": "2026-09-28 13:16:00",
        "frp": "47.39",
        "confidence": "nominal"
      },
      "geometry": {
        "type": "Point",
        "coordinates": [
          9.43753,
          37.09473
        ]
      }
    },
    {
      "type": "Feature",
      "properties": {
        "source": "viirs_noaa20",
        "satellite": "N20",
        "acq_at": "2026-09-28 13:16:00",
        "frp": "46.39",
        "confidence": "nominal"
      },
      "geometry": {
        "type": "Point",
        "coordinates": [
          9.43243,
          37.09445
        ]
      }
    },
    {
      "type": "Feature",
      "properties": {
        "source": "viirs_noaa20",
        "satellite": "N20",
        "acq_at": "2026-09-28 13:16:00",
        "frp": "47.39",
        "confidence": "nominal"
      },
      "geometry": {
        "type": "Point",
        "coordinates": [
          9.43652,
          37.10033
        ]
      }
    },
    {
      "type": "Feature",
      "properties": {
        "source": "viirs_noaa20",
        "satellite": "N20",
        "acq_at": "2026-09-28 13:16:00",
        "frp": "47.86",
        "confidence": "high"
      },
      "geometry": {
        "type": "Point",
        "coordinates": [
          9.43964,
          37.09804
        ]
      }
    },
    {
      "type": "Feature",
      "properties": {
        "source": "viirs_noaa20",
        "satellite": "N20",
        "acq_at": "2026-09-28 13:16:00",
        "frp": "94.09",
        "confidence": "low"
      },
      "geometry": {
        "type": "Point",
        "coordinates": [
          9.43455,
          37.0978
        ]
      }
    },
    {
      "type": "Feature",
      "properties": {
        "source": "viirs_noaa20",
        "satellite": "N20",
        "acq_at": "2026-09-28 13:16:00",
        "frp": "13.03",
        "confidence": "nominal"
      },
      "geometry": {
        "type": "Point",
        "coordinates": [
          13.76637,
          37.49065
        ]
      }
    },
    {
      "type": "Feature",
      "properties": {
        "source": "viirs_noaa20",
        "satellite": "N20",
        "acq_at": "2026-09-28 13:16:00",
        "frp": "4.45",
        "confidence": "nominal"
      },
      "geometry": {
        "type": "Point",
        "coordinates": [
          14.034,
          41.13596
        ]
      }
    },
    {
      "type": "Feature",
      "properties": {
        "source": "viirs_noaa20",
        "satellite": "N20",
        "acq_at": "2026-09-28 13:18:00",
        "frp": "2.07",
        "confidence": "nominal"
      },
      "geometry": {
        "type": "Point",
        "coordinates": [
          9.24038,
          45.57868
        ]
      }
    },
    {
      "type": "Feature",
      "properties": {
        "source": "viirs_noaa20",
        "satellite": "N20",
        "acq_at": "2026-09-28 13:18:00",
        "frp": "1.88",
        "confidence": "nominal"
      },
      "geometry": {
        "type": "Point",
        "coordinates": [
          9.20966,
          45.58379
        ]
      }
    },
    {
      "type": "Feature",
      "properties": {
        "source": "viirs_noaa20",
        "satellite": "N20",
        "acq_at": "2026-09-28 13:18:00",
        "frp": "2.36",
        "confidence": "nominal"
      },
      "geometry": {
        "type": "Point",
        "coordinates": [
          9.20716,
          45.58125
        ]
      }
    },
    {
      "type": "Feature",
      "properties": {
        "source": "viirs_noaa20",
        "satellite": "N20",
        "acq_at": "2026-09-28 23:54:00",
        "frp": "2.75",
        "confidence": "nominal"
      },
      "geometry": {
        "type": "Point",
        "coordinates": [
          17.0277,
          39.09602
        ]
      }
    },
    {
      "type": "Feature",
      "properties": {
        "source": "viirs_noaa20",
        "satellite": "N20",
        "acq_at": "2026-09-28 23:54:00",
        "frp": "1.85",
        "confidence": "nominal"
      },
      "geometry": {
        "type": "Point",
        "coordinates": [
          17.03365,
          39.09584
        ]
      }
    },
    {
      "type": "Feature",
      "properties": {
        "source": "viirs_noaa20",
        "satellite": "N20",
        "acq_at": "2026-09-28 23:54:00",
        "frp": "1.31",
        "confidence": "nominal"
      },
      "geometry": {
        "type": "Point",
        "coordinates": [
          17.03078,
          39.09174
        ]
      }
    },
    {
      "type": "Feature",
      "properties": {
        "source": "viirs_noaa20",
        "satellite": "N20",
        "acq_at": "2026-09-28 23:52:00",
        "frp": "0.91",
        "confidence": "nominal"
      },
      "geometry": {
        "type": "Point",
        "coordinates": [
          18.88837,
          47.28494
        ]
      }
    },
    {
      "type": "Feature",
      "properties": {
        "source": "viirs_noaa20",
        "satellite": "N20",
        "acq_at": "2026-09-28 23:52:00",
        "frp": "1.06",
        "confidence": "nominal"
      },
      "geometry": {
        "type": "Point",
        "coordinates": [
          18.88789,
          47.27896
        ]
      }
    },
    {
      "type": "Feature",
      "properties": {
        "source": "viirs_noaa20",
        "satellite": "N20",
        "acq_at": "2026-09-28 23:52:00",
        "frp": "1.42",
        "confidence": "nominal"
      },
      "geometry": {
        "type": "Point",
        "coordinates": [
          17.68211,
          43.24975
        ]
      }
    },
    {
      "type": "Feature",
      "properties": {
        "source": "viirs_noaa20",
        "satellite": "N20",
        "acq_at": "2026-09-28 23:52:00",
        "frp": "0.89",
        "confidence": "nominal"
      },
      "geometry": {
        "type": "Point",
        "coordinates": [
          18.92505,
          42.76293
        ]
      }
    },
    {
      "type": "Feature",
      "properties": {
        "source": "viirs_noaa20",
        "satellite": "N20",
        "acq_at": "2026-09-28 23:52:00",
        "frp": "0.67",
        "confidence": "nominal"
      },
      "geometry": {
        "type": "Point",
        "coordinates": [
          18.92501,
          42.76331
        ]
      }
    },
    {
      "type": "Feature",
      "properties": {
        "source": "viirs_noaa20",
        "satellite": "N20",
        "acq_at": "2026-09-28 23:52:00",
        "frp": "0.67",
        "confidence": "nominal"
      },
      "geometry": {
        "type": "Point",
        "coordinates": [
          18.93063,
          42.76309
        ]
      }
    },
    {
      "type": "Feature",
      "properties": {
        "source": "viirs_noaa20",
        "satellite": "N20",
        "acq_at": "2026-09-28 23:54:00",
        "frp": "0.59",
        "confidence": "nominal"
      },
      "geometry": {
        "type": "Point",
        "coordinates": [
          15.21337,
          41.47358
        ]
      }
    },
    {
      "type": "Feature",
      "properties": {
        "source": "viirs_noaa20",
        "satellite": "N20",
        "acq_at": "2026-09-29 01:32:00",
        "frp": "0.8",
        "confidence": "nominal"
      },
      "geometry": {
        "type": "Point",
        "coordinates": [
          11.79209,
          45.70201
        ]
      }
    },
    {
      "type": "Feature",
      "properties": {
        "source": "viirs_noaa20",
        "satellite": "N20",
        "acq_at": "2026-09-29 01:32:00",
        "frp": "0.8",
        "confidence": "nominal"
      },
      "geometry": {
        "type": "Point",
        "coordinates": [
          11.7974,
          45.70101
        ]
      }
    },
    {
      "type": "Feature",
      "properties": {
        "source": "viirs_noaa20",
        "satellite": "N20",
        "acq_at": "2026-09-29 01:34:00",
        "frp": "4.34",
        "confidence": "nominal"
      },
      "geometry": {
        "type": "Point",
        "coordinates": [
          6.21733,
          43.82806
        ]
      }
    },
    {
      "type": "Feature",
      "properties": {
        "source": "viirs_noaa20",
        "satellite": "N20",
        "acq_at": "2026-09-29 01:34:00",
        "frp": "0.33",
        "confidence": "nominal"
      },
      "geometry": {
        "type": "Point",
        "coordinates": [
          10.90076,
          42.77435
        ]
      }
    },
    {
      "type": "Feature",
      "properties": {
        "source": "viirs_noaa20",
        "satellite": "N20",
        "acq_at": "2026-09-29 01:34:00",
        "frp": "1.54",
        "confidence": "nominal"
      },
      "geometry": {
        "type": "Point",
        "coordinates": [
          15.22493,
          41.47101
        ]
      }
    },
    {
      "type": "Feature",
      "properties": {
        "source": "viirs_noaa20",
        "satellite": "N20",
        "acq_at": "2026-09-29 01:34:00",
        "frp": "0.71",
        "confidence": "nominal"
      },
      "geometry": {
        "type": "Point",
        "coordinates": [
          17.03555,
          39.09702
        ]
      }
    },
    {
      "type": "Feature",
      "properties": {
        "source": "viirs_noaa20",
        "satellite": "N20",
        "acq_at": "2026-09-29 01:34:00",
        "frp": "0.71",
        "confidence": "nominal"
      },
      "geometry": {
        "type": "Point",
        "coordinates": [
          17.03359,
          39.09219
        ]
      }
    },
    {
      "type": "Feature",
      "properties": {
        "source": "viirs_noaa20",
        "satellite": "N20",
        "acq_at": "2026-09-29 01:34:00",
        "frp": "1.36",
        "confidence": "nominal"
      },
      "geometry": {
        "type": "Point",
        "coordinates": [
          8.79882,
          40.2237
        ]
      }
    },
    {
      "type": "Feature",
      "properties": {
        "source": "viirs_noaa20",
        "satellite": "N20",
        "acq_at": "2026-09-29 01:34:00",
        "frp": "0.9",
        "confidence": "nominal"
      },
      "geometry": {
        "type": "Point",
        "coordinates": [
          8.81767,
          40.22034
        ]
      }
    },
    {
      "type": "Feature",
      "properties": {
        "source": "viirs_noaa20",
        "satellite": "N20",
        "acq_at": "2026-09-29 01:34:00",
        "frp": "0.58",
        "confidence": "nominal"
      },
      "geometry": {
        "type": "Point",
        "coordinates": [
          8.75862,
          39.66355
        ]
      }
    },
    {
      "type": "Feature",
      "properties": {
        "source": "viirs_noaa20",
        "satellite": "N20",
        "acq_at": "2026-09-29 01:34:00",
        "frp": "0.6",
        "confidence": "nominal"
      },
      "geometry": {
        "type": "Point",
        "coordinates": [
          13.6549,
          37.28287
        ]
      }
    },
    {
      "type": "Feature",
      "properties": {
        "source": "viirs_noaa20",
        "satellite": "N20",
        "acq_at": "2026-09-29 01:34:00",
        "frp": "0.69",
        "confidence": "nominal"
      },
      "geometry": {
        "type": "Point",
        "coordinates": [
          13.65262,
          37.28286
        ]
      }
    },
    {
      "type": "Feature",
      "properties": {
        "source": "viirs_noaa20",
        "satellite": "N20",
        "acq_at": "2026-09-29 01:37:00",
        "frp": "1.08",
        "confidence": "nominal"
      },
      "geometry": {
        "type": "Point",
        "coordinates": [
          10.94883,
          36.83416
        ]
      }
    },
    {
      "type": "Feature",
      "properties": {
        "source": "viirs_noaa20",
        "satellite": "N20",
        "acq_at": "2026-09-29 01:37:00",
        "frp": "1.03",
        "confidence": "nominal"
      },
      "geometry": {
        "type": "Point",
        "coordinates": [
          9.22248,
          36.85168
        ]
      }
    },
    {
      "type": "Feature",
      "properties": {
        "source": "viirs_noaa20",
        "satellite": "N20",
        "acq_at": "2026-09-29 01:37:00",
        "frp": "1.3",
        "confidence": "nominal"
      },
      "geometry": {
        "type": "Point",
        "coordinates": [
          6.96219,
          36.58012
        ]
      }
    },
    {
      "type": "Feature",
      "properties": {
        "source": "viirs_noaa20",
        "satellite": "N20",
        "acq_at": "2026-09-29 01:37:00",
        "frp": "0.86",
        "confidence": "nominal"
      },
      "geometry": {
        "type": "Point",
        "coordinates": [
          8.59418,
          35.85129
        ]
      }
    },
    {
      "type": "Feature",
      "properties": {
        "source": "modis",
        "satellite": "A",
        "acq_at": "2026-09-27 13:29:00",
        "frp": "24.53",
        "confidence": "70"
      },
      "geometry": {
        "type": "Point",
        "coordinates": [
          16.60109,
          43.77275
        ]
      }
    },
    {
      "type": "Feature",
      "properties": {
        "source": "modis",
        "satellite": "A",
        "acq_at": "2026-09-27 13:29:00",
        "frp": "16.81",
        "confidence": "63"
      },
      "geometry": {
        "type": "Point",
        "coordinates": [
          16.10682,
          46.22701
        ]
      }
    },
    {
      "type": "Feature",
      "properties": {
        "source": "modis",
        "satellite": "T",
        "acq_at": "2026-09-27 19:15:00",
        "frp": "28.49",
        "confidence": "95"
      },
      "geometry": {
        "type": "Point",
        "coordinates": [
          9.93696,
          36.17352
        ]
      }
    },
    {
      "type": "Feature",
      "properties": {
        "source": "modis",
        "satellite": "T",
        "acq_at": "2026-09-28 08:50:00",
        "frp": "10.68",
        "confidence": "52"
      },
      "geometry": {
        "type": "Point",
        "coordinates": [
          11.92436,
          45.90675
        ]
      }
    },
    {
      "type": "Feature",
      "properties": {
        "source": "modis",
        "satellite": "T",
        "acq_at": "2026-09-28 08:50:00",
        "frp": "7.24",
        "confidence": "51"
      },
      "geometry": {
        "type": "Point",
        "coordinates": [
          11.40385,
          45.71766
        ]
      }
    },
    {
      "type": "Feature",
      "properties": {
        "source": "modis",
        "satellite": "T",
        "acq_at": "2026-09-28 08:50:00",
        "frp": "11.33",
        "confidence": "67"
      },
      "geometry": {
        "type": "Point",
        "coordinates": [
          11.39656,
          45.7159
        ]
      }
    },
    {
      "type": "Feature",
      "properties": {
        "source": "modis",
        "satellite": "T",
        "acq_at": "2026-09-28 08:50:00",
        "frp": "8.27",
        "confidence": "59"
      },
      "geometry": {
        "type": "Point",
        "coordinates": [
          12.02255,
          45.50694
        ]
      }
    },
    {
      "type": "Feature",
      "properties": {
        "source": "modis",
        "satellite": "T",
        "acq_at": "2026-09-28 08:50:00",
        "frp": "7.99",
        "confidence": "58"
      },
      "geometry": {
        "type": "Point",
        "coordinates": [
          11.94035,
          45.39386
        ]
      }
    },
    {
      "type": "Feature",
      "properties": {
        "source": "modis",
        "satellite": "T",
        "acq_at": "2026-09-28 08:50:00",
        "frp": "15.43",
        "confidence": "69"
      },
      "geometry": {
        "type": "Point",
        "coordinates": [
          11.92645,
          45.26626
        ]
      }
    },
    {
      "type": "Feature",
      "properties": {
        "source": "modis",
        "satellite": "T",
        "acq_at": "2026-09-28 08:50:00",
        "frp": "7.18",
        "confidence": "61"
      },
      "geometry": {
        "type": "Point",
        "coordinates": [
          8.83873,
          45.84031
        ]
      }
    },
    {
      "type": "Feature",
      "properties": {
        "source": "modis",
        "satellite": "T",
        "acq_at": "2026-09-28 08:50:00",
        "frp": "7.08",
        "confidence": "64"
      },
      "geometry": {
        "type": "Point",
        "coordinates": [
          9.11467,
          45.62317
        ]
      }
    },
    {
      "type": "Feature",
      "properties": {
        "source": "modis",
        "satellite": "T",
        "acq_at": "2026-09-28 08:50:00",
        "frp": "5.36",
        "confidence": "58"
      },
      "geometry": {
        "type": "Point",
        "coordinates": [
          9.57687,
          45.52834
        ]
      }
    },
    {
      "type": "Feature",
      "properties": {
        "source": "modis",
        "satellite": "T",
        "acq_at": "2026-09-28 08:52:00",
        "frp": "9.14",
        "confidence": "60"
      },
      "geometry": {
        "type": "Point",
        "coordinates": [
          11.24469,
          44.49498
        ]
      }
    },
    {
      "type": "Feature",
      "properties": {
        "source": "modis",
        "satellite": "T",
        "acq_at": "2026-09-28 08:52:00",
        "frp": "41.69",
        "confidence": "71"
      },
      "geometry": {
        "type": "Point",
        "coordinates": [
          15.83638,
          41.45063
        ]
      }
    },
    {
      "type": "Feature",
      "properties": {
        "source": "modis",
        "satellite": "T",
        "acq_at": "2026-09-28 08:52:00",
        "frp": "33.57",
        "confidence": "68"
      },
      "geometry": {
        "type": "Point",
        "coordinates": [
          15.83238,
          41.45661
        ]
      }
    },
    {
      "type": "Feature",
      "properties": {
        "source": "modis",
        "satellite": "T",
        "acq_at": "2026-09-28 08:52:00",
        "frp": "34.61",
        "confidence": "79"
      },
      "geometry": {
        "type": "Point",
        "coordinates": [
          8.87906,
          39.45868
        ]
      }
    },
    {
      "type": "Feature",
      "properties": {
        "source": "modis",
        "satellite": "T",
        "acq_at": "2026-09-28 08:52:00",
        "frp": "20.32",
        "confidence": "70"
      },
      "geometry": {
        "type": "Point",
        "coordinates": [
          8.89695,
          39.45517
        ]
      }
    },
    {
      "type": "Feature",
      "properties": {
        "source": "modis",
        "satellite": "T",
        "acq_at": "2026-09-28 08:54:00",
        "frp": "14.07",
        "confidence": "58"
      },
      "geometry": {
        "type": "Point",
        "coordinates": [
          9.17197,
          36.84045
        ]
      }
    },
    {
      "type": "Feature",
      "properties": {
        "source": "modis",
        "satellite": "T",
        "acq_at": "2026-09-28 08:54:00",
        "frp": "15.38",
        "confidence": "51"
      },
      "geometry": {
        "type": "Point",
        "coordinates": [
          9.18953,
          36.84232
        ]
      }
    },
    {
      "type": "Feature",
      "properties": {
        "source": "modis",
        "satellite": "T",
        "acq_at": "2026-09-28 08:54:00",
        "frp": "12.88",
        "confidence": "68"
      },
      "geometry": {
        "type": "Point",
        "coordinates": [
          7.11572,
          36.71551
        ]
      }
    },
    {
      "type": "Feature",
      "properties": {
        "source": "modis",
        "satellite": "T",
        "acq_at": "2026-09-28 08:54:00",
        "frp": "18.19",
        "confidence": "68"
      },
      "geometry": {
        "type": "Point",
        "coordinates": [
          8.66813,
          36.08643
        ]
      }
    },
    {
      "type": "Feature",
      "properties": {
        "source": "modis",
        "satellite": "T",
        "acq_at": "2026-09-28 08:54:00",
        "frp": "23.85",
        "confidence": "71"
      },
      "geometry": {
        "type": "Point",
        "coordinates": [
          8.6594,
          36.07986
        ]
      }
    },
    {
      "type": "Feature",
      "properties": {
        "source": "modis",
        "satellite": "T",
        "acq_at": "2026-09-28 08:54:00",
        "frp": "7.37",
        "confidence": "52"
      },
      "geometry": {
        "type": "Point",
        "coordinates": [
          6.18855,
          36.16846
        ]
      }
    },
    {
      "type": "Feature",
      "properties": {
        "source": "modis",
        "satellite": "A",
        "acq_at": "2026-09-28 14:05:00",
        "frp": "7.23",
        "confidence": "66"
      },
      "geometry": {
        "type": "Point",
        "coordinates": [
          14.22177,
          37.13189
        ]
      }
    },
    {
      "type": "Feature",
      "properties": {
        "source": "modis",
        "satellite": "A",
        "acq_at": "2026-09-28 14:05:00",
        "frp": "13.83",
        "confidence": "74"
      },
      "geometry": {
        "type": "Point",
        "coordinates": [
          14.26771,
          37.17039
        ]
      }
    },
    {
      "type": "Feature",
      "properties": {
        "source": "modis",
        "satellite": "A",
        "acq_at": "2026-09-28 14:05:00",
        "frp": "8.58",
        "confidence": "65"
      },
      "geometry": {
        "type": "Point",
        "coordinates": [
          14.12955,
          37.1555
        ]
      }
    },
    {
      "type": "Feature",
      "properties": {
        "source": "modis",
        "satellite": "A",
        "acq_at": "2026-09-28 14:05:00",
        "frp": "12.75",
        "confidence": "70"
      },
      "geometry": {
        "type": "Point",
        "coordinates": [
          14.00324,
          37.17466
        ]
      }
    },
    {
      "type": "Feature",
      "properties": {
        "source": "modis",
        "satellite": "A",
        "acq_at": "2026-09-28 14:05:00",
        "frp": "6.33",
        "confidence": "48"
      },
      "geometry": {
        "type": "Point",
        "coordinates": [
          13.98948,
          37.17212
        ]
      }
    },
    {
      "type": "Feature",
      "properties": {
        "source": "modis",
        "satellite": "A",
        "acq_at": "2026-09-28 14:05:00",
        "frp": "7.46",
        "confidence": "0"
      },
      "geometry": {
        "type": "Point",
        "coordinates": [
          13.78782,
          37.15521
        ]
      }
    },
    {
      "type": "Feature",
      "properties": {
        "source": "modis",
        "satellite": "A",
        "acq_at": "2026-09-28 14:05:00",
        "frp": "8.22",
        "confidence": "68"
      },
      "geometry": {
        "type": "Point",
        "coordinates": [
          14.92598,
          37.37019
        ]
      }
    },
    {
      "type": "Feature",
      "properties": {
        "source": "modis",
        "satellite": "A",
        "acq_at": "2026-09-28 14:05:00",
        "frp": "23.87",
        "confidence": "82"
      },
      "geometry": {
        "type": "Point",
        "coordinates": [
          14.91346,
          37.368
        ]
      }
    },
    {
      "type": "Feature",
      "properties": {
        "source": "modis",
        "satellite": "A",
        "acq_at": "2026-09-28 14:05:00",
        "frp": "7.58",
        "confidence": "26"
      },
      "geometry": {
        "type": "Point",
        "coordinates": [
          14.64293,
          37.34008
        ]
      }
    },
    {
      "type": "Feature",
      "properties": {
        "source": "modis",
        "satellite": "A",
        "acq_at": "2026-09-28 14:05:00",
        "frp": "6.17",
        "confidence": "66"
      },
      "geometry": {
        "type": "Point",
        "coordinates": [
          14.72305,
          37.45784
        ]
      }
    },
    {
      "type": "Feature",
      "properties": {
        "source": "modis",
        "satellite": "A",
        "acq_at": "2026-09-28 14:05:00",
        "frp": "11.38",
        "confidence": "63"
      },
      "geometry": {
        "type": "Point",
        "coordinates": [
          13.54928,
          37.47502
        ]
      }
    },
    {
      "type": "Feature",
      "properties": {
        "source": "modis",
        "satellite": "A",
        "acq_at": "2026-09-28 14:05:00",
        "frp": "16.05",
        "confidence": "72"
      },
      "geometry": {
        "type": "Point",
        "coordinates": [
          13.31736,
          37.4733
        ]
      }
    },
    {
      "type": "Feature",
      "properties": {
        "source": "modis",
        "satellite": "A",
        "acq_at": "2026-09-28 14:05:00",
        "frp": "42.96",
        "confidence": "76"
      },
      "geometry": {
        "type": "Point",
        "coordinates": [
          9.74627,
          37.06668
        ]
      }
    },
    {
      "type": "Feature",
      "properties": {
        "source": "modis",
        "satellite": "A",
        "acq_at": "2026-09-28 14:05:00",
        "frp": "18.6",
        "confidence": "63"
      },
      "geometry": {
        "type": "Point",
        "coordinates": [
          9.76639,
          37.07112
        ]
      }
    },
    {
      "type": "Feature",
      "properties": {
        "source": "modis",
        "satellite": "A",
        "acq_at": "2026-09-28 14:05:00",
        "frp": "34.3",
        "confidence": "72"
      },
      "geometry": {
        "type": "Point",
        "coordinates": [
          9.74179,
          37.06559
        ]
      }
    },
    {
      "type": "Feature",
      "properties": {
        "source": "modis",
        "satellite": "A",
        "acq_at": "2026-09-28 14:05:00",
        "frp": "19.81",
        "confidence": "50"
      },
      "geometry": {
        "type": "Point",
        "coordinates": [
          9.43839,
          37.09283
        ]
      }
    },
    {
      "type": "Feature",
      "properties": {
        "source": "modis",
        "satellite": "A",
        "acq_at": "2026-09-28 14:05:00",
        "frp": "19.51",
        "confidence": "77"
      },
      "geometry": {
        "type": "Point",
        "coordinates": [
          13.16984,
          37.86202
        ]
      }
    },
    {
      "type": "Feature",
      "properties": {
        "source": "modis",
        "satellite": "A",
        "acq_at": "2026-09-28 14:05:00",
        "frp": "10.14",
        "confidence": "66"
      },
      "geometry": {
        "type": "Point",
        "coordinates": [
          12.98866,
          37.82721
        ]
      }
    },
    {
      "type": "Feature",
      "properties": {
        "source": "modis",
        "satellite": "A",
        "acq_at": "2026-09-28 14:05:00",
        "frp": "21.26",
        "confidence": "55"
      },
      "geometry": {
        "type": "Point",
        "coordinates": [
          9.43239,
          37.09065
        ]
      }
    },
    {
      "type": "Feature",
      "properties": {
        "source": "modis",
        "satellite": "A",
        "acq_at": "2026-09-28 14:05:00",
        "frp": "63.75",
        "confidence": "77"
      },
      "geometry": {
        "type": "Point",
        "coordinates": [
          9.53395,
          37.24846
        ]
      }
    },
    {
      "type": "Feature",
      "properties": {
        "source": "modis",
        "satellite": "A",
        "acq_at": "2026-09-28 14:05:00",
        "frp": "24.55",
        "confidence": "81"
      },
      "geometry": {
        "type": "Point",
        "coordinates": [
          16.16756,
          38.68699
        ]
      }
    },
    {
      "type": "Feature",
      "properties": {
        "source": "modis",
        "satellite": "A",
        "acq_at": "2026-09-28 14:05:00",
        "frp": "33.02",
        "confidence": "32"
      },
      "geometry": {
        "type": "Point",
        "coordinates": [
          6.00208,
          36.79386
        ]
      }
    },
    {
      "type": "Feature",
      "properties": {
        "source": "modis",
        "satellite": "A",
        "acq_at": "2026-09-28 14:05:00",
        "frp": "4.5",
        "confidence": "56"
      },
      "geometry": {
        "type": "Point",
        "coordinates": [
          17.40293,
          40.70401
        ]
      }
    },
    {
      "type": "Feature",
      "properties": {
        "source": "modis",
        "satellite": "A",
        "acq_at": "2026-09-28 14:05:00",
        "frp": "4.29",
        "confidence": "26"
      },
      "geometry": {
        "type": "Point",
        "coordinates": [
          16.20521,
          40.58013
        ]
      }
    },
    {
      "type": "Feature",
      "properties": {
        "source": "modis",
        "satellite": "A",
        "acq_at": "2026-09-28 14:08:00",
        "frp": "7.5",
        "confidence": "61"
      },
      "geometry": {
        "type": "Point",
        "coordinates": [
          15.76014,
          40.67861
        ]
      }
    },
    {
      "type": "Feature",
      "properties": {
        "source": "modis",
        "satellite": "A",
        "acq_at": "2026-09-28 14:08:00",
        "frp": "5.96",
        "confidence": "49"
      },
      "geometry": {
        "type": "Point",
        "coordinates": [
          15.74864,
          40.67679
        ]
      }
    },
    {
      "type": "Feature",
      "properties": {
        "source": "modis",
        "satellite": "A",
        "acq_at": "2026-09-28 14:08:00",
        "frp": "5.04",
        "confidence": "65"
      },
      "geometry": {
        "type": "Point",
        "coordinates": [
          16.19228,
          40.86655
        ]
      }
    },
    {
      "type": "Feature",
      "properties": {
        "source": "modis",
        "satellite": "A",
        "acq_at": "2026-09-28 14:08:00",
        "frp": "6.89",
        "confidence": "71"
      },
      "geometry": {
        "type": "Point",
        "coordinates": [
          16.18084,
          40.86479
        ]
      }
    },
    {
      "type": "Feature",
      "properties": {
        "source": "modis",
        "satellite": "A",
        "acq_at": "2026-09-28 14:08:00",
        "frp": "5.14",
        "confidence": "58"
      },
      "geometry": {
        "type": "Point",
        "coordinates": [
          15.82443,
          40.94127
        ]
      }
    },
    {
      "type": "Feature",
      "properties": {
        "source": "modis",
        "satellite": "A",
        "acq_at": "2026-09-28 14:08:00",
        "frp": "10.12",
        "confidence": "72"
      },
      "geometry": {
        "type": "Point",
        "coordinates": [
          15.66218,
          41.02636
        ]
      }
    },
    {
      "type": "Feature",
      "properties": {
        "source": "modis",
        "satellite": "A",
        "acq_at": "2026-09-28 14:08:00",
        "frp": "4.9",
        "confidence": "54"
      },
      "geometry": {
        "type": "Point",
        "coordinates": [
          15.47064,
          41.08046
        ]
      }
    },
    {
      "type": "Feature",
      "properties": {
        "source": "modis",
        "satellite": "A",
        "acq_at": "2026-09-28 14:08:00",
        "frp": "5.82",
        "confidence": "68"
      },
      "geometry": {
        "type": "Point",
        "coordinates": [
          15.56013,
          41.14931
        ]
      }
    },
    {
      "type": "Feature",
      "properties": {
        "source": "modis",
        "satellite": "A",
        "acq_at": "2026-09-28 14:08:00",
        "frp": "6.04",
        "confidence": "58"
      },
      "geometry": {
        "type": "Point",
        "coordinates": [
          14.05338,
          41.01197
        ]
      }
    },
    {
      "type": "Feature",
      "properties": {
        "source": "modis",
        "satellite": "A",
        "acq_at": "2026-09-28 14:08:00",
        "frp": "6.16",
        "confidence": "61"
      },
      "geometry": {
        "type": "Point",
        "coordinates": [
          15.04608,
          41.22585
        ]
      }
    },
    {
      "type": "Feature",
      "properties": {
        "source": "modis",
        "satellite": "A",
        "acq_at": "2026-09-28 14:08:00",
        "frp": "8.17",
        "confidence": "68"
      },
      "geometry": {
        "type": "Point",
        "coordinates": [
          15.00734,
          41.47117
        ]
      }
    },
    {
      "type": "Feature",
      "properties": {
        "source": "modis",
        "satellite": "A",
        "acq_at": "2026-09-28 14:08:00",
        "frp": "6.35",
        "confidence": "27"
      },
      "geometry": {
        "type": "Point",
        "coordinates": [
          13.13527,
          41.44015
        ]
      }
    },
    {
      "type": "Feature",
      "properties": {
        "source": "modis",
        "satellite": "A",
        "acq_at": "2026-09-28 14:08:00",
        "frp": "7.09",
        "confidence": "59"
      },
      "geometry": {
        "type": "Point",
        "coordinates": [
          11.14162,
          43.84629
        ]
      }
    },
    {
      "type": "Feature",
      "properties": {
        "source": "modis",
        "satellite": "A",
        "acq_at": "2026-09-28 14:08:00",
        "frp": "7.86",
        "confidence": "61"
      },
      "geometry": {
        "type": "Point",
        "coordinates": [
          11.12605,
          43.84333
        ]
      }
    },
    {
      "type": "Feature",
      "properties": {
        "source": "modis",
        "satellite": "A",
        "acq_at": "2026-09-28 14:08:00",
        "frp": "9.17",
        "confidence": "70"
      },
      "geometry": {
        "type": "Point",
        "coordinates": [
          11.41503,
          44.52657
        ]
      }
    },
    {
      "type": "Feature",
      "properties": {
        "source": "modis",
        "satellite": "A",
        "acq_at": "2026-09-28 14:08:00",
        "frp": "10.75",
        "confidence": "72"
      },
      "geometry": {
        "type": "Point",
        "coordinates": [
          11.59387,
          44.62329
        ]
      }
    },
    {
      "type": "Feature",
      "properties": {
        "source": "modis",
        "satellite": "A",
        "acq_at": "2026-09-28 14:08:00",
        "frp": "8.26",
        "confidence": "67"
      },
      "geometry": {
        "type": "Point",
        "coordinates": [
          11.39465,
          45.71638
        ]
      }
    },
    {
      "type": "Feature",
      "properties": {
        "source": "modis",
        "satellite": "A",
        "acq_at": "2026-09-28 14:08:00",
        "frp": "5.29",
        "confidence": "58"
      },
      "geometry": {
        "type": "Point",
        "coordinates": [
          11.38022,
          45.71373
        ]
      }
    },
    {
      "type": "Feature",
      "properties": {
        "source": "modis",
        "satellite": "T",
        "acq_at": "2026-09-28 19:55:00",
        "frp": "15.12",
        "confidence": "75"
      },
      "geometry": {
        "type": "Point",
        "coordinates": [
          8.81683,
          40.224
        ]
      }
    },
    {
      "type": "Feature",
      "properties": {
        "source": "modis",
        "satellite": "T",
        "acq_at": "2026-09-28 19:55:00",
        "frp": "6.79",
        "confidence": "9"
      },
      "geometry": {
        "type": "Point",
        "coordinates": [
          8.82811,
          40.22149
        ]
      }
    },
    {
      "type": "Feature",
      "properties": {
        "source": "modis",
        "satellite": "T",
        "acq_at": "2026-09-28 19:55:00",
        "frp": "11.17",
        "confidence": "61"
      },
      "geometry": {
        "type": "Point",
        "coordinates": [
          8.81177,
          40.21996
        ]
      }
    },
    {
      "type": "Feature",
      "properties": {
        "source": "modis",
        "satellite": "T",
        "acq_at": "2026-09-29 07:52:00",
        "frp": "6.19",
        "confidence": "42"
      },
      "geometry": {
        "type": "Point",
        "coordinates": [
          15.4992,
          41.77769
        ]
      }
    },
    {
      "type": "Feature",
      "properties": {
        "source": "modis",
        "satellite": "T",
        "acq_at": "2026-09-29 07:52:00",
        "frp": "7.59",
        "confidence": "70"
      },
      "geometry": {
        "type": "Point",
        "coordinates": [
          15.50084,
          41.54035
        ]
      }
    },
    {
      "type": "Feature",
      "properties": {
        "source": "modis",
        "satellite": "T",
        "acq_at": "2026-09-29 07:52:00",
        "frp": "7.5",
        "confidence": "70"
      },
      "geometry": {
        "type": "Point",
        "coordinates": [
          15.21473,
          41.55416
        ]
      }
    },
    {
      "type": "Feature",
      "properties": {
        "source": "modis",
        "satellite": "T",
        "acq_at": "2026-09-29 07:52:00",
        "frp": "4.44",
        "confidence": "59"
      },
      "geometry": {
        "type": "Point",
        "coordinates": [
          15.86997,
          41.41402
        ]
      }
    },
    {
      "type": "Feature",
      "properties": {
        "source": "modis",
        "satellite": "T",
        "acq_at": "2026-09-29 07:52:00",
        "frp": "4.01",
        "confidence": "62"
      },
      "geometry": {
        "type": "Point",
        "coordinates": [
          15.37907,
          41.39971
        ]
      }
    },
    {
      "type": "Feature",
      "properties": {
        "source": "modis",
        "satellite": "T",
        "acq_at": "2026-09-29 07:52:00",
        "frp": "5.93",
        "confidence": "66"
      },
      "geometry": {
        "type": "Point",
        "coordinates": [
          15.43041,
          41.38408
        ]
      }
    },
    {
      "type": "Feature",
      "properties": {
        "source": "modis",
        "satellite": "T",
        "acq_at": "2026-09-29 07:52:00",
        "frp": "4.38",
        "confidence": "53"
      },
      "geometry": {
        "type": "Point",
        "coordinates": [
          16.43002,
          40.70009
        ]
      }
    },
    {
      "type": "Feature",
      "properties": {
        "source": "modis",
        "satellite": "T",
        "acq_at": "2026-09-29 07:52:00",
        "frp": "5.73",
        "confidence": "65"
      },
      "geometry": {
        "type": "Point",
        "coordinates": [
          18.00528,
          40.3682
        ]
      }
    },
    {
      "type": "Feature",
      "properties": {
        "source": "modis",
        "satellite": "T",
        "acq_at": "2026-09-29 07:54:00",
        "frp": "4.87",
        "confidence": "68"
      },
      "geometry": {
        "type": "Point",
        "coordinates": [
          16.9888,
          39.07636
        ]
      }
    }
  ]
}