lat,lon,frp,confidence,satellite,source,acq_at
42.62399,18.63871,1.81,nominal,N,viirs_snpp,2026-09-22 23:46:00
45.81653,16.04801,0.46,nominal,N,viirs_snpp,2026-09-23 01:26:00
45.28393,14.53198,0.78,nominal,N,viirs_snpp,2026-09-23 01:26:00
45.28057,14.53075,0.78,nominal,N,viirs_snpp,2026-09-23 01:26:00
43.36581,12.54807,0.35,nominal,N,viirs_snpp,2026-09-23 01:26:00
41.80768,15.2263,1.71,nominal,N,viirs_snpp,2026-09-23 01:26:00
42.18825,12.81226,10.26,nominal,N,viirs_snpp,2026-09-23 01:26:00
42.18911,12.80744,10.26,nominal,N,viirs_snpp,2026-09-23 01:26:00
41.62761,14.96965,0.7,nominal,N,viirs_snpp,2026-09-23 01:26:00
41.31848,15.23754,1.06,nominal,N,viirs_snpp,2026-09-23 01:26:00
40.85671,17.32675,0.26,nominal,N,viirs_snpp,2026-09-23 01:26:00
41.16546,14.67084,5.19,nominal,N,viirs_snpp,2026-09-23 01:26:00
40.66091,16.99632,2.85,nominal,N,viirs_snpp,2026-09-23 01:26:00
41.2128,14.17628,0.53,nominal,N,viirs_snpp,2026-09-23 01:26:00
41.20929,14.17516,1.29,nominal,N,viirs_snpp,2026-09-23 01:26:00
41.20873,14.15872,1,nominal,N,viirs_snpp,2026-09-23 01:26:00
41.09237,14.59986,0.56,nominal,N,viirs_snpp,2026-09-23 01:26:00
41.09127,14.6054,0.73,nominal,N,viirs_snpp,2026-09-23 01:26:00
41.09074,14.58894,2.09,nominal,N,viirs_snpp,2026-09-23 01:26:00
41.08971,14.5941,1.4,nominal,N,viirs_snpp,2026-09-23 01:26:00
40.7815,14.85785,0.97,nominal,N,viirs_snpp,2026-09-23 01:28:00
40.77779,14.85708,1.07,nominal,N,viirs_snpp,2026-09-23 01:28:00
40.76488,14.73512,0.36,nominal,N,viirs_snpp,2026-09-23 01:28:00
40.73495,14.86553,2.62,nominal,N,viirs_snpp,2026-09-23 01:28:00
40.73133,14.86432,2.62,nominal,N,viirs_snpp,2026-09-23 01:28:00
40.7326,14.858,1.56,nominal,N,viirs_snpp,2026-09-23 01:28:00
40.73004,14.8515,3.01,nominal,N,viirs_snpp,2026-09-23 01:28:00
40.12115,15.58812,0.83,nominal,N,viirs_snpp,2026-09-23 01:28:00
40.11732,15.58712,0.83,nominal,N,viirs_snpp,2026-09-23 01:28:00
40.07138,15.67012,2.44,nominal,N,viirs_snpp,2026-09-23 01:28:00
40.06763,15.66867,2.44,nominal,N,viirs_snpp,2026-09-23 01:28:00
37.53717,13.33815,0.49,nominal,N,viirs_snpp,2026-09-23 01:28:00
36.17087,8.79536,8.95,nominal,N20,viirs_noaa20,2026-09-22 13:27:00
36.17254,8.79511,9.71,nominal,N20,viirs_noaa20,2026-09-22 13:27:00
36.4935,6.66805,6.2,nominal,N20,viirs_noaa20,2026-09-22 13:27:00
36.49485,6.66639,8.88,nominal,N20,viirs_noaa20,2026-09-22 13:27:00
36.92928,9.51831,3.86,nominal,N20,viirs_noaa20,2026-09-22 13:27:00
36.93278,9.51753,5.95,nominal,N20,viirs_noaa20,2026-09-22 13:27:00
40.76384,14.72505,0.66,nominal,N20,viirs_noaa20,2026-09-23 00:05:00
40.73523,14.85831,3.82,nominal,N20,viirs_noaa20,2026-09-23 00:05:00
40.7354,14.8534,1.14,nominal,N20,viirs_noaa20,2026-09-23 00:05:00
40.72976,14.8422,1.14,nominal,N20,viirs_noaa20,2026-09-23 00:05:00
40.72954,14.84889,1.14,nominal,N20,viirs_noaa20,2026-09-23 00:05:00
40.63919,15.82703,0.57,nominal,N20,viirs_noaa20,2026-09-23 00:05:00
40.12035,15.58145,4.35,nominal,N20,viirs_noaa20,2026-09-23 00:05:00
40.07077,15.66189,2.08,nominal,N20,viirs_noaa20,2026-09-23 00:05:00
39.04005,17.02597,0.43,nominal,N20,viirs_noaa20,2026-09-23 00:05:00
37.48442,14.52226,1.28,nominal,N20,viirs_noaa20,2026-09-23 00:05:00
37.4811,14.52588,1.75,nominal,N20,viirs_noaa20,2026-09-23 00:05:00
46.56482,11.49503,0.81,nominal,N20,viirs_noaa20,2026-09-23 00:05:00
45.52232,11.48933,1.15,nominal,N20,viirs_noaa20,2026-09-23 00:05:00
42.62766,18.63408,3.3,nominal,N20,viirs_noaa20,2026-09-23 00:07:00
42.62726,18.64081,1.97,nominal,N20,viirs_noaa20,2026-09-23 00:07:00
42.61759,18.63394,1.87,nominal,N20,viirs_noaa20,2026-09-23 00:07:00
42.6278,18.6372,2.55,nominal,N20,viirs_noaa20,2026-09-23 00:07:00
42.61772,18.63722,1.33,nominal,N20,viirs_noaa20,2026-09-23 00:07:00
42.18992,12.80439,7.37,nominal,N20,viirs_noaa20,2026-09-23 00:07:00
42.18645,12.80659,4.08,nominal,N20,viirs_noaa20,2026-09-23 00:07:00
42.18656,12.79844,4.08,nominal,N20,viirs_noaa20,2026-09-23 00:07:00
41.31952,15.23111,0.74,nominal,N20,viirs_noaa20,2026-09-23 00:07:00
41.32161,15.23099,1.01,nominal,N20,viirs_noaa20,2026-09-23 00:07:00
41.21061,14.16416,1.72,nominal,N20,viirs_noaa20,2026-09-23 00:07:00
41.21039,14.17193,1.53,nominal,N20,viirs_noaa20,2026-09-23 00:07:00
41.16495,14.66694,5.06,nominal,N20,viirs_noaa20,2026-09-23 00:07:00
41.16517,14.65967,2.93,nominal,N20,viirs_noaa20,2026-09-23 00:07:00
47.29242,18.88361,0.51,nominal,N20,viirs_noaa20,2026-09-23 01:43:00
45.98567,17.73638,0.61,nominal,N20,viirs_noaa20,2026-09-23 01:43:00
47.063,8.25888,1.13,nominal,N20,viirs_noaa20,2026-09-23 01:45:00
47.0342,7.0278,0.47,nominal,N20,viirs_noaa20,2026-09-23 01:45:00
46.83978,7.41958,0.4,nominal,N20,viirs_noaa20,2026-09-23 01:45:00
45.28353,14.53159,1.19,nominal,N20,viirs_noaa20,2026-09-23 01:45:00
42.82967,18.83658,2.56,nominal,N20,viirs_noaa20,2026-09-23 01:45:00
42.82793,18.84233,2.56,nominal,N20,viirs_noaa20,2026-09-23 01:45:00
42.82877,18.83474,3.04,nominal,N20,viirs_noaa20,2026-09-23 01:45:00
42.82712,18.84029,3.8,nominal,N20,viirs_noaa20,2026-09-23 01:45:00
41.80675,15.22493,1.49,nominal,N20,viirs_noaa20,2026-09-23 01:45:00
41.80631,15.22558,1.36,nominal,N20,viirs_noaa20,2026-09-23 01:45:00
41.80727,15.2219,0.95,nominal,N20,viirs_noaa20,2026-09-23 01:45:00
42.18798,12.8117,12.6,nominal,N20,viirs_noaa20,2026-09-23 01:45:00
42.18933,12.80611,6,nominal,N20,viirs_noaa20,2026-09-23 01:45:00
42.18792,12.81203,9.1,nominal,N20,viirs_noaa20,2026-09-23 01:45:00
42.18924,12.80644,9.1,nominal,N20,viirs_noaa20,2026-09-23 01:45:00
40.66224,16.99341,0.74,nominal,N20,viirs_noaa20,2026-09-23 01:45:00
40.65773,16.99451,0.58,nominal,N20,viirs_noaa20,2026-09-23 01:45:00
41.16863,14.66668,1.88,nominal,N20,viirs_noaa20,2026-09-23 01:45:00
41.16677,14.67375,2.66,nominal,N20,viirs_noaa20,2026-09-23 01:45:00
41.16652,14.66789,1.77,nominal,N20,viirs_noaa20,2026-09-23 01:45:00
41.16456,14.67547,1.77,nominal,N20,viirs_noaa20,2026-09-23 01:45:00
41.21047,14.17297,1.64,nominal,N20,viirs_noaa20,2026-09-23 01:45:00
41.20897,14.1588,1.54,nominal,N20,viirs_noaa20,2026-09-23 01:45:00
41.20418,14.17739,0.42,nominal,N20,viirs_noaa20,2026-09-23 01:45:00
41.09235,14.58705,1.68,nominal,N20,viirs_noaa20,2026-09-23 01:45:00
41.08881,14.60052,1.2,nominal,N20,viirs_noaa20,2026-09-23 01:45:00
41.08667,14.58855,3.66,nominal,N20,viirs_noaa20,2026-09-23 01:45:00
41.09033,14.58815,6.05,nominal,N20,viirs_noaa20,2026-09-23 01:45:00
40.78007,14.85489,0.29,nominal,N20,viirs_noaa20,2026-09-23 01:45:00
40.73463,14.86335,1.57,nominal,N20,viirs_noaa20,2026-09-23 01:45:00
40.73304,14.86943,1.57,nominal,N20,viirs_noaa20,2026-09-23 01:45:00
40.73296,14.84916,2.78,nominal,N20,viirs_noaa20,2026-09-23 01:45:00
40.73086,14.85715,1.67,nominal,N20,viirs_noaa20,2026-09-23 01:45:00
40.72957,14.86202,0.37,nominal,N20,viirs_noaa20,2026-09-23 01:45:00
40.07312,15.66736,1.13,nominal,N20,viirs_noaa20,2026-09-23 01:45:00
40.06799,15.66511,1.13,nominal,N20,viirs_noaa20,2026-09-23 01:45:00
40.06704,15.6686,1.21,nominal,N20,viirs_noaa20,2026-09-23 01:45:00
40.93266,15.46475,18.46,56,A,modis,2026-09-22 13:36:00
40.9305,15.46102,14.94,51,A,modis,2026-09-22 13:36:00
41.2004,15.86485,17.04,62,A,modis,2026-09-22 13:36:00
41.0873,14.6205,82.07,80,A,modis,2026-09-22 13:36:00
41.07932,14.58719,420.19,100,A,modis,2026-09-22 13:36:00
41.40676,15.82044,16.51,62,A,modis,2026-09-22 13:36:00
41.15842,14.67867,150.04,90,A,modis,2026-09-22 13:36:00
41.15176,14.65031,35.76,58,A,modis,2026-09-22 13:36:00
41.40121,15.84496,19.34,65,A,modis,2026-09-22 13:36:00
41.3956,15.82067,20.95,66,A,modis,2026-09-22 13:36:00
41.16612,14.6734,161.95,90,A,modis,2026-09-22 13:36:00
41.37198,15.25111,15.32,44,A,modis,2026-09-22 13:36:00
41.19537,14.15586,63.43,77,A,modis,2026-09-22 13:36:00
41.20019,14.14963,45.01,67,A,modis,2026-09-22 13:36:00
41.61309,15.47437,31.48,74,A,modis,2026-09-22 13:36:00
41.61893,15.49218,19.04,69,A,modis,2026-09-22 13:36:00
41.61306,15.46701,29.76,74,A,modis,2026-09-22 13:36:00
41.72938,15.38647,23.45,71,A,modis,2026-09-22 13:36:00
42.61471,18.63948,10.25,49,A,modis,2026-09-22 13:36:00
42.61163,18.62389,16.03,66,A,modis,2026-09-22 13:36:00
42.81239,18.84853,12.55,59,A,modis,2026-09-22 13:36:00
42.82243,18.84573,12.56,62,A,modis,2026-09-22 13:36:00
42.91915,18.47222,53.27,88,A,modis,2026-09-22 13:36:00
42.92861,18.48171,8.52,39,A,modis,2026-09-22 13:36:00
42.92512,18.46424,31.43,81,A,modis,2026-09-22 13:36:00
43.40825,17.30698,103.06,94,A,modis,2026-09-22 13:36:00
43.4044,17.28831,16.24,69,A,modis,2026-09-22 13:36:00
45.95632,13.25587,27.13,40,A,modis,2026-09-22 13:38:00
45.71035,11.40949,25.34,64,A,modis,2026-09-22 13:38:00
45.7139,11.40383,21.9,51,A,modis,2026-09-22 13:38:00
39.04273,17.02869,13.87,83,T,modis,2026-09-22 19:17:00
39.17893,17.07924,9.48,70,T,modis,2026-09-22 19:17:00
40.54758,15.21662,14.62,87,T,modis,2026-09-22 19:17:00
40.73417,14.86681,6.1,53,T,modis,2026-09-22 19:19:00
40.73261,14.8545,20.26,100,T,modis,2026-09-22 19:19:00
40.73116,14.8429,6.96,57,T,modis,2026-09-22 19:19:00
40.76367,14.73297,8.56,44,T,modis,2026-09-22 19:19:00
41.07885,14.60693,10.64,21,T,modis,2026-09-22 19:19:00
41.08756,14.60397,10.25,49,T,modis,2026-09-22 19:19:00
41.08612,14.59253,24.5,100,T,modis,2026-09-22 19:19:00
41.17083,14.67867,21.8,100,T,modis,2026-09-22 19:19:00
41.16934,14.66678,28.25,100,T,modis,2026-09-22 19:19:00
43.6386,17.58363,15.59,38,T,modis,2026-09-22 19:19:00
40.73301,14.85101,12.15,80,A,modis,2026-09-23 03:08:00
40.73135,14.86235,25.35,100,A,modis,2026-09-23 03:08:00
36.16311,6.19623,5.4,43,T,modis,2026-09-23 08:54:00
44.49401,11.24255,9.94,59,T,modis,2026-09-23 08:52:00
44.53432,10.87393,10.15,63,T,modis,2026-09-23 08:52:00
40.80124,14.7456,59.59,69,T,modis,2026-09-23 08:54:00
40.79189,14.78271,30.6,30,T,modis,2026-09-23 08:54:00
40.78639,14.74014,36.01,42,T,modis,2026-09-23 08:54:00
40.7894,14.7362,74.39,60,T,modis,2026-09-23 08:54:00
40.78004,14.77413,60.2,41,T,modis,2026-09-23 08:54:00
37.48728,14.60836,5.97,nominal,N,viirs_snpp,2026-09-23 11:08:00
37.48561,14.60646,9.32,nominal,N,viirs_snpp,2026-09-23 11:08:00
38.93268,17.13507,16.75,high,N,viirs_snpp,2026-09-23 11:10:00
38.93141,17.13051,12.54,nominal,N,viirs_snpp,2026-09-23 11:10:00
39.20857,17.10262,5.02,nominal,N,viirs_snpp,2026-09-23 11:10:00
39.72983,15.83981,15.59,nominal,N,viirs_snpp,2026-09-23 11:10:00
39.72788,15.83305,15.59,nominal,N,viirs_snpp,2026-09-23 11:10:00
40.42506,17.35597,2.34,nominal,N,viirs_snpp,2026-09-23 11:10:00
40.42392,17.35702,2.92,nominal,N,viirs_snpp,2026-09-23 11:10:00
40.42278,17.35289,2.37,nominal,N,viirs_snpp,2026-09-23 11:10:00
40.93496,17.16505,3.39,nominal,N,viirs_snpp,2026-09-23 11:10:00
40.82156,16.48262,3.61,nominal,N,viirs_snpp,2026-09-23 11:10:00
40.93556,16.78952,2.23,nominal,N,viirs_snpp,2026-09-23 11:10:00
40.91369,15.82141,1.34,nominal,N,viirs_snpp,2026-09-23 11:10:00
40.68453,14.86585,2.21,nominal,N,viirs_snpp,2026-09-23 11:10:00
41.0873,15.33743,2.54,low,N,viirs_snpp,2026-09-23 11:10:00
41.26284,15.09574,4.18,nominal,N,viirs_snpp,2026-09-23 11:10:00
41.26197,15.09269,4.06,nominal,N,viirs_snpp,2026-09-23 11:10:00
41.37699,15.25048,4.62,nominal,N,viirs_snpp,2026-09-23 11:10:00
41.43104,15.30043,2.03,nominal,N,viirs_snpp,2026-09-23 11:10:00
41.69408,15.06104,2.68,nominal,N,viirs_snpp,2026-09-23 11:10:00
41.77784,15.24497,3.67,nominal,N,viirs_snpp,2026-09-23 11:10:00
41.69549,15.06207,4.08,nominal,N,viirs_snpp,2026-09-23 11:10:00
41.77492,15.24813,2.34,nominal,N,viirs_snpp,2026-09-23 11:10:00
41.77352,15.24333,2.34,nominal,N,viirs_snpp,2026-09-23 11:10:00
41.74769,15.07015,4.93,nominal,N,viirs_snpp,2026-09-23 11:10:00
41.75447,15.0721,5.17,nominal,N,viirs_snpp,2026-09-23 11:10:00
41.82223,15.28396,4.62,nominal,N,viirs_snpp,2026-09-23 11:10:00
41.87393,15.25038,1.27,low,N,viirs_snpp,2026-09-23 11:10:00
41.89243,15.25983,2.93,nominal,N,viirs_snpp,2026-09-23 11:10:00
41.90226,15.08156,2.92,nominal,N,viirs_snpp,2026-09-23 11:10:00
41.94381,14.94172,5.53,high,N,viirs_snpp,2026-09-23 11:10:00
41.94219,14.93621,5.53,nominal,N,viirs_snpp,2026-09-23 11:10:00
42.10908,12.40515,1.67,nominal,N,viirs_snpp,2026-09-23 11:10:00
45.04786,18.51378,4.42,nominal,N,viirs_snpp,2026-09-23 11:10:00
44.94968,17.41621,3.75,nominal,N,viirs_snpp,2026-09-23 11:10:00
45.02531,17.40663,2.73,nominal,N,viirs_snpp,2026-09-23 11:10:00
45.28526,18.38782,2.89,nominal,N,viirs_snpp,2026-09-23 11:10:00
35.75612,10.15949,4.89,nominal,N,viirs_snpp,2026-09-23 12:49:00
35.65913,6.32488,3.15,low,N,viirs_snpp,2026-09-23 12:49:00
35.86002,7.08003,7.57,nominal,N,viirs_snpp,2026-09-23 12:51:00
36.30424,9.20848,2.99,nominal,N,viirs_snpp,2026-09-23 12:51:00
36.15934,8.03618,2.6,low,N,viirs_snpp,2026-09-23 12:51:00
36.30722,9.0295,5.31,nominal,N,viirs_snpp,2026-09-23 12:51:00
36.3066,9.02457,1.83,nominal,N,viirs_snpp,2026-09-23 12:51:00
36.39182,8.87896,3.77,nominal,N,viirs_snpp,2026-09-23 12:51:00
36.39504,8.88055,6.9,nominal,N,viirs_snpp,2026-09-23 12:51:00
36.48653,9.29961,5.1,nominal,N,viirs_snpp,2026-09-23 12:51:00
36.35348,7.2185,1.86,nominal,N,viirs_snpp,2026-09-23 12:51:00
36.34253,6.9226,3.95,nominal,N,viirs_snpp,2026-09-23 12:51:00
36.34586,6.9219,3.95,nominal,N,viirs_snpp,2026-09-23 12:51:00
37.17159,14.58671,4.7,nominal,N,viirs_snpp,2026-09-23 12:51:00
36.6512,9.0669,5.54,nominal,N,viirs_snpp,2026-09-23 12:51:00
37.23479,14.46461,10.69,nominal,N,viirs_snpp,2026-09-23 12:51:00
37.2472,14.37833,1.78,nominal,N,viirs_snpp,2026-09-23 12:51:00
36.78596,9.14181,7.6,nominal,N,viirs_snpp,2026-09-23 12:51:00
36.45563,6.37411,5,low,N,viirs_snpp,2026-09-23 12:51:00
36.94396,9.83586,4.03,nominal,N,viirs_snpp,2026-09-23 12:51:00
36.94239,9.8396,5.64,nominal,N,viirs_snpp,2026-09-23 12:51:00
36.94609,9.83891,5.64,nominal,N,viirs_snpp,2026-09-23 12:51:00
37.59475,14.13999,7.69,nominal,N,viirs_snpp,2026-09-23 12:51:00
37.64568,13.89285,7.33,nominal,N,viirs_snpp,2026-09-23 12:51:00
37.64821,13.89134,7.67,nominal,N,viirs_snpp,2026-09-23 12:51:00
39.7254,15.83732,3.29,nominal,N,viirs_snpp,2026-09-23 12:51:00
39.7252,15.83376,3.29,nominal,N,viirs_snpp,2026-09-23 12:51:00
39.80746,15.80306,7.82,nominal,N,viirs_snpp,2026-09-23 12:51:00
39.81272,15.80226,7.82,high,N,viirs_snpp,2026-09-23 12:51:00
39.81293,15.8061,7.82,nominal,N,viirs_snpp,2026-09-23 12:51:00
39.95985,18.12265,5.55,nominal,N,viirs_snpp,2026-09-23 12:51:00
39.93857,15.79986,1.92,nominal,N,viirs_snpp,2026-09-23 12:51:00
40.54514,16.63902,3.16,nominal,N,viirs_snpp,2026-09-23 12:51:00
40.71854,15.74895,4.04,nominal,N,viirs_snpp,2026-09-23 12:51:00
40.75994,16.30983,7.44,high,N,viirs_snpp,2026-09-23 12:51:00
40.68533,14.862,6.56,nominal,N,viirs_snpp,2026-09-23 12:51:00
40.78591,16.49142,2.38,nominal,N,viirs_snpp,2026-09-23 12:51:00
40.76017,16.31018,8.94,high,N,viirs_snpp,2026-09-23 12:51:00
40.72934,14.86299,18.01,nominal,N,viirs_snpp,2026-09-23 12:51:00
40.72839,14.84771,5.84,nominal,N,viirs_snpp,2026-09-23 12:51:00
40.73334,14.84556,5.84,nominal,N,viirs_snpp,2026-09-23 12:51:00
40.79303,14.74785,10.57,nominal,N,viirs_snpp,2026-09-23 12:51:00
40.79227,14.74757,4.09,nominal,N,viirs_snpp,2026-09-23 12:51:00
40.79727,14.74655,2.82,nominal,N,viirs_snpp,2026-09-23 12:51:00
40.9251,16.08557,2.88,nominal,N,viirs_snpp,2026-09-23 12:51:00
40.96489,14.85682,4.66,nominal,N,viirs_snpp,2026-09-23 12:51:00
40.98105,14.55532,5.42,nominal,N,viirs_snpp,2026-09-23 12:51:00
41.16377,14.66859,8.26,nominal,N,viirs_snpp,2026-09-23 12:51:00
41.16869,14.66635,5.51,low,N,viirs_snpp,2026-09-23 12:51:00
41.33715,15.27417,4.62,high,N,viirs_snpp,2026-09-23 12:51:00
41.2477,13.90275,65.78,nominal,N,viirs_snpp,2026-09-23 12:51:00
41.24723,13.89599,24.01,nominal,N,viirs_snpp,2026-09-23 12:51:00
41.25253,13.90209,37.44,nominal,N,viirs_snpp,2026-09-23 12:51:00
41.25205,13.8954,19.96,nominal,N,viirs_snpp,2026-09-23 12:51:00
41.24593,13.90135,26.5,nominal,N,viirs_snpp,2026-09-23 12:51:00
41.25031,13.89405,102.21,low,N,viirs_snpp,2026-09-23 12:51:00
41.33746,15.27362,5.89,high,N,viirs_snpp,2026-09-23 12:51:00
41.38063,15.39344,3.72,nominal,N,viirs_snpp,2026-09-23 12:51:00
41.37749,15.24171,5.88,high,N,viirs_snpp,2026-09-23 12:51:00
41.38586,15.39288,3.72,nominal,N,viirs_snpp,2026-09-23 12:51:00
41.47519,14.67625,9.29,nominal,N,viirs_snpp,2026-09-23 12:51:00
41.75038,15.06706,1.4,nominal,N,viirs_snpp,2026-09-23 12:51:00
41.93753,14.93913,10.22,high,N,viirs_snpp,2026-09-23 12:51:00
41.9373,14.93522,4.76,nominal,N,viirs_snpp,2026-09-23 12:51:00
41.9429,14.94244,4.74,high,N,viirs_snpp,2026-09-23 12:51:00
41.94268,14.93881,4.74,nominal,N,viirs_snpp,2026-09-23 12:51:00
41.94783,14.93849,4.74,nominal,N,viirs_snpp,2026-09-23 12:51:00
41.94761,14.93475,4.69,nominal,N,viirs_snpp,2026-09-23 12:51:00
41.94418,14.93989,6.97,nominal,N,viirs_snpp,2026-09-23 12:51:00
41.94912,14.93586,5.39,nominal,N,viirs_snpp,2026-09-23 12:51:00
42.41636,11.54497,3.14,nominal,N,viirs_snpp,2026-09-23 12:51:00
42.82948,18.84138,7.56,nominal,N,viirs_snpp,2026-09-23 12:51:00
42.83288,18.84918,6.57,nominal,N,viirs_snpp,2026-09-23 12:51:00
42.83271,18.83942,6.57,nominal,N,viirs_snpp,2026-09-23 12:51:00
43.52278,16.75562,5.56,nominal,N,viirs_snpp,2026-09-23 12:51:00
43.64083,17.57844,3.67,nominal,N,viirs_snpp,2026-09-23 12:51:00
45.32337,14.51248,0.47,nominal,N,viirs_snpp,2026-09-24 01:07:00
43.63813,17.58627,1.33,nominal,N,viirs_snpp,2026-09-24 01:07:00
42.83293,18.84039,2.72,nominal,N,viirs_snpp,2026-09-24 01:07:00
42.83392,18.83515,1.42,nominal,N,viirs_snpp,2026-09-24 01:07:00
42.83192,18.84575,2.72,nominal,N,viirs_snpp,2026-09-24 01:07:00
42.83049,18.83405,1.42,nominal,N,viirs_snpp,2026-09-24 01:07:00
42.82952,18.83922,2.72,nominal,N,viirs_snpp,2026-09-24 01:07:00
42.61795,18.63866,2.73,nominal,N,viirs_snpp,2026-09-24 01:07:00
42.61715,18.60454,0.75,nominal,N,viirs_snpp,2026-09-24 01:07:00
41.43123,15.79995,0.43,nominal,N,viirs_snpp,2026-09-24 01:07:00
41.38374,15.40219,1.28,nominal,N,viirs_snpp,2026-09-24 01:07:00
41.73648,13.00677,0.35,nominal,N,viirs_snpp,2026-09-24 01:07:00
41.59814,12.94518,1.02,nominal,N,viirs_snpp,2026-09-24 01:07:00
41.5948,12.94404,1.02,nominal,N,viirs_snpp,2026-09-24 01:07:00
41.5955,12.93889,1.98,nominal,N,viirs_snpp,2026-09-24 01:07:00
41.5941,12.94911,1.02,nominal,N,viirs_snpp,2026-09-24 01:07:00
41.59075,12.94794,1.49,nominal,N,viirs_snpp,2026-09-24 01:07:00
41.59144,12.94293,1.49,nominal,N,viirs_snpp,2026-09-24 01:07:00
41.55427,12.83639,0.8,nominal,N,viirs_snpp,2026-09-24 01:07:00
41.08512,15.31013,0.71,nominal,N,viirs_snpp,2026-09-24 01:07:00
41.16994,14.66633,0.55,nominal,N,viirs_snpp,2026-09-24 01:07:00
41.09018,14.59072,0.46,nominal,N,viirs_snpp,2026-09-24 01:07:00
40.75609,16.3017,0.64,nominal,N,viirs_snpp,2026-09-24 01:07:00
40.67368,16.65613,0.59,nominal,N,viirs_snpp,2026-09-24 01:07:00
40.58451,16.99825,3.67,nominal,N,viirs_snpp,2026-09-24 01:07:00
40.58535,16.99352,3.67,nominal,N,viirs_snpp,2026-09-24 01:07:00
40.76505,15.82654,3.45,nominal,N,viirs_snpp,2026-09-24 01:07:00
40.79291,14.75005,0.85,nominal,N,viirs_snpp,2026-09-24 01:07:00
40.78963,14.74915,0.62,nominal,N,viirs_snpp,2026-09-24 01:07:00
40.73398,14.84471,1.1,nominal,N,viirs_snpp,2026-09-24 01:07:00
40.73071,14.84381,1.1,nominal,N,viirs_snpp,2026-09-24 01:07:00
40.66972,14.64388,1.25,nominal,N,viirs_snpp,2026-09-24 01:07:00
40.66643,14.64299,1.25,nominal,N,viirs_snpp,2026-09-24 01:07:00
35.21067,9.32548,0.41,nominal,N,viirs_snpp,2026-09-24 01:09:00
44.8455,6.8322,1.47,nominal,N,viirs_snpp,2026-09-24 02:47:00
44.84223,6.82973,1.15,nominal,N,viirs_snpp,2026-09-24 02:47:00
37.17437,13.9692,12.35,nominal,N20,viirs_noaa20,2026-09-23 11:28:00
37.30498,14.10971,3.83,nominal,N20,viirs_noaa20,2026-09-23 11:28:00
37.37584,14.16965,5.98,nominal,N20,viirs_noaa20,2026-09-23 11:28:00
37.37472,14.16921,7.26,nominal,N20,viirs_noaa20,2026-09-23 11:28:00
37.48665,14.6065,4.08,nominal,N20,viirs_noaa20,2026-09-23 11:28:00
37.51726,14.63035,3.92,nominal,N20,viirs_noaa20,2026-09-23 11:28:00
37.37006,13.44791,1.15,nominal,N20,viirs_noaa20,2026-09-23 11:28:00
36.33511,8.79806,12,nominal,N20,viirs_noaa20,2026-09-23 11:28:00
36.32962,8.80084,4.58,nominal,N20,viirs_noaa20,2026-09-23 11:28:00
36.33549,8.79708,4.58,nominal,N20,viirs_noaa20,2026-09-23 11:28:00
36.51038,9.21883,4.03,nominal,N20,viirs_noaa20,2026-09-23 11:28:00
36.71674,9.03786,8.98,nominal,N20,viirs_noaa20,2026-09-23 11:28:00
37.89076,12.97785,1.16,nominal,N20,viirs_noaa20,2026-09-23 11:28:00
38.933,17.13436,1.99,nominal,N20,viirs_noaa20,2026-09-23 11:28:00
38.93208,17.13005,2.07,nominal,N20,viirs_noaa20,2026-09-23 11:28:00
37.24935,9.65718,3.4,nominal,N20,viirs_noaa20,2026-09-23 11:28:00
39.93159,18.25701,3.76,nominal,N20,viirs_noaa20,2026-09-23 11:28:00
39.60535,15.88568,2.51,nominal,N20,viirs_noaa20,2026-09-23 11:28:00
39.60415,15.8803,2.51,nominal,N20,viirs_noaa20,2026-09-23 11:28:00
39.72502,15.84321,6.73,nominal,N20,viirs_noaa20,2026-09-23 11:28:00
39.72376,15.83753,6.73,nominal,N20,viirs_noaa20,2026-09-23 11:28:00
39.72908,15.84164,6.73,nominal,N20,viirs_noaa20,2026-09-23 11:28:00
39.72786,15.83611,6.73,nominal,N20,viirs_noaa20,2026-09-23 11:28:00
40.2982,18.31334,8.09,nominal,N20,viirs_noaa20,2026-09-23 11:28:00
39.93906,15.80434,4.49,nominal,N20,viirs_noaa20,2026-09-23 11:28:00
40.42221,17.36016,4.83,nominal,N20,viirs_noaa20,2026-09-23 11:28:00
40.54047,16.6425,4.59,nominal,N20,viirs_noaa20,2026-09-23 11:28:00
40.53902,16.63569,4.59,nominal,N20,viirs_noaa20,2026-09-23 11:28:00
40.68248,14.86977,3.63,nominal,N20,viirs_noaa20,2026-09-23 11:28:00
40.6813,14.86467,3.63,nominal,N20,viirs_noaa20,2026-09-23 11:28:00
40.7317,14.84661,3.98,nominal,N20,viirs_noaa20,2026-09-23 11:28:00
40.95128,15.56038,15.54,nominal,N20,viirs_noaa20,2026-09-23 11:28:00
40.79328,14.74646,8.99,nominal,N20,viirs_noaa20,2026-09-23 11:28:00
40.76333,14.39698,1.37,nominal,N20,viirs_noaa20,2026-09-23 11:28:00
40.76287,14.39499,3.97,nominal,N20,viirs_noaa20,2026-09-23 11:28:00
40.9008,14.386,2.44,nominal,N20,viirs_noaa20,2026-09-23 11:28:00
41.16606,14.67294,5.18,nominal,N20,viirs_noaa20,2026-09-23 11:28:00
41.16371,14.66981,5.6,nominal,N20,viirs_noaa20,2026-09-23 11:28:00
41.49241,15.44666,1.97,nominal,N20,viirs_noaa20,2026-09-23 11:28:00
41.24804,13.90089,10,nominal,N20,viirs_noaa20,2026-09-23 11:30:00
41.24665,13.89509,9.4,nominal,N20,viirs_noaa20,2026-09-23 11:30:00
41.59978,15.07358,3.5,nominal,N20,viirs_noaa20,2026-09-23 11:30:00
41.6017,15.07547,4.82,nominal,N20,viirs_noaa20,2026-09-23 11:30:00
41.69542,15.06186,7.74,nominal,N20,viirs_noaa20,2026-09-23 11:30:00
41.77394,15.24579,3.5,nominal,N20,viirs_noaa20,2026-09-23 11:30:00
41.77286,15.24099,4.51,nominal,N20,viirs_noaa20,2026-09-23 11:30:00
41.74781,15.07117,6.42,nominal,N20,viirs_noaa20,2026-09-23 11:30:00
41.75291,15.07435,2.69,nominal,N20,viirs_noaa20,2026-09-23 11:30:00
41.82147,15.28372,2.75,nominal,N20,viirs_noaa20,2026-09-23 11:30:00
41.87408,15.25276,2.75,nominal,N20,viirs_noaa20,2026-09-23 11:30:00
42.61581,18.60758,2.62,nominal,N20,viirs_noaa20,2026-09-23 11:30:00
41.90169,15.08412,4.11,nominal,N20,viirs_noaa20,2026-09-23 11:30:00
41.93745,14.94049,2.55,nominal,N20,viirs_noaa20,2026-09-23 11:30:00
41.94264,14.944,8.33,nominal,N20,viirs_noaa20,2026-09-23 11:30:00
41.94145,14.93875,8.33,nominal,N20,viirs_noaa20,2026-09-23 11:30:00
41.94544,14.93692,8.33,nominal,N20,viirs_noaa20,2026-09-23 11:30:00
42.82898,18.83926,21.99,nominal,N20,viirs_noaa20,2026-09-23 11:30:00
43.03424,17.74355,2.57,nominal,N20,viirs_noaa20,2026-09-23 11:30:00
42.11216,12.40061,4.89,nominal,N20,viirs_noaa20,2026-09-23 11:30:00
45.0793,18.55579,2.6,nominal,N20,viirs_noaa20,2026-09-23 11:30:00
45.06435,18.41586,3.38,nominal,N20,viirs_noaa20,2026-09-23 11:30:00
44.89417,17.37474,3.46,nominal,N20,viirs_noaa20,2026-09-23 11:30:00
45.02206,17.40557,2.3,nominal,N20,viirs_noaa20,2026-09-23 11:30:00
45.92743,12.64969,5.91,nominal,N20,viirs_noaa20,2026-09-23 11:30:00
45.30735,8.99147,1.69,nominal,N20,viirs_noaa20,2026-09-23 11:30:00
35.75812,10.15866,4.55,nominal,N20,viirs_noaa20,2026-09-23 13:08:00
35.74409,7.27872,6.77,nominal,N20,viirs_noaa20,2026-09-23 13:08:00
36.37443,8.6403,9.82,nominal,N20,viirs_noaa20,2026-09-23 13:08:00
36.40245,7.51064,3.97,nominal,N20,viirs_noaa20,2026-09-23 13:08:00
36.72406,9.09703,3.99,nominal,N20,viirs_noaa20,2026-09-23 13:08:00
36.80241,9.22184,1.62,nominal,N20,viirs_noaa20,2026-09-23 13:08:00
37.17024,14.31378,6.85,nominal,N20,viirs_noaa20,2026-09-23 13:08:00
37.96875,13.339,5.44,nominal,N20,viirs_noaa20,2026-09-23 13:08:00
39.7257,15.83627,6.79,nominal,N20,viirs_noaa20,2026-09-23 13:10:00
39.72714,15.83816,7.12,nominal,N20,viirs_noaa20,2026-09-23 13:10:00
39.80701,15.80548,13.29,nominal,N20,viirs_noaa20,2026-09-23 13:10:00
39.81427,15.80446,13.29,high,N20,viirs_noaa20,2026-09-23 13:10:00
39.81428,15.81246,14.32,nominal,N20,viirs_noaa20,2026-09-23 13:10:00
40.73062,14.85046,9.06,nominal,N20,viirs_noaa20,2026-09-23 13:10:00
40.79248,14.75507,6.06,nominal,N20,viirs_noaa20,2026-09-23 13:10:00
40.79163,14.74844,5.11,nominal,N20,viirs_noaa20,2026-09-23 13:10:00
40.99603,14.47086,3.93,nominal,N20,viirs_noaa20,2026-09-23 13:10:00
41.16323,14.67542,9.55,nominal,N20,viirs_noaa20,2026-09-23 13:10:00
41.16267,14.67039,10.01,nominal,N20,viirs_noaa20,2026-09-23 13:10:00
41.21757,13.81934,3.03,nominal,N20,viirs_noaa20,2026-09-23 13:10:00
41.24533,13.90113,21.82,high,N20,viirs_noaa20,2026-09-23 13:10:00
41.25202,13.90086,7.13,nominal,N20,viirs_noaa20,2026-09-23 13:10:00
41.93628,14.94488,8.38,nominal,N20,viirs_noaa20,2026-09-23 13:10:00
41.9433,14.94498,8.38,nominal,N20,viirs_noaa20,2026-09-23 13:10:00
41.93377,14.93673,3.32,nominal,N20,viirs_noaa20,2026-09-23 13:10:00
41.9408,14.94476,9.04,nominal,N20,viirs_noaa20,2026-09-23 13:10:00
42.19034,11.73079,3.29,nominal,N20,viirs_noaa20,2026-09-23 13:10:00
42.41328,11.5479,3.35,nominal,N20,viirs_noaa20,2026-09-23 13:10:00
46.13598,9.4874,6.71,nominal,N20,viirs_noaa20,2026-09-23 13:12:00
46.14161,9.48814,6.71,low,N20,viirs_noaa20,2026-09-23 13:12:00
42.83557,18.83622,3.52,nominal,N20,viirs_noaa20,2026-09-23 23:46:00
42.61898,18.63279,2.96,nominal,N20,viirs_noaa20,2026-09-23 23:46:00
42.61887,18.63834,3.02,nominal,N20,viirs_noaa20,2026-09-23 23:46:00
42.48497,18.89045,1.3,nominal,N20,viirs_noaa20,2026-09-23 23:46:00
42.48757,18.88956,0.89,nominal,N20,viirs_noaa20,2026-09-23 23:46:00
40.1177,18.08434,0.88,nominal,N20,viirs_noaa20,2026-09-23 23:46:00
47.27637,18.90318,0.9,nominal,N20,viirs_noaa20,2026-09-24 01:26:00
45.32558,14.51131,13.01,nominal,N20,viirs_noaa20,2026-09-24 01:26:00
45.56839,10.21144,0.62,nominal,N20,viirs_noaa20,2026-09-24 01:26:00
45.74235,6.4258,0.4,nominal,N20,viirs_noaa20,2026-09-24 01:26:00
43.64202,17.58063,2.05,nominal,N20,viirs_noaa20,2026-09-24 01:26:00
43.63696,17.58294,2.9,nominal,N20,viirs_noaa20,2026-09-24 01:26:00
43.64236,17.58015,1.39,nominal,N20,viirs_noaa20,2026-09-24 01:26:00
43.63732,17.58244,1.58,nominal,N20,viirs_noaa20,2026-09-24 01:26:00
42.83226,18.83874,5.34,nominal,N20,viirs_noaa20,2026-09-24 01:26:00
42.61745,18.63882,0.87,nominal,N20,viirs_noaa20,2026-09-24 01:26:00
42.61739,18.60013,0.83,nominal,N20,viirs_noaa20,2026-09-24 01:26:00
42.61719,18.59959,1.3,nominal,N20,viirs_noaa20,2026-09-24 01:26:00
41.3817,15.40045,0.33,nominal,N20,viirs_noaa20,2026-09-24 01:28:00
41.59838,12.94518,1.48,nominal,N20,viirs_noaa20,2026-09-24 01:28:00
41.59574,12.93942,3.64,nominal,N20,viirs_noaa20,2026-09-24 01:28:00
41.59475,12.94445,1.48,nominal,N20,viirs_noaa20,2026-09-24 01:28:00
41.59373,12.94959,1.48,nominal,N20,viirs_noaa20,2026-09-24 01:28:00
41.59108,12.9439,2.61,nominal,N20,viirs_noaa20,2026-09-24 01:28:00
41.08858,15.30977,0.71,nominal,N20,viirs_noaa20,2026-09-24 01:28:00
41.55523,12.839,0.39,nominal,N20,viirs_noaa20,2026-09-24 01:28:00
40.58529,16.99427,2.65,nominal,N20,viirs_noaa20,2026-09-24 01:28:00
40.76737,15.82677,1.56,nominal,N20,viirs_noaa20,2026-09-24 01:28:00
40.5965,16.37539,0.56,nominal,N20,viirs_noaa20,2026-09-24 01:28:00
40.60692,16.23364,0.48,nominal,N20,viirs_noaa20,2026-09-24 01:28:00
40.79133,14.746,1.51,nominal,N20,viirs_noaa20,2026-09-24 01:28:00
40.73289,14.84212,1.14,nominal,N20,viirs_noaa20,2026-09-24 01:28:00
40.73197,14.84631,1.14,nominal,N20,viirs_noaa20,2026-09-24 01:28:00
40.6687,14.64385,1.97,nominal,N20,viirs_noaa20,2026-09-24 01:28:00
40.2246,14.99178,0.7,nominal,N20,viirs_noaa20,2026-09-24 01:28:00
39.21423,8.40512,0.81,nominal,N20,viirs_noaa20,2026-09-24 01:28:00
35.85192,8.59411,0.52,nominal,N20,viirs_noaa20,2026-09-24 01:30:00
37.99695,13.11586,15.41,63,A,modis,2026-09-23 14:12:00
39.02816,17.04813,17.61,81,A,modis,2026-09-23 14:12:00
39.0266,17.03655,9.93,75,A,modis,2026-09-23 14:12:00
39.09613,17.07505,4.7,67,A,modis,2026-09-23 14:12:00
39.65618,16.23815,27.77,85,A,modis,2026-09-23 14:12:00
39.65458,16.22678,32.33,87,A,modis,2026-09-23 14:12:00
39.71898,15.84275,20.1,78,A,modis,2026-09-23 14:12:00
39.80649,15.80302,10.55,0,A,modis,2026-09-23 14:12:00
39.81807,15.80641,5.23,43,A,modis,2026-09-23 14:12:00
40.22081,18.37701,7.67,67,A,modis,2026-09-23 14:12:00
40.23022,18.37511,5.67,63,A,modis,2026-09-23 14:12:00
39.93645,15.79397,6.62,63,A,modis,2026-09-23 14:12:00
40.44574,18.18826,9.13,65,A,modis,2026-09-23 14:12:00
40.44414,18.175,10.73,68,A,modis,2026-09-23 14:12:00
40.3622,16.46998,6.39,60,A,modis,2026-09-23 14:12:00
40.36059,16.45824,8.3,71,A,modis,2026-09-23 14:12:00
40.37218,16.4609,9.09,72,A,modis,2026-09-23 14:12:00
40.75748,16.30846,18.31,82,A,modis,2026-09-23 14:12:00
40.75588,16.2967,12.68,77,A,modis,2026-09-23 14:12:00
40.59617,15.16862,5.72,65,A,modis,2026-09-23 14:12:00
40.68007,14.86986,13.61,78,A,modis,2026-09-23 14:12:00
40.67837,14.8585,10.56,74,A,modis,2026-09-23 14:12:00
40.68872,14.86761,43.7,93,A,modis,2026-09-23 14:12:00
40.68702,14.85623,21.44,84,A,modis,2026-09-23 14:12:00
40.85863,15.89728,8.26,68,A,modis,2026-09-23 14:12:00
40.72572,14.85141,9.22,65,A,modis,2026-09-23 14:12:00
40.92108,16.08706,7.15,70,A,modis,2026-09-23 14:12:00
40.88169,15.67643,4.25,63,A,modis,2026-09-23 14:12:00
40.88007,15.66494,8.28,72,A,modis,2026-09-23 14:12:00
40.79306,14.74529,8,69,A,modis,2026-09-23 14:12:00
41.19918,16.57309,8.22,65,A,modis,2026-09-23 14:12:00
41.19756,16.56099,11.63,74,A,modis,2026-09-23 14:12:00
41.04943,15.49082,6.19,62,A,modis,2026-09-23 14:12:00
40.95428,14.83843,6.47,61,A,modis,2026-09-23 14:12:00
41.07509,15.46691,4.67,44,A,modis,2026-09-23 14:12:00
41.08137,15.32247,77.38,99,A,modis,2026-09-23 14:12:00
41.0797,15.31094,26,85,A,modis,2026-09-23 14:12:00
41.03386,13.95106,10.21,69,A,modis,2026-09-23 14:12:00
41.16223,14.67074,9.64,68,A,modis,2026-09-23 14:12:00
41.41872,15.86842,5.67,52,A,modis,2026-09-23 14:12:00
41.4171,15.85666,3.57,25,A,modis,2026-09-23 14:12:00
41.37939,15.39505,11.09,74,A,modis,2026-09-23 14:12:00
41.37773,15.38346,6.53,66,A,modis,2026-09-23 14:12:00
40.24992,8.66149,23.39,51,A,modis,2026-09-23 14:12:00
40.24587,8.64165,27.4,62,A,modis,2026-09-23 14:12:00
40.24892,8.65713,34.42,76,A,modis,2026-09-23 14:12:00
40.24475,8.63737,14.8,41,A,modis,2026-09-23 14:12:00
41.2488,13.90354,9.57,72,A,modis,2026-09-23 14:12:00
41.57259,15.51464,4.51,64,A,modis,2026-09-23 14:12:00
41.57094,15.50297,11.04,75,A,modis,2026-09-23 14:12:00
41.53823,15.21008,18.55,82,A,modis,2026-09-23 14:12:00
41.46929,14.67751,4.24,49,A,modis,2026-09-23 14:12:00
41.85354,14.8268,6.1,68,A,modis,2026-09-23 14:12:00
41.93579,14.94413,4.78,36,A,modis,2026-09-23 14:12:00
41.94446,14.94186,7.88,73,A,modis,2026-09-23 14:12:00
41.94278,14.93026,6.73,72,A,modis,2026-09-23 14:12:00
42.60747,18.62533,7.93,54,A,modis,2026-09-23 14:12:00
42.82425,18.83853,41.24,85,A,modis,2026-09-23 14:12:00
42.83416,18.83604,6.31,18,A,modis,2026-09-23 14:12:00
43.31899,17.36673,37.78,88,A,modis,2026-09-23 14:14:00
45.38006,18.36535,24.06,79,A,modis,2026-09-23 14:14:00
45.37825,18.34846,46.44,82,A,modis,2026-09-23 14:14:00
45.3788,18.35844,42.26,86,A,modis,2026-09-23 14:14:00
45.37708,18.34155,11.87,50,A,modis,2026-09-23 14:14:00
44.4594,6.17212,19.76,66,A,modis,2026-09-23 14:14:00
45.71452,11.39239,5.17,55,A,modis,2026-09-23 14:14:00
45.47453,6.02944,12.04,68,A,modis,2026-09-23 14:14:00
45.47002,6.00839,15.31,64,A,modis,2026-09-23 14:14:00
42.82841,18.83888,24.56,43,T,modis,2026-09-23 18:19:00
38.96796,17.10974,6.32,52,T,modis,2026-09-24 07:54:00
38.93856,17.12623,9.17,49,T,modis,2026-09-24 07:54:00
43.63914,17.59305,21.53,80,T,modis,2026-09-24 07:54:00
43.63751,17.60541,7.64,56,T,modis,2026-09-24 07:54:00
42.82975,18.83442,16.75,78,T,modis,2026-09-24 07:54:00
42.82805,18.84627,11.25,70,T,modis,2026-09-24 07:54:00
41.54929,15.84109,5.79,62,T,modis,2026-09-24 07:54:00
41.54015,15.83918,4.77,57,T,modis,2026-09-24 07:54:00
41.50066,15.40142,6.39,70,T,modis,2026-09-24 07:54:00
41.29176,15.53353,4.49,65,T,modis,2026-09-24 07:54:00
41.07555,15.64705,7.58,67,T,modis,2026-09-24 07:54:00
41.00306,15.8709,5.96,64,T,modis,2026-09-24 07:54:00
39.19482,17.08416,11.54,nominal,N,viirs_snpp,2026-09-24 10:49:00
39.19233,17.07644,7.26,nominal,N,viirs_snpp,2026-09-24 10:49:00
39.19273,17.07593,8.43,nominal,N,viirs_snpp,2026-09-24 10:49:00
40.0612,18.47378,2.42,nominal,N,viirs_snpp,2026-09-24 10:49:00
40.48665,17.85947,5.19,nominal,N,viirs_snpp,2026-09-24 10:49:00
40.75406,16.31225,9.1,nominal,N,viirs_snpp,2026-09-24 10:49:00
40.85649,16.6151,1.32,nominal,N,viirs_snpp,2026-09-24 10:49:00
40.75535,16.3109,7.35,nominal,N,viirs_snpp,2026-09-24 10:49:00
40.85865,16.30355,15.51,nominal,N,viirs_snpp,2026-09-24 10:49:00
40.85606,16.29567,12.38,nominal,N,viirs_snpp,2026-09-24 10:49:00
40.86252,16.29241,12.38,high,N,viirs_snpp,2026-09-24 10:49:00
40.86506,16.30013,15.51,nominal,N,viirs_snpp,2026-09-24 10:49:00
40.85935,16.30224,9.25,nominal,N,viirs_snpp,2026-09-24 10:49:00
40.85672,16.29438,9.25,nominal,N,viirs_snpp,2026-09-24 10:49:00
40.86576,16.29883,11.08,nominal,N,viirs_snpp,2026-09-24 10:49:00
40.86318,16.29109,11.08,nominal,N,viirs_snpp,2026-09-24 10:49:00
40.8308,15.96653,2.84,nominal,N,viirs_snpp,2026-09-24 10:49:00
40.93348,16.18409,3.03,nominal,N,viirs_snpp,2026-09-24 10:51:00
40.83103,15.96566,4.65,nominal,N,viirs_snpp,2026-09-24 10:51:00
40.93486,16.18263,4.83,nominal,N,viirs_snpp,2026-09-24 10:51:00
40.89752,15.70582,6.96,nominal,N,viirs_snpp,2026-09-24 10:51:00
40.89708,15.70987,6.46,nominal,N,viirs_snpp,2026-09-24 10:51:00
40.93182,15.5835,6.71,nominal,N,viirs_snpp,2026-09-24 10:51:00
40.93098,15.58428,6.91,nominal,N,viirs_snpp,2026-09-24 10:51:00
41.19365,15.63192,4.15,nominal,N,viirs_snpp,2026-09-24 10:51:00
41.19334,15.63145,3.8,nominal,N,viirs_snpp,2026-09-24 10:51:00
41.4271,15.84672,3.31,nominal,N,viirs_snpp,2026-09-24 10:51:00
42.61205,18.63579,2.84,nominal,N,viirs_snpp,2026-09-24 10:51:00
42.61868,18.64059,5.08,nominal,N,viirs_snpp,2026-09-24 10:51:00
41.63504,15.16466,11.43,nominal,N,viirs_snpp,2026-09-24 10:51:00
41.81034,15.81709,6.89,nominal,N,viirs_snpp,2026-09-24 10:51:00
41.6347,15.16929,5.38,nominal,N,viirs_snpp,2026-09-24 10:51:00
41.63202,15.16152,5.38,nominal,N,viirs_snpp,2026-09-24 10:51:00
42.83201,18.84251,26.36,high,N,viirs_snpp,2026-09-24 10:51:00
42.8306,18.83782,16.27,nominal,N,viirs_snpp,2026-09-24 10:51:00
41.60042,14.91097,5.71,nominal,N,viirs_snpp,2026-09-24 10:51:00
43.40676,18.23973,3.48,nominal,N,viirs_snpp,2026-09-24 10:51:00
43.63763,17.59696,8.46,nominal,N,viirs_snpp,2026-09-24 10:51:00
43.63548,17.58998,8.46,nominal,N,viirs_snpp,2026-09-24 10:51:00
36.24434,9.13571,6.3,nominal,N,viirs_snpp,2026-09-24 12:29:00
36.07385,7.34542,1.88,nominal,N,viirs_snpp,2026-09-24 12:29:00
36.39732,9.07689,4.37,low,N,viirs_snpp,2026-09-24 12:29:00
36.18497,7.63629,4.15,nominal,N,viirs_snpp,2026-09-24 12:29:00
36.16679,7.19217,4.29,nominal,N,viirs_snpp,2026-09-24 12:29:00
37.20041,13.71115,2.94,nominal,N,viirs_snpp,2026-09-24 12:29:00
37.20398,13.71042,7.03,nominal,N,viirs_snpp,2026-09-24 12:29:00
36.61568,8.82958,2.83,low,N,viirs_snpp,2026-09-24 12:29:00
36.72204,9.37463,2.11,low,N,viirs_snpp,2026-09-24 12:29:00
37.3661,13.6769,5.31,nominal,N,viirs_snpp,2026-09-24 12:29:00
37.4868,14.61314,2.6,low,N,viirs_snpp,2026-09-24 12:29:00
37.48774,14.61617,3.25,low,N,viirs_snpp,2026-09-24 12:29:00
36.82077,9.56956,2.25,low,N,viirs_snpp,2026-09-24 12:29:00
36.82423,9.29226,4.87,low,N,viirs_snpp,2026-09-24 12:29:00
36.8876,9.62441,4.4,low,N,viirs_snpp,2026-09-24 12:29:00
36.89021,9.61932,3.89,low,N,viirs_snpp,2026-09-24 12:29:00
37.48996,13.75031,3.42,nominal,N,viirs_snpp,2026-09-24 12:29:00
37.48934,13.7453,4.63,nominal,N,viirs_snpp,2026-09-24 12:29:00
37.49927,13.79581,1.51,nominal,N,viirs_snpp,2026-09-24 12:29:00
37.49091,13.74759,7.72,nominal,N,viirs_snpp,2026-09-24 12:29:00
37.52009,13.86882,2.08,nominal,N,viirs_snpp,2026-09-24 12:29:00
37.47142,13.37799,3.11,nominal,N,viirs_snpp,2026-09-24 12:29:00
36.93047,9.4454,3.3,low,N,viirs_snpp,2026-09-24 12:29:00
37.58929,13.89187,3.33,nominal,N,viirs_snpp,2026-09-24 12:29:00
37.58869,13.88693,4.08,nominal,N,viirs_snpp,2026-09-24 12:29:00
37.5881,13.882,4.08,nominal,N,viirs_snpp,2026-09-24 12:29:00
37.57794,13.79869,3.55,low,N,viirs_snpp,2026-09-24 12:29:00
37.58218,13.80327,6.21,low,N,viirs_snpp,2026-09-24 12:29:00
37.58577,13.80253,6.21,low,N,viirs_snpp,2026-09-24 12:29:00
37.59245,13.8271,3.17,nominal,N,viirs_snpp,2026-09-24 12:29:00
37.61411,13.88321,5.64,low,N,viirs_snpp,2026-09-24 12:29:00
37.61346,13.87795,5.64,nominal,N,viirs_snpp,2026-09-24 12:29:00
37.60271,13.76101,2.17,low,N,viirs_snpp,2026-09-24 12:29:00
37.61394,13.88052,7.85,nominal,N,viirs_snpp,2026-09-24 12:29:00
37.60314,13.75836,4.58,nominal,N,viirs_snpp,2026-09-24 12:29:00
37.62176,13.8842,4.62,low,N,viirs_snpp,2026-09-24 12:29:00
37.62535,13.88334,13.88,nominal,N,viirs_snpp,2026-09-24 12:29:00
37.00912,9.30145,4.25,nominal,N,viirs_snpp,2026-09-24 12:29:00
37.01241,9.3006,6.88,nominal,N,viirs_snpp,2026-09-24 12:29:00
37.07586,9.65566,2.76,nominal,N,viirs_snpp,2026-09-24 12:29:00
37.67448,13.9542,5.6,nominal,N,viirs_snpp,2026-09-24 12:29:00
37.82145,15.17288,15.62,nominal,N,viirs_snpp,2026-09-24 12:29:00
37.07283,9.57166,3.73,nominal,N,viirs_snpp,2026-09-24 12:29:00
36.78803,7.69595,1.24,nominal,N,viirs_snpp,2026-09-24 12:29:00
38.00913,16.09587,2.43,nominal,N,viirs_snpp,2026-09-24 12:29:00
37.82048,13.2135,5.29,nominal,N,viirs_snpp,2026-09-24 12:29:00
37.82754,13.21222,4.98,nominal,N,viirs_snpp,2026-09-24 12:29:00
37.8317,13.21649,5.14,nominal,N,viirs_snpp,2026-09-24 12:29:00
37.83107,13.21151,4.14,nominal,N,viirs_snpp,2026-09-24 12:29:00
37.82981,13.20156,9.33,low,N,viirs_snpp,2026-09-24 12:29:00
37.82918,13.19661,9.33,nominal,N,viirs_snpp,2026-09-24 12:29:00
37.83521,13.21574,5.14,nominal,N,viirs_snpp,2026-09-24 12:29:00
37.83458,13.21076,4.14,low,N,viirs_snpp,2026-09-24 12:29:00
37.83747,13.20509,3.83,low,N,viirs_snpp,2026-09-24 12:29:00
37.86749,13.24732,3.38,nominal,N,viirs_snpp,2026-09-24 12:29:00
37.85667,12.8747,5.03,nominal,N,viirs_snpp,2026-09-24 12:29:00
37.86014,12.87394,9.76,nominal,N,viirs_snpp,2026-09-24 12:29:00
37.94078,13.28363,4.36,nominal,N,viirs_snpp,2026-09-24 12:29:00
37.94017,13.27874,4.36,nominal,N,viirs_snpp,2026-09-24 12:29:00
37.9585,12.69199,3.46,nominal,N,viirs_snpp,2026-09-24 12:29:00
38.93778,16.99308,3.36,nominal,N,viirs_snpp,2026-09-24 12:29:00
38.93734,16.98819,1.31,nominal,N,viirs_snpp,2026-09-24 12:29:00
39.00544,16.17078,14.34,nominal,N,viirs_snpp,2026-09-24 12:29:00
39.1081,17.02791,3.12,nominal,N,viirs_snpp,2026-09-24 12:29:00
39.10762,17.02264,3.12,nominal,N,viirs_snpp,2026-09-24 12:29:00
39.16758,17.08743,1.99,low,N,viirs_snpp,2026-09-24 12:29:00
39.18198,17.10164,6.93,nominal,N,viirs_snpp,2026-09-24 12:29:00
39.18876,17.07928,6.16,nominal,N,viirs_snpp,2026-09-24 12:29:00
39.20073,17.1151,2.91,nominal,N,viirs_snpp,2026-09-24 12:29:00
40.10322,15.52547,4.29,nominal,N,viirs_snpp,2026-09-24 12:32:00
40.10723,15.52461,7.2,nominal,N,viirs_snpp,2026-09-24 12:32:00
40.53443,17.49125,4.66,low,N,viirs_snpp,2026-09-24 12:32:00
40.53394,17.48543,3.95,nominal,N,viirs_snpp,2026-09-24 12:32:00
40.53891,17.49062,4.66,nominal,N,viirs_snpp,2026-09-24 12:32:00
40.53843,17.48478,3.95,nominal,N,viirs_snpp,2026-09-24 12:32:00
40.53064,17.48496,8.48,nominal,N,viirs_snpp,2026-09-24 12:32:00
40.53558,17.49015,8.48,nominal,N,viirs_snpp,2026-09-24 12:32:00
40.3807,15.59706,2.16,nominal,N,viirs_snpp,2026-09-24 12:32:00
40.74479,16.31314,3.02,nominal,N,viirs_snpp,2026-09-24 12:32:00
40.85702,16.61516,5.22,nominal,N,viirs_snpp,2026-09-24 12:32:00
40.86131,16.6144,5.22,nominal,N,viirs_snpp,2026-09-24 12:32:00
40.85443,15.97621,5.77,nominal,N,viirs_snpp,2026-09-24 12:32:00
40.89124,15.8295,8.87,nominal,N,viirs_snpp,2026-09-24 12:32:00
40.93344,16.19044,5.35,nominal,N,viirs_snpp,2026-09-24 12:32:00
40.93764,16.18963,5.35,nominal,N,viirs_snpp,2026-09-24 12:32:00
40.93718,16.18466,9.11,nominal,N,viirs_snpp,2026-09-24 12:32:00
40.93284,15.58066,5.75,nominal,N,viirs_snpp,2026-09-24 12:32:00
40.95665,14.17984,5.77,nominal,N,viirs_snpp,2026-09-24 12:32:00
41.10033,15.52713,19.56,nominal,N,viirs_snpp,2026-09-24 12:32:00
41.08836,14.5915,7.87,nominal,N,viirs_snpp,2026-09-24 12:32:00
41.11502,14.16614,31.04,nominal,N,viirs_snpp,2026-09-24 12:32:00
41.11884,14.16544,4.37,nominal,N,viirs_snpp,2026-09-24 12:32:00
41.16142,14.05698,3.71,low,N,viirs_snpp,2026-09-24 12:32:00
41.43008,15.84647,11.45,high,N,viirs_snpp,2026-09-24 12:32:00
41.54383,15.83528,1.5,nominal,N,viirs_snpp,2026-09-24 12:32:00
41.64497,15.44253,2.05,nominal,N,viirs_snpp,2026-09-24 12:32:00
41.59649,12.94184,5.58,low,N,viirs_snpp,2026-09-24 12:32:00
41.89867,14.96583,3.02,nominal,N,viirs_snpp,2026-09-24 12:32:00
42.6177,18.60223,4.6,nominal,N,viirs_snpp,2026-09-24 12:32:00
42.61524,18.60214,4.73,nominal,N,viirs_snpp,2026-09-24 12:32:00
42.82866,18.8338,9.73,nominal,N,viirs_snpp,2026-09-24 12:32:00
42.83409,18.84083,15.44,nominal,N,viirs_snpp,2026-09-24 12:32:00
42.83358,18.83277,15.44,nominal,N,viirs_snpp,2026-09-24 12:32:00
43.65782,6.18889,3,nominal,N,viirs_snpp,2026-09-24 12:32:00
43.6586,6.18558,14.79,nominal,N,viirs_snpp,2026-09-24 12:32:00
43.66274,6.18941,14.79,nominal,N,viirs_snpp,2026-09-24 12:32:00
45.0234,7.61857,23.63,nominal,N,viirs_snpp,2026-09-24 12:32:00
45.02266,7.61374,23.63,nominal,N,viirs_snpp,2026-09-24 12:32:00
45.02995,7.61658,3.17,nominal,N,viirs_snpp,2026-09-24 12:32:00
45.02921,7.61176,3.17,nominal,N,viirs_snpp,2026-09-24 12:32:00
41.95076,14.84249,1.05,nominal,N,viirs_snpp,2026-09-25 00:50:00
41.95009,14.8485,1.21,nominal,N,viirs_snpp,2026-09-25 00:50:00
41.88369,15.20234,1.76,nominal,N,viirs_snpp,2026-09-25 00:50:00
41.88435,15.19647,0.8,nominal,N,viirs_snpp,2026-09-25 00:50:00
41.87998,15.2016,1.76,nominal,N,viirs_snpp,2026-09-25 00:50:00
41.88064,15.19574,0.8,nominal,N,viirs_snpp,2026-09-25 00:50:00
41.88298,15.20172,2.84,nominal,N,viirs_snpp,2026-09-25 00:50:00
41.88367,15.19586,2.84,nominal,N,viirs_snpp,2026-09-25 00:50:00
41.87927,15.20098,2.84,nominal,N,viirs_snpp,2026-09-25 00:50:00
41.87996,15.19514,2.84,nominal,N,viirs_snpp,2026-09-25 00:50:00
41.73777,13.00408,1.07,nominal,N,viirs_snpp,2026-09-25 00:50:00
39.21299,8.40528,0.8,nominal,N,viirs_snpp,2026-09-25 00:50:00
37.43303,14.91281,5.24,low,N20,viirs_noaa20,2026-09-24 11:10:00
37.45207,13.76964,7.6,nominal,N20,viirs_noaa20,2026-09-24 11:10:00
37.45095,13.77054,5.32,nominal,N20,viirs_noaa20,2026-09-24 11:10:00
37.53568,13.87517,10.11,high,N20,viirs_noaa20,2026-09-24 11:10:00
38.15801,16.08047,2.65,nominal,N20,viirs_noaa20,2026-09-24 11:10:00
38.15689,16.07634,2.65,nominal,N20,viirs_noaa20,2026-09-24 11:10:00
37.59151,13.86039,17.08,high,N20,viirs_noaa20,2026-09-24 11:10:00
37.61164,13.88377,3.3,nominal,N20,viirs_noaa20,2026-09-24 11:10:00
37.59106,13.86166,14.99,high,N20,viirs_noaa20,2026-09-24 11:10:00
37.82267,14.65272,4.03,nominal,N20,viirs_noaa20,2026-09-24 11:10:00
37.58956,13.85662,12.03,nominal,N20,viirs_noaa20,2026-09-24 11:10:00
37.61149,13.88546,3.5,nominal,N20,viirs_noaa20,2026-09-24 11:10:00
38.73107,16.4981,1.75,nominal,N20,viirs_noaa20,2026-09-24 11:10:00
37.81889,13.21366,6.54,nominal,N20,viirs_noaa20,2026-09-24 11:10:00
37.78656,12.96697,9.88,high,N20,viirs_noaa20,2026-09-24 11:10:00
37.82309,13.21703,1.83,nominal,N20,viirs_noaa20,2026-09-24 11:10:00
38.96132,17.15876,3.47,low,N20,viirs_noaa20,2026-09-24 11:10:00
37.78788,12.96556,9.89,high,N20,viirs_noaa20,2026-09-24 11:10:00
38.79779,16.47537,1.03,nominal,N20,viirs_noaa20,2026-09-24 11:10:00
37.88053,13.24797,5.1,nominal,N20,viirs_noaa20,2026-09-24 11:10:00
37.88952,13.18677,8.72,nominal,N20,viirs_noaa20,2026-09-24 11:10:00
37.89764,13.19094,9.02,high,N20,viirs_noaa20,2026-09-24 11:10:00
37.89564,13.18428,9.02,nominal,N20,viirs_noaa20,2026-09-24 11:10:00
37.81385,12.91353,5.31,nominal,N20,viirs_noaa20,2026-09-24 11:10:00
37.97086,13.34456,6.68,nominal,N20,viirs_noaa20,2026-09-24 11:10:00
38.96799,16.80423,2.24,nominal,N20,viirs_noaa20,2026-09-24 11:10:00
37.94474,12.90197,4.44,nominal,N20,viirs_noaa20,2026-09-24 11:10:00
39.11097,17.02915,2.39,nominal,N20,viirs_noaa20,2026-09-24 11:10:00
39.18783,17.10248,2.24,nominal,N20,viirs_noaa20,2026-09-24 11:10:00
39.18687,17.09881,2.24,nominal,N20,viirs_noaa20,2026-09-24 11:10:00
39.18985,17.08938,2.51,nominal,N20,viirs_noaa20,2026-09-24 11:10:00
39.18889,17.08569,5.07,nominal,N20,viirs_noaa20,2026-09-24 11:10:00
39.18793,17.082,5.07,nominal,N20,viirs_noaa20,2026-09-24 11:10:00
39.19282,17.07995,5.07,high,N20,viirs_noaa20,2026-09-24 11:10:00
39.22919,17.05285,1.08,nominal,N20,viirs_noaa20,2026-09-24 11:10:00
39.13253,16.14336,3.01,nominal,N20,viirs_noaa20,2026-09-24 11:10:00
39.13123,16.14484,3.86,nominal,N20,viirs_noaa20,2026-09-24 11:10:00
40.39597,17.58954,4.15,nominal,N20,viirs_noaa20,2026-09-24 11:10:00
40.48293,17.86129,10.15,nominal,N20,viirs_noaa20,2026-09-24 11:10:00
40.39549,17.58889,0.92,nominal,N20,viirs_noaa20,2026-09-24 11:10:00
40.48403,17.85975,11.78,nominal,N20,viirs_noaa20,2026-09-24 11:10:00
40.12196,15.65631,5.98,nominal,N20,viirs_noaa20,2026-09-24 11:10:00
40.29417,15.87492,1.6,nominal,N20,viirs_noaa20,2026-09-24 11:10:00
40.77258,16.53618,3.2,nominal,N20,viirs_noaa20,2026-09-24 11:10:00
40.75312,16.31517,3.14,nominal,N20,viirs_noaa20,2026-09-24 11:10:00
40.7522,16.3116,3.14,nominal,N20,viirs_noaa20,2026-09-24 11:10:00
40.75102,16.31224,2.43,nominal,N20,viirs_noaa20,2026-09-24 11:10:00
40.75684,16.31369,3.98,nominal,N20,viirs_noaa20,2026-09-24 11:10:00
40.85791,16.61643,2.16,nominal,N20,viirs_noaa20,2026-09-24 11:10:00
40.83901,16.33766,5.17,nominal,N20,viirs_noaa20,2026-09-24 11:10:00
40.86243,16.30288,2.74,low,N20,viirs_noaa20,2026-09-24 11:10:00
40.86103,16.30053,2.22,low,N20,viirs_noaa20,2026-09-24 11:10:00
40.93402,16.18575,5.66,high,N20,viirs_noaa20,2026-09-24 11:10:00
40.93503,16.18964,3.97,nominal,N20,viirs_noaa20,2026-09-24 11:10:00
40.94701,16.19395,1.53,nominal,N20,viirs_noaa20,2026-09-24 11:10:00
40.89462,15.71311,7.46,high,N20,viirs_noaa20,2026-09-24 11:10:00
40.92975,15.58922,7.27,nominal,N20,viirs_noaa20,2026-09-24 11:10:00
40.93346,15.58217,4.89,nominal,N20,viirs_noaa20,2026-09-24 11:10:00
41.17686,15.80053,3.99,nominal,N20,viirs_noaa20,2026-09-24 11:10:00
41.14104,15.66482,4.92,nominal,N20,viirs_noaa20,2026-09-24 11:10:00
41.18073,15.79432,8.61,high,N20,viirs_noaa20,2026-09-24 11:10:00
41.1372,15.66391,2.54,nominal,N20,viirs_noaa20,2026-09-24 11:10:00
41.17869,15.79684,6.24,high,N20,viirs_noaa20,2026-09-24 11:10:00
41.17764,15.79296,6.24,nominal,N20,viirs_noaa20,2026-09-24 11:10:00
41.14215,15.66164,2.54,nominal,N20,viirs_noaa20,2026-09-24 11:10:00
41.14621,15.57355,1.66,nominal,N20,viirs_noaa20,2026-09-24 11:10:00
41.19532,15.63168,2.37,nominal,N20,viirs_noaa20,2026-09-24 11:10:00
41.42691,15.85152,3.1,nominal,N20,viirs_noaa20,2026-09-24 11:10:00
41.42591,15.84769,3.1,nominal,N20,viirs_noaa20,2026-09-24 11:10:00
41.42961,15.84725,6.26,nominal,N20,viirs_noaa20,2026-09-24 11:10:00
41.34482,15.34622,1.37,low,N20,viirs_noaa20,2026-09-24 11:10:00
41.44383,15.63245,5.39,high,N20,viirs_noaa20,2026-09-24 11:10:00
41.44487,15.63636,5.39,nominal,N20,viirs_noaa20,2026-09-24 11:10:00
41.38413,15.40884,1.94,nominal,N20,viirs_noaa20,2026-09-24 11:10:00
41.0587,14.20265,2.76,low,N20,viirs_noaa20,2026-09-24 11:10:00
41.47352,15.64031,1.78,nominal,N20,viirs_noaa20,2026-09-24 11:10:00
41.47534,15.63776,2.34,nominal,N20,viirs_noaa20,2026-09-24 11:10:00
41.5102,15.39523,4.74,high,N20,viirs_noaa20,2026-09-24 11:10:00
41.22239,13.97812,5.23,nominal,N20,viirs_noaa20,2026-09-24 11:10:00
41.81071,15.8202,7.92,high,N20,viirs_noaa20,2026-09-24 11:10:00
42.61006,18.6373,4.22,nominal,N20,viirs_noaa20,2026-09-24 11:10:00
42.62591,18.64639,3.17,nominal,N20,viirs_noaa20,2026-09-24 11:10:00
42.83306,18.84323,27.83,nominal,N20,viirs_noaa20,2026-09-24 11:10:00
42.83195,18.83838,39.71,nominal,N20,viirs_noaa20,2026-09-24 11:10:00
42.83329,18.84547,12.98,nominal,N20,viirs_noaa20,2026-09-24 11:10:00
42.83221,18.84081,24.69,nominal,N20,viirs_noaa20,2026-09-24 11:10:00
42.83103,18.83575,24.69,nominal,N20,viirs_noaa20,2026-09-24 11:10:00
43.0347,17.74255,7.9,nominal,N20,viirs_noaa20,2026-09-24 11:10:00
43.64851,17.7638,4.44,nominal,N20,viirs_noaa20,2026-09-24 11:10:00
43.63186,17.59641,13.43,nominal,N20,viirs_noaa20,2026-09-24 11:10:00
43.63759,17.60071,13.43,nominal,N20,viirs_noaa20,2026-09-24 11:10:00
43.63614,17.59463,13.43,nominal,N20,viirs_noaa20,2026-09-24 11:10:00
43.63458,17.58811,9.74,nominal,N20,viirs_noaa20,2026-09-24 11:10:00
36.18196,7.63577,11.38,nominal,N20,viirs_noaa20,2026-09-24 12:49:00
36.18556,7.63523,11.38,nominal,N20,viirs_noaa20,2026-09-24 12:49:00
36.16629,7.19042,3.73,nominal,N20,viirs_noaa20,2026-09-24 12:49:00
36.16663,7.19294,6.06,nominal,N20,viirs_noaa20,2026-09-24 12:49:00
36.17015,7.19225,4.69,nominal,N20,viirs_noaa20,2026-09-24 12:49:00
36.4001,8.56806,8.73,low,N20,viirs_noaa20,2026-09-24 12:49:00
36.30293,6.73822,4.44,nominal,N20,viirs_noaa20,2026-09-24 12:49:00
36.25225,6.32632,5.91,nominal,N20,viirs_noaa20,2026-09-24 12:49:00
36.33923,6.85327,2.51,low,N20,viirs_noaa20,2026-09-24 12:49:00
36.3407,6.85541,7.93,nominal,N20,viirs_noaa20,2026-09-24 12:49:00
37.15836,14.28069,2.49,nominal,N20,viirs_noaa20,2026-09-24 12:49:00
36.48083,7.25572,3.26,nominal,N20,viirs_noaa20,2026-09-24 12:49:00
37.15565,14.16416,3.67,nominal,N20,viirs_noaa20,2026-09-24 12:49:00
37.15932,14.28023,1.85,nominal,N20,viirs_noaa20,2026-09-24 12:49:00
36.72358,9.06975,2.42,low,N20,viirs_noaa20,2026-09-24 12:49:00
37.15731,14.16349,4.91,nominal,N20,viirs_noaa20,2026-09-24 12:49:00
37.15709,14.15989,4.31,nominal,N20,viirs_noaa20,2026-09-24 12:49:00
36.72743,9.06906,2.42,low,N20,viirs_noaa20,2026-09-24 12:49:00
36.75188,9.04063,2.6,low,N20,viirs_noaa20,2026-09-24 12:49:00
36.55044,7.20987,2.88,nominal,N20,viirs_noaa20,2026-09-24 12:49:00
36.80009,9.3428,11.8,low,N20,viirs_noaa20,2026-09-24 12:49:00
37.22355,14.22297,4.01,nominal,N20,viirs_noaa20,2026-09-24 12:49:00
36.82498,9.38896,4.7,nominal,N20,viirs_noaa20,2026-09-24 12:49:00
36.82193,9.28659,7.91,low,N20,viirs_noaa20,2026-09-24 12:49:00
36.8265,9.29204,4.89,low,N20,viirs_noaa20,2026-09-24 12:49:00
36.8884,9.62406,8.11,nominal,N20,viirs_noaa20,2026-09-24 12:49:00
37.36294,13.6795,10.26,high,N20,viirs_noaa20,2026-09-24 12:49:00
37.43731,13.79975,3.42,nominal,N20,viirs_noaa20,2026-09-24 12:49:00
37.436,13.80019,3.28,nominal,N20,viirs_noaa20,2026-09-24 12:49:00
37.48872,13.7488,2.39,nominal,N20,viirs_noaa20,2026-09-24 12:49:00
37.52247,13.87059,2.2,nominal,N20,viirs_noaa20,2026-09-24 12:49:00
37.57756,13.80358,3.91,nominal,N20,viirs_noaa20,2026-09-24 12:49:00
37.5773,13.79957,4.03,nominal,N20,viirs_noaa20,2026-09-24 12:49:00
37.58813,13.88741,3.06,nominal,N20,viirs_noaa20,2026-09-24 12:49:00
37.58793,13.88423,3.06,nominal,N20,viirs_noaa20,2026-09-24 12:49:00
37.58262,13.80284,3.01,low,N20,viirs_noaa20,2026-09-24 12:49:00
37.59457,13.82895,3,nominal,N20,viirs_noaa20,2026-09-24 12:49:00
37.59872,13.81428,3.23,nominal,N20,viirs_noaa20,2026-09-24 12:49:00
37.61337,13.88065,4.5,nominal,N20,viirs_noaa20,2026-09-24 12:49:00
37.67253,13.95617,2.83,nominal,N20,viirs_noaa20,2026-09-24 12:49:00
37.82851,13.20987,13.09,nominal,N20,viirs_noaa20,2026-09-24 12:49:00
37.828,13.20296,8.13,nominal,N20,viirs_noaa20,2026-09-24 12:49:00
37.82749,13.19615,8.13,nominal,N20,viirs_noaa20,2026-09-24 12:49:00
37.83393,13.21612,8.58,nominal,N20,viirs_noaa20,2026-09-24 12:49:00
37.81158,12.85641,4.25,nominal,N20,viirs_noaa20,2026-09-24 12:49:00
37.82526,13.2082,6.94,nominal,N20,viirs_noaa20,2026-09-24 12:49:00
37.83065,13.21467,5.47,nominal,N20,viirs_noaa20,2026-09-24 12:49:00
37.82972,13.20084,15.07,nominal,N20,viirs_noaa20,2026-09-24 12:49:00
37.82925,13.19396,7.31,nominal,N20,viirs_noaa20,2026-09-24 12:49:00
37.86796,13.25149,4.49,nominal,N20,viirs_noaa20,2026-09-24 12:49:00
37.87663,13.30481,8.38,nominal,N20,viirs_noaa20,2026-09-24 12:49:00
37.85582,12.87476,6.55,nominal,N20,viirs_noaa20,2026-09-24 12:49:00
37.88822,13.18655,6.92,nominal,N20,viirs_noaa20,2026-09-24 12:49:00
37.88774,13.17994,6.92,nominal,N20,viirs_noaa20,2026-09-24 12:49:00
37.95393,13.03859,5.74,nominal,N20,viirs_noaa20,2026-09-24 12:49:00
37.99514,12.81102,19.99,nominal,N20,viirs_noaa20,2026-09-24 12:49:00
39.10732,17.02625,4.94,nominal,N20,viirs_noaa20,2026-09-24 12:49:00
39.18358,17.10178,2.76,nominal,N20,viirs_noaa20,2026-09-24 12:49:00
40.10254,15.52703,8.45,high,N20,viirs_noaa20,2026-09-24 12:49:00
40.34921,18.26297,5.43,nominal,N20,viirs_noaa20,2026-09-24 12:49:00
40.34841,18.264,5.91,nominal,N20,viirs_noaa20,2026-09-24 12:49:00
40.38163,16.41023,2.97,nominal,N20,viirs_noaa20,2026-09-24 12:49:00
40.76672,16.50999,8.45,high,N20,viirs_noaa20,2026-09-24 12:49:00
40.78409,14.83636,3.68,nominal,N20,viirs_noaa20,2026-09-24 12:49:00
40.85607,16.61541,5.18,nominal,N20,viirs_noaa20,2026-09-24 12:49:00
40.87865,15.878,3.21,nominal,N20,viirs_noaa20,2026-09-24 12:49:00
40.93145,15.58287,2.29,nominal,N20,viirs_noaa20,2026-09-24 12:49:00
40.93126,15.5781,2.29,nominal,N20,viirs_noaa20,2026-09-24 12:49:00
40.95492,14.18136,1.88,nominal,N20,viirs_noaa20,2026-09-24 12:49:00
40.95797,14.18162,1.33,low,N20,viirs_noaa20,2026-09-24 12:49:00
41.00114,14.29044,0.89,low,N20,viirs_noaa20,2026-09-24 12:49:00
41.08812,14.59083,2.62,low,N20,viirs_noaa20,2026-09-24 12:49:00
41.11641,14.16914,6.94,nominal,N20,viirs_noaa20,2026-09-24 12:49:00
41.11618,14.16474,7.85,nominal,N20,viirs_noaa20,2026-09-24 12:49:00
41.22239,13.98197,16.92,high,N20,viirs_noaa20,2026-09-24 12:49:00
41.22215,13.97761,15.19,nominal,N20,viirs_noaa20,2026-09-24 12:49:00
41.61097,15.14845,1.88,nominal,N20,viirs_noaa20,2026-09-24 12:49:00
41.61073,15.14298,1.88,nominal,N20,viirs_noaa20,2026-09-24 12:49:00
41.60789,15.14779,2.26,nominal,N20,viirs_noaa20,2026-09-24 12:49:00
41.60769,15.14227,2.26,nominal,N20,viirs_noaa20,2026-09-24 12:49:00
41.81196,15.81335,3.85,nominal,N20,viirs_noaa20,2026-09-24 12:49:00
41.83209,15.15018,4.65,nominal,N20,viirs_noaa20,2026-09-24 12:49:00
41.86577,15.22283,3.95,nominal,N20,viirs_noaa20,2026-09-24 12:51:00
41.86555,15.21716,3.95,nominal,N20,viirs_noaa20,2026-09-24 12:51:00
42.83025,18.84543,7.9,nominal,N20,viirs_noaa20,2026-09-24 12:51:00
42.83018,18.83565,7.9,nominal,N20,viirs_noaa20,2026-09-24 12:51:00
42.83184,18.83832,13.19,nominal,N20,viirs_noaa20,2026-09-24 12:51:00
41.88332,15.20028,5.07,nominal,N20,viirs_noaa20,2026-09-25 01:07:00
41.83707,15.09484,0.85,nominal,N20,viirs_noaa20,2026-09-25 01:07:00
41.7853,15.35172,1.86,nominal,N20,viirs_noaa20,2026-09-25 01:07:00
41.75963,15.17959,0.42,nominal,N20,viirs_noaa20,2026-09-25 01:07:00
41.43704,15.29604,0.49,nominal,N20,viirs_noaa20,2026-09-25 01:07:00
39.17055,17.12743,1.53,nominal,N20,viirs_noaa20,2026-09-25 01:09:00
37.42317,15.04184,0.56,nominal,N20,viirs_noaa20,2026-09-25 01:09:00
36.75344,10.19629,1.18,nominal,N20,viirs_noaa20,2026-09-25 01:09:00
36.49932,6.56094,0.4,nominal,N20,viirs_noaa20,2026-09-25 01:09:00
42.82912,18.84443,21.65,54,A,modis,2026-09-24 13:14:00
42.83356,18.8392,24.24,57,A,modis,2026-09-24 13:14:00
36.28701,9.07655,10.18,60,A,modis,2026-09-24 14:48:00
36.04591,6.68865,7.06,53,A,modis,2026-09-24 14:48:00
36.3615,8.66438,7.38,66,A,modis,2026-09-24 14:48:00
36.25297,7.80588,9.34,58,A,modis,2026-09-24 14:48:00
36.66063,6.27851,16.56,78,A,modis,2026-09-24 14:48:00
45.91773,13.37146,5.45,55,T,modis,2026-09-25 08:33:00
42.88423,13.82724,6.57,45,T,modis,2026-09-25 08:33:00
36.65361,9.1681,5.55,59,T,modis,2026-09-25 08:35:00
36.31048,6.73371,8.61,nominal,N,viirs_snpp,2026-09-25 13:53:00
36.31094,6.73299,12.88,nominal,N,viirs_snpp,2026-09-25 13:53:00
40.6171,16.76123,12.74,nominal,N,viirs_snpp,2026-09-25 12:12:00
40.61744,16.7591,8.81,nominal,N,viirs_snpp,2026-09-25 12:12:00
39.56343,8.83645,7.91,nominal,N,viirs_snpp,2026-09-25 12:12:00
39.56713,8.83524,7.91,nominal,N,viirs_snpp,2026-09-25 12:12:00
39.63358,8.93052,1.81,nominal,N,viirs_snpp,2026-09-25 12:12:00
41.20063,15.93411,3.62,nominal,N,viirs_snpp,2026-09-25 12:12:00
41.22327,15.02831,2.52,nominal,N,viirs_snpp,2026-09-25 12:12:00
41.45193,13.53934,14.48,nominal,N,viirs_snpp,2026-09-25 12:12:00
41.45522,13.53845,4.97,nominal,N,viirs_snpp,2026-09-25 12:12:00
41.45451,13.53389,4.97,nominal,N,viirs_snpp,2026-09-25 12:12:00
42.13662,12.28806,0.87,nominal,N,viirs_snpp,2026-09-25 12:12:00
42.39046,11.59735,2.67,nominal,N,viirs_snpp,2026-09-25 12:12:00
42.39535,11.60578,3.38,nominal,N,viirs_snpp,2026-09-25 12:12:00
42.51301,11.84383,2.9,nominal,N,viirs_snpp,2026-09-25 12:12:00
42.51073,11.72614,2.72,nominal,N,viirs_snpp,2026-09-25 12:12:00
43.37687,10.45159,7.63,nominal,N,viirs_snpp,2026-09-25 12:14:00
44.75686,10.78569,4.25,nominal,N,viirs_snpp,2026-09-25 12:14:00
45.33514,11.47681,4.97,nominal,N,viirs_snpp,2026-09-25 12:14:00
45.60216,12.47642,0.79,nominal,N,viirs_snpp,2026-09-25 12:14:00
45.39295,10.43188,4.69,nominal,N,viirs_snpp,2026-09-25 12:14:00
46.54814,6.51456,1.34,nominal,N,viirs_snpp,2026-09-25 12:14:00
46.78947,6.59172,3.7,nominal,N,viirs_snpp,2026-09-25 12:14:00
46.78828,6.58575,2.35,nominal,N,viirs_snpp,2026-09-25 12:14:00
35.84658,9.13901,2.22,low,N,viirs_snpp,2026-09-25 12:12:00
36.24831,9.11458,2.78,low,N,viirs_snpp,2026-09-25 12:12:00
36.25859,9.14438,3.96,low,N,viirs_snpp,2026-09-25 12:12:00
36.29255,9.08763,14.84,nominal,N,viirs_snpp,2026-09-25 12:12:00
36.29147,9.09292,5.13,nominal,N,viirs_snpp,2026-09-25 12:12:00
36.29533,9.09151,5.13,nominal,N,viirs_snpp,2026-09-25 12:12:00
36.36352,9.22077,4.45,low,N,viirs_snpp,2026-09-25 12:12:00
36.70239,10.79453,2.35,nominal,N,viirs_snpp,2026-09-25 12:12:00
36.70141,10.78935,2.35,nominal,N,viirs_snpp,2026-09-25 12:12:00
36.17443,7.2322,6.01,nominal,N,viirs_snpp,2026-09-25 12:12:00
36.17324,7.22688,6.01,nominal,N,viirs_snpp,2026-09-25 12:12:00
36.60785,9.23793,4.95,nominal,N,viirs_snpp,2026-09-25 12:12:00
36.23071,7.19459,3.36,low,N,viirs_snpp,2026-09-25 12:12:00
36.58461,8.7133,21.61,nominal,N,viirs_snpp,2026-09-25 12:12:00
36.58857,8.71211,21.61,nominal,N,viirs_snpp,2026-09-25 12:12:00
36.58763,8.70765,12.6,nominal,N,viirs_snpp,2026-09-25 12:12:00
36.75138,9.40138,7.5,nominal,N,viirs_snpp,2026-09-25 12:12:00
36.23053,6.69081,2.73,nominal,N,viirs_snpp,2026-09-25 12:12:00
36.89349,9.48155,5.94,nominal,N,viirs_snpp,2026-09-25 12:12:00
37.09062,9.97947,2.1,nominal,N,viirs_snpp,2026-09-25 12:12:00
40.9212,16.2336,5.23,nominal,N20,viirs_noaa20,2026-09-25 10:51:00
35.84592,9.14,4.26,nominal,N20,viirs_noaa20,2026-09-25 12:29:00
36.36447,10.25965,12.54,nominal,N20,viirs_noaa20,2026-09-25 12:29:00
36.24696,9.11446,4.1,nominal,N20,viirs_noaa20,2026-09-25 12:29:00
36.45589,9.17039,4.94,low,N20,viirs_noaa20,2026-09-25 12:29:00
36.17213,7.22696,3.88,low,N20,viirs_noaa20,2026-09-25 12:29:00
36.22544,7.19572,2.94,low,N20,viirs_noaa20,2026-09-25 12:29:00
36.47572,8.71293,3.87,nominal,N20,viirs_noaa20,2026-09-25 12:29:00
36.53376,8.66877,3.07,nominal,N20,viirs_noaa20,2026-09-25 12:29:00
36.61,9.10954,2.49,nominal,N20,viirs_noaa20,2026-09-25 12:29:00
36.34756,7.16943,2.73,nominal,N20,viirs_noaa20,2026-09-25 12:29:00
36.70235,9.20502,4.1,nominal,N20,viirs_noaa20,2026-09-25 12:29:00
36.72244,9.24928,6.07,nominal,N20,viirs_noaa20,2026-09-25 12:29:00
36.29092,6.50927,2.25,nominal,N20,viirs_noaa20,2026-09-25 12:29:00
36.75208,9.12701,3.4,nominal,N20,viirs_noaa20,2026-09-25 12:29:00
36.79137,9.37158,2.91,nominal,N20,viirs_noaa20,2026-09-25 12:29:00
36.79468,9.37084,2.91,nominal,N20,viirs_noaa20,2026-09-25 12:32:00
36.78323,9.20092,4.14,nominal,N20,viirs_noaa20,2026-09-25 12:32:00
36.33804,6.35042,0.82,low,N20,viirs_noaa20,2026-09-25 12:32:00
36.34649,6.33849,2.98,nominal,N20,viirs_noaa20,2026-09-25 12:32:00
36.832,9.18544,2.44,low,N20,viirs_noaa20,2026-09-25 12:32:00
36.87837,9.33969,2.23,nominal,N20,viirs_noaa20,2026-09-25 12:32:00
36.4938,6.71164,1.79,nominal,N20,viirs_noaa20,2026-09-25 12:32:00
36.98405,9.48306,13.99,nominal,N20,viirs_noaa20,2026-09-25 12:32:00
37.5271,13.80178,4.94,nominal,N20,viirs_noaa20,2026-09-25 12:32:00
39.5121,8.89421,1.97,low,N20,viirs_noaa20,2026-09-25 12:32:00
39.5652,8.84095,1.3,low,N20,viirs_noaa20,2026-09-25 12:32:00
39.63301,8.93279,1.23,nominal,N20,viirs_noaa20,2026-09-25 12:32:00
39.63634,8.93201,3.62,nominal,N20,viirs_noaa20,2026-09-25 12:32:00
41.09771,15.72876,12.81,nominal,N20,viirs_noaa20,2026-09-25 12:32:00
41.54874,15.76771,3,nominal,N20,viirs_noaa20,2026-09-25 12:32:00
41.45055,13.53888,7.81,nominal,N20,viirs_noaa20,2026-09-25 12:32:00
41.45457,13.53816,6.38,nominal,N20,viirs_noaa20,2026-09-25 12:32:00
42.06235,14.75496,5.33,nominal,N20,viirs_noaa20,2026-09-25 12:32:00
42.13476,12.28734,1.61,nominal,N20,viirs_noaa20,2026-09-25 12:32:00
42.13273,12.28622,4.59,low,N20,viirs_noaa20,2026-09-25 12:32:00
43.50034,11.03986,2.33,nominal,N20,viirs_noaa20,2026-09-25 12:32:00
43.147,6.14189,2.48,nominal,N20,viirs_noaa20,2026-09-25 12:32:00
44.45074,11.85008,0.39,nominal,N20,viirs_noaa20,2026-09-26 00:50:00
43.49931,16.60621,4.91,nominal,N20,viirs_noaa20,2026-09-26 00:50:00
43.50001,16.60113,4.91,nominal,N20,viirs_noaa20,2026-09-26 00:50:00
41.44633,14.00178,2.85,nominal,N20,viirs_noaa20,2026-09-26 00:50:00
41.44567,14.0073,1.76,nominal,N20,viirs_noaa20,2026-09-26 00:50:00
41.44503,14.01253,1.76,nominal,N20,viirs_noaa20,2026-09-26 00:50:00
41.44146,14.01173,1.04,nominal,N20,viirs_noaa20,2026-09-26 00:50:00
41.16816,15.85007,0.76,nominal,N20,viirs_noaa20,2026-09-26 00:50:00
40.82687,16.05446,0.97,nominal,N20,viirs_noaa20,2026-09-26 00:50:00
36.48337,6.22498,0.66,nominal,N20,viirs_noaa20,2026-09-26 00:52:00
36.48841,6.22597,0.98,nominal,N20,viirs_noaa20,2026-09-26 02:32:00
40.70331,17.39881,6.35,61,A,modis,2026-09-25 13:50:00
41.2349,15.61805,5.72,57,A,modis,2026-09-25 13:50:00
41.50483,15.38656,10.62,47,A,modis,2026-09-25 13:50:00
44.42484,12.21351,13.01,69,A,modis,2026-09-25 13:53:00
44.4107,11.77339,26.37,76,A,modis,2026-09-25 13:53:00
45.55519,13.74307,5.51,38,A,modis,2026-09-25 13:53:00
44.9289,10.52056,5.81,37,A,modis,2026-09-25 13:53:00
41.44154,14.01019,72.4,100,T,modis,2026-09-25 19:36:00
41.43995,13.99282,14.67,66,T,modis,2026-09-25 19:36:00
41.44605,14.02168,14.86,62,T,modis,2026-09-25 19:36:00
41.44444,14.00312,68.41,100,T,modis,2026-09-25 19:36:00
41.77466,15.17369,14.33,45,T,modis,2026-09-26 07:33:00
36.18311,7.20203,42.34,69,T,modis,2026-09-26 09:13:00
36.18271,7.1966,32.41,60,T,modis,2026-09-26 09:13:00
43.49843,16.60679,3.99,nominal,N,viirs_snpp,2026-09-26 00:30:00
43.49896,16.59997,3.89,nominal,N,viirs_snpp,2026-09-26 00:30:00
36.48312,6.22849,2.21,nominal,N,viirs_snpp,2026-09-26 02:11:00
41.73709,13.00319,0.53,nominal,N,viirs_snpp,2026-09-26 00:30:00
41.37583,15.23867,0.51,nominal,N,viirs_snpp,2026-09-26 00:30:00
41.44382,14.00848,3.79,nominal,N,viirs_snpp,2026-09-26 00:30:00
41.4443,14.00058,1.84,nominal,N,viirs_snpp,2026-09-26 00:30:00
41.44407,14.00977,2.26,nominal,N,viirs_snpp,2026-09-26 00:30:00
41.44456,14.00239,2.26,nominal,N,viirs_snpp,2026-09-26 00:30:00
36.08382,6.80377,1.39,nominal,N,viirs_snpp,2026-09-26 00:33:00
43.50053,16.6054,0.62,nominal,N,viirs_snpp,2026-09-26 02:11:00
43.3659,12.54667,0.96,nominal,N,viirs_snpp,2026-09-26 02:11:00
42.85799,13.11686,0.31,nominal,N,viirs_snpp,2026-09-26 02:11:00
41.44693,14.00185,0.63,nominal,N,viirs_snpp,2026-09-26 02:11:00
39.01709,17.15086,1.02,nominal,N,viirs_snpp,2026-09-26 02:11:00
39.45616,8.86346,0.77,nominal,N,viirs_snpp,2026-09-26 02:13:00
37.10703,14.10679,7.04,nominal,N,viirs_snpp,2026-09-26 11:51:00
37.10831,14.10557,7.76,nominal,N,viirs_snpp,2026-09-26 11:51:00
37.26295,14.29554,2.73,nominal,N,viirs_snpp,2026-09-26 11:51:00
37.26096,14.29412,2.97,nominal,N,viirs_snpp,2026-09-26 11:51:00
37.4444,14.89993,7.1,nominal,N,viirs_snpp,2026-09-26 11:51:00
37.44335,14.89451,7.1,nominal,N,viirs_snpp,2026-09-26 11:51:00
37.34957,14.0895,6.41,nominal,N,viirs_snpp,2026-09-26 11:51:00
37.43196,13.97503,3.04,nominal,N,viirs_snpp,2026-09-26 11:51:00
37.49541,13.60958,5.94,nominal,N,viirs_snpp,2026-09-26 11:51:00
37.59595,13.94129,14.25,nominal,N,viirs_snpp,2026-09-26 11:51:00
36.08549,6.91649,3.64,low,N,viirs_snpp,2026-09-26 11:51:00
36.08701,6.91759,4.19,nominal,N,viirs_snpp,2026-09-26 11:51:00
36.09123,6.91056,2.37,low,N,viirs_snpp,2026-09-26 11:51:00
37.77531,13.78063,13.11,nominal,N,viirs_snpp,2026-09-26 11:51:00
37.59116,12.85641,4.59,nominal,N,viirs_snpp,2026-09-26 11:51:00
37.69736,13.11596,3.74,nominal,N,viirs_snpp,2026-09-26 11:51:00
37.69641,13.11153,2.44,nominal,N,viirs_snpp,2026-09-26 11:51:00
36.99749,9.86743,25.16,nominal,N,viirs_snpp,2026-09-26 11:51:00
36.84304,9.21957,3.41,nominal,N,viirs_snpp,2026-09-26 11:51:00
36.84216,9.21605,3.7,nominal,N,viirs_snpp,2026-09-26 11:51:00
36.93998,9.52628,7.4,nominal,N,viirs_snpp,2026-09-26 11:51:00
36.34162,7.17495,1.98,nominal,N,viirs_snpp,2026-09-26 11:51:00
36.97661,9.48397,8.5,nominal,N,viirs_snpp,2026-09-26 11:51:00
36.97324,9.48407,3.38,nominal,N,viirs_snpp,2026-09-26 11:51:00
40.36219,18.27699,3.54,nominal,N,viirs_snpp,2026-09-26 11:53:00
40.37948,15.12571,3.13,nominal,N,viirs_snpp,2026-09-26 11:53:00
40.73628,16.50016,4.88,nominal,N,viirs_snpp,2026-09-26 11:53:00
40.74041,16.50388,4.88,nominal,N,viirs_snpp,2026-09-26 11:53:00
40.73961,16.49917,4.88,nominal,N,viirs_snpp,2026-09-26 11:53:00
39.44578,9.00984,5.78,nominal,N,viirs_snpp,2026-09-26 11:53:00
39.51665,9.01075,15.05,nominal,N,viirs_snpp,2026-09-26 11:53:00
39.51722,9.00893,16.55,nominal,N,viirs_snpp,2026-09-26 11:53:00
41.07816,15.32836,5.32,nominal,N,viirs_snpp,2026-09-26 11:53:00
41.29007,16.04648,1.14,nominal,N,viirs_snpp,2026-09-26 11:53:00
41.06419,14.22582,1.85,nominal,N,viirs_snpp,2026-09-26 11:53:00
41.4577,15.7925,5.69,nominal,N,viirs_snpp,2026-09-26 11:53:00
41.45685,15.78768,5.69,nominal,N,viirs_snpp,2026-09-26 11:53:00
41.46021,15.78663,13.66,nominal,N,viirs_snpp,2026-09-26 11:53:00
41.45937,15.78182,3.8,nominal,N,viirs_snpp,2026-09-26 11:53:00
41.45598,15.76253,3.34,nominal,N,viirs_snpp,2026-09-26 11:53:00
41.46496,15.63207,6.65,nominal,N,viirs_snpp,2026-09-26 11:53:00
41.4641,15.62721,8.46,low,N,viirs_snpp,2026-09-26 11:53:00
41.46748,15.62615,3.52,nominal,N,viirs_snpp,2026-09-26 11:53:00
41.47115,15.61181,3.71,nominal,N,viirs_snpp,2026-09-26 11:53:00
41.47538,15.61561,3.54,nominal,N,viirs_snpp,2026-09-26 11:53:00
41.47452,15.61076,3.54,nominal,N,viirs_snpp,2026-09-26 11:53:00
41.51224,15.80299,2.52,nominal,N,viirs_snpp,2026-09-26 11:53:00
41.51139,15.79818,2.46,nominal,N,viirs_snpp,2026-09-26 11:53:00
41.47876,15.61456,3.54,nominal,N,viirs_snpp,2026-09-26 11:53:00
41.47865,15.59406,2.52,nominal,N,viirs_snpp,2026-09-26 11:53:00
41.55703,15.57451,3.18,nominal,N,viirs_snpp,2026-09-26 11:53:00
41.29085,13.9213,3.75,low,N,viirs_snpp,2026-09-26 11:53:00
41.29212,13.90844,3.96,nominal,N,viirs_snpp,2026-09-26 11:53:00
41.44809,14.00997,6.43,nominal,N,viirs_snpp,2026-09-26 11:53:00
41.72982,15.49342,11.79,low,N,viirs_snpp,2026-09-26 11:53:00
41.73405,15.49724,11.79,nominal,N,viirs_snpp,2026-09-26 11:53:00
41.73318,15.49235,11.79,nominal,N,viirs_snpp,2026-09-26 11:53:00
40.31318,8.61688,5.95,nominal,N,viirs_snpp,2026-09-26 11:53:00
40.31418,8.61668,7.3,nominal,N,viirs_snpp,2026-09-26 11:53:00
41.59174,14.1252,3.56,nominal,N,viirs_snpp,2026-09-26 11:53:00
42.12209,12.51851,10.51,nominal,N,viirs_snpp,2026-09-26 11:53:00
43.34134,17.72628,4.36,nominal,N,viirs_snpp,2026-09-26 11:53:00
43.34532,17.73001,4.36,nominal,N,viirs_snpp,2026-09-26 11:53:00
43.34461,17.72533,4.36,nominal,N,viirs_snpp,2026-09-26 11:53:00
43.34732,17.72613,3.26,nominal,N,viirs_snpp,2026-09-26 11:53:00
44.09588,16.80154,3.17,nominal,N,viirs_snpp,2026-09-26 11:53:00
44.0945,15.34423,3.07,nominal,N,viirs_snpp,2026-09-26 11:53:00
45.21907,16.99146,2.51,nominal,N,viirs_snpp,2026-09-26 11:53:00
45.30599,16.00328,3.18,nominal,N,viirs_snpp,2026-09-26 11:53:00
45.30113,11.13157,2.89,nominal,N,viirs_snpp,2026-09-26 11:53:00
45.49971,11.74889,6.78,nominal,N,viirs_snpp,2026-09-26 11:55:00
45.85064,12.51223,4.72,nominal,N,viirs_snpp,2026-09-26 11:55:00
45.84954,12.51061,4.58,nominal,N,viirs_snpp,2026-09-26 11:55:00
46.8298,18.29282,3.41,nominal,N,viirs_snpp,2026-09-26 11:55:00
46.09175,12.05863,1.85,nominal,N,viirs_snpp,2026-09-26 11:55:00
45.75705,8.99849,2.75,nominal,N,viirs_snpp,2026-09-26 11:55:00
35.69717,6.38022,5.49,nominal,N,viirs_snpp,2026-09-26 13:31:00
35.70274,6.3798,4.7,nominal,N,viirs_snpp,2026-09-26 13:31:00
36.29453,6.99482,3.75,nominal,N,viirs_snpp,2026-09-26 13:33:00
36.46003,7.72408,5.27,nominal,N,viirs_snpp,2026-09-26 13:33:00
36.46152,7.72493,7.54,nominal,N,viirs_snpp,2026-09-26 13:33:00
36.97378,9.62988,2.95,nominal,N,viirs_snpp,2026-09-26 13:33:00
37.86462,12.89645,0.81,nominal,N,viirs_snpp,2026-09-27 00:11:00
44.96465,14.12199,0.88,nominal,N,viirs_snpp,2026-09-27 01:52:00
44.57962,8.94668,0.5,nominal,N,viirs_snpp,2026-09-27 01:52:00
44.57617,8.94542,0.5,nominal,N,viirs_snpp,2026-09-27 01:52:00
41.46245,15.71375,1.58,nominal,N,viirs_snpp,2026-09-27 01:52:00
40.99993,17.14051,0.48,nominal,N,viirs_snpp,2026-09-27 01:52:00
40.58764,18.03547,1.2,nominal,N,viirs_snpp,2026-09-27 01:52:00
40.58901,18.03563,1.1,nominal,N,viirs_snpp,2026-09-27 01:52:00
41.46161,15.71087,0.77,nominal,N,viirs_snpp,2026-09-27 00:11:00
41.46139,15.71634,0.77,nominal,N,viirs_snpp,2026-09-27 00:11:00
40.34286,8.81768,1.05,nominal,N,viirs_snpp,2026-09-27 01:52:00
40.29448,8.60981,0.66,nominal,N,viirs_snpp,2026-09-27 01:52:00
37.86797,12.89968,1.32,nominal,N,viirs_snpp,2026-09-27 01:52:00
37.8633,12.89764,1.32,nominal,N,viirs_snpp,2026-09-27 01:52:00
36.90421,14.72574,0.3,nominal,N,viirs_snpp,2026-09-27 01:54:00
36.90331,14.72608,0.46,nominal,N,viirs_snpp,2026-09-27 01:54:00
40.58563,18.03329,1.04,nominal,N,viirs_snpp,2026-09-27 00:11:00
36.13299,8.72775,5.1,nominal,N20,viirs_noaa20,2026-09-26 12:12:00
36.13922,8.72018,10.53,nominal,N20,viirs_noaa20,2026-09-26 12:12:00
36.13816,8.71478,4.51,low,N20,viirs_noaa20,2026-09-26 12:12:00
36.08534,6.9188,3.76,nominal,N20,viirs_noaa20,2026-09-26 12:12:00
37.31713,13.76603,3.75,nominal,N20,viirs_noaa20,2026-09-26 12:12:00
36.08626,6.92012,2.44,nominal,N20,viirs_noaa20,2026-09-26 12:12:00
36.10908,6.84787,3.23,nominal,N20,viirs_noaa20,2026-09-26 12:12:00
37.36702,13.64285,1.8,nominal,N20,viirs_noaa20,2026-09-26 12:12:00
36.24736,7.13812,9.84,nominal,N20,viirs_noaa20,2026-09-26 12:12:00
37.41442,13.64175,6.14,nominal,N20,viirs_noaa20,2026-09-26 12:12:00
37.41378,13.63743,6.14,nominal,N20,viirs_noaa20,2026-09-26 12:12:00
36.2504,7.13271,9.84,nominal,N20,viirs_noaa20,2026-09-26 12:12:00
36.74154,9.48726,2.41,nominal,N20,viirs_noaa20,2026-09-26 12:12:00
37.50534,13.86739,6.86,nominal,N20,viirs_noaa20,2026-09-26 12:12:00
36.40833,7.53769,2.3,low,N20,viirs_noaa20,2026-09-26 12:12:00
36.33931,7.17976,3.06,nominal,N20,viirs_noaa20,2026-09-26 12:12:00
36.33843,7.17544,3.06,nominal,N20,viirs_noaa20,2026-09-26 12:12:00
36.22723,6.6214,4.26,nominal,N20,viirs_noaa20,2026-09-26 12:12:00
37.49473,13.60981,2.56,low,N20,viirs_noaa20,2026-09-26 12:12:00
37.49409,13.60548,2.23,low,N20,viirs_noaa20,2026-09-26 12:12:00
37.53815,13.88211,2.65,nominal,N20,viirs_noaa20,2026-09-26 12:12:00
37.53673,13.80322,2.96,nominal,N20,viirs_noaa20,2026-09-26 12:12:00
37.50963,13.57182,6.51,nominal,N20,viirs_noaa20,2026-09-26 12:12:00
37.58537,13.80979,2.76,nominal,N20,viirs_noaa20,2026-09-26 12:12:00
37.58674,13.79588,4.85,nominal,N20,viirs_noaa20,2026-09-26 12:12:00
37.61155,13.9432,4.67,nominal,N20,viirs_noaa20,2026-09-26 12:12:00
37.54778,13.32608,9.05,nominal,N20,viirs_noaa20,2026-09-26 12:12:00
37.65263,14.01502,2.99,nominal,N20,viirs_noaa20,2026-09-26 12:12:00
36.99555,9.87386,0.73,low,N20,viirs_noaa20,2026-09-26 12:12:00
36.99469,9.86913,2.29,nominal,N20,viirs_noaa20,2026-09-26 12:12:00
36.99594,9.87091,5,nominal,N20,viirs_noaa20,2026-09-26 12:12:00
36.99937,9.86987,3.54,nominal,N20,viirs_noaa20,2026-09-26 12:12:00
37.65934,13.73521,2.42,nominal,N20,viirs_noaa20,2026-09-26 12:12:00
36.97627,9.48717,5.33,nominal,N20,viirs_noaa20,2026-09-26 12:12:00
37.58951,12.86203,3.56,nominal,N20,viirs_noaa20,2026-09-26 12:12:00
37.58885,12.85773,3.56,nominal,N20,viirs_noaa20,2026-09-26 12:12:00
37.59212,12.85693,5.65,nominal,N20,viirs_noaa20,2026-09-26 12:12:00
36.48365,6.60755,2.66,nominal,N20,viirs_noaa20,2026-09-26 12:12:00
37.77487,13.78123,6.06,nominal,N20,viirs_noaa20,2026-09-26 12:12:00
37.69297,13.11452,6.68,nominal,N20,viirs_noaa20,2026-09-26 12:12:00
36.46602,6.38519,1.89,low,N20,viirs_noaa20,2026-09-26 12:12:00
37.66033,12.68019,4.76,nominal,N20,viirs_noaa20,2026-09-26 12:12:00
37.73701,12.80113,2.66,nominal,N20,viirs_noaa20,2026-09-26 12:12:00
38.15729,15.22947,5.17,nominal,N20,viirs_noaa20,2026-09-26 12:12:00
38.16006,15.22635,3.53,nominal,N20,viirs_noaa20,2026-09-26 12:12:00
37.99371,13.09997,10.04,nominal,N20,viirs_noaa20,2026-09-26 12:12:00
37.95799,12.73174,54.82,nominal,N20,viirs_noaa20,2026-09-26 12:12:00
37.96127,12.73094,4.93,nominal,N20,viirs_noaa20,2026-09-26 12:12:00
38.76888,16.23113,1.71,nominal,N20,viirs_noaa20,2026-09-26 12:12:00
38.83522,16.29693,1.46,nominal,N20,viirs_noaa20,2026-09-26 12:12:00
38.83338,16.29492,2.11,nominal,N20,viirs_noaa20,2026-09-26 12:12:00
39.00844,16.87002,2.51,nominal,N20,viirs_noaa20,2026-09-26 12:12:00
39.0078,16.86456,2.51,nominal,N20,viirs_noaa20,2026-09-26 12:12:00
39.00769,16.86836,3.55,nominal,N20,viirs_noaa20,2026-09-26 12:12:00
39.36193,8.9161,3.4,low,N20,viirs_noaa20,2026-09-26 12:12:00
39.36631,8.92003,3.4,low,N20,viirs_noaa20,2026-09-26 12:12:00
39.51463,9.0091,4.49,nominal,N20,viirs_noaa20,2026-09-26 12:12:00
40.7378,16.50174,6.88,nominal,N20,viirs_noaa20,2026-09-26 12:12:00
40.24253,9.00326,2.15,low,N20,viirs_noaa20,2026-09-26 12:14:00
40.31311,8.61928,3.5,low,N20,viirs_noaa20,2026-09-26 12:14:00
41.28813,13.92626,20.25,nominal,N20,viirs_noaa20,2026-09-26 12:14:00
41.28752,13.92165,20.25,nominal,N20,viirs_noaa20,2026-09-26 12:14:00
41.29301,13.91073,2.95,low,N20,viirs_noaa20,2026-09-26 12:14:00
41.55505,15.57551,3.76,nominal,N20,viirs_noaa20,2026-09-26 12:14:00
41.57576,15.67509,3.76,nominal,N20,viirs_noaa20,2026-09-26 12:14:00
41.60192,15.58568,2.91,nominal,N20,viirs_noaa20,2026-09-26 12:14:00
41.65512,15.91416,1.77,nominal,N20,viirs_noaa20,2026-09-26 12:14:00
41.73206,15.49511,3.92,nominal,N20,viirs_noaa20,2026-09-26 12:14:00
41.42278,12.88986,2.45,nominal,N20,viirs_noaa20,2026-09-26 12:14:00
41.69072,13.74424,2.04,nominal,N20,viirs_noaa20,2026-09-26 12:14:00
41.67593,12.56519,2.87,nominal,N20,viirs_noaa20,2026-09-26 12:14:00
41.566,9.28519,2.49,nominal,N20,viirs_noaa20,2026-09-26 12:14:00
42.12129,12.51466,3.48,low,N20,viirs_noaa20,2026-09-26 12:14:00
43.8186,11.06444,1.92,nominal,N20,viirs_noaa20,2026-09-26 12:14:00
43.84126,11.14662,6.72,low,N20,viirs_noaa20,2026-09-26 12:14:00
44.38853,11.73694,1.4,nominal,N20,viirs_noaa20,2026-09-26 12:14:00
44.51889,11.53313,3.41,nominal,N20,viirs_noaa20,2026-09-26 12:14:00
43.79986,6.77825,6.24,nominal,N20,viirs_noaa20,2026-09-26 12:14:00
43.79882,6.77278,3.84,nominal,N20,viirs_noaa20,2026-09-26 12:14:00
44.6365,11.17053,2.86,nominal,N20,viirs_noaa20,2026-09-26 12:14:00
44.70177,11.31453,1.74,nominal,N20,viirs_noaa20,2026-09-26 12:14:00
44.86222,11.57474,3.06,nominal,N20,viirs_noaa20,2026-09-26 12:14:00
45.04246,11.81117,2.54,nominal,N20,viirs_noaa20,2026-09-26 12:14:00
44.424,6.72312,3.17,nominal,N20,viirs_noaa20,2026-09-26 12:14:00
45.05433,9.41253,1.16,low,N20,viirs_noaa20,2026-09-26 12:14:00
45.39695,11.21811,3.25,nominal,N20,viirs_noaa20,2026-09-26 12:14:00
46.2355,16.25163,2.42,nominal,N20,viirs_noaa20,2026-09-26 12:14:00
45.1587,7.77692,1.58,nominal,N20,viirs_noaa20,2026-09-26 12:14:00
45.74604,11.44254,2.08,nominal,N20,viirs_noaa20,2026-09-26 12:14:00
45.20428,7.89533,1.8,low,N20,viirs_noaa20,2026-09-26 12:14:00
45.18573,7.7296,2.01,nominal,N20,viirs_noaa20,2026-09-26 12:14:00
45.68919,9.76015,3.29,nominal,N20,viirs_noaa20,2026-09-26 12:14:00
45.66058,9.23681,2.44,nominal,N20,viirs_noaa20,2026-09-26 12:14:00
45.56082,8.14624,3.1,nominal,N20,viirs_noaa20,2026-09-26 12:14:00
45.75629,9.29938,1.58,nominal,N20,viirs_noaa20,2026-09-26 12:14:00
45.7555,9.29449,1.58,nominal,N20,viirs_noaa20,2026-09-26 12:14:00
47.39919,7.54041,5,nominal,N20,viirs_noaa20,2026-09-26 12:17:00
44.57738,8.94244,1.39,nominal,N20,viirs_noaa20,2026-09-27 00:30:00
44.58136,8.94144,1.09,nominal,N20,viirs_noaa20,2026-09-27 00:30:00
41.4653,15.70937,1.02,nominal,N20,viirs_noaa20,2026-09-27 00:33:00
41.46484,15.7143,1.02,nominal,N20,viirs_noaa20,2026-09-27 00:33:00
40.58653,18.03216,1.51,nominal,N20,viirs_noaa20,2026-09-27 00:33:00
40.34368,8.81075,0.95,nominal,N20,viirs_noaa20,2026-09-27 00:33:00
40.29766,8.60588,1.67,nominal,N20,viirs_noaa20,2026-09-27 00:33:00
40.29747,8.61171,1.67,nominal,N20,viirs_noaa20,2026-09-27 00:33:00
40.29727,8.61764,1.49,nominal,N20,viirs_noaa20,2026-09-27 00:33:00
40.30058,8.60591,1.09,nominal,N20,viirs_noaa20,2026-09-27 00:33:00
40.29462,8.60557,1.09,nominal,N20,viirs_noaa20,2026-09-27 00:33:00
40.29417,8.61723,3.09,nominal,N20,viirs_noaa20,2026-09-27 00:33:00
39.58421,9.04737,0.83,nominal,N20,viirs_noaa20,2026-09-27 00:33:00
37.86473,12.89699,0.84,nominal,N20,viirs_noaa20,2026-09-27 00:33:00
37.29921,13.7934,0.32,nominal,N20,viirs_noaa20,2026-09-27 00:33:00
40.34472,8.81812,0.5,nominal,N20,viirs_noaa20,2026-09-27 02:11:00
40.29482,8.60314,0.75,nominal,N20,viirs_noaa20,2026-09-27 02:11:00
36.48321,6.2255,0.47,nominal,N20,viirs_noaa20,2026-09-27 02:13:00
44.57738,8.94524,0.51,nominal,N20,viirs_noaa20,2026-09-27 02:11:00
41.46233,15.71033,1.37,nominal,N20,viirs_noaa20,2026-09-27 02:11:00
37.19501,13.97808,8.93,70,A,modis,2026-09-26 14:27:00
37.32381,14.10958,10.52,74,A,modis,2026-09-26 14:27:00
37.3328,14.10788,6.9,43,A,modis,2026-09-26 14:27:00
37.435,14.18782,5.44,43,A,modis,2026-09-26 14:27:00
37.43344,14.17608,71.91,97,A,modis,2026-09-26 14:27:00
37.43189,14.16436,7.58,65,A,modis,2026-09-26 14:27:00
37.44362,14.17954,4.8,55,A,modis,2026-09-26 14:27:00
37.48891,13.89604,5.7,59,A,modis,2026-09-26 14:27:00
37.46118,13.69094,4.97,53,A,modis,2026-09-26 14:27:00
37.4949,13.66622,3.36,42,A,modis,2026-09-26 14:27:00
37.49003,13.56301,4.98,44,A,modis,2026-09-26 14:27:00
37.55457,13.77056,19.27,81,A,modis,2026-09-26 14:27:00
37.58499,13.92885,5.07,58,A,modis,2026-09-26 14:27:00
37.57584,13.86045,9.07,69,A,modis,2026-09-26 14:27:00
37.61215,13.91645,5.55,62,A,modis,2026-09-26 14:27:00
37.77042,13.78688,13.22,76,A,modis,2026-09-26 14:27:00
37.7689,13.7754,12.13,75,A,modis,2026-09-26 14:27:00
37.81279,13.15473,4.34,56,A,modis,2026-09-26 14:27:00
37.81126,13.14368,6.35,57,A,modis,2026-09-26 14:27:00
37.80972,12.60059,5.87,68,A,modis,2026-09-26 14:27:00
37.86945,12.89437,8.35,70,A,modis,2026-09-26 14:27:00
37.8421,12.63852,3.41,56,A,modis,2026-09-26 14:27:00
37.84053,12.62753,8.18,71,A,modis,2026-09-26 14:27:00
39.36625,8.91529,6.39,67,A,modis,2026-09-26 14:27:00
39.58125,9.02381,6.8,69,A,modis,2026-09-26 14:29:00
39.57912,9.01137,8.41,71,A,modis,2026-09-26 14:29:00
40.30891,8.63144,5.85,63,A,modis,2026-09-26 14:29:00
41.35222,13.893,7.99,66,A,modis,2026-09-26 14:29:00
41.67251,15.40998,5.52,52,A,modis,2026-09-26 14:29:00
41.67081,15.39431,10.19,69,A,modis,2026-09-26 14:29:00
41.93819,12.15733,12.32,77,A,modis,2026-09-26 14:29:00
41.93656,12.14535,4.67,62,A,modis,2026-09-26 14:29:00
42.84751,11.76074,5.06,57,A,modis,2026-09-26 14:29:00
45.47299,10.20241,6.57,67,A,modis,2026-09-26 14:29:00
47.06384,8.26529,6.43,67,A,modis,2026-09-26 14:29:00
39.00169,16.96182,25.28,64,T,modis,2026-09-26 18:36:00
42.8061,10.94202,7.01,68,T,modis,2026-09-27 08:11:00
41.08131,15.6038,4.34,61,T,modis,2026-09-27 08:11:00
40.52518,18.06765,8.74,50,T,modis,2026-09-27 08:11:00
40.53194,17.69901,10.77,68,T,modis,2026-09-27 08:13:00
40.63049,15.17064,4.92,45,T,modis,2026-09-27 08:13:00
37.66039,14.15285,8.51,68,T,modis,2026-09-27 08:13:00
37.6585,14.16469,6.57,63,T,modis,2026-09-27 08:13:00
36.74403,9.27077,10.02,60,T,modis,2026-09-27 08:13:00
37.47674,14.74777,2.18,low,N,viirs_snpp,2026-09-27 11:34:00
37.54109,14.51107,6.49,nominal,N,viirs_snpp,2026-09-27 11:34:00
37.46519,13.60454,3.2,nominal,N,viirs_snpp,2026-09-27 11:34:00
37.81973,14.70192,5.81,nominal,N,viirs_snpp,2026-09-27 11:34:00
37.61964,13.88241,11.08,nominal,N,viirs_snpp,2026-09-27 11:34:00
36.25885,8.82252,4.69,nominal,N,viirs_snpp,2026-09-27 11:34:00
37.53626,13.34535,4.89,nominal,N,viirs_snpp,2026-09-27 11:34:00
36.50581,9.23077,6.37,nominal,N,viirs_snpp,2026-09-27 11:34:00
36.50702,9.22806,7.6,nominal,N,viirs_snpp,2026-09-27 11:34:00
38.54452,16.55873,1.6,nominal,N,viirs_snpp,2026-09-27 11:34:00
36.66213,9.18669,4.19,nominal,N,viirs_snpp,2026-09-27 11:34:00
36.97688,10.05935,14.99,high,N,viirs_snpp,2026-09-27 11:34:00
36.97126,10.05886,3.9,nominal,N,viirs_snpp,2026-09-27 11:34:00
36.97713,10.05647,10.12,high,N,viirs_snpp,2026-09-27 11:34:00
36.87564,9.57316,12.9,nominal,N,viirs_snpp,2026-09-27 11:34:00
36.87397,9.56746,10.9,nominal,N,viirs_snpp,2026-09-27 11:34:00
37.73838,12.63881,6.03,high,N,viirs_snpp,2026-09-27 11:34:00
37.93964,13.40129,3.76,nominal,N,viirs_snpp,2026-09-27 11:34:00
37.74347,12.63682,6.03,nominal,N,viirs_snpp,2026-09-27 11:34:00
37.79733,12.77994,2.09,nominal,N,viirs_snpp,2026-09-27 11:34:00
38.66278,16.17795,10.3,nominal,N,viirs_snpp,2026-09-27 11:34:00
38.66164,16.17293,4.73,nominal,N,viirs_snpp,2026-09-27 11:34:00
38.66585,16.17157,4.73,nominal,N,viirs_snpp,2026-09-27 11:34:00
37.04753,9.73207,3.93,nominal,N,viirs_snpp,2026-09-27 11:34:00
36.89037,9.19807,3.6,nominal,N,viirs_snpp,2026-09-27 11:34:00
38.80016,16.47306,1.95,nominal,N,viirs_snpp,2026-09-27 11:34:00
38.95756,16.94339,2.47,nominal,N,viirs_snpp,2026-09-27 11:34:00
37.22444,9.68204,2.94,nominal,N,viirs_snpp,2026-09-27 11:34:00
40.52969,18.07004,2.57,nominal,N,viirs_snpp,2026-09-27 11:34:00
40.31744,16.77355,2.37,nominal,N,viirs_snpp,2026-09-27 11:34:00
40.50086,17.61511,3.53,nominal,N,viirs_snpp,2026-09-27 11:34:00
40.52934,17.69604,1.55,nominal,N,viirs_snpp,2026-09-27 11:34:00
40.50217,17.61377,3.33,nominal,N,viirs_snpp,2026-09-27 11:34:00
40.87102,16.55007,2.37,nominal,N,viirs_snpp,2026-09-27 11:34:00
41.45983,15.82887,3.27,low,N,viirs_snpp,2026-09-27 11:34:00
41.54146,15.82773,4.57,nominal,N,viirs_snpp,2026-09-27 11:34:00
41.65203,14.96671,11.75,nominal,N,viirs_snpp,2026-09-27 11:34:00
41.91135,15.30295,2.45,nominal,N,viirs_snpp,2026-09-27 11:34:00
45.02786,17.98413,1.79,nominal,N,viirs_snpp,2026-09-27 11:36:00
46.0358,18.9278,1.95,nominal,N,viirs_snpp,2026-09-27 11:36:00
45.71158,12.30519,3.03,nominal,N,viirs_snpp,2026-09-27 11:36:00
45.68363,12.17092,8.03,nominal,N,viirs_snpp,2026-09-27 11:36:00
45.68782,12.16888,8.03,low,N,viirs_snpp,2026-09-27 11:36:00
36.16241,8.35364,5.16,nominal,N,viirs_snpp,2026-09-27 13:14:00
36.35429,9.02042,14.29,nominal,N,viirs_snpp,2026-09-27 13:14:00
36.35491,9.01952,5.99,nominal,N,viirs_snpp,2026-09-27 13:14:00
36.22287,7.2004,2.97,nominal,N,viirs_snpp,2026-09-27 13:14:00
36.29203,7.11595,12.9,nominal,N,viirs_snpp,2026-09-27 13:14:00
36.29644,7.11504,8.96,nominal,N,viirs_snpp,2026-09-27 13:14:00
36.28704,6.82166,4.87,nominal,N,viirs_snpp,2026-09-27 13:14:00
36.28653,6.81914,4.3,nominal,N,viirs_snpp,2026-09-27 13:14:00
36.37066,7.48126,2.71,nominal,N,viirs_snpp,2026-09-27 13:14:00
36.58002,10.05007,1.82,nominal,N,viirs_snpp,2026-09-27 13:14:00
36.47581,6.66245,3.58,low,N,viirs_snpp,2026-09-27 13:14:00
36.47662,6.6658,6.46,low,N,viirs_snpp,2026-09-27 13:14:00
36.72919,9.58744,5.98,nominal,N,viirs_snpp,2026-09-27 13:14:00
36.8444,10.96921,2.87,nominal,N,viirs_snpp,2026-09-27 13:14:00
36.8167,9.5041,2.79,nominal,N,viirs_snpp,2026-09-27 13:14:00
36.82181,9.5034,2.79,nominal,N,viirs_snpp,2026-09-27 13:14:00
36.82153,9.49937,2.79,nominal,N,viirs_snpp,2026-09-27 13:14:00
36.8188,9.50396,2.87,nominal,N,viirs_snpp,2026-09-27 13:14:00
36.81854,9.49994,2.87,nominal,N,viirs_snpp,2026-09-27 13:14:00
36.82365,9.49916,2.87,nominal,N,viirs_snpp,2026-09-27 13:14:00
36.87991,9.56712,1.82,low,N,viirs_snpp,2026-09-27 13:14:00
36.68755,6.51478,7.43,nominal,N,viirs_snpp,2026-09-27 13:14:00
36.68886,6.51646,5.1,nominal,N,viirs_snpp,2026-09-27 13:14:00
36.68843,6.51172,5.1,nominal,N,viirs_snpp,2026-09-27 13:14:00
36.92653,9.23501,3.28,nominal,N,viirs_snpp,2026-09-27 13:14:00
36.974,9.63796,2.59,nominal,N,viirs_snpp,2026-09-27 13:14:00
37.02374,9.60306,3.05,nominal,N,viirs_snpp,2026-09-27 13:14:00
37.02507,9.60319,4.03,nominal,N,viirs_snpp,2026-09-27 13:14:00
37.24657,13.8566,4.64,nominal,N,viirs_snpp,2026-09-27 13:14:00
37.39075,13.31568,21.65,high,N,viirs_snpp,2026-09-27 13:14:00
37.39706,13.31478,21.65,high,N,viirs_snpp,2026-09-27 13:14:00
37.58894,12.87786,7.8,nominal,N,viirs_snpp,2026-09-27 13:14:00
37.70238,12.65086,4.63,nominal,N,viirs_snpp,2026-09-27 13:14:00
37.87589,12.68701,4.24,nominal,N,viirs_snpp,2026-09-27 13:14:00
37.89093,12.92669,5.03,nominal,N,viirs_snpp,2026-09-27 13:14:00
37.94552,12.73058,3.12,nominal,N,viirs_snpp,2026-09-27 13:14:00
39.37093,8.94099,3.14,nominal,N,viirs_snpp,2026-09-27 13:16:00
39.37069,8.9372,3.14,nominal,N,viirs_snpp,2026-09-27 13:16:00
41.09061,15.46418,8.23,nominal,N,viirs_snpp,2026-09-27 13:16:00
41.40834,15.10022,6.84,nominal,N,viirs_snpp,2026-09-27 13:16:00
41.41298,15.1002,6.5,nominal,N,viirs_snpp,2026-09-27 13:16:00
44.75328,8.43242,4.31,nominal,N,viirs_snpp,2026-09-27 13:16:00
44.93867,10.57385,2.03,nominal,N,viirs_snpp,2026-09-27 13:16:00
45.32555,8.56787,3.48,nominal,N,viirs_snpp,2026-09-27 13:16:00
45.58435,9.20384,3.22,nominal,N,viirs_snpp,2026-09-27 13:16:00
45.55289,8.07676,1.65,nominal,N,viirs_snpp,2026-09-27 13:16:00
45.55427,8.07773,1.5,nominal,N,viirs_snpp,2026-09-27 13:16:00
41.08271,15.555,0.55,nominal,N,viirs_snpp,2026-09-27 23:52:00
41.0831,15.55388,1.12,nominal,N,viirs_snpp,2026-09-27 23:52:00
46.00473,13.25217,0.9,nominal,N,viirs_snpp,2026-09-28 01:32:00
43.23603,11.83434,0.88,nominal,N,viirs_snpp,2026-09-28 01:32:00
43.23514,11.83927,0.88,nominal,N,viirs_snpp,2026-09-28 01:32:00
40.53725,17.37192,1.28,nominal,N,viirs_snpp,2026-09-28 01:34:00
42.00941,9.39228,0.38,nominal,N,viirs_snpp,2026-09-28 01:34:00
39.6172,8.59954,0.78,nominal,N,viirs_snpp,2026-09-28 01:34:00
39.21275,8.40675,0.43,nominal,N,viirs_snpp,2026-09-28 01:34:00
36.98095,14.36937,0.98,nominal,N,viirs_snpp,2026-09-28 01:34:00
36.17442,9.93486,0.22,nominal,N,viirs_snpp,2026-09-28 01:34:00
36.14975,6.87941,0.57,nominal,N,viirs_snpp,2026-09-28 01:34:00
35.55028,6.86771,0.76,nominal,N,viirs_snpp,2026-09-28 01:37:00
46.8633,14.45595,0.52,nominal,N,viirs_snpp,2026-09-29 01:13:00
46.00415,13.25113,0.71,nominal,N,viirs_snpp,2026-09-29 01:13:00
45.70397,11.79689,1.63,nominal,N,viirs_snpp,2026-09-29 01:13:00
43.82923,6.21747,2.03,nominal,N,viirs_snpp,2026-09-29 01:13:00
41.47178,15.22612,2.62,nominal,N,viirs_snpp,2026-09-29 01:13:00
40.67482,16.65637,0.74,nominal,N,viirs_snpp,2026-09-29 01:13:00
40.4165,17.63656,0.26,nominal,N,viirs_snpp,2026-09-29 01:13:00
40.43407,16.86329,0.38,nominal,N,viirs_snpp,2026-09-29 01:13:00
39.09608,17.03589,1.07,nominal,N,viirs_snpp,2026-09-29 01:13:00
39.09356,17.02931,1.07,nominal,N,viirs_snpp,2026-09-29 01:13:00
39.09251,17.03473,1.07,nominal,N,viirs_snpp,2026-09-29 01:13:00
40.22482,8.79935,1.33,nominal,N,viirs_snpp,2026-09-29 01:15:00
40.22285,8.81591,1.19,nominal,N,viirs_snpp,2026-09-29 01:15:00
38.47958,16.56177,0.5,nominal,N,viirs_snpp,2026-09-29 01:15:00
39.66309,8.75955,0.74,nominal,N,viirs_snpp,2026-09-29 01:15:00
37.67612,14.67375,0.48,nominal,N,viirs_snpp,2026-09-29 01:15:00
37.12134,15.21786,1.19,nominal,N,viirs_snpp,2026-09-29 01:15:00
36.90685,14.47635,0.55,nominal,N,viirs_snpp,2026-09-29 01:15:00
36.90345,14.47543,0.55,nominal,N,viirs_snpp,2026-09-29 01:15:00
36.73022,15.04247,0.5,nominal,N,viirs_snpp,2026-09-29 01:15:00
36.76606,9.98847,0.39,nominal,N,viirs_snpp,2026-09-29 01:15:00
36.58101,6.95976,2.36,nominal,N,viirs_snpp,2026-09-29 01:15:00
36.58035,6.96563,2.36,nominal,N,viirs_snpp,2026-09-29 01:15:00
36.11664,8.76441,0.48,nominal,N,viirs_snpp,2026-09-29 01:15:00
35.85152,8.59426,0.98,nominal,N,viirs_snpp,2026-09-29 01:15:00
35.49173,11.01041,0.29,nominal,N,viirs_snpp,2026-09-29 01:15:00
39.05623,17.02954,2.91,nominal,N,viirs_snpp,2026-09-29 10:56:00
39.07019,16.98349,15.36,high,N,viirs_snpp,2026-09-29 10:56:00
39.06815,16.97695,15.36,high,N,viirs_snpp,2026-09-29 10:56:00
38.9532,16.45146,3.27,nominal,N,viirs_snpp,2026-09-29 10:56:00
40.49111,17.9574,1.83,nominal,N,viirs_snpp,2026-09-29 10:58:00
40.51052,17.93497,2.2,low,N,viirs_snpp,2026-09-29 10:58:00
40.60664,18.00546,3.74,nominal,N,viirs_snpp,2026-09-29 10:58:00
40.36722,16.40103,5.86,nominal,N,viirs_snpp,2026-09-29 10:58:00
40.36507,16.39421,5.86,nominal,N,viirs_snpp,2026-09-29 10:58:00
40.86886,16.57865,10.05,nominal,N,viirs_snpp,2026-09-29 10:58:00
40.54028,14.91683,22.79,high,N,viirs_snpp,2026-09-29 10:58:00
40.53778,14.90922,10.6,nominal,N,viirs_snpp,2026-09-29 10:58:00
40.54174,14.91525,15.05,high,N,viirs_snpp,2026-09-29 10:58:00
40.5392,14.90764,15.05,nominal,N,viirs_snpp,2026-09-29 10:58:00
40.99955,15.65189,4.08,nominal,N,viirs_snpp,2026-09-29 10:58:00
40.99874,15.65056,3.68,nominal,N,viirs_snpp,2026-09-29 10:58:00
41.58048,15.76798,5.26,nominal,N,viirs_snpp,2026-09-29 10:58:00
41.76926,15.26313,4.5,nominal,N,viirs_snpp,2026-09-29 10:58:00
41.73466,15.09093,3.26,nominal,N,viirs_snpp,2026-09-29 10:58:00
41.89977,15.22111,2.26,nominal,N,viirs_snpp,2026-09-29 10:58:00
44.52056,18.977,2.69,nominal,N,viirs_snpp,2026-09-29 10:58:00
44.52338,18.97669,2.93,nominal,N,viirs_snpp,2026-09-29 10:58:00
44.1819,15.40077,3.43,nominal,N,viirs_snpp,2026-09-29 10:58:00
45.16674,18.44713,1.96,nominal,N,viirs_snpp,2026-09-29 10:58:00
45.16324,18.44933,2.51,nominal,N,viirs_snpp,2026-09-29 10:58:00
45.24675,18.42694,2.21,nominal,N,viirs_snpp,2026-09-29 10:58:00
45.89277,16.17903,1.19,nominal,N,viirs_snpp,2026-09-29 10:58:00
37.14677,9.88902,3.5,nominal,N,viirs_snpp,2026-09-28 12:55:00
36.24751,8.05039,1.73,nominal,N,viirs_snpp,2026-09-28 12:55:00
36.22149,7.13348,1.8,low,N,viirs_snpp,2026-09-28 12:55:00
36.46938,9.14905,4.64,nominal,N,viirs_snpp,2026-09-28 12:55:00
36.23548,7.13079,3.08,nominal,N,viirs_snpp,2026-09-28 12:55:00
36.49701,9.25474,9.17,nominal,N,viirs_snpp,2026-09-28 12:55:00
36.23577,7.1333,1.96,low,N,viirs_snpp,2026-09-28 12:55:00
36.49763,9.2535,3.82,low,N,viirs_snpp,2026-09-28 12:55:00
36.50601,9.25838,4.43,nominal,N,viirs_snpp,2026-09-28 12:55:00
36.4438,8.62601,5.08,nominal,N,viirs_snpp,2026-09-28 12:55:00
36.52668,9.26771,6.09,nominal,N,viirs_snpp,2026-09-28 12:55:00
36.29147,7.2617,2.51,low,N,viirs_snpp,2026-09-28 12:55:00
36.2962,7.27063,2.72,low,N,viirs_snpp,2026-09-28 12:55:00
36.27776,7.04113,3.15,nominal,N,viirs_snpp,2026-09-28 12:55:00
36.28123,7.04035,4.14,nominal,N,viirs_snpp,2026-09-28 12:55:00
36.27142,6.96422,2.38,low,N,viirs_snpp,2026-09-28 12:55:00
36.34173,7.14813,2.43,low,N,viirs_snpp,2026-09-28 12:55:00
36.57178,8.84338,1.33,low,N,viirs_snpp,2026-09-28 12:55:00
36.3457,6.86885,3.05,nominal,N,viirs_snpp,2026-09-28 12:55:00
37.15286,14.12614,3.92,nominal,N,viirs_snpp,2026-09-28 12:55:00
37.17241,14.26731,5.61,high,N,viirs_snpp,2026-09-28 12:55:00
37.16648,14.02267,18.89,high,N,viirs_snpp,2026-09-28 12:55:00
37.16626,14.01929,7.83,nominal,N,viirs_snpp,2026-09-28 12:55:00
37.17496,13.997,3.34,nominal,N,viirs_snpp,2026-09-28 12:55:00
36.84274,9.18516,4.96,low,N,viirs_snpp,2026-09-28 12:55:00
36.9341,10.01734,1.66,nominal,N,viirs_snpp,2026-09-28 12:55:00
36.87276,9.42771,5.75,low,N,viirs_snpp,2026-09-28 12:55:00
37.34895,14.63905,5.21,nominal,N,viirs_snpp,2026-09-28 12:55:00
37.34871,14.63517,3.7,nominal,N,viirs_snpp,2026-09-28 12:55:00
36.91662,9.46491,8.72,nominal,N,viirs_snpp,2026-09-28 12:55:00
36.91459,9.44622,4.13,nominal,N,viirs_snpp,2026-09-28 12:55:00
36.60204,6.63858,4.54,nominal,N,viirs_snpp,2026-09-28 12:55:00
36.60295,6.63601,1.84,low,N,viirs_snpp,2026-09-28 12:55:00
36.94798,9.43216,2.95,low,N,viirs_snpp,2026-09-28 12:55:00
37.36639,14.09543,6.54,nominal,N,viirs_snpp,2026-09-28 12:55:00
37.42008,14.78327,1.86,nominal,N,viirs_snpp,2026-09-28 12:55:00
36.97878,9.4596,3.14,nominal,N,viirs_snpp,2026-09-28 12:55:00
37.43319,14.6498,6.06,nominal,N,viirs_snpp,2026-09-28 12:55:00
37.43293,14.64565,3.54,low,N,viirs_snpp,2026-09-28 12:55:00
37.43268,14.64164,3.54,nominal,N,viirs_snpp,2026-09-28 12:55:00
36.69407,6.81846,7.14,nominal,N,viirs_snpp,2026-09-28 12:55:00
37.03805,9.52759,11.18,nominal,N,viirs_snpp,2026-09-28 12:55:00
37.0577,9.67315,6.22,nominal,N,viirs_snpp,2026-09-28 12:55:00
37.05962,9.6716,7.06,nominal,N,viirs_snpp,2026-09-28 12:55:00
37.54964,13.68227,6.5,nominal,N,viirs_snpp,2026-09-28 12:55:00
37.57339,13.80817,53.67,nominal,N,viirs_snpp,2026-09-28 12:55:00
37.7165,13.90871,2.03,nominal,N,viirs_snpp,2026-09-28 12:55:00
37.73143,12.99258,10.25,nominal,N,viirs_snpp,2026-09-28 12:55:00
37.9854,15.88603,1.16,nominal,N,viirs_snpp,2026-09-28 12:55:00
37.78855,12.85364,5.7,nominal,N,viirs_snpp,2026-09-28 12:55:00
37.78835,12.85224,2.15,nominal,N,viirs_snpp,2026-09-28 12:55:00
37.87417,13.02729,7.72,nominal,N,viirs_snpp,2026-09-28 12:55:00
37.87365,13.02049,7.72,nominal,N,viirs_snpp,2026-09-28 12:55:00
37.93974,13.21916,3.92,nominal,N,viirs_snpp,2026-09-28 12:55:00
37.92868,13.06441,4.67,nominal,N,viirs_snpp,2026-09-28 12:55:00
39.00312,17.16955,3.44,nominal,N,viirs_snpp,2026-09-28 12:55:00
39.09623,17.02702,5.81,nominal,N,viirs_snpp,2026-09-28 12:55:00
39.14532,16.06844,1.49,nominal,N,viirs_snpp,2026-09-28 12:55:00
40.38255,16.4047,19.21,high,N,viirs_snpp,2026-09-28 12:55:00
40.37936,16.40713,9.8,nominal,N,viirs_snpp,2026-09-28 12:55:00
40.38532,16.40727,9.8,high,N,viirs_snpp,2026-09-28 12:55:00
40.61826,15.15724,3.53,nominal,N,viirs_snpp,2026-09-28 12:55:00
40.81877,16.76746,2.62,nominal,N,viirs_snpp,2026-09-28 12:55:00
40.87115,16.18963,13.38,high,N,viirs_snpp,2026-09-28 12:55:00
40.87095,16.18429,7.27,nominal,N,viirs_snpp,2026-09-28 12:55:00
40.87074,16.1788,7.27,nominal,N,viirs_snpp,2026-09-28 12:55:00
40.88492,15.80666,6.23,nominal,N,viirs_snpp,2026-09-28 12:55:00
40.88523,15.80369,7.47,nominal,N,viirs_snpp,2026-09-28 12:55:00
40.96209,16.14175,6.26,nominal,N,viirs_snpp,2026-09-28 12:55:00
40.96795,16.14082,6.26,high,N,viirs_snpp,2026-09-28 12:55:00
40.94086,14.31375,2.08,low,N,viirs_snpp,2026-09-28 12:55:00
41.07615,15.5317,2.91,nominal,N,viirs_snpp,2026-09-28 12:55:00
41.01242,14.05655,2.48,nominal,N,viirs_snpp,2026-09-28 12:55:00
41.01143,14.05511,1.46,nominal,N,viirs_snpp,2026-09-28 12:55:00
41.13906,15.77413,4.62,nominal,N,viirs_snpp,2026-09-28 12:55:00
41.14485,15.77384,7.8,high,N,viirs_snpp,2026-09-28 12:55:00
41.20893,15.78164,6.15,nominal,N,viirs_snpp,2026-09-28 12:55:00
41.2087,15.7763,4.95,nominal,N,viirs_snpp,2026-09-28 12:55:00
41.20851,15.77759,6.05,high,N,viirs_snpp,2026-09-28 12:55:00
41.25114,15.03068,1.79,nominal,N,viirs_snpp,2026-09-28 12:55:00
41.27914,14.80869,2.55,nominal,N,viirs_snpp,2026-09-28 12:55:00
41.42644,15.85139,12.38,nominal,N,viirs_snpp,2026-09-28 12:55:00
41.42563,15.85317,6.17,nominal,N,viirs_snpp,2026-09-28 12:55:00
41.42485,15.83155,3.02,nominal,N,viirs_snpp,2026-09-28 12:55:00
41.43145,15.85282,6.17,high,N,viirs_snpp,2026-09-28 12:55:00
41.57089,15.55404,8.67,nominal,N,viirs_snpp,2026-09-28 12:55:00
41.79244,14.97843,3.25,nominal,N,viirs_snpp,2026-09-28 12:55:00
42.68308,18.31253,3.87,nominal,N,viirs_snpp,2026-09-28 12:55:00
42.70417,11.11018,4.09,nominal,N,viirs_snpp,2026-09-28 12:55:00
43.03565,17.73868,13.88,high,N,viirs_snpp,2026-09-28 12:57:00
43.0365,17.74126,13.65,high,N,viirs_snpp,2026-09-28 12:57:00
44.50356,11.06565,2.38,nominal,N,viirs_snpp,2026-09-28 12:57:00
47.06235,17.3517,2.31,nominal,N,viirs_snpp,2026-09-28 12:57:00
37.13008,13.94165,3.14,nominal,N,viirs_snpp,2026-09-28 11:17:00
37.38171,14.45926,14.76,high,N,viirs_snpp,2026-09-28 11:17:00
38.28362,16.23617,4.54,nominal,N,viirs_snpp,2026-09-28 11:17:00
38.28385,16.23496,5.34,nominal,N,viirs_snpp,2026-09-28 11:17:00
37.71872,13.80926,4.49,nominal,N,viirs_snpp,2026-09-28 11:17:00
37.8875,13.29895,18.6,high,N,viirs_snpp,2026-09-28 11:17:00
38.94972,17.10881,2.48,low,N,viirs_snpp,2026-09-28 11:17:00
38.95167,17.10986,2.03,nominal,N,viirs_snpp,2026-09-28 11:17:00
37.88799,13.29286,10.75,high,N,viirs_snpp,2026-09-28 11:17:00
37.88995,13.29931,10.75,nominal,N,viirs_snpp,2026-09-28 11:17:00
39.00552,17.16746,3.73,nominal,N,viirs_snpp,2026-09-28 11:17:00
39.0046,17.16393,3.73,nominal,N,viirs_snpp,2026-09-28 11:17:00
37.88404,13.16585,5.43,nominal,N,viirs_snpp,2026-09-28 11:17:00
37.87214,12.8959,5.22,nominal,N,viirs_snpp,2026-09-28 11:17:00
37.93011,13.06415,6.04,nominal,N,viirs_snpp,2026-09-28 11:17:00
39.01592,16.86706,1.74,nominal,N,viirs_snpp,2026-09-28 11:17:00
39.01566,16.86696,2.01,nominal,N,viirs_snpp,2026-09-28 11:17:00
37.87275,12.90019,3.88,nominal,N,viirs_snpp,2026-09-28 11:17:00
37.92973,13.06179,5.48,nominal,N,viirs_snpp,2026-09-28 11:17:00
39.09587,17.02288,13.47,high,N,viirs_snpp,2026-09-28 11:17:00
39.09486,17.01901,8.92,high,N,viirs_snpp,2026-09-28 11:17:00
37.91227,12.72887,11.36,nominal,N,viirs_snpp,2026-09-28 11:17:00
37.91141,12.72755,11.18,nominal,N,viirs_snpp,2026-09-28 11:17:00
40.3342,17.94065,5.81,nominal,N,viirs_snpp,2026-09-28 11:17:00
40.35345,17.87437,16.03,nominal,N,viirs_snpp,2026-09-28 11:17:00
40.2474,16.62386,5.32,high,N,viirs_snpp,2026-09-28 11:17:00
40.39034,16.84664,5.26,nominal,N,viirs_snpp,2026-09-28 11:17:00
40.71649,16.21058,3.48,nominal,N,viirs_snpp,2026-09-28 11:17:00
40.49926,15.16212,2.97,nominal,N,viirs_snpp,2026-09-28 11:17:00
40.85784,16.46502,2.58,nominal,N,viirs_snpp,2026-09-28 11:17:00
40.85686,16.46128,2.58,nominal,N,viirs_snpp,2026-09-28 11:17:00
40.86377,16.21603,4.13,nominal,N,viirs_snpp,2026-09-28 11:17:00
40.86515,16.21517,3.64,low,N,viirs_snpp,2026-09-28 11:17:00
40.83639,15.87921,13.7,high,N,viirs_snpp,2026-09-28 11:17:00
40.90165,15.65958,7.03,high,N,viirs_snpp,2026-09-28 11:17:00
41.0806,15.90841,2.6,nominal,N,viirs_snpp,2026-09-28 11:17:00
41.14569,15.77161,2.5,nominal,N,viirs_snpp,2026-09-28 11:17:00
41.14462,15.76763,2.5,nominal,N,viirs_snpp,2026-09-28 11:17:00
40.98419,14.01619,14.55,high,N,viirs_snpp,2026-09-28 11:17:00
41.37927,15.42741,4.53,nominal,N,viirs_snpp,2026-09-28 11:17:00
40.9856,14.0211,12.9,nominal,N,viirs_snpp,2026-09-28 11:17:00
41.72086,15.49929,3.47,nominal,N,viirs_snpp,2026-09-28 11:17:00
41.72583,15.49693,2.38,nominal,N,viirs_snpp,2026-09-28 11:17:00
44.79924,18.97657,3.22,nominal,N,viirs_snpp,2026-09-28 11:17:00
44.86548,18.0825,4.42,nominal,N,viirs_snpp,2026-09-28 11:17:00
44.9693,17.33874,1.94,low,N,viirs_snpp,2026-09-28 11:17:00
37.36309,15.0457,7.03,nominal,N20,viirs_noaa20,2026-09-27 11:53:00
37.41542,15.06265,4,nominal,N20,viirs_noaa20,2026-09-27 11:53:00
36.64877,10.89088,1.89,nominal,N20,viirs_noaa20,2026-09-27 11:53:00
37.2252,13.67207,2.35,nominal,N20,viirs_noaa20,2026-09-27 11:53:00
36.29851,8.87565,3.79,nominal,N20,viirs_noaa20,2026-09-27 11:53:00
36.76358,10.88964,2.91,nominal,N20,viirs_noaa20,2026-09-27 11:53:00
37.35108,13.61696,2.71,nominal,N20,viirs_noaa20,2026-09-27 11:53:00
37.53906,14.51138,3.68,low,N20,viirs_noaa20,2026-09-27 11:53:00
37.54336,14.51513,3.68,nominal,N20,viirs_noaa20,2026-09-27 11:53:00
36.37608,8.85767,1.91,nominal,N20,viirs_noaa20,2026-09-27 11:53:00
36.38488,8.87388,2.05,low,N20,viirs_noaa20,2026-09-27 11:53:00
36.47452,9.19186,5.74,nominal,N20,viirs_noaa20,2026-09-27 11:53:00
37.52335,14.0892,3.58,nominal,N20,viirs_noaa20,2026-09-27 11:53:00
37.58179,14.36797,3.86,nominal,N20,viirs_noaa20,2026-09-27 11:53:00
37.48249,13.75004,14.93,nominal,N20,viirs_noaa20,2026-09-27 11:53:00
37.54314,13.80469,15.09,nominal,N20,viirs_noaa20,2026-09-27 11:53:00
36.53249,8.94459,2.86,low,N20,viirs_noaa20,2026-09-27 11:53:00
37.59396,13.81801,35.44,low,N20,viirs_noaa20,2026-09-27 11:53:00
37.59204,13.72811,0.95,nominal,N20,viirs_noaa20,2026-09-27 11:53:00
37.53528,13.34659,5.75,low,N20,viirs_noaa20,2026-09-27 11:53:00
37.53506,13.34395,3.57,nominal,N20,viirs_noaa20,2026-09-27 11:53:00
37.53865,13.34289,3.47,nominal,N20,viirs_noaa20,2026-09-27 11:53:00
36.77378,9.4407,2.78,nominal,N20,viirs_noaa20,2026-09-27 11:53:00
36.64941,8.86359,2.58,low,N20,viirs_noaa20,2026-09-27 11:53:00
36.87713,9.57094,13.28,nominal,N20,viirs_noaa20,2026-09-27 11:53:00
36.84019,9.30879,6.72,nominal,N20,viirs_noaa20,2026-09-27 11:53:00
37.69127,13.10925,4.24,nominal,N20,viirs_noaa20,2026-09-27 11:53:00
36.83432,9.05531,5.75,nominal,N20,viirs_noaa20,2026-09-27 11:53:00
36.83764,9.04878,9.2,nominal,N20,viirs_noaa20,2026-09-27 11:53:00
36.8344,9.05429,8.69,nominal,N20,viirs_noaa20,2026-09-27 11:53:00
36.83767,9.04769,7.42,nominal,N20,viirs_noaa20,2026-09-27 11:53:00
37.02275,9.59799,7.4,nominal,N20,viirs_noaa20,2026-09-27 11:53:00
37.02157,9.59281,7.4,nominal,N20,viirs_noaa20,2026-09-27 11:53:00
37.67375,12.63214,3.06,nominal,N20,viirs_noaa20,2026-09-27 11:53:00
37.75082,12.64186,3.1,nominal,N20,viirs_noaa20,2026-09-27 11:53:00
37.74971,12.63629,3.1,nominal,N20,viirs_noaa20,2026-09-27 11:53:00
38.54257,16.55879,2.34,nominal,N20,viirs_noaa20,2026-09-27 11:53:00
37.22698,9.68077,2.05,nominal,N20,viirs_noaa20,2026-09-27 11:53:00
37.87507,12.69089,2.23,nominal,N20,viirs_noaa20,2026-09-27 11:53:00
36.46213,6.36523,4.25,nominal,N20,viirs_noaa20,2026-09-27 11:53:00
37.95086,12.66102,5.28,nominal,N20,viirs_noaa20,2026-09-27 11:53:00
37.95274,12.66338,3.49,low,N20,viirs_noaa20,2026-09-27 11:53:00
38.65883,16.17991,6.71,nominal,N20,viirs_noaa20,2026-09-27 11:53:00
38.65811,16.1755,13.16,nominal,N20,viirs_noaa20,2026-09-27 11:53:00
38.66213,16.17905,6.71,nominal,N20,viirs_noaa20,2026-09-27 11:53:00
38.6614,16.17463,13.16,nominal,N20,viirs_noaa20,2026-09-27 11:53:00
38.6647,16.17376,4.4,nominal,N20,viirs_noaa20,2026-09-27 11:53:00
38.95841,16.94281,2.88,nominal,N20,viirs_noaa20,2026-09-27 11:53:00
39.85752,18.34189,3.46,nominal,N20,viirs_noaa20,2026-09-27 11:53:00
39.54504,16.18545,2.39,nominal,N20,viirs_noaa20,2026-09-27 11:53:00
40.21848,16.33858,1.71,nominal,N20,viirs_noaa20,2026-09-27 11:53:00
40.22334,16.3045,3.19,nominal,N20,viirs_noaa20,2026-09-27 11:53:00
40.48688,18.01122,3.25,nominal,N20,viirs_noaa20,2026-09-27 11:53:00
40.23059,16.30722,3.37,nominal,N20,viirs_noaa20,2026-09-27 11:53:00
40.32003,16.77169,3.12,nominal,N20,viirs_noaa20,2026-09-27 11:53:00
40.3284,16.77978,2.39,nominal,N20,viirs_noaa20,2026-09-27 11:53:00
40.47234,17.69961,1.17,nominal,N20,viirs_noaa20,2026-09-27 11:53:00
40.50133,17.61715,1.83,nominal,N20,viirs_noaa20,2026-09-27 11:53:00
40.62428,17.62074,1.58,nominal,N20,viirs_noaa20,2026-09-27 11:53:00
41.02434,16.05565,13.71,nominal,N20,viirs_noaa20,2026-09-27 11:53:00
41.07996,15.86725,1.27,nominal,N20,viirs_noaa20,2026-09-27 11:53:00
41.20156,15.77319,3.05,nominal,N20,viirs_noaa20,2026-09-27 11:53:00
41.30864,15.14882,3.82,nominal,N20,viirs_noaa20,2026-09-27 11:53:00
41.52034,15.90695,1.9,nominal,N20,viirs_noaa20,2026-09-27 11:53:00
41.28977,14.34737,1.57,nominal,N20,viirs_noaa20,2026-09-27 11:53:00
41.2931,14.34637,1.57,nominal,N20,viirs_noaa20,2026-09-27 11:53:00
41.54221,15.82946,3.67,nominal,N20,viirs_noaa20,2026-09-27 11:53:00
41.21832,13.81862,2.96,nominal,N20,viirs_noaa20,2026-09-27 11:53:00
41.4767,13.77528,4.45,nominal,N20,viirs_noaa20,2026-09-27 11:53:00
41.47583,13.77043,4.45,nominal,N20,viirs_noaa20,2026-09-27 11:53:00
41.48006,13.77423,4.45,nominal,N20,viirs_noaa20,2026-09-27 11:53:00
41.52578,13.51167,3.67,nominal,N20,viirs_noaa20,2026-09-27 11:53:00
41.85596,15.0399,5.8,nominal,N20,viirs_noaa20,2026-09-27 11:53:00
41.9128,15.30369,1.46,nominal,N20,viirs_noaa20,2026-09-27 11:53:00
41.74864,13.07428,2.42,nominal,N20,viirs_noaa20,2026-09-27 11:53:00
42.06005,13.50116,3.31,nominal,N20,viirs_noaa20,2026-09-27 11:53:00
42.25756,14.0226,1.61,nominal,N20,viirs_noaa20,2026-09-27 11:53:00
42.37034,14.14059,1.47,nominal,N20,viirs_noaa20,2026-09-27 11:53:00
42.15755,12.5781,2.74,nominal,N20,viirs_noaa20,2026-09-27 11:53:00
43.23465,18.1634,1.93,nominal,N20,viirs_noaa20,2026-09-27 11:53:00
42.35717,11.72974,2.89,nominal,N20,viirs_noaa20,2026-09-27 11:53:00
42.48619,11.74742,2.19,nominal,N20,viirs_noaa20,2026-09-27 11:53:00
43.32729,12.99646,2.87,nominal,N20,viirs_noaa20,2026-09-27 11:55:00
43.78643,12.97846,5.39,nominal,N20,viirs_noaa20,2026-09-27 11:55:00
43.78555,12.97347,3.26,nominal,N20,viirs_noaa20,2026-09-27 11:55:00
44.14151,12.05471,1.06,nominal,N20,viirs_noaa20,2026-09-27 11:55:00
44.87601,16.18594,2.32,nominal,N20,viirs_noaa20,2026-09-27 11:55:00
44.51862,11.39513,4.81,nominal,N20,viirs_noaa20,2026-09-27 11:55:00
44.76797,10.82558,1.79,nominal,N20,viirs_noaa20,2026-09-27 11:55:00
45.09243,11.42461,2.59,nominal,N20,viirs_noaa20,2026-09-27 11:55:00
45.09142,11.41922,2.59,nominal,N20,viirs_noaa20,2026-09-27 11:55:00
45.19479,11.61365,3.64,nominal,N20,viirs_noaa20,2026-09-27 11:55:00
45.40119,11.02486,1.79,low,N20,viirs_noaa20,2026-09-27 11:55:00
45.50777,11.37491,6.38,nominal,N20,viirs_noaa20,2026-09-27 11:55:00
45.69918,11.6941,2.16,nominal,N20,viirs_noaa20,2026-09-27 11:55:00
46.19733,14.58951,4.69,nominal,N20,viirs_noaa20,2026-09-27 11:55:00
46.19657,14.5846,4.69,nominal,N20,viirs_noaa20,2026-09-27 11:55:00
45.73297,11.70737,3.63,low,N20,viirs_noaa20,2026-09-27 11:55:00
45.76189,11.74733,1.93,nominal,N20,viirs_noaa20,2026-09-27 11:55:00
45.37347,9.51359,4.67,nominal,N20,viirs_noaa20,2026-09-27 11:55:00
45.02955,7.85948,4.84,nominal,N20,viirs_noaa20,2026-09-27 11:55:00
45.58493,9.47665,3.48,nominal,N20,viirs_noaa20,2026-09-27 11:55:00
45.45733,8.63136,1.21,nominal,N20,viirs_noaa20,2026-09-27 11:55:00
45.45559,8.63189,2.92,nominal,N20,viirs_noaa20,2026-09-27 11:55:00
45.7326,9.73089,3.56,nominal,N20,viirs_noaa20,2026-09-27 11:55:00
46.60115,13.86823,1.26,nominal,N20,viirs_noaa20,2026-09-27 11:55:00
46.42807,11.34652,1.7,nominal,N20,viirs_noaa20,2026-09-27 11:55:00
46.3647,10.94404,4.02,nominal,N20,viirs_noaa20,2026-09-27 11:55:00
46.36223,10.9424,7.08,nominal,N20,viirs_noaa20,2026-09-27 11:55:00
35.96712,6.98973,5.52,nominal,N20,viirs_noaa20,2026-09-27 13:33:00
35.96388,6.98915,5.11,nominal,N20,viirs_noaa20,2026-09-27 13:33:00
36.47567,6.66798,5.51,nominal,N20,viirs_noaa20,2026-09-27 13:33:00
36.47356,6.66545,5.01,nominal,N20,viirs_noaa20,2026-09-27 13:33:00
36.72535,9.32551,8.28,nominal,N20,viirs_noaa20,2026-09-27 13:33:00
36.68924,6.51593,9.65,nominal,N20,viirs_noaa20,2026-09-27 13:33:00
41.85878,9.39647,5.53,nominal,N20,viirs_noaa20,2026-09-28 00:11:00
38.54382,16.56388,2.27,nominal,N20,viirs_noaa20,2026-09-28 00:13:00
38.54234,16.56524,1.82,nominal,N20,viirs_noaa20,2026-09-28 00:13:00
37.64367,13.89836,0.82,nominal,N20,viirs_noaa20,2026-09-28 00:13:00
37.64676,13.89845,0.74,nominal,N20,viirs_noaa20,2026-09-28 00:13:00
36.98359,14.36817,4.81,nominal,N20,viirs_noaa20,2026-09-28 00:13:00
36.98386,14.3637,3.27,nominal,N20,viirs_noaa20,2026-09-28 00:13:00
43.36567,12.54513,0.88,nominal,N20,viirs_noaa20,2026-09-28 01:52:00
43.23578,11.83719,1.08,nominal,N20,viirs_noaa20,2026-09-28 01:52:00
40.54681,17.359,1.77,nominal,N20,viirs_noaa20,2026-09-28 01:52:00
40.54498,17.36489,1.29,nominal,N20,viirs_noaa20,2026-09-28 01:52:00
40.54274,17.35045,1.77,nominal,N20,viirs_noaa20,2026-09-28 01:52:00
40.53728,17.36803,1.29,nominal,N20,viirs_noaa20,2026-09-28 01:52:00
40.54609,17.36142,2.53,nominal,N20,viirs_noaa20,2026-09-28 01:52:00
40.54201,17.35279,1.2,nominal,N20,viirs_noaa20,2026-09-28 01:52:00
40.53664,17.37046,0.74,nominal,N20,viirs_noaa20,2026-09-28 01:52:00
42.00811,9.38802,0.9,nominal,N20,viirs_noaa20,2026-09-28 01:52:00
39.57938,9.00946,0.47,nominal,N20,viirs_noaa20,2026-09-28 01:54:00
39.61861,8.59924,0.91,nominal,N20,viirs_noaa20,2026-09-28 01:54:00
37.22193,14.32237,3.72,nominal,N20,viirs_noaa20,2026-09-28 11:34:00
37.22624,14.3209,5.11,nominal,N20,viirs_noaa20,2026-09-28 11:34:00
37.36043,14.77202,4.98,nominal,N20,viirs_noaa20,2026-09-28 11:34:00
36.36454,9.82351,1.73,nominal,N20,viirs_noaa20,2026-09-28 11:34:00
37.56841,14.66786,3.47,low,N20,viirs_noaa20,2026-09-28 11:34:00
37.54955,13.75318,4.28,nominal,N20,viirs_noaa20,2026-09-28 11:34:00
37.57154,13.8067,5.76,low,N20,viirs_noaa20,2026-09-28 11:34:00
37.54805,13.68544,10.66,nominal,N20,viirs_noaa20,2026-09-28 11:34:00
37.54691,13.68053,10.36,nominal,N20,viirs_noaa20,2026-09-28 11:34:00
36.35275,8.8221,2.66,low,N20,viirs_noaa20,2026-09-28 11:34:00
38.28334,16.23687,6.19,nominal,N20,viirs_noaa20,2026-09-28 11:34:00
38.28334,16.23595,6.55,nominal,N20,viirs_noaa20,2026-09-28 11:34:00
35.80297,6.40898,7.47,nominal,N20,viirs_noaa20,2026-09-28 11:34:00
36.95101,9.91867,2.72,nominal,N20,viirs_noaa20,2026-09-28 11:34:00
37.81184,13.19951,4.95,nominal,N20,viirs_noaa20,2026-09-28 11:34:00
36.91703,9.44932,5.84,nominal,N20,viirs_noaa20,2026-09-28 11:34:00
36.91583,9.44495,4.1,nominal,N20,viirs_noaa20,2026-09-28 11:34:00
36.92517,9.45652,2.97,nominal,N20,viirs_noaa20,2026-09-28 11:34:00
36.29482,7.2619,5.16,nominal,N20,viirs_noaa20,2026-09-28 11:34:00
37.86771,13.02589,3.99,nominal,N20,viirs_noaa20,2026-09-28 11:34:00
37.87222,13.0241,11.33,nominal,N20,viirs_noaa20,2026-09-28 11:34:00
37.0686,9.76001,4.26,nominal,N20,viirs_noaa20,2026-09-28 11:34:00
37.10814,9.88519,7.68,high,N20,viirs_noaa20,2026-09-28 11:34:00
37.10691,9.88058,8.75,nominal,N20,viirs_noaa20,2026-09-28 11:34:00
37.87209,12.89825,9.63,nominal,N20,viirs_noaa20,2026-09-28 11:34:00
37.87519,12.90192,4.66,nominal,N20,viirs_noaa20,2026-09-28 11:34:00
37.87381,12.89622,4.66,nominal,N20,viirs_noaa20,2026-09-28 11:34:00
37.06698,9.76268,1.8,low,N20,viirs_noaa20,2026-09-28 11:34:00
37.10598,9.88278,10.79,nominal,N20,viirs_noaa20,2026-09-28 11:34:00
37.07241,9.76047,1.57,low,N20,viirs_noaa20,2026-09-28 11:34:00
37.92996,13.06723,8.54,nominal,N20,viirs_noaa20,2026-09-28 11:34:00
37.11136,9.88055,10.79,nominal,N20,viirs_noaa20,2026-09-28 11:34:00
37.05552,9.67721,3.73,nominal,N20,viirs_noaa20,2026-09-28 11:34:00
37.93442,13.06531,4.93,nominal,N20,viirs_noaa20,2026-09-28 11:34:00
37.01982,9.48179,4.77,nominal,N20,viirs_noaa20,2026-09-28 11:34:00
37.01856,9.47727,3.47,nominal,N20,viirs_noaa20,2026-09-28 11:34:00
38.94793,17.10806,2.12,low,N20,viirs_noaa20,2026-09-28 11:34:00
37.21157,9.70352,1.76,low,N20,viirs_noaa20,2026-09-28 11:34:00
39.00221,17.16752,1.24,nominal,N20,viirs_noaa20,2026-09-28 11:34:00
39.00586,17.16644,3.1,nominal,N20,viirs_noaa20,2026-09-28 11:34:00
39.00092,17.12133,4.92,nominal,N20,viirs_noaa20,2026-09-28 11:34:00
37.25928,9.57848,28.85,high,N20,viirs_noaa20,2026-09-28 11:34:00
39.0932,17.02928,10.84,nominal,N20,viirs_noaa20,2026-09-28 11:34:00
39.09575,17.02244,8.32,nominal,N20,viirs_noaa20,2026-09-28 11:34:00
36.60092,6.63831,5.52,nominal,N20,viirs_noaa20,2026-09-28 11:34:00
36.59942,6.63898,7.62,nominal,N20,viirs_noaa20,2026-09-28 11:34:00
39.87858,18.38295,2.97,nominal,N20,viirs_noaa20,2026-09-28 11:34:00
40.00817,18.04942,2.82,nominal,N20,viirs_noaa20,2026-09-28 11:34:00
39.74353,15.81958,7.66,nominal,N20,viirs_noaa20,2026-09-28 11:34:00
39.74449,15.81845,12.88,nominal,N20,viirs_noaa20,2026-09-28 11:34:00
40.38737,17.97603,2.19,nominal,N20,viirs_noaa20,2026-09-28 11:34:00
40.44609,18.01348,1.91,nominal,N20,viirs_noaa20,2026-09-28 11:34:00
40.51352,18.08271,2.18,nominal,N20,viirs_noaa20,2026-09-28 11:34:00
40.24499,16.62497,3.51,nominal,N20,viirs_noaa20,2026-09-28 11:34:00
40.24643,16.6225,2.61,nominal,N20,viirs_noaa20,2026-09-28 11:34:00
40.38773,16.84999,11.1,nominal,N20,viirs_noaa20,2026-09-28 11:34:00
40.30573,16.43199,3.46,nominal,N20,viirs_noaa20,2026-09-28 11:34:00
40.85809,16.46734,3.61,low,N20,viirs_noaa20,2026-09-28 11:36:00
40.86089,16.21853,8.22,nominal,N20,viirs_noaa20,2026-09-28 11:36:00
40.90129,15.65734,6.43,nominal,N20,viirs_noaa20,2026-09-28 11:36:00
40.98082,15.89247,4.35,nominal,N20,viirs_noaa20,2026-09-28 11:36:00
40.9805,15.89093,3.73,nominal,N20,viirs_noaa20,2026-09-28 11:36:00
41.07124,15.90945,4.39,nominal,N20,viirs_noaa20,2026-09-28 11:36:00
41.08187,15.55377,4.91,nominal,N20,viirs_noaa20,2026-09-28 11:36:00
41.14265,15.77269,18.5,nominal,N20,viirs_noaa20,2026-09-28 11:36:00
41.14635,15.77135,4.79,nominal,N20,viirs_noaa20,2026-09-28 11:36:00
41.22435,15.86284,2.12,nominal,N20,viirs_noaa20,2026-09-28 11:36:00
41.04802,14.61745,2.64,nominal,N20,viirs_noaa20,2026-09-28 11:36:00
41.40666,15.33906,3.53,nominal,N20,viirs_noaa20,2026-09-28 11:36:00
41.72117,15.50143,2.42,low,N20,viirs_noaa20,2026-09-28 11:36:00
43.58479,16.55486,3.93,nominal,N20,viirs_noaa20,2026-09-28 11:36:00
43.58379,16.54962,8.65,nominal,N20,viirs_noaa20,2026-09-28 11:36:00
43.34771,13.46511,1.77,nominal,N20,viirs_noaa20,2026-09-28 11:36:00
44.86451,18.08243,3.54,nominal,N20,viirs_noaa20,2026-09-28 11:36:00
44.8702,17.87134,1.66,nominal,N20,viirs_noaa20,2026-09-28 11:36:00
44.88939,17.9016,1.19,nominal,N20,viirs_noaa20,2026-09-28 11:36:00
44.94744,18.04658,1.59,nominal,N20,viirs_noaa20,2026-09-28 11:36:00
44.84968,17.1865,2.41,nominal,N20,viirs_noaa20,2026-09-28 11:36:00
44.97825,17.77856,2.2,nominal,N20,viirs_noaa20,2026-09-28 11:36:00
45.15538,18.44095,3.33,nominal,N20,viirs_noaa20,2026-09-28 11:36:00
44.9691,17.33682,1.81,nominal,N20,viirs_noaa20,2026-09-28 11:36:00
45.12807,17.24883,1.06,nominal,N20,viirs_noaa20,2026-09-28 11:36:00
45.40047,18.69933,3.35,nominal,N20,viirs_noaa20,2026-09-28 11:36:00
47.19115,16.59244,1.92,low,N20,viirs_noaa20,2026-09-28 11:38:00
36.24596,8.05019,4.03,nominal,N20,viirs_noaa20,2026-09-28 13:14:00
36.33839,8.64793,11.01,nominal,N20,viirs_noaa20,2026-09-28 13:14:00
36.33812,8.64387,11.01,nominal,N20,viirs_noaa20,2026-09-28 13:14:00
36.33569,8.64411,4.32,high,N20,viirs_noaa20,2026-09-28 13:14:00
36.34104,8.64355,16.68,nominal,N20,viirs_noaa20,2026-09-28 13:14:00
36.41091,9.09361,4.19,nominal,N20,viirs_noaa20,2026-09-28 13:14:00
36.29125,7.25855,16.54,nominal,N20,viirs_noaa20,2026-09-28 13:14:00
36.27994,7.03854,3.8,nominal,N20,viirs_noaa20,2026-09-28 13:14:00
36.45341,8.66872,3.93,nominal,N20,viirs_noaa20,2026-09-28 13:14:00
36.52615,9.26856,2.36,nominal,N20,viirs_noaa20,2026-09-28 13:14:00
36.52411,9.23205,11.65,nominal,N20,viirs_noaa20,2026-09-28 13:14:00
36.52963,9.23118,11.65,high,N20,viirs_noaa20,2026-09-28 13:14:00
36.52936,9.22632,14.32,nominal,N20,viirs_noaa20,2026-09-28 13:14:00
36.56869,8.84312,1.93,low,N20,viirs_noaa20,2026-09-28 13:14:00
36.57412,8.84267,2.58,nominal,N20,viirs_noaa20,2026-09-28 13:14:00
36.60735,9.24085,4.03,low,N20,viirs_noaa20,2026-09-28 13:14:00
36.50728,6.23057,7.61,low,N20,viirs_noaa20,2026-09-28 13:16:00
36.76877,9.44757,3.85,nominal,N20,viirs_noaa20,2026-09-28 13:16:00
36.83141,9.39479,2.19,nominal,N20,viirs_noaa20,2026-09-28 13:16:00
36.83362,9.22655,1,nominal,N20,viirs_noaa20,2026-09-28 13:16:00
36.87233,9.42134,4.8,low,N20,viirs_noaa20,2026-09-28 13:16:00
36.76751,7.7189,2.05,nominal,N20,viirs_noaa20,2026-09-28 13:16:00
36.9053,9.50646,4.11,nominal,N20,viirs_noaa20,2026-09-28 13:16:00
36.90847,9.50935,2.89,nominal,N20,viirs_noaa20,2026-09-28 13:16:00
36.9082,9.50389,2.89,nominal,N20,viirs_noaa20,2026-09-28 13:16:00
36.93129,9.62565,2.49,nominal,N20,viirs_noaa20,2026-09-28 13:16:00
37.15393,14.13248,12.97,nominal,N20,viirs_noaa20,2026-09-28 13:16:00
37.1704,14.27234,6.7,nominal,N20,viirs_noaa20,2026-09-28 13:16:00
37.15681,14.13186,10.78,nominal,N20,viirs_noaa20,2026-09-28 13:16:00
37.17257,14.27198,4.56,nominal,N20,viirs_noaa20,2026-09-28 13:16:00
37.0371,9.5295,3.17,nominal,N20,viirs_noaa20,2026-09-28 13:16:00
37.05841,9.72893,4.4,nominal,N20,viirs_noaa20,2026-09-28 13:16:00
37.09473,9.43753,47.39,nominal,N20,viirs_noaa20,2026-09-28 13:16:00
37.09445,9.43243,46.39,nominal,N20,viirs_noaa20,2026-09-28 13:16:00
37.10033,9.43652,47.39,nominal,N20,viirs_noaa20,2026-09-28 13:16:00
37.09804,9.43964,47.86,high,N20,viirs_noaa20,2026-09-28 13:16:00
37.0978,9.43455,94.09,low,N20,viirs_noaa20,2026-09-28 13:16:00
37.49065,13.76637,13.03,nominal,N20,viirs_noaa20,2026-09-28 13:16:00
41.13596,14.034,4.45,nominal,N20,viirs_noaa20,2026-09-28 13:16:00
45.57868,9.24038,2.07,nominal,N20,viirs_noaa20,2026-09-28 13:18:00
45.58379,9.20966,1.88,nominal,N20,viirs_noaa20,2026-09-28 13:18:00
45.58125,9.20716,2.36,nominal,N20,viirs_noaa20,2026-09-28 13:18:00
39.09602,17.0277,2.75,nominal,N20,viirs_noaa20,2026-09-28 23:54:00
39.09584,17.03365,1.85,nominal,N20,viirs_noaa20,2026-09-28 23:54:00
39.09174,17.03078,1.31,nominal,N20,viirs_noaa20,2026-09-28 23:54:00
47.28494,18.88837,0.91,nominal,N20,viirs_noaa20,2026-09-28 23:52:00
47.27896,18.88789,1.06,nominal,N20,viirs_noaa20,2026-09-28 23:52:00
43.24975,17.68211,1.42,nominal,N20,viirs_noaa20,2026-09-28 23:52:00
42.76293,18.92505,0.89,nominal,N20,viirs_noaa20,2026-09-28 23:52:00
42.76331,18.92501,0.67,nominal,N20,viirs_noaa20,2026-09-28 23:52:00
42.76309,18.93063,0.67,nominal,N20,viirs_noaa20,2026-09-28 23:52:00
41.47358,15.21337,0.59,nominal,N20,viirs_noaa20,2026-09-28 23:54:00
45.70201,11.79209,0.8,nominal,N20,viirs_noaa20,2026-09-29 01:32:00
45.70101,11.7974,0.8,nominal,N20,viirs_noaa20,2026-09-29 01:32:00
43.82806,6.21733,4.34,nominal,N20,viirs_noaa20,2026-09-29 01:34:00
42.77435,10.90076,0.33,nominal,N20,viirs_noaa20,2026-09-29 01:34:00
41.47101,15.22493,1.54,nominal,N20,viirs_noaa20,2026-09-29 01:34:00
39.09702,17.03555,0.71,nominal,N20,viirs_noaa20,2026-09-29 01:34:00
39.09219,17.03359,0.71,nominal,N20,viirs_noaa20,2026-09-29 01:34:00
40.2237,8.79882,1.36,nominal,N20,viirs_noaa20,2026-09-29 01:34:00
40.22034,8.81767,0.9,nominal,N20,viirs_noaa20,2026-09-29 01:34:00
39.66355,8.75862,0.58,nominal,N20,viirs_noaa20,2026-09-29 01:34:00
37.28287,13.6549,0.6,nominal,N20,viirs_noaa20,2026-09-29 01:34:00
37.28286,13.65262,0.69,nominal,N20,viirs_noaa20,2026-09-29 01:34:00
36.83416,10.94883,1.08,nominal,N20,viirs_noaa20,2026-09-29 01:37:00
36.85168,9.22248,1.03,nominal,N20,viirs_noaa20,2026-09-29 01:37:00
36.58012,6.96219,1.3,nominal,N20,viirs_noaa20,2026-09-29 01:37:00
35.85129,8.59418,0.86,nominal,N20,viirs_noaa20,2026-09-29 01:37:00
43.77275,16.60109,24.53,70,A,modis,2026-09-27 13:29:00
46.22701,16.10682,16.81,63,A,modis,2026-09-27 13:29:00
36.17352,9.93696,28.49,95,T,modis,2026-09-27 19:15:00
45.90675,11.92436,10.68,52,T,modis,2026-09-28 08:50:00
45.71766,11.40385,7.24,51,T,modis,2026-09-28 08:50:00
45.7159,11.39656,11.33,67,T,modis,2026-09-28 08:50:00
45.50694,12.02255,8.27,59,T,modis,2026-09-28 08:50:00
45.39386,11.94035,7.99,58,T,modis,2026-09-28 08:50:00
45.26626,11.92645,15.43,69,T,modis,2026-09-28 08:50:00
45.84031,8.83873,7.18,61,T,modis,2026-09-28 08:50:00
45.62317,9.11467,7.08,64,T,modis,2026-09-28 08:50:00
45.52834,9.57687,5.36,58,T,modis,2026-09-28 08:50:00
44.49498,11.24469,9.14,60,T,modis,2026-09-28 08:52:00
41.45063,15.83638,41.69,71,T,modis,2026-09-28 08:52:00
41.45661,15.83238,33.57,68,T,modis,2026-09-28 08:52:00
39.45868,8.87906,34.61,79,T,modis,2026-09-28 08:52:00
39.45517,8.89695,20.32,70,T,modis,2026-09-28 08:52:00
36.84045,9.17197,14.07,58,T,modis,2026-09-28 08:54:00
36.84232,9.18953,15.38,51,T,modis,2026-09-28 08:54:00
36.71551,7.11572,12.88,68,T,modis,2026-09-28 08:54:00
36.08643,8.66813,18.19,68,T,modis,2026-09-28 08:54:00
36.07986,8.6594,23.85,71,T,modis,2026-09-28 08:54:00
36.16846,6.18855,7.37,52,T,modis,2026-09-28 08:54:00
37.13189,14.22177,7.23,66,A,modis,2026-09-28 14:05:00
37.17039,14.26771,13.83,74,A,modis,2026-09-28 14:05:00
37.1555,14.12955,8.58,65,A,modis,2026-09-28 14:05:00
37.17466,14.00324,12.75,70,A,modis,2026-09-28 14:05:00
37.17212,13.98948,6.33,48,A,modis,2026-09-28 14:05:00
37.15521,13.78782,7.46,0,A,modis,2026-09-28 14:05:00
37.37019,14.92598,8.22,68,A,modis,2026-09-28 14:05:00
37.368,14.91346,23.87,82,A,modis,2026-09-28 14:05:00
37.34008,14.64293,7.58,26,A,modis,2026-09-28 14:05:00
37.45784,14.72305,6.17,66,A,modis,2026-09-28 14:05:00
37.47502,13.54928,11.38,63,A,modis,2026-09-28 14:05:00
37.4733,13.31736,16.05,72,A,modis,2026-09-28 14:05:00
37.06668,9.74627,42.96,76,A,modis,2026-09-28 14:05:00
37.07112,9.76639,18.6,63,A,modis,2026-09-28 14:05:00
37.06559,9.74179,34.3,72,A,modis,2026-09-28 14:05:00
37.09283,9.43839,19.81,50,A,modis,2026-09-28 14:05:00
37.86202,13.16984,19.51,77,A,modis,2026-09-28 14:05:00
37.82721,12.98866,10.14,66,A,modis,2026-09-28 14:05:00
37.09065,9.43239,21.26,55,A,modis,2026-09-28 14:05:00
37.24846,9.53395,63.75,77,A,modis,2026-09-28 14:05:00
38.68699,16.16756,24.55,81,A,modis,2026-09-28 14:05:00
36.79386,6.00208,33.02,32,A,modis,2026-09-28 14:05:00
40.70401,17.40293,4.5,56,A,modis,2026-09-28 14:05:00
40.58013,16.20521,4.29,26,A,modis,2026-09-28 14:05:00
40.67861,15.76014,7.5,61,A,modis,2026-09-28 14:08:00
40.67679,15.74864,5.96,49,A,modis,2026-09-28 14:08:00
40.86655,16.19228,5.04,65,A,modis,2026-09-28 14:08:00
40.86479,16.18084,6.89,71,A,modis,2026-09-28 14:08:00
40.94127,15.82443,5.14,58,A,modis,2026-09-28 14:08:00
41.02636,15.66218,10.12,72,A,modis,2026-09-28 14:08:00
41.08046,15.47064,4.9,54,A,modis,2026-09-28 14:08:00
41.14931,15.56013,5.82,68,A,modis,2026-09-28 14:08:00
41.01197,14.05338,6.04,58,A,modis,2026-09-28 14:08:00
41.22585,15.04608,6.16,61,A,modis,2026-09-28 14:08:00
41.47117,15.00734,8.17,68,A,modis,2026-09-28 14:08:00
41.44015,13.13527,6.35,27,A,modis,2026-09-28 14:08:00
43.84629,11.14162,7.09,59,A,modis,2026-09-28 14:08:00
43.84333,11.12605,7.86,61,A,modis,2026-09-28 14:08:00
44.52657,11.41503,9.17,70,A,modis,2026-09-28 14:08:00
44.62329,11.59387,10.75,72,A,modis,2026-09-28 14:08:00
45.71638,11.39465,8.26,67,A,modis,2026-09-28 14:08:00
45.71373,11.38022,5.29,58,A,modis,2026-09-28 14:08:00
40.224,8.81683,15.12,75,T,modis,2026-09-28 19:55:00
40.22149,8.82811,6.79,9,T,modis,2026-09-28 19:55:00
40.21996,8.81177,11.17,61,T,modis,2026-09-28 19:55:00
41.77769,15.4992,6.19,42,T,modis,2026-09-29 07:52:00
41.54035,15.50084,7.59,70,T,modis,2026-09-29 07:52:00
41.55416,15.21473,7.5,70,T,modis,2026-09-29 07:52:00
41.41402,15.86997,4.44,59,T,modis,2026-09-29 07:52:00
41.39971,15.37907,4.01,62,T,modis,2026-09-29 07:52:00
41.38408,15.43041,5.93,66,T,modis,2026-09-29 07:52:00
40.70009,16.43002,4.38,53,T,modis,2026-09-29 07:52:00
40.3682,18.00528,5.73,65,T,modis,2026-09-29 07:52:00
39.07636,16.9888,4.87,68,T,modis,2026-09-29 07:54:00
